-- ----------------------------
-- Table structure for menu
-- ----------------------------
CREATE TABLE IF NOT EXISTS `SYS_MENU`  (
    `ID` VARCHAR(40) PRIMARY KEY NOT NULL,
    `CRT_DTTM` DATETIME NOT NULL,
    `CRT_USER` VARCHAR(255) NOT NULL,
    `ENABLE_FLAG` BIT NOT NULL,
    `LAST_UPDATE_DTTM` DATETIME NOT NULL,
    `LAST_UPDATE_USER` VARCHAR(255) NOT NULL,
    `VERSION` BIGINT,
    `MENU_DESCRIPTION` VARCHAR(1024) COMMENT 'description',
    `MENU_JURISDICTION` VARCHAR(255) COMMENT 'task status',
    `MENU_NAME` VARCHAR(255) COMMENT 'menu name',
    `MENU_PARENT` VARCHAR(255) COMMENT 'task status',
    `MENU_URL` VARCHAR(255) COMMENT 'menu url',
    `MENU_SORT` INTEGER COMMENT 'menu sort'
);

-- ----------------------------
-- Table structure for schedule
-- ----------------------------
CREATE TABLE IF NOT EXISTS  `SCHEDULE`  (
    `ID` VARCHAR(40) PRIMARY KEY NOT NULL,
    `CRT_DTTM` DATETIME NOT NULL,
    `CRT_USER` VARCHAR(255) NOT NULL,
    `ENABLE_FLAG` BIT NOT NULL,
    `LAST_UPDATE_DTTM` DATETIME NOT NULL,
    `LAST_UPDATE_USER` VARCHAR(255) NOT NULL,
    `VERSION` BIGINT,
    `CLASS_NAME` VARCHAR(255),
    `CRON` VARCHAR(255),
    `DESCRIPTION` VARCHAR(1024) COMMENT 'description',
    `METHOD_NAME` VARCHAR(255),
    `TASK_NAME` VARCHAR(255),
    `TASK_STATE` VARCHAR(255) COMMENT 'task status'
);

-- ----------------------------
-- Table structure for data_source
-- ----------------------------
CREATE TABLE IF NOT EXISTS `DATA_SOURCE`  (
    `ID` VARCHAR(40) PRIMARY KEY NOT NULL,
    `CRT_DTTM` DATETIME NOT NULL,
    `CRT_USER` VARCHAR(255) NOT NULL,
    `ENABLE_FLAG` BIT NOT NULL,
    `LAST_UPDATE_DTTM` DATETIME NOT NULL,
    `LAST_UPDATE_USER` VARCHAR(255) NOT NULL,
    `VERSION` BIGINT,
    `DATA_SOURCE_DESCRIPTION` TEXT(0) NULL COMMENT 'dataSourceDescription',
    `DATA_SOURCE_NAME` VARCHAR(255) COMMENT 'dataSourceName',
    `DATA_SOURCE_TYPE` VARCHAR(255) COMMENT 'dataSourceType',
    `IS_TEMPLATE` BIT COMMENT 'isTemplate'
);

-- ----------------------------
-- Table structure for data_source_property
-- ----------------------------
CREATE TABLE IF NOT EXISTS `DATA_SOURCE_PROPERTY`  (
    `ID` VARCHAR(40) PRIMARY KEY NOT NULL,
    `CRT_DTTM` DATETIME NOT NULL,
    `CRT_USER` VARCHAR(255) NOT NULL,
    `ENABLE_FLAG` BIT NOT NULL,
    `LAST_UPDATE_DTTM` DATETIME NOT NULL,
    `LAST_UPDATE_USER` VARCHAR(255) NOT NULL,
    `VERSION` BIGINT,
    `DESCRIPTION` TEXT(0) NULL COMMENT 'description',
    `NAME` VARCHAR(255) COMMENT 'name',
    `VALUE` VARCHAR(255) COMMENT 'value',
    `FK_DATA_SOURCE_ID` VARCHAR(40)
);
ALTER TABLE `DATA_SOURCE_PROPERTY` ADD CONSTRAINT `FKmu1sbq6pael97442xi5bwdmu0` FOREIGN KEY (`FK_DATA_SOURCE_ID`) REFERENCES `DATA_SOURCE` (`ID`) ON DELETE RESTRICT ON UPDATE RESTRICT;

-- ----------------------------
-- Table structure for flow_project
-- ----------------------------
CREATE TABLE IF NOT EXISTS `FLOW_PROJECT` (
    `ID` VARCHAR(40) PRIMARY KEY NOT NULL,
    `CRT_DTTM` DATETIME NOT NULL,
    `CRT_USER` VARCHAR(255) NOT NULL,
    `ENABLE_FLAG` BIT NOT NULL,
    `LAST_UPDATE_DTTM` DATETIME NOT NULL,
    `LAST_UPDATE_USER` VARCHAR(255) NOT NULL,
    `VERSION` BIGINT,
    `DESCRIPTION` TEXT(0) COMMENT 'description',
    `IS_EXAMPLE` BIT COMMENT 'isExample',
    `NAME` VARCHAR(255) COMMENT 'flow name',
    `UUID` VARCHAR(255) COMMENT 'flow uuid'
);

-- ----------------------------
-- Table structure for flow_group
-- ----------------------------
CREATE TABLE IF NOT EXISTS `FLOW_GROUP` (
    `ID` VARCHAR(40) PRIMARY KEY NOT NULL,
    `CRT_DTTM` DATETIME NOT NULL,
    `CRT_USER` VARCHAR(255) NOT NULL,
    `ENABLE_FLAG` BIT NOT NULL,
    `LAST_UPDATE_DTTM` DATETIME NOT NULL,
    `LAST_UPDATE_USER` VARCHAR(255) NOT NULL,
    `VERSION` BIGINT,
    `DESCRIPTION` TEXT(0) COMMENT 'description',
    `IS_EXAMPLE` BIT COMMENT 'isExample',
    `NAME` VARCHAR(255) COMMENT 'flow name',
    `UUID` VARCHAR(255) COMMENT 'flow uuid',
    `FK_FLOW_PROJECT_ID` VARCHAR(40)
);
ALTER TABLE `FLOW_GROUP` ADD CONSTRAINT `FKd0sfu1rtmctw8qess69c1qhaw` FOREIGN KEY (`FK_FLOW_PROJECT_ID`) REFERENCES `FLOW_PROJECT` (`ID`);
-- ----------------------------
-- Table structure for flow_group_path
-- ----------------------------
CREATE TABLE IF NOT EXISTS `FLOW_GROUP_PATH` (
    `ID` VARCHAR(40) PRIMARY KEY NOT NULL,
    `CRT_DTTM` DATETIME NOT NULL,
    `CRT_USER` VARCHAR(255) NOT NULL,
    `ENABLE_FLAG` BIT NOT NULL,
    `LAST_UPDATE_DTTM` DATETIME NOT NULL,
    `LAST_UPDATE_USER` VARCHAR(255) NOT NULL,
    `VERSION` BIGINT,
    `FILTER_CONDITION` VARCHAR(255),
    `LINE_FROM` VARCHAR(255) COMMENT 'line from',
    `LINE_INPORT` VARCHAR(255) COMMENT 'line in port',
    `LINE_OUTPORT` VARCHAR(255) COMMENT 'line out port',
    `PAGE_ID` VARCHAR(255) DEFAULT NULL,
    `LINE_TO` VARCHAR(255) COMMENT 'line to',
    `FK_FLOW_GROUP_ID` VARCHAR(40)
);
ALTER TABLE `FLOW_GROUP_PATH` ADD CONSTRAINT `FKluqls1o7ynyiinor8ttdc6wdd` FOREIGN KEY (`FK_FLOW_GROUP_ID`) REFERENCES `FLOW_GROUP` (`ID`);

-- ----------------------------
-- Table structure for flow_process_group
-- ----------------------------
CREATE TABLE IF NOT EXISTS `FLOW_PROCESS_GROUP` (
    `ID` VARCHAR(40) PRIMARY KEY NOT NULL,
    `CRT_DTTM` DATETIME NOT NULL,
    `CRT_USER` VARCHAR(255) NOT NULL,
    `ENABLE_FLAG` BIT NOT NULL,
    `LAST_UPDATE_DTTM` DATETIME NOT NULL,
    `LAST_UPDATE_USER` VARCHAR(255) NOT NULL,
    `VERSION` BIGINT,
    `APP_ID` VARCHAR(255) COMMENT 'The id returned when calling runProcess',
    `DESCRIPTION` VARCHAR(1024) COMMENT 'description',
    `END_TIME` DATETIME COMMENT 'End time of the process',
    `FLOW_ID` VARCHAR(255) COMMENT 'flowId',
    `NAME` VARCHAR(255) COMMENT 'Process name',
    `PARENT_PROCESS_ID` VARCHAR(255) COMMENT 'third parentProcessId',
    `PROCESS_ID` VARCHAR(255) COMMENT 'third processId',
    `PROGRESS` VARCHAR(255) COMMENT 'Process progress',
    `RUN_MODE_TYPE` VARCHAR(255) COMMENT 'Process RunModeType',
    `START_TIME` datetime COMMENT 'Process startup time',
    `STATE` VARCHAR(255) COMMENT 'Process status',
    `VIEW_XML` TEXT(0) COMMENT 'Process view xml string',
    `PROCESS_PARENT_TYPE` VARCHAR(255) COMMENT 'Process parent type'
);

-- ----------------------------
-- Table structure for flow_process_group_path
-- ----------------------------
CREATE TABLE IF NOT EXISTS `FLOW_PROCESS_GROUP_PATH` (
    `ID` VARCHAR(40) PRIMARY KEY NOT NULL,
    `CRT_DTTM` DATETIME NOT NULL,
    `CRT_USER` VARCHAR(255) NOT NULL,
    `ENABLE_FLAG` BIT NOT NULL,
    `LAST_UPDATE_DTTM` DATETIME NOT NULL,
    `LAST_UPDATE_USER` VARCHAR(255) NOT NULL,
    `VERSION` BIGINT,
    `LINE_FROM` VARCHAR(255) DEFAULT NULL,
    `LINE_INPORT` VARCHAR(255) DEFAULT NULL,
    `LINE_OUTPORT` VARCHAR(255) DEFAULT NULL,
    `PAGE_ID` VARCHAR(255) DEFAULT NULL,
    `LINE_TO` VARCHAR(255) DEFAULT NULL,
    `FK_FLOW_PROCESS_GROUP_ID` VARCHAR(40) DEFAULT NULL
);
ALTER TABLE `FLOW_PROCESS_GROUP_PATH` ADD CONSTRAINT `FKirc18h7dj5ti11wlnifjwiyyh` FOREIGN KEY (`FK_FLOW_PROCESS_GROUP_ID`) REFERENCES `FLOW_PROCESS_GROUP` (`ID`);

-- ----------------------------
-- Table structure for flow_stops_customized_property
-- ----------------------------
CREATE TABLE IF NOT EXISTS `FLOW_STOPS_CUSTOMIZED_PROPERTY` (
    `ID` VARCHAR(40) PRIMARY KEY NOT NULL,
    `CRT_DTTM` DATETIME NOT NULL,
    `CRT_USER` VARCHAR(255) NOT NULL,
    `ENABLE_FLAG` BIT NOT NULL,
    `LAST_UPDATE_DTTM` DATETIME NOT NULL,
    `LAST_UPDATE_USER` VARCHAR(255) NOT NULL,
    `VERSION` BIGINT,
    `CUSTOM_VALUE` TEXT(0) COMMENT 'custom value',
    `DESCRIPTION` TEXT(0) COMMENT 'description',
    `NAME` VARCHAR(255) COMMENT 'name',
    `FK_STOPS_ID` VARCHAR(40) DEFAULT NULL
);
ALTER TABLE `FLOW_STOPS_CUSTOMIZED_PROPERTY` ADD CONSTRAINT `FK92yilfng8y5k7psuevts911c7` FOREIGN KEY (`fk_stops_id`) REFERENCES `flow_stops` (`id`);

-- ----------------------------
-- Table structure for process_stops_customized_property
-- ----------------------------
CREATE TABLE IF NOT EXISTS `PROCESS_STOPS_CUSTOMIZED_PROPERTY` (
    `ID` VARCHAR(40) PRIMARY KEY NOT NULL,
    `CRT_DTTM` DATETIME NOT NULL,
    `CRT_USER` VARCHAR(255) NOT NULL,
    `ENABLE_FLAG` BIT NOT NULL,
    `LAST_UPDATE_DTTM` DATETIME NOT NULL,
    `LAST_UPDATE_USER` VARCHAR(255) NOT NULL,
    `VERSION` BIGINT,
    `CUSTOM_VALUE` TEXT(0) COMMENT 'custom value',
    `DESCRIPTION` TEXT(0) COMMENT 'description',
    `NAME` VARCHAR(255) COMMENT 'name',
    `FK_FLOW_PROCESS_STOP_ID` VARCHAR(40) DEFAULT NULL
);
ALTER TABLE `PROCESS_STOPS_CUSTOMIZED_PROPERTY` ADD CONSTRAINT `FK1ql9h2ueevqxg1xjnt06repqv` FOREIGN KEY (`fk_flow_process_stop_id`) REFERENCES `flow_process_stop` (`id`);
-- ----------------------------
-- Table structure for flow_group_template
-- ----------------------------
CREATE TABLE IF NOT EXISTS `FLOW_GROUP_TEMPLATE` (
    `ID` VARCHAR(40) PRIMARY KEY NOT NULL,
    `CRT_DTTM` DATETIME NOT NULL,
    `CRT_USER` VARCHAR(255) NOT NULL,
    `ENABLE_FLAG` BIT NOT NULL,
    `LAST_UPDATE_DTTM` DATETIME NOT NULL,
    `LAST_UPDATE_USER` VARCHAR(255) NOT NULL,
    `VERSION` BIGINT,
    `DESCRIPTION` VARCHAR(1024) COMMENT 'description',
    `FLOW_GROUP_NAME` VARCHAR(255) DEFAULT NULL,
    `NAME` VARCHAR(255) DEFAULT NULL,
    `PATH` VARCHAR(255) DEFAULT NULL
);

CREATE TABLE IF NOT EXISTS `sys_schedule` (
    `ID` VARCHAR(40) PRIMARY KEY NOT NULL,
    `CRT_DTTM` DATETIME NOT NULL,
    `CRT_USER` VARCHAR(255) NOT NULL,
    `ENABLE_FLAG` BIT NOT NULL,
    `LAST_UPDATE_DTTM` DATETIME NOT NULL,
    `LAST_UPDATE_USER` VARCHAR(255) NOT NULL,
    `VERSION` BIGINT,
    `CRON_EXPRESSION` VARCHAR(255) COMMENT 'cron',
    `JOB_CLASS` VARCHAR(255) COMMENT 'job class',
    `JOB_NAME` VARCHAR(255) COMMENT 'job name',
    `STATUS` VARCHAR(255) COMMENT 'task status'
);

-- add table column
ALTER TABLE FLOW_GROUP ADD COLUMN PAGE_ID VARCHAR(255);
ALTER TABLE FLOW ADD COLUMN PAGE_ID VARCHAR(255);
ALTER TABLE FLOW ADD COLUMN FK_FLOW_GROUP_ID VARCHAR(40);
ALTER TABLE FLOW ADD COLUMN FK_FLOW_PROJECT_ID VARCHAR(40);
ALTER TABLE FLOW_PATH ADD COLUMN FILTER_CONDITION VARCHAR(255);
ALTER TABLE FLOW_STOPS ADD COLUMN IS_CUSTOMIZED BIT;
ALTER TABLE FLOW_STOPS ADD COLUMN FK_DATA_SOURCE_ID VARCHAR(40);
alter table FLOW_STOPS_PROPERTY add column IS_LOCKED BIT;
ALTER TABLE FLOW_STOPS_PROPERTY ADD COLUMN PROPERTY_SORT BIGINT(20) COMMENT 'property sort';
ALTER TABLE FLOW_STOPS_TEMPLATE ADD COLUMN IS_CUSTOMIZED BIT;
ALTER TABLE FLOW_STOPS_PROPERTY_TEMPLATE ADD COLUMN PROPERTY_SORT BIGINT(20) COMMENT 'property sort';
ALTER TABLE FLOW_PROCESS ADD COLUMN PAGE_ID VARCHAR(255);
ALTER TABLE FLOW_PROCESS ADD COLUMN FK_FLOW_PROCESS_GROUP_ID VARCHAR(40);
ALTER TABLE FLOW_PROCESS ADD COLUMN RUN_MODE_TYPE VARCHAR(255) COMMENT 'Process RunModeType';
ALTER TABLE FLOW_PROCESS ADD COLUMN PROCESS_PARENT_TYPE VARCHAR(255) COMMENT 'Process parent type';
ALTER TABLE MX_GRAPH_MODEL ADD COLUMN FK_FLOW_GROUP_ID VARCHAR(40);
ALTER TABLE MX_GRAPH_MODEL ADD COLUMN FK_FLOW_PROJECT_ID VARCHAR(40);

-- ADD FOREIGN KEY
ALTER TABLE FLOW ADD CONSTRAINT FK3e62cxjsjbtola3f8hcp1my1o FOREIGN KEY (FK_FLOW_GROUP_ID) REFERENCES FLOW_GROUP (ID);
ALTER TABLE FLOW ADD CONSTRAINT FKg80q2a1d63pkfbayl55cuydcj FOREIGN KEY (FK_FLOW_PROJECT_ID) REFERENCES FLOW_PROJECT (ID);
ALTER TABLE FLOW_STOPS ADD CONSTRAINT FKr5de1px70o0uj1hlob7ilc90c FOREIGN KEY (FK_DATA_SOURCE_ID) REFERENCES DATA_SOURCE (ID);
ALTER TABLE FLOW_PROCESS ADD CONSTRAINT FKgvr5o5p4n6dbfx010h7wbjgku FOREIGN KEY (FK_FLOW_PROCESS_GROUP_ID) REFERENCES FLOW_PROCESS_GROUP (ID);
ALTER TABLE MX_GRAPH_MODEL ADD CONSTRAINT FKbwxper47v5e1ii4wjrcrhi63e FOREIGN KEY (FK_FLOW_GROUP_ID) REFERENCES FLOW_GROUP (ID);
ALTER TABLE MX_GRAPH_MODEL ADD CONSTRAINT FK37dhc2jlml6pyvv1srdihtiky FOREIGN KEY (FK_FLOW_PROJECT_ID) REFERENCES FLOW_PROJECT (ID);

-- update table column
ALTER TABLE FLOW_STOPS_PROPERTY_TEMPLATE MODIFY COLUMN ALLOWABLE_VALUES TEXT(0);
ALTER TABLE FLOW_STOPS_PROPERTY_TEMPLATE MODIFY COLUMN DEFAULT_VALUE TEXT(0);
ALTER TABLE FLOW_STOPS_PROPERTY_TEMPLATE MODIFY COLUMN DESCRIPTION TEXT(0) COMMENT 'Defaults';
ALTER TABLE FLOW_STOPS_PROPERTY_TEMPLATE MODIFY COLUMN DISPLAY_NAME TEXT(0) COMMENT 'description';


-- ----------------------------
-- Records of sys_menu
-- ----------------------------
INSERT INTO SYS_MENU(ID, CRT_DTTM, CRT_USER, ENABLE_FLAG, LAST_UPDATE_DTTM, LAST_UPDATE_USER, VERSION, MENU_DESCRIPTION, MENU_JURISDICTION, MENU_NAME, MENU_PARENT, MENU_URL, MENU_SORT) VALUES ('0641076d5ae840c09d2be5bmenu00001', parsedatetime('2021-01-01 00:00:00.00', 'dd-MM-yyyy hh:mm:ss.SS'), 'system', 1, parsedatetime('2021-01-01 00:00:00.00', 'dd-MM-yyyy hh:mm:ss.SS'), 'system', 0, 'Flows', 'USER', 'Flow', 'Flow', '/piflow-web/web/flowList', 100001);
INSERT INTO SYS_MENU(ID, CRT_DTTM, CRT_USER, ENABLE_FLAG, LAST_UPDATE_DTTM, LAST_UPDATE_USER, VERSION, MENU_DESCRIPTION, MENU_JURISDICTION, MENU_NAME, MENU_PARENT, MENU_URL, MENU_SORT) VALUES ('0641076d5ae840c09d2be5bmenu00002', parsedatetime('2021-01-01 00:00:00.00', 'dd-MM-yyyy hh:mm:ss.SS'), 'system', 1, parsedatetime('2021-01-01 00:00:00.00', 'dd-MM-yyyy hh:mm:ss.SS'), 'system', 0, 'Processes', 'USER', 'Process', 'Flow', '/piflow-web/web/processList', 100002);
INSERT INTO SYS_MENU(ID, CRT_DTTM, CRT_USER, ENABLE_FLAG, LAST_UPDATE_DTTM, LAST_UPDATE_USER, VERSION, MENU_DESCRIPTION, MENU_JURISDICTION, MENU_NAME, MENU_PARENT, MENU_URL, MENU_SORT) VALUES ('0641076d5ae840c09d2be5bmenu00003', parsedatetime('2021-01-01 00:00:00.00', 'dd-MM-yyyy hh:mm:ss.SS'), 'system', 1, parsedatetime('2021-01-01 00:00:00.00', 'dd-MM-yyyy hh:mm:ss.SS'), 'system', 0, 'Templates', 'USER', 'Template', 'Flow', '/piflow-web/web/template', 100003);
INSERT INTO SYS_MENU(ID, CRT_DTTM, CRT_USER, ENABLE_FLAG, LAST_UPDATE_DTTM, LAST_UPDATE_USER, VERSION, MENU_DESCRIPTION, MENU_JURISDICTION, MENU_NAME, MENU_PARENT, MENU_URL, MENU_SORT) VALUES ('0641076d5ae840c09d2be5bmenu00004', parsedatetime('2021-01-01 00:00:00.00', 'dd-MM-yyyy hh:mm:ss.SS'), 'system', 1, parsedatetime('2021-01-01 00:00:00.00', 'dd-MM-yyyy hh:mm:ss.SS'), 'system', 0, 'FlowGroup', 'USER', 'FlowGroup', 'Group', '/piflow-web/web/flowGroupList', 200001);
INSERT INTO SYS_MENU(ID, CRT_DTTM, CRT_USER, ENABLE_FLAG, LAST_UPDATE_DTTM, LAST_UPDATE_USER, VERSION, MENU_DESCRIPTION, MENU_JURISDICTION, MENU_NAME, MENU_PARENT, MENU_URL, MENU_SORT) VALUES ('0641076d5ae840c09d2be5bmenu00005', parsedatetime('2021-01-01 00:00:00.00', 'dd-MM-yyyy hh:mm:ss.SS'), 'system', 1, parsedatetime('2021-01-01 00:00:00.00', 'dd-MM-yyyy hh:mm:ss.SS'), 'system', 0, 'FlowGroupProcess', 'USER', 'FlowGroupProcess', 'Group', '/piflow-web/web/processGroupList', 200002);
INSERT INTO SYS_MENU(ID, CRT_DTTM, CRT_USER, ENABLE_FLAG, LAST_UPDATE_DTTM, LAST_UPDATE_USER, VERSION, MENU_DESCRIPTION, MENU_JURISDICTION, MENU_NAME, MENU_PARENT, MENU_URL, MENU_SORT) VALUES ('0641076d5ae840c09d2be5bmenu00006', parsedatetime('2021-01-01 00:00:00.00', 'dd-MM-yyyy hh:mm:ss.SS'), 'system', 1, parsedatetime('2021-01-01 00:00:00.00', 'dd-MM-yyyy hh:mm:ss.SS'), 'system', 0, 'FlowProcess', 'USER', 'FlowProcess', 'Group', '/piflow-web/web/groupTypeProcessList', 200003);
INSERT INTO SYS_MENU(ID, CRT_DTTM, CRT_USER, ENABLE_FLAG, LAST_UPDATE_DTTM, LAST_UPDATE_USER, VERSION, MENU_DESCRIPTION, MENU_JURISDICTION, MENU_NAME, MENU_PARENT, MENU_URL, MENU_SORT) VALUES ('0641076d5ae840c09d2be5bmenu00007', parsedatetime('2021-01-01 00:00:00.00', 'dd-MM-yyyy hh:mm:ss.SS'), 'system', 1, parsedatetime('2021-01-01 00:00:00.00', 'dd-MM-yyyy hh:mm:ss.SS'), 'system', 0, 'FlowGroupTemplate', 'USER', 'FlowGroupTemplate', 'Group', '/piflow-web/web/flowGroupTemplateList', 200004);
INSERT INTO SYS_MENU(ID, CRT_DTTM, CRT_USER, ENABLE_FLAG, LAST_UPDATE_DTTM, LAST_UPDATE_USER, VERSION, MENU_DESCRIPTION, MENU_JURISDICTION, MENU_NAME, MENU_PARENT, MENU_URL, MENU_SORT) VALUES ('0641076d5ae840c09d2be5bmenu00008', parsedatetime('2021-01-01 00:00:00.00', 'dd-MM-yyyy hh:mm:ss.SS'), 'system', 0, parsedatetime('2021-01-01 00:00:00.00', 'dd-MM-yyyy hh:mm:ss.SS'), 'system', 0, 'Project', 'USER', 'Project', 'Project', '/piflow-web/web/instructionalVideo', 300001);
INSERT INTO SYS_MENU(ID, CRT_DTTM, CRT_USER, ENABLE_FLAG, LAST_UPDATE_DTTM, LAST_UPDATE_USER, VERSION, MENU_DESCRIPTION, MENU_JURISDICTION, MENU_NAME, MENU_PARENT, MENU_URL, MENU_SORT) VALUES ('0641076d5ae840c09d2be5bmenu00009', parsedatetime('2021-01-01 00:00:00.00', 'dd-MM-yyyy hh:mm:ss.SS'), 'system', 0, parsedatetime('2021-01-01 00:00:00.00', 'dd-MM-yyyy hh:mm:ss.SS'), 'system', 0, 'ProjectProcess', 'USER', 'ProjectProcess', 'Project', '/piflow-web/web/instructionalVideo', 300002);
INSERT INTO SYS_MENU(ID, CRT_DTTM, CRT_USER, ENABLE_FLAG, LAST_UPDATE_DTTM, LAST_UPDATE_USER, VERSION, MENU_DESCRIPTION, MENU_JURISDICTION, MENU_NAME, MENU_PARENT, MENU_URL, MENU_SORT) VALUES ('0641076d5ae840c09d2be5bmenu00010', parsedatetime('2021-01-01 00:00:00.00', 'dd-MM-yyyy hh:mm:ss.SS'), 'system', 0, parsedatetime('2021-01-01 00:00:00.00', 'dd-MM-yyyy hh:mm:ss.SS'), 'system', 0, 'GroupProcess', 'USER', 'GroupProcess', 'Project', '/piflow-web/web/instructionalVideo', 300003);
INSERT INTO SYS_MENU(ID, CRT_DTTM, CRT_USER, ENABLE_FLAG, LAST_UPDATE_DTTM, LAST_UPDATE_USER, VERSION, MENU_DESCRIPTION, MENU_JURISDICTION, MENU_NAME, MENU_PARENT, MENU_URL, MENU_SORT) VALUES ('0641076d5ae840c09d2be5bmenu00011', parsedatetime('2021-01-01 00:00:00.00', 'dd-MM-yyyy hh:mm:ss.SS'), 'system', 0, parsedatetime('2021-01-01 00:00:00.00', 'dd-MM-yyyy hh:mm:ss.SS'), 'system', 0, 'FlowProcess', 'USER', 'FlowProcess', 'Project', '/piflow-web/web/instructionalVideo', 300004);
INSERT INTO SYS_MENU(ID, CRT_DTTM, CRT_USER, ENABLE_FLAG, LAST_UPDATE_DTTM, LAST_UPDATE_USER, VERSION, MENU_DESCRIPTION, MENU_JURISDICTION, MENU_NAME, MENU_PARENT, MENU_URL, MENU_SORT) VALUES ('0641076d5ae840c09d2be5bmenu00012', parsedatetime('2021-01-01 00:00:00.00', 'dd-MM-yyyy hh:mm:ss.SS'), 'system', 0, parsedatetime('2021-01-01 00:00:00.00', 'dd-MM-yyyy hh:mm:ss.SS'), 'system', 0, 'ProjectTemplate', 'USER', 'ProjectTemplate', 'Project', '/piflow-web/web/instructionalVideo', 300005);
INSERT INTO SYS_MENU(ID, CRT_DTTM, CRT_USER, ENABLE_FLAG, LAST_UPDATE_DTTM, LAST_UPDATE_USER, VERSION, MENU_DESCRIPTION, MENU_JURISDICTION, MENU_NAME, MENU_PARENT, MENU_URL, MENU_SORT) VALUES ('0641076d5ae840c09d2be5bmenu00013', parsedatetime('2021-01-01 00:00:00.00', 'dd-MM-yyyy hh:mm:ss.SS'), 'system', 1, parsedatetime('2021-01-01 00:00:00.00', 'dd-MM-yyyy hh:mm:ss.SS'), 'system', 0, 'DataSource', 'USER', 'DataSource', '', '/piflow-web/web/dataSources', 400001);
INSERT INTO SYS_MENU(ID, CRT_DTTM, CRT_USER, ENABLE_FLAG, LAST_UPDATE_DTTM, LAST_UPDATE_USER, VERSION, MENU_DESCRIPTION, MENU_JURISDICTION, MENU_NAME, MENU_PARENT, MENU_URL, MENU_SORT) VALUES ('0641076d5ae840c09d2be5bmenu00014', parsedatetime('2021-01-01 00:00:00.00', 'dd-MM-yyyy hh:mm:ss.SS'), 'system', 1, parsedatetime('2021-01-01 00:00:00.00', 'dd-MM-yyyy hh:mm:ss.SS'), 'system', 0, 'Instruction', 'USER', 'Instruction', 'Example', '/piflow-web/web/instructionalVideo', 500001);
INSERT INTO SYS_MENU(ID, CRT_DTTM, CRT_USER, ENABLE_FLAG, LAST_UPDATE_DTTM, LAST_UPDATE_USER, VERSION, MENU_DESCRIPTION, MENU_JURISDICTION, MENU_NAME, MENU_PARENT, MENU_URL, MENU_SORT) VALUES ('0641076d5ae840c09d2be5bmenu00015', parsedatetime('2021-01-01 00:00:00.00', 'dd-MM-yyyy hh:mm:ss.SS'), 'system', 1, parsedatetime('2021-01-01 00:00:00.00', 'dd-MM-yyyy hh:mm:ss.SS'), 'system', 0, 'Example1', 'USER', 'Example1', 'Example', '/piflow-web/grapheditor/home?load=0c4fdee973824a999e1569770677c020', 500002);
INSERT INTO SYS_MENU(ID, CRT_DTTM, CRT_USER, ENABLE_FLAG, LAST_UPDATE_DTTM, LAST_UPDATE_USER, VERSION, MENU_DESCRIPTION, MENU_JURISDICTION, MENU_NAME, MENU_PARENT, MENU_URL, MENU_SORT) VALUES ('0641076d5ae840c09d2be5bmenu00016', parsedatetime('2021-01-01 00:00:00.00', 'dd-MM-yyyy hh:mm:ss.SS'), 'system', 1, parsedatetime('2021-01-01 00:00:00.00', 'dd-MM-yyyy hh:mm:ss.SS'), 'system', 0, 'Example2', 'USER', 'Example2', 'Example', '/piflow-web/grapheditor/home?load=c9c77d24b65942fb9665fbdbe8710236', 500003);
-- ----------------------------
-- Records of data_source
-- ----------------------------
INSERT INTO DATA_SOURCE(ID, CRT_DTTM, CRT_USER, ENABLE_FLAG, LAST_UPDATE_DTTM, LAST_UPDATE_USER, VERSION, DATA_SOURCE_DESCRIPTION, DATA_SOURCE_NAME, DATA_SOURCE_TYPE, IS_TEMPLATE) VALUES ('05ce8a4f0ef942098b5bd5610ff8f181', parsedatetime('2021-01-01 00:00:00.00', 'dd-MM-yyyy hh:mm:ss.SS'), 'system', 1, parsedatetime('2021-01-01 00:00:00.00', 'dd-MM-yyyy hh:mm:ss.SS'), 'Admin', 0, NULL, 'FTP', 'FTP', 1);
INSERT INTO DATA_SOURCE(ID, CRT_DTTM, CRT_USER, ENABLE_FLAG, LAST_UPDATE_DTTM, LAST_UPDATE_USER, VERSION, DATA_SOURCE_DESCRIPTION, DATA_SOURCE_NAME, DATA_SOURCE_TYPE, IS_TEMPLATE) VALUES ('342a4d45f8f2468194d88ee50ae4cab9', parsedatetime('2021-01-01 00:00:00.00', 'dd-MM-yyyy hh:mm:ss.SS'), 'system', 1, parsedatetime('2021-01-01 00:00:00.00', 'dd-MM-yyyy hh:mm:ss.SS'), 'Admin', 0, NULL, 'Redis', 'Redis', 1);
INSERT INTO DATA_SOURCE(ID, CRT_DTTM, CRT_USER, ENABLE_FLAG, LAST_UPDATE_DTTM, LAST_UPDATE_USER, VERSION, DATA_SOURCE_DESCRIPTION, DATA_SOURCE_NAME, DATA_SOURCE_TYPE, IS_TEMPLATE) VALUES ('4776ca565a6542259c17962869538f0c', parsedatetime('2021-01-01 00:00:00.00', 'dd-MM-yyyy hh:mm:ss.SS'), 'system', 1, parsedatetime('2021-01-01 00:00:00.00', 'dd-MM-yyyy hh:mm:ss.SS'), 'Admin', 0, NULL, 'MongoDB', 'MongoDB', 1);
INSERT INTO DATA_SOURCE(ID, CRT_DTTM, CRT_USER, ENABLE_FLAG, LAST_UPDATE_DTTM, LAST_UPDATE_USER, VERSION, DATA_SOURCE_DESCRIPTION, DATA_SOURCE_NAME, DATA_SOURCE_TYPE, IS_TEMPLATE) VALUES ('49aeba77472f43bba6245f22723619bf', parsedatetime('2021-01-01 00:00:00.00', 'dd-MM-yyyy hh:mm:ss.SS'), 'system', 1, parsedatetime('2021-01-01 00:00:00.00', 'dd-MM-yyyy hh:mm:ss.SS'), 'Admin', 0, NULL, 'ElasticSearch', 'ElasticSearch', 1);
INSERT INTO DATA_SOURCE(ID, CRT_DTTM, CRT_USER, ENABLE_FLAG, LAST_UPDATE_DTTM, LAST_UPDATE_USER, VERSION, DATA_SOURCE_DESCRIPTION, DATA_SOURCE_NAME, DATA_SOURCE_TYPE, IS_TEMPLATE) VALUES ('abe3113ce02d422aba70e9588ebdfff3', parsedatetime('2021-01-01 00:00:00.00', 'dd-MM-yyyy hh:mm:ss.SS'), 'system', 1, parsedatetime('2021-01-01 00:00:00.00', 'dd-MM-yyyy hh:mm:ss.SS'), 'Admin', 0, NULL, 'JDBC', 'JDBC', 1);
-- ----------------------------
-- Records of data_source_property
-- ----------------------------
INSERT INTO DATA_SOURCE_PROPERTY(ID, CRT_DTTM, CRT_USER, ENABLE_FLAG, LAST_UPDATE_DTTM, LAST_UPDATE_USER, VERSION, DESCRIPTION, NAME, VALUE, FK_DATA_SOURCE_ID) VALUES ('2f2e9d19240a458791282c6eee633f62', parsedatetime('2021-01-01 00:00:00.00', 'dd-MM-yyyy hh:mm:ss.SS'), 'Admin', 1, parsedatetime('2021-01-01 00:00:00.00', 'dd-MM-yyyy hh:mm:ss.SS'), 'system', 0, NULL, 'url', NULL, '05ce8a4f0ef942098b5bd5610ff8f181');
INSERT INTO DATA_SOURCE_PROPERTY(ID, CRT_DTTM, CRT_USER, ENABLE_FLAG, LAST_UPDATE_DTTM, LAST_UPDATE_USER, VERSION, DESCRIPTION, NAME, VALUE, FK_DATA_SOURCE_ID) VALUES ('45b3fd29b8fd45be8c87498c1d764406', parsedatetime('2021-01-01 00:00:00.00', 'dd-MM-yyyy hh:mm:ss.SS'), 'Admin', 1, parsedatetime('2021-01-01 00:00:00.00', 'dd-MM-yyyy hh:mm:ss.SS'), 'system', 0, NULL, 'port', NULL, '05ce8a4f0ef942098b5bd5610ff8f181');
INSERT INTO DATA_SOURCE_PROPERTY(ID, CRT_DTTM, CRT_USER, ENABLE_FLAG, LAST_UPDATE_DTTM, LAST_UPDATE_USER, VERSION, DESCRIPTION, NAME, VALUE, FK_DATA_SOURCE_ID) VALUES ('363fa8f831d5410db31e1c15bf74b229', parsedatetime('2021-01-01 00:00:00.00', 'dd-MM-yyyy hh:mm:ss.SS'), 'Admin', 1, parsedatetime('2021-01-01 00:00:00.00', 'dd-MM-yyyy hh:mm:ss.SS'), 'system', 0, NULL, 'username', NULL, '05ce8a4f0ef942098b5bd5610ff8f181');
INSERT INTO DATA_SOURCE_PROPERTY(ID, CRT_DTTM, CRT_USER, ENABLE_FLAG, LAST_UPDATE_DTTM, LAST_UPDATE_USER, VERSION, DESCRIPTION, NAME, VALUE, FK_DATA_SOURCE_ID) VALUES ('c72ecaebaaad4ef08a5279f6713f107f', parsedatetime('2021-01-01 00:00:00.00', 'dd-MM-yyyy hh:mm:ss.SS'), 'Admin', 1, parsedatetime('2021-01-01 00:00:00.00', 'dd-MM-yyyy hh:mm:ss.SS'), 'system', 0, NULL, 'password', NULL, '05ce8a4f0ef942098b5bd5610ff8f181');
INSERT INTO DATA_SOURCE_PROPERTY(ID, CRT_DTTM, CRT_USER, ENABLE_FLAG, LAST_UPDATE_DTTM, LAST_UPDATE_USER, VERSION, DESCRIPTION, NAME, VALUE, FK_DATA_SOURCE_ID) VALUES ('18eff61306a349718dce9c0c6988c8b8', parsedatetime('2021-01-01 00:00:00.00', 'dd-MM-yyyy hh:mm:ss.SS'), 'Admin', 1, parsedatetime('2021-01-01 00:00:00.00', 'dd-MM-yyyy hh:mm:ss.SS'), 'system', 0, NULL, 'host', NULL, '342a4d45f8f2468194d88ee50ae4cab9');
INSERT INTO DATA_SOURCE_PROPERTY(ID, CRT_DTTM, CRT_USER, ENABLE_FLAG, LAST_UPDATE_DTTM, LAST_UPDATE_USER, VERSION, DESCRIPTION, NAME, VALUE, FK_DATA_SOURCE_ID) VALUES ('8516d28f43884252886e908126778ef0', parsedatetime('2021-01-01 00:00:00.00', 'dd-MM-yyyy hh:mm:ss.SS'), 'Admin', 1, parsedatetime('2021-01-01 00:00:00.00', 'dd-MM-yyyy hh:mm:ss.SS'), 'system', 0, NULL, 'port', NULL, '342a4d45f8f2468194d88ee50ae4cab9');
INSERT INTO DATA_SOURCE_PROPERTY(ID, CRT_DTTM, CRT_USER, ENABLE_FLAG, LAST_UPDATE_DTTM, LAST_UPDATE_USER, VERSION, DESCRIPTION, NAME, VALUE, FK_DATA_SOURCE_ID) VALUES ('5b88aff65a674814a983b955df2404bf', parsedatetime('2021-01-01 00:00:00.00', 'dd-MM-yyyy hh:mm:ss.SS'), 'Admin', 1, parsedatetime('2021-01-01 00:00:00.00', 'dd-MM-yyyy hh:mm:ss.SS'), 'system', 0, NULL, 'password', NULL, '342a4d45f8f2468194d88ee50ae4cab9');
INSERT INTO DATA_SOURCE_PROPERTY(ID, CRT_DTTM, CRT_USER, ENABLE_FLAG, LAST_UPDATE_DTTM, LAST_UPDATE_USER, VERSION, DESCRIPTION, NAME, VALUE, FK_DATA_SOURCE_ID) VALUES ('d28fe75ea4464261b15b9294b82bcb52', parsedatetime('2021-01-01 00:00:00.00', 'dd-MM-yyyy hh:mm:ss.SS'), 'Admin', 1, parsedatetime('2021-01-01 00:00:00.00', 'dd-MM-yyyy hh:mm:ss.SS'), 'system', 0, NULL, 'address', NULL, '4776ca565a6542259c17962869538f0c');
INSERT INTO DATA_SOURCE_PROPERTY(ID, CRT_DTTM, CRT_USER, ENABLE_FLAG, LAST_UPDATE_DTTM, LAST_UPDATE_USER, VERSION, DESCRIPTION, NAME, VALUE, FK_DATA_SOURCE_ID) VALUES ('e68116bc9c6c4ebcbfa7e8fb322349f7', parsedatetime('2021-01-01 00:00:00.00', 'dd-MM-yyyy hh:mm:ss.SS'), 'Admin', 1, parsedatetime('2021-01-01 00:00:00.00', 'dd-MM-yyyy hh:mm:ss.SS'), 'system', 0, NULL, 'database', NULL, '4776ca565a6542259c17962869538f0c');
INSERT INTO DATA_SOURCE_PROPERTY(ID, CRT_DTTM, CRT_USER, ENABLE_FLAG, LAST_UPDATE_DTTM, LAST_UPDATE_USER, VERSION, DESCRIPTION, NAME, VALUE, FK_DATA_SOURCE_ID) VALUES ('5f297c6968ca4ba884479b1a43b82198', parsedatetime('2021-01-01 00:00:00.00', 'dd-MM-yyyy hh:mm:ss.SS'), 'Admin', 1, parsedatetime('2021-01-01 00:00:00.00', 'dd-MM-yyyy hh:mm:ss.SS'), 'system', 0, NULL, 'es_nodes', NULL, '49aeba77472f43bba6245f22723619bf');
INSERT INTO DATA_SOURCE_PROPERTY(ID, CRT_DTTM, CRT_USER, ENABLE_FLAG, LAST_UPDATE_DTTM, LAST_UPDATE_USER, VERSION, DESCRIPTION, NAME, VALUE, FK_DATA_SOURCE_ID) VALUES ('8d1b0acee4be46788ca552b2040b90fc', parsedatetime('2021-01-01 00:00:00.00', 'dd-MM-yyyy hh:mm:ss.SS'), 'Admin', 1, parsedatetime('2021-01-01 00:00:00.00', 'dd-MM-yyyy hh:mm:ss.SS'), 'system', 0, NULL, 'es_type', NULL, '49aeba77472f43bba6245f22723619bf');
INSERT INTO DATA_SOURCE_PROPERTY(ID, CRT_DTTM, CRT_USER, ENABLE_FLAG, LAST_UPDATE_DTTM, LAST_UPDATE_USER, VERSION, DESCRIPTION, NAME, VALUE, FK_DATA_SOURCE_ID) VALUES ('968c061007fa4216b9a0b05d8d68bf2c', parsedatetime('2021-01-01 00:00:00.00', 'dd-MM-yyyy hh:mm:ss.SS'), 'Admin', 1, parsedatetime('2021-01-01 00:00:00.00', 'dd-MM-yyyy hh:mm:ss.SS'), 'system', 0, NULL, 'es_port', NULL, '49aeba77472f43bba6245f22723619bf');
INSERT INTO DATA_SOURCE_PROPERTY(ID, CRT_DTTM, CRT_USER, ENABLE_FLAG, LAST_UPDATE_DTTM, LAST_UPDATE_USER, VERSION, DESCRIPTION, NAME, VALUE, FK_DATA_SOURCE_ID) VALUES ('f386627bb0734ef9a59c0316d4bd7ab7', parsedatetime('2021-01-01 00:00:00.00', 'dd-MM-yyyy hh:mm:ss.SS'), 'Admin', 1, parsedatetime('2021-01-01 00:00:00.00', 'dd-MM-yyyy hh:mm:ss.SS'), 'system', 0, NULL, 'es_index', NULL, '49aeba77472f43bba6245f22723619bf');
INSERT INTO DATA_SOURCE_PROPERTY(ID, CRT_DTTM, CRT_USER, ENABLE_FLAG, LAST_UPDATE_DTTM, LAST_UPDATE_USER, VERSION, DESCRIPTION, NAME, VALUE, FK_DATA_SOURCE_ID) VALUES ('2cf157b6cb05464794cf40d3d9156409', parsedatetime('2021-01-01 00:00:00.00', 'dd-MM-yyyy hh:mm:ss.SS'), 'Admin', 1, parsedatetime('2021-01-01 00:00:00.00', 'dd-MM-yyyy hh:mm:ss.SS'), 'system', 0, NULL, 'url', NULL, 'abe3113ce02d422aba70e9588ebdfff3');
INSERT INTO DATA_SOURCE_PROPERTY(ID, CRT_DTTM, CRT_USER, ENABLE_FLAG, LAST_UPDATE_DTTM, LAST_UPDATE_USER, VERSION, DESCRIPTION, NAME, VALUE, FK_DATA_SOURCE_ID) VALUES ('b6463d34ad234a38badfa82d324dcc78', parsedatetime('2021-01-01 00:00:00.00', 'dd-MM-yyyy hh:mm:ss.SS'), 'Admin', 1, parsedatetime('2021-01-01 00:00:00.00', 'dd-MM-yyyy hh:mm:ss.SS'), 'system', 0, NULL, 'driver', NULL, 'abe3113ce02d422aba70e9588ebdfff3');
INSERT INTO DATA_SOURCE_PROPERTY(ID, CRT_DTTM, CRT_USER, ENABLE_FLAG, LAST_UPDATE_DTTM, LAST_UPDATE_USER, VERSION, DESCRIPTION, NAME, VALUE, FK_DATA_SOURCE_ID) VALUES ('947c4d47518c4863b8651cf3d604f4f1', parsedatetime('2021-01-01 00:00:00.00', 'dd-MM-yyyy hh:mm:ss.SS'), 'Admin', 1, parsedatetime('2021-01-01 00:00:00.00', 'dd-MM-yyyy hh:mm:ss.SS'), 'system', 0, NULL, 'user', NULL, 'abe3113ce02d422aba70e9588ebdfff3');
INSERT INTO DATA_SOURCE_PROPERTY(ID, CRT_DTTM, CRT_USER, ENABLE_FLAG, LAST_UPDATE_DTTM, LAST_UPDATE_USER, VERSION, DESCRIPTION, NAME, VALUE, FK_DATA_SOURCE_ID) VALUES ('e85bc1643a5e429da693caf461e8f5cd', parsedatetime('2021-01-01 00:00:00.00', 'dd-MM-yyyy hh:mm:ss.SS'), 'Admin', 1, parsedatetime('2021-01-01 00:00:00.00', 'dd-MM-yyyy hh:mm:ss.SS'), 'system', 0, NULL, 'password', NULL, 'abe3113ce02d422aba70e9588ebdfff3');
-- ----------------------------
-- Records of sys_schedule
-- ----------------------------
INSERT INTO SYS_SCHEDULE(ID, CRT_DTTM, CRT_USER, ENABLE_FLAG, LAST_UPDATE_DTTM, LAST_UPDATE_USER, VERSION, CRON_EXPRESSION, JOB_CLASS, JOB_NAME, STATUS) VALUES ('ff8081816eaa8a5d016eaa8a77e40000', parsedatetime('2021-01-01 00:00:00.00', 'dd-MM-yyyy hh:mm:ss.SS'), 'system', 1, parsedatetime('2021-01-01 00:00:00.00', 'dd-MM-yyyy hh:mm:ss.SS'), 'system', 0, '0/5 * * * * ?', 'com.nature.schedule.RunningProcessSync', 'RunningProcessSync', 'RUNNING');
INSERT INTO SYS_SCHEDULE(ID, CRT_DTTM, CRT_USER, ENABLE_FLAG, LAST_UPDATE_DTTM, LAST_UPDATE_USER, VERSION, CRON_EXPRESSION, JOB_CLASS, JOB_NAME, STATUS) VALUES ('ff8081816eaa9317016eaa932dd50000', parsedatetime('2021-01-01 00:00:00.00', 'dd-MM-yyyy hh:mm:ss.SS'), 'system', 1, parsedatetime('2021-01-01 00:00:00.00', 'dd-MM-yyyy hh:mm:ss.SS'), 'system', 0, '0/5 * * * * ?', 'com.nature.schedule.RunningProcessGroupSync', 'RunningProcessGroupSync', 'RUNNING');
-- ----------------------------
-- update Example1
-- ----------------------------
UPDATE FLOW_STOPS_PROPERTY SET CUSTOM_VALUE = REPLACE(CUSTOM_VALUE,'10.0.86.89','10.0.86.191') WHERE id in('1a98eb8872864f29862807e87af14aa9','ded789f2a7c94fb7b90f9e9762cdc211','e35b30dd1aba478d84cb26f3da3a8476','fb679cb8ccd149018a50c7d9a2986d02');