-- ----------------------------
-- Records of sys_menu
-- ----------------------------
INSERT INTO SYS_MENU(ID, CRT_DTTM, CRT_USER, ENABLE_FLAG, LAST_UPDATE_DTTM, LAST_UPDATE_USER, VERSION, MENU_DESCRIPTION, MENU_JURISDICTION, MENU_NAME, MENU_PARENT, MENU_URL, MENU_SORT) VALUES ('0641076d5ae840c09d2be5bmenu00001', parsedatetime('2021-01-01 00:00:00.00', 'dd-MM-yyyy hh:mm:ss.SS'), 'system', 1, parsedatetime('2021-01-01 00:00:00.00', 'dd-MM-yyyy hh:mm:ss.SS'), 'system', 0, 'Flows', 'USER', 'Flow', 'Flow', '/piflow-web/web/flowList', 100001);
INSERT INTO SYS_MENU(ID, CRT_DTTM, CRT_USER, ENABLE_FLAG, LAST_UPDATE_DTTM, LAST_UPDATE_USER, VERSION, MENU_DESCRIPTION, MENU_JURISDICTION, MENU_NAME, MENU_PARENT, MENU_URL, MENU_SORT) VALUES ('0641076d5ae840c09d2be5bmenu00002', parsedatetime('2021-01-01 00:00:00.00', 'dd-MM-yyyy hh:mm:ss.SS'), 'system', 1, parsedatetime('2021-01-01 00:00:00.00', 'dd-MM-yyyy hh:mm:ss.SS'), 'system', 0, 'Processes', 'USER', 'Process', 'Flow', '/piflow-web/web/processList', 100002);
INSERT INTO SYS_MENU(ID, CRT_DTTM, CRT_USER, ENABLE_FLAG, LAST_UPDATE_DTTM, LAST_UPDATE_USER, VERSION, MENU_DESCRIPTION, MENU_JURISDICTION, MENU_NAME, MENU_PARENT, MENU_URL, MENU_SORT) VALUES ('0641076d5ae840c09d2be5bmenu00003', parsedatetime('2021-01-01 00:00:00.00', 'dd-MM-yyyy hh:mm:ss.SS'), 'system', 1, parsedatetime('2021-01-01 00:00:00.00', 'dd-MM-yyyy hh:mm:ss.SS'), 'system', 0, 'Templates', 'USER', 'Template', 'Flow', '/piflow-web/web/template', 100003);
INSERT INTO SYS_MENU(ID, CRT_DTTM, CRT_USER, ENABLE_FLAG, LAST_UPDATE_DTTM, LAST_UPDATE_USER, VERSION, MENU_DESCRIPTION, MENU_JURISDICTION, MENU_NAME, MENU_PARENT, MENU_URL, MENU_SORT) VALUES ('0641076d5ae840c09d2be5bmenu00004', parsedatetime('2021-01-01 00:00:00.00', 'dd-MM-yyyy hh:mm:ss.SS'), 'system', 1, parsedatetime('2021-01-01 00:00:00.00', 'dd-MM-yyyy hh:mm:ss.SS'), 'system', 0, 'FlowGroup', 'USER', 'FlowGroup', 'Group', '/piflow-web/web/flowGroupList', 200001);
INSERT INTO SYS_MENU(ID, CRT_DTTM, CRT_USER, ENABLE_FLAG, LAST_UPDATE_DTTM, LAST_UPDATE_USER, VERSION, MENU_DESCRIPTION, MENU_JURISDICTION, MENU_NAME, MENU_PARENT, MENU_URL, MENU_SORT) VALUES ('0641076d5ae840c09d2be5bmenu00005', parsedatetime('2021-01-01 00:00:00.00', 'dd-MM-yyyy hh:mm:ss.SS'), 'system', 1, parsedatetime('2021-01-01 00:00:00.00', 'dd-MM-yyyy hh:mm:ss.SS'), 'system', 0, 'FlowGroupProcess', 'USER', 'FlowGroupProcess', 'Group', '/piflow-web/web/processGroupList', 200002);
INSERT INTO SYS_MENU(ID, CRT_DTTM, CRT_USER, ENABLE_FLAG, LAST_UPDATE_DTTM, LAST_UPDATE_USER, VERSION, MENU_DESCRIPTION, MENU_JURISDICTION, MENU_NAME, MENU_PARENT, MENU_URL, MENU_SORT) VALUES ('0641076d5ae840c09d2be5bmenu00006', parsedatetime('2021-01-01 00:00:00.00', 'dd-MM-yyyy hh:mm:ss.SS'), 'system', 1, parsedatetime('2021-01-01 00:00:00.00', 'dd-MM-yyyy hh:mm:ss.SS'), 'system', 0, 'FlowProcess', 'USER', 'FlowProcess', 'Group', '/piflow-web/web/groupTypeProcessList', 200003);
INSERT INTO SYS_MENU(ID, CRT_DTTM, CRT_USER, ENABLE_FLAG, LAST_UPDATE_DTTM, LAST_UPDATE_USER, VERSION, MENU_DESCRIPTION, MENU_JURISDICTION, MENU_NAME, MENU_PARENT, MENU_URL, MENU_SORT) VALUES ('0641076d5ae840c09d2be5bmenu00007', parsedatetime('2021-01-01 00:00:00.00', 'dd-MM-yyyy hh:mm:ss.SS'), 'system', 1, parsedatetime('2021-01-01 00:00:00.00', 'dd-MM-yyyy hh:mm:ss.SS'), 'system', 0, 'FlowGroupTemplate', 'USER', 'FlowGroupTemplate', 'Group', '/piflow-web/web/flowGroupTemplateList', 200004);
INSERT INTO SYS_MENU(ID, CRT_DTTM, CRT_USER, ENABLE_FLAG, LAST_UPDATE_DTTM, LAST_UPDATE_USER, VERSION, MENU_DESCRIPTION, MENU_JURISDICTION, MENU_NAME, MENU_PARENT, MENU_URL, MENU_SORT) VALUES ('0641076d5ae840c09d2be5bmenu00008', parsedatetime('2021-01-01 00:00:00.00', 'dd-MM-yyyy hh:mm:ss.SS'), 'system', 0, parsedatetime('2021-01-01 00:00:00.00', 'dd-MM-yyyy hh:mm:ss.SS'), 'system', 0, 'Project', 'USER', 'Project', 'Project', '/piflow-web/web/instructionalVideo', 300001);
INSERT INTO SYS_MENU(ID, CRT_DTTM, CRT_USER, ENABLE_FLAG, LAST_UPDATE_DTTM, LAST_UPDATE_USER, VERSION, MENU_DESCRIPTION, MENU_JURISDICTION, MENU_NAME, MENU_PARENT, MENU_URL, MENU_SORT) VALUES ('0641076d5ae840c09d2be5bmenu00009', parsedatetime('2021-01-01 00:00:00.00', 'dd-MM-yyyy hh:mm:ss.SS'), 'system', 0, parsedatetime('2021-01-01 00:00:00.00', 'dd-MM-yyyy hh:mm:ss.SS'), 'system', 0, 'ProjectProcess', 'USER', 'ProjectProcess', 'Project', '/piflow-web/web/instructionalVideo', 300002);
INSERT INTO SYS_MENU(ID, CRT_DTTM, CRT_USER, ENABLE_FLAG, LAST_UPDATE_DTTM, LAST_UPDATE_USER, VERSION, MENU_DESCRIPTION, MENU_JURISDICTION, MENU_NAME, MENU_PARENT, MENU_URL, MENU_SORT) VALUES ('0641076d5ae840c09d2be5bmenu00010', parsedatetime('2021-01-01 00:00:00.00', 'dd-MM-yyyy hh:mm:ss.SS'), 'system', 0, parsedatetime('2021-01-01 00:00:00.00', 'dd-MM-yyyy hh:mm:ss.SS'), 'system', 0, 'GroupProcess', 'USER', 'GroupProcess', 'Project', '/piflow-web/web/instructionalVideo', 300003);
INSERT INTO SYS_MENU(ID, CRT_DTTM, CRT_USER, ENABLE_FLAG, LAST_UPDATE_DTTM, LAST_UPDATE_USER, VERSION, MENU_DESCRIPTION, MENU_JURISDICTION, MENU_NAME, MENU_PARENT, MENU_URL, MENU_SORT) VALUES ('0641076d5ae840c09d2be5bmenu00011', parsedatetime('2021-01-01 00:00:00.00', 'dd-MM-yyyy hh:mm:ss.SS'), 'system', 0, parsedatetime('2021-01-01 00:00:00.00', 'dd-MM-yyyy hh:mm:ss.SS'), 'system', 0, 'FlowProcess', 'USER', 'FlowProcess', 'Project', '/piflow-web/web/instructionalVideo', 300004);
INSERT INTO SYS_MENU(ID, CRT_DTTM, CRT_USER, ENABLE_FLAG, LAST_UPDATE_DTTM, LAST_UPDATE_USER, VERSION, MENU_DESCRIPTION, MENU_JURISDICTION, MENU_NAME, MENU_PARENT, MENU_URL, MENU_SORT) VALUES ('0641076d5ae840c09d2be5bmenu00012', parsedatetime('2021-01-01 00:00:00.00', 'dd-MM-yyyy hh:mm:ss.SS'), 'system', 0, parsedatetime('2021-01-01 00:00:00.00', 'dd-MM-yyyy hh:mm:ss.SS'), 'system', 0, 'ProjectTemplate', 'USER', 'ProjectTemplate', 'Project', '/piflow-web/web/instructionalVideo', 300005);
INSERT INTO SYS_MENU(ID, CRT_DTTM, CRT_USER, ENABLE_FLAG, LAST_UPDATE_DTTM, LAST_UPDATE_USER, VERSION, MENU_DESCRIPTION, MENU_JURISDICTION, MENU_NAME, MENU_PARENT, MENU_URL, MENU_SORT) VALUES ('0641076d5ae840c09d2be5bmenu00013', parsedatetime('2021-01-01 00:00:00.00', 'dd-MM-yyyy hh:mm:ss.SS'), 'system', 1, parsedatetime('2021-01-01 00:00:00.00', 'dd-MM-yyyy hh:mm:ss.SS'), 'system', 0, 'DataSource', 'USER', 'DataSource', '', '/piflow-web/web/dataSources', 400001);
INSERT INTO SYS_MENU(ID, CRT_DTTM, CRT_USER, ENABLE_FLAG, LAST_UPDATE_DTTM, LAST_UPDATE_USER, VERSION, MENU_DESCRIPTION, MENU_JURISDICTION, MENU_NAME, MENU_PARENT, MENU_URL, MENU_SORT) VALUES ('0641076d5ae840c09d2be5bmenu00014', parsedatetime('2021-01-01 00:00:00.00', 'dd-MM-yyyy hh:mm:ss.SS'), 'system', 1, parsedatetime('2021-01-01 00:00:00.00', 'dd-MM-yyyy hh:mm:ss.SS'), 'system', 0, 'Instruction', 'USER', 'Instruction', 'Example', '/piflow-web/web/instructionalVideo', 500001);
-- ----------------------------
-- Records of data_source
-- ----------------------------
INSERT INTO DATA_SOURCE(ID, CRT_DTTM, CRT_USER, ENABLE_FLAG, LAST_UPDATE_DTTM, LAST_UPDATE_USER, VERSION, DATA_SOURCE_DESCRIPTION, DATA_SOURCE_NAME, DATA_SOURCE_TYPE, IS_TEMPLATE) VALUES ('05ce8a4f0ef942098b5bd5610ff8f181', parsedatetime('2021-01-01 00:00:00.00', 'dd-MM-yyyy hh:mm:ss.SS'), 'system', 1, parsedatetime('2021-01-01 00:00:00.00', 'dd-MM-yyyy hh:mm:ss.SS'), 'Admin', 0, NULL, 'FTP', 'FTP', 1);
INSERT INTO DATA_SOURCE(ID, CRT_DTTM, CRT_USER, ENABLE_FLAG, LAST_UPDATE_DTTM, LAST_UPDATE_USER, VERSION, DATA_SOURCE_DESCRIPTION, DATA_SOURCE_NAME, DATA_SOURCE_TYPE, IS_TEMPLATE) VALUES ('342a4d45f8f2468194d88ee50ae4cab9', parsedatetime('2021-01-01 00:00:00.00', 'dd-MM-yyyy hh:mm:ss.SS'), 'system', 1, parsedatetime('2021-01-01 00:00:00.00', 'dd-MM-yyyy hh:mm:ss.SS'), 'Admin', 0, NULL, 'Redis', 'Redis', 1);
INSERT INTO DATA_SOURCE(ID, CRT_DTTM, CRT_USER, ENABLE_FLAG, LAST_UPDATE_DTTM, LAST_UPDATE_USER, VERSION, DATA_SOURCE_DESCRIPTION, DATA_SOURCE_NAME, DATA_SOURCE_TYPE, IS_TEMPLATE) VALUES ('4776ca565a6542259c17962869538f0c', parsedatetime('2021-01-01 00:00:00.00', 'dd-MM-yyyy hh:mm:ss.SS'), 'system', 1, parsedatetime('2021-01-01 00:00:00.00', 'dd-MM-yyyy hh:mm:ss.SS'), 'Admin', 0, NULL, 'MongoDB', 'MongoDB', 1);
INSERT INTO DATA_SOURCE(ID, CRT_DTTM, CRT_USER, ENABLE_FLAG, LAST_UPDATE_DTTM, LAST_UPDATE_USER, VERSION, DATA_SOURCE_DESCRIPTION, DATA_SOURCE_NAME, DATA_SOURCE_TYPE, IS_TEMPLATE) VALUES ('49aeba77472f43bba6245f22723619bf', parsedatetime('2021-01-01 00:00:00.00', 'dd-MM-yyyy hh:mm:ss.SS'), 'system', 1, parsedatetime('2021-01-01 00:00:00.00', 'dd-MM-yyyy hh:mm:ss.SS'), 'Admin', 0, NULL, 'ElasticSearch', 'ElasticSearch', 1);
INSERT INTO DATA_SOURCE(ID, CRT_DTTM, CRT_USER, ENABLE_FLAG, LAST_UPDATE_DTTM, LAST_UPDATE_USER, VERSION, DATA_SOURCE_DESCRIPTION, DATA_SOURCE_NAME, DATA_SOURCE_TYPE, IS_TEMPLATE) VALUES ('abe3113ce02d422aba70e9588ebdfff3', parsedatetime('2021-01-01 00:00:00.00', 'dd-MM-yyyy hh:mm:ss.SS'), 'system', 1, parsedatetime('2021-01-01 00:00:00.00', 'dd-MM-yyyy hh:mm:ss.SS'), 'Admin', 0, NULL, 'JDBC', 'JDBC', 1);
-- ----------------------------
-- Records of data_source_property
-- ----------------------------
INSERT INTO DATA_SOURCE_PROPERTY(ID, CRT_DTTM, CRT_USER, ENABLE_FLAG, LAST_UPDATE_DTTM, LAST_UPDATE_USER, VERSION, DESCRIPTION, NAME, VALUE, FK_DATA_SOURCE_ID) VALUES ('2f2e9d19240a458791282c6eee633f62', parsedatetime('2021-01-01 00:00:00.00', 'dd-MM-yyyy hh:mm:ss.SS'), 'Admin', 1, parsedatetime('2021-01-01 00:00:00.00', 'dd-MM-yyyy hh:mm:ss.SS'), 'system', 0, NULL, 'url', NULL, '05ce8a4f0ef942098b5bd5610ff8f181');
INSERT INTO DATA_SOURCE_PROPERTY(ID, CRT_DTTM, CRT_USER, ENABLE_FLAG, LAST_UPDATE_DTTM, LAST_UPDATE_USER, VERSION, DESCRIPTION, NAME, VALUE, FK_DATA_SOURCE_ID) VALUES ('45b3fd29b8fd45be8c87498c1d764406', parsedatetime('2021-01-01 00:00:00.00', 'dd-MM-yyyy hh:mm:ss.SS'), 'Admin', 1, parsedatetime('2021-01-01 00:00:00.00', 'dd-MM-yyyy hh:mm:ss.SS'), 'system', 0, NULL, 'port', NULL, '05ce8a4f0ef942098b5bd5610ff8f181');
INSERT INTO DATA_SOURCE_PROPERTY(ID, CRT_DTTM, CRT_USER, ENABLE_FLAG, LAST_UPDATE_DTTM, LAST_UPDATE_USER, VERSION, DESCRIPTION, NAME, VALUE, FK_DATA_SOURCE_ID) VALUES ('363fa8f831d5410db31e1c15bf74b229', parsedatetime('2021-01-01 00:00:00.00', 'dd-MM-yyyy hh:mm:ss.SS'), 'Admin', 1, parsedatetime('2021-01-01 00:00:00.00', 'dd-MM-yyyy hh:mm:ss.SS'), 'system', 0, NULL, 'username', NULL, '05ce8a4f0ef942098b5bd5610ff8f181');
INSERT INTO DATA_SOURCE_PROPERTY(ID, CRT_DTTM, CRT_USER, ENABLE_FLAG, LAST_UPDATE_DTTM, LAST_UPDATE_USER, VERSION, DESCRIPTION, NAME, VALUE, FK_DATA_SOURCE_ID) VALUES ('c72ecaebaaad4ef08a5279f6713f107f', parsedatetime('2021-01-01 00:00:00.00', 'dd-MM-yyyy hh:mm:ss.SS'), 'Admin', 1, parsedatetime('2021-01-01 00:00:00.00', 'dd-MM-yyyy hh:mm:ss.SS'), 'system', 0, NULL, 'password', NULL, '05ce8a4f0ef942098b5bd5610ff8f181');
INSERT INTO DATA_SOURCE_PROPERTY(ID, CRT_DTTM, CRT_USER, ENABLE_FLAG, LAST_UPDATE_DTTM, LAST_UPDATE_USER, VERSION, DESCRIPTION, NAME, VALUE, FK_DATA_SOURCE_ID) VALUES ('18eff61306a349718dce9c0c6988c8b8', parsedatetime('2021-01-01 00:00:00.00', 'dd-MM-yyyy hh:mm:ss.SS'), 'Admin', 1, parsedatetime('2021-01-01 00:00:00.00', 'dd-MM-yyyy hh:mm:ss.SS'), 'system', 0, NULL, 'host', NULL, '342a4d45f8f2468194d88ee50ae4cab9');
INSERT INTO DATA_SOURCE_PROPERTY(ID, CRT_DTTM, CRT_USER, ENABLE_FLAG, LAST_UPDATE_DTTM, LAST_UPDATE_USER, VERSION, DESCRIPTION, NAME, VALUE, FK_DATA_SOURCE_ID) VALUES ('8516d28f43884252886e908126778ef0', parsedatetime('2021-01-01 00:00:00.00', 'dd-MM-yyyy hh:mm:ss.SS'), 'Admin', 1, parsedatetime('2021-01-01 00:00:00.00', 'dd-MM-yyyy hh:mm:ss.SS'), 'system', 0, NULL, 'port', NULL, '342a4d45f8f2468194d88ee50ae4cab9');
INSERT INTO DATA_SOURCE_PROPERTY(ID, CRT_DTTM, CRT_USER, ENABLE_FLAG, LAST_UPDATE_DTTM, LAST_UPDATE_USER, VERSION, DESCRIPTION, NAME, VALUE, FK_DATA_SOURCE_ID) VALUES ('5b88aff65a674814a983b955df2404bf', parsedatetime('2021-01-01 00:00:00.00', 'dd-MM-yyyy hh:mm:ss.SS'), 'Admin', 1, parsedatetime('2021-01-01 00:00:00.00', 'dd-MM-yyyy hh:mm:ss.SS'), 'system', 0, NULL, 'password', NULL, '342a4d45f8f2468194d88ee50ae4cab9');
INSERT INTO DATA_SOURCE_PROPERTY(ID, CRT_DTTM, CRT_USER, ENABLE_FLAG, LAST_UPDATE_DTTM, LAST_UPDATE_USER, VERSION, DESCRIPTION, NAME, VALUE, FK_DATA_SOURCE_ID) VALUES ('d28fe75ea4464261b15b9294b82bcb52', parsedatetime('2021-01-01 00:00:00.00', 'dd-MM-yyyy hh:mm:ss.SS'), 'Admin', 1, parsedatetime('2021-01-01 00:00:00.00', 'dd-MM-yyyy hh:mm:ss.SS'), 'system', 0, NULL, 'address', NULL, '4776ca565a6542259c17962869538f0c');
INSERT INTO DATA_SOURCE_PROPERTY(ID, CRT_DTTM, CRT_USER, ENABLE_FLAG, LAST_UPDATE_DTTM, LAST_UPDATE_USER, VERSION, DESCRIPTION, NAME, VALUE, FK_DATA_SOURCE_ID) VALUES ('e68116bc9c6c4ebcbfa7e8fb322349f7', parsedatetime('2021-01-01 00:00:00.00', 'dd-MM-yyyy hh:mm:ss.SS'), 'Admin', 1, parsedatetime('2021-01-01 00:00:00.00', 'dd-MM-yyyy hh:mm:ss.SS'), 'system', 0, NULL, 'database', NULL, '4776ca565a6542259c17962869538f0c');
INSERT INTO DATA_SOURCE_PROPERTY(ID, CRT_DTTM, CRT_USER, ENABLE_FLAG, LAST_UPDATE_DTTM, LAST_UPDATE_USER, VERSION, DESCRIPTION, NAME, VALUE, FK_DATA_SOURCE_ID) VALUES ('5f297c6968ca4ba884479b1a43b82198', parsedatetime('2021-01-01 00:00:00.00', 'dd-MM-yyyy hh:mm:ss.SS'), 'Admin', 1, parsedatetime('2021-01-01 00:00:00.00', 'dd-MM-yyyy hh:mm:ss.SS'), 'system', 0, NULL, 'es_nodes', NULL, '49aeba77472f43bba6245f22723619bf');
INSERT INTO DATA_SOURCE_PROPERTY(ID, CRT_DTTM, CRT_USER, ENABLE_FLAG, LAST_UPDATE_DTTM, LAST_UPDATE_USER, VERSION, DESCRIPTION, NAME, VALUE, FK_DATA_SOURCE_ID) VALUES ('8d1b0acee4be46788ca552b2040b90fc', parsedatetime('2021-01-01 00:00:00.00', 'dd-MM-yyyy hh:mm:ss.SS'), 'Admin', 1, parsedatetime('2021-01-01 00:00:00.00', 'dd-MM-yyyy hh:mm:ss.SS'), 'system', 0, NULL, 'es_type', NULL, '49aeba77472f43bba6245f22723619bf');
INSERT INTO DATA_SOURCE_PROPERTY(ID, CRT_DTTM, CRT_USER, ENABLE_FLAG, LAST_UPDATE_DTTM, LAST_UPDATE_USER, VERSION, DESCRIPTION, NAME, VALUE, FK_DATA_SOURCE_ID) VALUES ('968c061007fa4216b9a0b05d8d68bf2c', parsedatetime('2021-01-01 00:00:00.00', 'dd-MM-yyyy hh:mm:ss.SS'), 'Admin', 1, parsedatetime('2021-01-01 00:00:00.00', 'dd-MM-yyyy hh:mm:ss.SS'), 'system', 0, NULL, 'es_port', NULL, '49aeba77472f43bba6245f22723619bf');
INSERT INTO DATA_SOURCE_PROPERTY(ID, CRT_DTTM, CRT_USER, ENABLE_FLAG, LAST_UPDATE_DTTM, LAST_UPDATE_USER, VERSION, DESCRIPTION, NAME, VALUE, FK_DATA_SOURCE_ID) VALUES ('f386627bb0734ef9a59c0316d4bd7ab7', parsedatetime('2021-01-01 00:00:00.00', 'dd-MM-yyyy hh:mm:ss.SS'), 'Admin', 1, parsedatetime('2021-01-01 00:00:00.00', 'dd-MM-yyyy hh:mm:ss.SS'), 'system', 0, NULL, 'es_index', NULL, '49aeba77472f43bba6245f22723619bf');
INSERT INTO DATA_SOURCE_PROPERTY(ID, CRT_DTTM, CRT_USER, ENABLE_FLAG, LAST_UPDATE_DTTM, LAST_UPDATE_USER, VERSION, DESCRIPTION, NAME, VALUE, FK_DATA_SOURCE_ID) VALUES ('2cf157b6cb05464794cf40d3d9156409', parsedatetime('2021-01-01 00:00:00.00', 'dd-MM-yyyy hh:mm:ss.SS'), 'Admin', 1, parsedatetime('2021-01-01 00:00:00.00', 'dd-MM-yyyy hh:mm:ss.SS'), 'system', 0, NULL, 'url', NULL, 'abe3113ce02d422aba70e9588ebdfff3');
INSERT INTO DATA_SOURCE_PROPERTY(ID, CRT_DTTM, CRT_USER, ENABLE_FLAG, LAST_UPDATE_DTTM, LAST_UPDATE_USER, VERSION, DESCRIPTION, NAME, VALUE, FK_DATA_SOURCE_ID) VALUES ('b6463d34ad234a38badfa82d324dcc78', parsedatetime('2021-01-01 00:00:00.00', 'dd-MM-yyyy hh:mm:ss.SS'), 'Admin', 1, parsedatetime('2021-01-01 00:00:00.00', 'dd-MM-yyyy hh:mm:ss.SS'), 'system', 0, NULL, 'driver', NULL, 'abe3113ce02d422aba70e9588ebdfff3');
INSERT INTO DATA_SOURCE_PROPERTY(ID, CRT_DTTM, CRT_USER, ENABLE_FLAG, LAST_UPDATE_DTTM, LAST_UPDATE_USER, VERSION, DESCRIPTION, NAME, VALUE, FK_DATA_SOURCE_ID) VALUES ('947c4d47518c4863b8651cf3d604f4f1', parsedatetime('2021-01-01 00:00:00.00', 'dd-MM-yyyy hh:mm:ss.SS'), 'Admin', 1, parsedatetime('2021-01-01 00:00:00.00', 'dd-MM-yyyy hh:mm:ss.SS'), 'system', 0, NULL, 'user', NULL, 'abe3113ce02d422aba70e9588ebdfff3');
INSERT INTO DATA_SOURCE_PROPERTY(ID, CRT_DTTM, CRT_USER, ENABLE_FLAG, LAST_UPDATE_DTTM, LAST_UPDATE_USER, VERSION, DESCRIPTION, NAME, VALUE, FK_DATA_SOURCE_ID) VALUES ('e85bc1643a5e429da693caf461e8f5cd', parsedatetime('2021-01-01 00:00:00.00', 'dd-MM-yyyy hh:mm:ss.SS'), 'Admin', 1, parsedatetime('2021-01-01 00:00:00.00', 'dd-MM-yyyy hh:mm:ss.SS'), 'system', 0, NULL, 'password', NULL, 'abe3113ce02d422aba70e9588ebdfff3');
-- ----------------------------
-- Records of sys_schedule
-- ----------------------------
INSERT INTO SYS_SCHEDULE(ID, CRT_DTTM, CRT_USER, ENABLE_FLAG, LAST_UPDATE_DTTM, LAST_UPDATE_USER, VERSION, CRON_EXPRESSION, JOB_CLASS, JOB_NAME, STATUS) VALUES ('ff8081816eaa8a5d016eaa8a77e40000', parsedatetime('2021-01-01 00:00:00.00', 'dd-MM-yyyy hh:mm:ss.SS'), 'system', 1, parsedatetime('2021-01-01 00:00:00.00', 'dd-MM-yyyy hh:mm:ss.SS'), 'system', 0, '0/5 * * * * ?', 'cn.cnicschedule.RunningProcessSync', 'RunningProcessSync', 'RUNNING');
INSERT INTO SYS_SCHEDULE(ID, CRT_DTTM, CRT_USER, ENABLE_FLAG, LAST_UPDATE_DTTM, LAST_UPDATE_USER, VERSION, CRON_EXPRESSION, JOB_CLASS, JOB_NAME, STATUS) VALUES ('ff8081816eaa9317016eaa932dd50000', parsedatetime('2021-01-01 00:00:00.00', 'dd-MM-yyyy hh:mm:ss.SS'), 'system', 1, parsedatetime('2021-01-01 00:00:00.00', 'dd-MM-yyyy hh:mm:ss.SS'), 'system', 0, '0/5 * * * * ?', 'cn.cnicschedule.RunningProcessGroupSync', 'RunningProcessGroupSync', 'RUNNING');
-- ----------------------------
-- update Example1
-- ----------------------------
UPDATE FLOW_STOPS_PROPERTY SET CUSTOM_VALUE = REPLACE(CUSTOM_VALUE,'10.0.86.89','10.0.86.191') WHERE id in('1a98eb8872864f29862807e87af14aa9','ded789f2a7c94fb7b90f9e9762cdc211','e35b30dd1aba478d84cb26f3da3a8476','fb679cb8ccd149018a50c7d9a2986d02');