
INSERT INTO FLOW(ID, CRT_DTTM, CRT_USER, ENABLE_FLAG, LAST_UPDATE_DTTM, LAST_UPDATE_USER, VERSION, DESCRIPTION, DRIVER_MEMORY, EXECUTOR_CORES, EXECUTOR_MEMORY, EXECUTOR_NUMBER, IS_EXAMPLE, NAME, UUID, PAGE_ID, FK_FLOW_GROUP_ID) VALUES ('0641076d5ae840c09d2be5b71fw00001', parsedatetime('26-05-2020 00:00:01.00', 'dd-MM-yyyy hh:mm:ss.SS'), 'admin', 1, parsedatetime('26-05-2020 00:00:01.00', 'dd-MM-yyyy hh:mm:ss.SS'), 'admin', 0, 'FlowExample', '1g', '1', '1g', '1', 1, 'FlowExample', '0641076d5ae840c09d2be5b71fw00001', NULL, NULL);

INSERT INTO FLOW_PATH(ID, CRT_DTTM, CRT_USER, ENABLE_FLAG, LAST_UPDATE_DTTM, LAST_UPDATE_USER, VERSION, LINE_FROM, LINE_INPORT, LINE_OUTPORT, PAGE_ID, LINE_TO, FK_FLOW_ID, FILTER_CONDITION) VALUES ('ff808181725b0c8201725b0dc95e0000', parsedatetime('26-05-2020 00:00:01.00', 'dd-MM-yyyy hh:mm:ss.SS'), 'admin', 1, parsedatetime('26-05-2020 00:00:01.00', 'dd-MM-yyyy hh:mm:ss.SS'), 'admin', 0, '11', NULL, NULL, '54', '15', '0641076d5ae840c09d2be5b71fw00001', NULL);
INSERT INTO FLOW_PATH(ID, CRT_DTTM, CRT_USER, ENABLE_FLAG, LAST_UPDATE_DTTM, LAST_UPDATE_USER, VERSION, LINE_FROM, LINE_INPORT, LINE_OUTPORT, PAGE_ID, LINE_TO, FK_FLOW_ID, FILTER_CONDITION) VALUES ('ff808181725b0c8201725b0dc9680001', parsedatetime('26-05-2020 00:00:01.00', 'dd-MM-yyyy hh:mm:ss.SS'), 'admin', 1, parsedatetime('26-05-2020 00:00:01.00', 'dd-MM-yyyy hh:mm:ss.SS'), 'admin', 0, '20', NULL, 'out3', '53', '24', '0641076d5ae840c09d2be5b71fw00001', NULL);
INSERT INTO FLOW_PATH(ID, CRT_DTTM, CRT_USER, ENABLE_FLAG, LAST_UPDATE_DTTM, LAST_UPDATE_USER, VERSION, LINE_FROM, LINE_INPORT, LINE_OUTPORT, PAGE_ID, LINE_TO, FK_FLOW_ID, FILTER_CONDITION) VALUES ('ff808181725b0c8201725b0dc9680002', parsedatetime('26-05-2020 00:00:01.00', 'dd-MM-yyyy hh:mm:ss.SS'), 'admin', 1, parsedatetime('26-05-2020 00:00:01.00', 'dd-MM-yyyy hh:mm:ss.SS'), 'admin', 0, '20', NULL, 'out2', '51', '26', '0641076d5ae840c09d2be5b71fw00001', NULL);
INSERT INTO FLOW_PATH(ID, CRT_DTTM, CRT_USER, ENABLE_FLAG, LAST_UPDATE_DTTM, LAST_UPDATE_USER, VERSION, LINE_FROM, LINE_INPORT, LINE_OUTPORT, PAGE_ID, LINE_TO, FK_FLOW_ID, FILTER_CONDITION) VALUES ('ff808181725b0c8201725b0dc96a0003', parsedatetime('26-05-2020 00:00:01.00', 'dd-MM-yyyy hh:mm:ss.SS'), 'admin', 1, parsedatetime('26-05-2020 00:00:01.00', 'dd-MM-yyyy hh:mm:ss.SS'), 'admin', 0, '20', NULL, 'out1', '50', '22', '0641076d5ae840c09d2be5b71fw00001', NULL);
INSERT INTO FLOW_PATH(ID, CRT_DTTM, CRT_USER, ENABLE_FLAG, LAST_UPDATE_DTTM, LAST_UPDATE_USER, VERSION, LINE_FROM, LINE_INPORT, LINE_OUTPORT, PAGE_ID, LINE_TO, FK_FLOW_ID, FILTER_CONDITION) VALUES ('ff808181725b0c8201725b0dc96a0004', parsedatetime('26-05-2020 00:00:01.00', 'dd-MM-yyyy hh:mm:ss.SS'), 'admin', 1, parsedatetime('26-05-2020 00:00:01.00', 'dd-MM-yyyy hh:mm:ss.SS'), 'admin', 0, '17', NULL, NULL, '49', '20', '0641076d5ae840c09d2be5b71fw00001', NULL);
INSERT INTO FLOW_PATH(ID, CRT_DTTM, CRT_USER, ENABLE_FLAG, LAST_UPDATE_DTTM, LAST_UPDATE_USER, VERSION, LINE_FROM, LINE_INPORT, LINE_OUTPORT, PAGE_ID, LINE_TO, FK_FLOW_ID, FILTER_CONDITION) VALUES ('ff808181725b0c8201725b0dc96a0005', parsedatetime('26-05-2020 00:00:01.00', 'dd-MM-yyyy hh:mm:ss.SS'), 'admin', 1, parsedatetime('26-05-2020 00:00:01.00', 'dd-MM-yyyy hh:mm:ss.SS'), 'admin', 0, '6', 'data1', NULL, '48', '17', '0641076d5ae840c09d2be5b71fw00001', NULL);
INSERT INTO FLOW_PATH(ID, CRT_DTTM, CRT_USER, ENABLE_FLAG, LAST_UPDATE_DTTM, LAST_UPDATE_USER, VERSION, LINE_FROM, LINE_INPORT, LINE_OUTPORT, PAGE_ID, LINE_TO, FK_FLOW_ID, FILTER_CONDITION) VALUES ('ff808181725b0c8201725b0dc96b0006', parsedatetime('26-05-2020 00:00:01.00', 'dd-MM-yyyy hh:mm:ss.SS'), 'admin', 1, parsedatetime('26-05-2020 00:00:01.00', 'dd-MM-yyyy hh:mm:ss.SS'), 'admin', 0, '15', 'data2', NULL, '47', '17', '0641076d5ae840c09d2be5b71fw00001', NULL);

INSERT INTO FLOW_STOPS(ID, CRT_DTTM, CRT_USER, ENABLE_FLAG, LAST_UPDATE_DTTM, LAST_UPDATE_USER, VERSION, BUNDEL, DESCRIPTION, GROUPS, IN_PORT_TYPE, INPORTS, IS_CHECKPOINT, NAME, OUT_PORT_TYPE, OUTPORTS, OWNER, PAGE_ID, START_TIME, STATE, STOP_TIME, FK_FLOW_ID, IS_CUSTOMIZED, FK_DATA_SOURCE_ID) VALUES ('ff808181725b0c8201725b0dc96b0007', parsedatetime('26-05-2020 00:00:01.00', 'dd-MM-yyyy hh:mm:ss.SS'), 'admin', 1, parsedatetime('26-05-2020 00:00:01.00', 'dd-MM-yyyy hh:mm:ss.SS'), 'admin', 0, 'cn.piflow.bundle.common.Merge', 'Merge data into one stop', 'Common', 'ANY', 'Any', 1, 'Merge', 'DEFAULT', 'Default', 'xjzhu@cnic.cn', '17', NULL, NULL, NULL, '0641076d5ae840c09d2be5b71fw00001', 1, NULL);
INSERT INTO FLOW_STOPS(ID, CRT_DTTM, CRT_USER, ENABLE_FLAG, LAST_UPDATE_DTTM, LAST_UPDATE_USER, VERSION, BUNDEL, DESCRIPTION, GROUPS, IN_PORT_TYPE, INPORTS, IS_CHECKPOINT, NAME, OUT_PORT_TYPE, OUTPORTS, OWNER, PAGE_ID, START_TIME, STATE, STOP_TIME, FK_FLOW_ID, IS_CUSTOMIZED, FK_DATA_SOURCE_ID) VALUES ('ff808181725b0c8201725b0dc96b0009', parsedatetime('26-05-2020 00:00:01.00', 'dd-MM-yyyy hh:mm:ss.SS'), 'admin', 1, parsedatetime('26-05-2020 00:00:01.00', 'dd-MM-yyyy hh:mm:ss.SS'), 'admin', 0, 'cn.piflow.bundle.common.Fork', 'Forking data to different stops', 'Common', 'DEFAULT', 'Default', 1, 'Fork', 'ANY', 'Any', 'xjzhu@cnic.cn', '20', NULL, NULL, NULL, '0641076d5ae840c09d2be5b71fw00001', 1, NULL);
INSERT INTO FLOW_STOPS(ID, CRT_DTTM, CRT_USER, ENABLE_FLAG, LAST_UPDATE_DTTM, LAST_UPDATE_USER, VERSION, BUNDEL, DESCRIPTION, GROUPS, IN_PORT_TYPE, INPORTS, IS_CHECKPOINT, NAME, OUT_PORT_TYPE, OUTPORTS, OWNER, PAGE_ID, START_TIME, STATE, STOP_TIME, FK_FLOW_ID, IS_CUSTOMIZED, FK_DATA_SOURCE_ID) VALUES ('ff808181725b0c8201725b0dc96c000b', parsedatetime('26-05-2020 00:00:01.00', 'dd-MM-yyyy hh:mm:ss.SS'), 'admin', 1, parsedatetime('26-05-2020 00:00:01.00', 'dd-MM-yyyy hh:mm:ss.SS'), 'admin', 0, 'cn.piflow.bundle.common.MockData', 'Mock dataframe.', 'Common', 'DEFAULT', 'Default', 1, 'MockData', 'DEFAULT', 'Default', 'xjzhu@cnic.cn', '6', NULL, NULL, NULL, '0641076d5ae840c09d2be5b71fw00001', 1, NULL);
INSERT INTO FLOW_STOPS(ID, CRT_DTTM, CRT_USER, ENABLE_FLAG, LAST_UPDATE_DTTM, LAST_UPDATE_USER, VERSION, BUNDEL, DESCRIPTION, GROUPS, IN_PORT_TYPE, INPORTS, IS_CHECKPOINT, NAME, OUT_PORT_TYPE, OUTPORTS, OWNER, PAGE_ID, START_TIME, STATE, STOP_TIME, FK_FLOW_ID, IS_CUSTOMIZED, FK_DATA_SOURCE_ID) VALUES ('ff808181725b0c8201725b0dc96d000e', parsedatetime('26-05-2020 00:00:01.00', 'dd-MM-yyyy hh:mm:ss.SS'), 'admin', 1, parsedatetime('26-05-2020 00:00:01.00', 'dd-MM-yyyy hh:mm:ss.SS'), 'admin', 0, 'cn.piflow.bundle.common.MockData', 'Mock dataframe.', 'Common', 'DEFAULT', 'Default', 1, 'MockData7', 'DEFAULT', 'Default', 'xjzhu@cnic.cn', '11', NULL, NULL, NULL, '0641076d5ae840c09d2be5b71fw00001', 1, NULL);
INSERT INTO FLOW_STOPS(ID, CRT_DTTM, CRT_USER, ENABLE_FLAG, LAST_UPDATE_DTTM, LAST_UPDATE_USER, VERSION, BUNDEL, DESCRIPTION, GROUPS, IN_PORT_TYPE, INPORTS, IS_CHECKPOINT, NAME, OUT_PORT_TYPE, OUTPORTS, OWNER, PAGE_ID, START_TIME, STATE, STOP_TIME, FK_FLOW_ID, IS_CUSTOMIZED, FK_DATA_SOURCE_ID) VALUES ('ff808181725b0c8201725b0dc96f0011', parsedatetime('26-05-2020 00:00:01.00', 'dd-MM-yyyy hh:mm:ss.SS'), 'admin', 1, parsedatetime('26-05-2020 00:00:01.00', 'dd-MM-yyyy hh:mm:ss.SS'), 'admin', 0, 'cn.piflow.bundle.common.SelectField', 'Select data column', 'Common', 'DEFAULT', 'Default', 1, 'SelectField', 'DEFAULT', 'Default', 'xjzhu@cnic.cn', '15', NULL, NULL, NULL, '0641076d5ae840c09d2be5b71fw00001', 1, NULL);
INSERT INTO FLOW_STOPS(ID, CRT_DTTM, CRT_USER, ENABLE_FLAG, LAST_UPDATE_DTTM, LAST_UPDATE_USER, VERSION, BUNDEL, DESCRIPTION, GROUPS, IN_PORT_TYPE, INPORTS, IS_CHECKPOINT, NAME, OUT_PORT_TYPE, OUTPORTS, OWNER, PAGE_ID, START_TIME, STATE, STOP_TIME, FK_FLOW_ID, IS_CUSTOMIZED, FK_DATA_SOURCE_ID) VALUES ('ff808181725b0c8201725b0dc9700013', parsedatetime('26-05-2020 00:00:01.00', 'dd-MM-yyyy hh:mm:ss.SS'), 'admin', 1, parsedatetime('26-05-2020 00:00:01.00', 'dd-MM-yyyy hh:mm:ss.SS'), 'admin', 0, 'cn.piflow.bundle.common.SelectField', 'Select data column', 'Common', 'DEFAULT', 'Default', 1, 'SelectField18', 'DEFAULT', 'Default', 'xjzhu@cnic.cn', '22', NULL, NULL, NULL, '0641076d5ae840c09d2be5b71fw00001', 1, NULL);
INSERT INTO FLOW_STOPS(ID, CRT_DTTM, CRT_USER, ENABLE_FLAG, LAST_UPDATE_DTTM, LAST_UPDATE_USER, VERSION, BUNDEL, DESCRIPTION, GROUPS, IN_PORT_TYPE, INPORTS, IS_CHECKPOINT, NAME, OUT_PORT_TYPE, OUTPORTS, OWNER, PAGE_ID, START_TIME, STATE, STOP_TIME, FK_FLOW_ID, IS_CUSTOMIZED, FK_DATA_SOURCE_ID) VALUES ('ff808181725b0c8201725b0dc9700015', parsedatetime('26-05-2020 00:00:01.00', 'dd-MM-yyyy hh:mm:ss.SS'), 'admin', 1, parsedatetime('26-05-2020 00:00:01.00', 'dd-MM-yyyy hh:mm:ss.SS'), 'admin', 0, 'cn.piflow.bundle.common.SelectField', 'Select data column', 'Common', 'DEFAULT', 'Default', 1, 'SelectField20', 'DEFAULT', 'Default', 'xjzhu@cnic.cn', '24', NULL, NULL, NULL, '0641076d5ae840c09d2be5b71fw00001', 1, NULL);
INSERT INTO FLOW_STOPS(ID, CRT_DTTM, CRT_USER, ENABLE_FLAG, LAST_UPDATE_DTTM, LAST_UPDATE_USER, VERSION, BUNDEL, DESCRIPTION, GROUPS, IN_PORT_TYPE, INPORTS, IS_CHECKPOINT, NAME, OUT_PORT_TYPE, OUTPORTS, OWNER, PAGE_ID, START_TIME, STATE, STOP_TIME, FK_FLOW_ID, IS_CUSTOMIZED, FK_DATA_SOURCE_ID) VALUES ('ff808181725b0c8201725b0dc9710017', parsedatetime('26-05-2020 00:00:01.00', 'dd-MM-yyyy hh:mm:ss.SS'), 'admin', 1, parsedatetime('26-05-2020 00:00:01.00', 'dd-MM-yyyy hh:mm:ss.SS'), 'admin', 0, 'cn.piflow.bundle.common.SelectField', 'Select data column', 'Common', 'DEFAULT', 'Default', 1, 'SelectField22', 'DEFAULT', 'Default', 'xjzhu@cnic.cn', '26', NULL, NULL, NULL, '0641076d5ae840c09d2be5b71fw00001', 1, NULL);

INSERT INTO FLOW_STOPS_PROPERTY(ID, CRT_DTTM, CRT_USER, ENABLE_FLAG, LAST_UPDATE_DTTM, LAST_UPDATE_USER, VERSION, ALLOWABLE_VALUES, CUSTOM_VALUE, DESCRIPTION, DISPLAY_NAME, IS_SELECT, NAME, PROPERTY_REQUIRED, PROPERTY_SENSITIVE, FK_STOPS_ID, IS_LOCKED, PROPERTY_SORT, IS_OLD_DATA) VALUES ('ff808181725b0c8201725b0dc96b0008', parsedatetime('26-05-2020 00:00:01.00', 'dd-MM-yyyy hh:mm:ss.SS'), 'admin', 1, parsedatetime('26-05-2020 00:00:01.00', 'dd-MM-yyyy hh:mm:ss.SS'), 'admin', 0, '[\"\"]', 'data2,data2,data2,data1', 'Inports string are separated by commas', 'Inports', 1, 'inports', 1, 1, 'ff808181725b0c8201725b0dc96b0007', 1, NULL, 1);
INSERT INTO FLOW_STOPS_PROPERTY(ID, CRT_DTTM, CRT_USER, ENABLE_FLAG, LAST_UPDATE_DTTM, LAST_UPDATE_USER, VERSION, ALLOWABLE_VALUES, CUSTOM_VALUE, DESCRIPTION, DISPLAY_NAME, IS_SELECT, NAME, PROPERTY_REQUIRED, PROPERTY_SENSITIVE, FK_STOPS_ID, IS_LOCKED, PROPERTY_SORT, IS_OLD_DATA) VALUES ('ff808181725b0c8201725b0dc96b000a', parsedatetime('26-05-2020 00:00:01.00', 'dd-MM-yyyy hh:mm:ss.SS'), 'admin', 1, parsedatetime('26-05-2020 00:00:01.00', 'dd-MM-yyyy hh:mm:ss.SS'), 'admin', 0, '[\"\"]', 'out3,out2,out3,out1,out2,out3', 'Output ports string with comma', 'outports', 1, 'outports', 1, 1, 'ff808181725b0c8201725b0dc96b0009', 1, NULL, 1);
INSERT INTO FLOW_STOPS_PROPERTY(ID, CRT_DTTM, CRT_USER, ENABLE_FLAG, LAST_UPDATE_DTTM, LAST_UPDATE_USER, VERSION, ALLOWABLE_VALUES, CUSTOM_VALUE, DESCRIPTION, DISPLAY_NAME, IS_SELECT, NAME, PROPERTY_REQUIRED, PROPERTY_SENSITIVE, FK_STOPS_ID, IS_LOCKED, PROPERTY_SORT, IS_OLD_DATA) VALUES ('ff808181725b0c8201725b0dc96c000c', parsedatetime('26-05-2020 00:00:01.00', 'dd-MM-yyyy hh:mm:ss.SS'), 'admin', 1, parsedatetime('26-05-2020 00:00:01.00', 'dd-MM-yyyy hh:mm:ss.SS'), 'admin', 0, '[\"\"]', '10', 'The count of dataframe', 'Count', 1, 'count', 1, 1, 'ff808181725b0c8201725b0dc96c000b', 1, NULL, 1);
INSERT INTO FLOW_STOPS_PROPERTY(ID, CRT_DTTM, CRT_USER, ENABLE_FLAG, LAST_UPDATE_DTTM, LAST_UPDATE_USER, VERSION, ALLOWABLE_VALUES, CUSTOM_VALUE, DESCRIPTION, DISPLAY_NAME, IS_SELECT, NAME, PROPERTY_REQUIRED, PROPERTY_SENSITIVE, FK_STOPS_ID, IS_LOCKED, PROPERTY_SORT, IS_OLD_DATA) VALUES ('ff808181725b0c8201725b0dc96d000d', parsedatetime('26-05-2020 00:00:01.00', 'dd-MM-yyyy hh:mm:ss.SS'), 'admin', 1, parsedatetime('26-05-2020 00:00:01.00', 'dd-MM-yyyy hh:mm:ss.SS'), 'admin', 0, '[\"\"]', 'title:String, author:String, age:Int', 'The schema of mock data, format is column:columnType:isNullable. Separate multiple fields with commas. columnType can be String/Int/Long/Float/Double/Boolean. isNullable can be left blank, the default value is false. ', 'Schema', 1, 'schema', 1, 1, 'ff808181725b0c8201725b0dc96c000b', 1, NULL, 1);
INSERT INTO FLOW_STOPS_PROPERTY(ID, CRT_DTTM, CRT_USER, ENABLE_FLAG, LAST_UPDATE_DTTM, LAST_UPDATE_USER, VERSION, ALLOWABLE_VALUES, CUSTOM_VALUE, DESCRIPTION, DISPLAY_NAME, IS_SELECT, NAME, PROPERTY_REQUIRED, PROPERTY_SENSITIVE, FK_STOPS_ID, IS_LOCKED, PROPERTY_SORT, IS_OLD_DATA) VALUES ('ff808181725b0c8201725b0dc96e000f', parsedatetime('26-05-2020 00:00:01.00', 'dd-MM-yyyy hh:mm:ss.SS'), 'admin', 1, parsedatetime('26-05-2020 00:00:01.00', 'dd-MM-yyyy hh:mm:ss.SS'), 'admin', 0, '[\"\"]', 'title:String, author:String, age:Int, gender:String', 'The schema of mock data, format is column:columnType:isNullable. Separate multiple fields with commas. columnType can be String/Int/Long/Float/Double/Boolean. isNullable can be left blank, the default value is false. ', 'Schema', 1, 'schema', 1, 1, 'ff808181725b0c8201725b0dc96d000e', 1, NULL, 1);
INSERT INTO FLOW_STOPS_PROPERTY(ID, CRT_DTTM, CRT_USER, ENABLE_FLAG, LAST_UPDATE_DTTM, LAST_UPDATE_USER, VERSION, ALLOWABLE_VALUES, CUSTOM_VALUE, DESCRIPTION, DISPLAY_NAME, IS_SELECT, NAME, PROPERTY_REQUIRED, PROPERTY_SENSITIVE, FK_STOPS_ID, IS_LOCKED, PROPERTY_SORT, IS_OLD_DATA) VALUES ('ff808181725b0c8201725b0dc96f0010', parsedatetime('26-05-2020 00:00:01.00', 'dd-MM-yyyy hh:mm:ss.SS'), 'admin', 1, parsedatetime('26-05-2020 00:00:01.00', 'dd-MM-yyyy hh:mm:ss.SS'), 'admin', 0, '[\"\"]', '10', 'The count of dataframe', 'Count', 1, 'count', 1, 1, 'ff808181725b0c8201725b0dc96d000e', 1, NULL, 1);
INSERT INTO FLOW_STOPS_PROPERTY(ID, CRT_DTTM, CRT_USER, ENABLE_FLAG, LAST_UPDATE_DTTM, LAST_UPDATE_USER, VERSION, ALLOWABLE_VALUES, CUSTOM_VALUE, DESCRIPTION, DISPLAY_NAME, IS_SELECT, NAME, PROPERTY_REQUIRED, PROPERTY_SENSITIVE, FK_STOPS_ID, IS_LOCKED, PROPERTY_SORT, IS_OLD_DATA) VALUES ('ff808181725b0c8201725b0dc96f0012', parsedatetime('26-05-2020 00:00:01.00', 'dd-MM-yyyy hh:mm:ss.SS'), 'admin', 1, parsedatetime('26-05-2020 00:00:01.00', 'dd-MM-yyyy hh:mm:ss.SS'), 'admin', 0, '[\"\"]', 'title,author,age', 'Select the column you want,multiple columns separated by commas', 'ColumnNames', 1, 'columnNames', 1, 1, 'ff808181725b0c8201725b0dc96f0011', 1, NULL, 1);
INSERT INTO FLOW_STOPS_PROPERTY(ID, CRT_DTTM, CRT_USER, ENABLE_FLAG, LAST_UPDATE_DTTM, LAST_UPDATE_USER, VERSION, ALLOWABLE_VALUES, CUSTOM_VALUE, DESCRIPTION, DISPLAY_NAME, IS_SELECT, NAME, PROPERTY_REQUIRED, PROPERTY_SENSITIVE, FK_STOPS_ID, IS_LOCKED, PROPERTY_SORT, IS_OLD_DATA) VALUES ('ff808181725b0c8201725b0dc9700014', parsedatetime('26-05-2020 00:00:01.00', 'dd-MM-yyyy hh:mm:ss.SS'), 'admin', 1, parsedatetime('26-05-2020 00:00:01.00', 'dd-MM-yyyy hh:mm:ss.SS'), 'admin', 0, '[\"\"]', 'title', 'Select the column you want,multiple columns separated by commas', 'ColumnNames', 1, 'columnNames', 1, 1, 'ff808181725b0c8201725b0dc9700013', 1, NULL, 1);
INSERT INTO FLOW_STOPS_PROPERTY(ID, CRT_DTTM, CRT_USER, ENABLE_FLAG, LAST_UPDATE_DTTM, LAST_UPDATE_USER, VERSION, ALLOWABLE_VALUES, CUSTOM_VALUE, DESCRIPTION, DISPLAY_NAME, IS_SELECT, NAME, PROPERTY_REQUIRED, PROPERTY_SENSITIVE, FK_STOPS_ID, IS_LOCKED, PROPERTY_SORT, IS_OLD_DATA) VALUES ('ff808181725b0c8201725b0dc9700016', parsedatetime('26-05-2020 00:00:01.00', 'dd-MM-yyyy hh:mm:ss.SS'), 'admin', 1, parsedatetime('26-05-2020 00:00:01.00', 'dd-MM-yyyy hh:mm:ss.SS'), 'admin', 0, '[\"\"]', 'age', 'Select the column you want,multiple columns separated by commas', 'ColumnNames', 1, 'columnNames', 1, 1, 'ff808181725b0c8201725b0dc9700015', 1, NULL, 1);
INSERT INTO FLOW_STOPS_PROPERTY(ID, CRT_DTTM, CRT_USER, ENABLE_FLAG, LAST_UPDATE_DTTM, LAST_UPDATE_USER, VERSION, ALLOWABLE_VALUES, CUSTOM_VALUE, DESCRIPTION, DISPLAY_NAME, IS_SELECT, NAME, PROPERTY_REQUIRED, PROPERTY_SENSITIVE, FK_STOPS_ID, IS_LOCKED, PROPERTY_SORT, IS_OLD_DATA) VALUES ('ff808181725b0c8201725b0dc9710018', parsedatetime('26-05-2020 00:00:01.00', 'dd-MM-yyyy hh:mm:ss.SS'), 'admin', 1, parsedatetime('26-05-2020 00:00:01.00', 'dd-MM-yyyy hh:mm:ss.SS'), 'admin', 0, '[\"\"]', 'author', 'Select the column you want,multiple columns separated by commas', 'ColumnNames', 1, 'columnNames', 1, 1, 'ff808181725b0c8201725b0dc9710017', 1, NULL, 1);

INSERT INTO MX_GRAPH_MODEL(ID, CRT_DTTM, CRT_USER, ENABLE_FLAG, LAST_UPDATE_DTTM, LAST_UPDATE_USER, VERSION, MX_ARROWS, MX_BACKGROUND, MX_CONNECT, MX_DX, MX_DY, MX_FOLD, MX_GRID, MX_GRIDSIZE, MX_GUIDES, MX_PAGE, MX_PAGEHEIGHT, MX_PAGESCALE, MX_PAGEWIDTH, MX_TOOLTIPS, FK_FLOW_ID, FK_FLOW_GROUP_ID, FK_PROCESS_ID, FK_PROCESS_GROUP_ID) VALUES ('e320faaf18e046f7997757a767456c8c', '2020-05-28 19:31:45', 'admin', 1, parsedatetime('26-05-2020 00:00:01.00', 'dd-MM-yyyy hh:mm:ss.SS'), 'admin', 1, NULL, NULL, NULL, NULL, NULL, NULL, NULL, NULL, NULL, NULL, NULL, NULL, NULL, NULL, '0641076d5ae840c09d2be5b71fw00001', NULL, NULL, NULL);

INSERT INTO MX_CELL(ID, CRT_DTTM, CRT_USER, ENABLE_FLAG, LAST_UPDATE_DTTM, LAST_UPDATE_USER, VERSION, MX_EDGE, MX_PAGEID, MX_PARENT, MX_SOURCE, MX_STYLE, MX_TARGET, MX_VALUE, MX_VERTEX, FK_MX_GRAPH_ID) VALUES ('ff808181725b0c8201725b0dc9710019', parsedatetime('26-05-2020 00:00:01.00', 'dd-MM-yyyy hh:mm:ss.SS'), 'admin', 1, parsedatetime('26-05-2020 00:00:01.00', 'dd-MM-yyyy hh:mm:ss.SS'), 'admin', 0, NULL, '0', NULL, NULL, NULL, NULL, NULL, NULL, 'e320faaf18e046f7997757a767456c8c');
INSERT INTO MX_CELL(ID, CRT_DTTM, CRT_USER, ENABLE_FLAG, LAST_UPDATE_DTTM, LAST_UPDATE_USER, VERSION, MX_EDGE, MX_PAGEID, MX_PARENT, MX_SOURCE, MX_STYLE, MX_TARGET, MX_VALUE, MX_VERTEX, FK_MX_GRAPH_ID) VALUES ('ff808181725b0c8201725b0dc972001a', parsedatetime('26-05-2020 00:00:01.00', 'dd-MM-yyyy hh:mm:ss.SS'), 'admin', 1, parsedatetime('26-05-2020 00:00:01.00', 'dd-MM-yyyy hh:mm:ss.SS'), 'admin', 0, NULL, '1', '0', NULL, NULL, NULL, NULL, NULL, 'e320faaf18e046f7997757a767456c8c');
INSERT INTO MX_CELL(ID, CRT_DTTM, CRT_USER, ENABLE_FLAG, LAST_UPDATE_DTTM, LAST_UPDATE_USER, VERSION, MX_EDGE, MX_PAGEID, MX_PARENT, MX_SOURCE, MX_STYLE, MX_TARGET, MX_VALUE, MX_VERTEX, FK_MX_GRAPH_ID) VALUES ('ff808181725b0c8201725b0dc972001b', parsedatetime('26-05-2020 00:00:01.00', 'dd-MM-yyyy hh:mm:ss.SS'), 'admin', 1, parsedatetime('26-05-2020 00:00:01.00', 'dd-MM-yyyy hh:mm:ss.SS'), 'admin', 0, NULL, '22', '1', NULL, 'image;html=1;labelBackgroundColor=#ffffff00;image=/piflow-web/images/SelectField_128x128.png', NULL, 'SelectField18', '1', 'e320faaf18e046f7997757a767456c8c');
INSERT INTO MX_CELL(ID, CRT_DTTM, CRT_USER, ENABLE_FLAG, LAST_UPDATE_DTTM, LAST_UPDATE_USER, VERSION, MX_EDGE, MX_PAGEID, MX_PARENT, MX_SOURCE, MX_STYLE, MX_TARGET, MX_VALUE, MX_VERTEX, FK_MX_GRAPH_ID) VALUES ('ff808181725b0c8201725b0dc973001d', parsedatetime('26-05-2020 00:00:01.00', 'dd-MM-yyyy hh:mm:ss.SS'), 'admin', 1, parsedatetime('26-05-2020 00:00:01.00', 'dd-MM-yyyy hh:mm:ss.SS'), 'admin', 0, NULL, '17', '1', NULL, 'image;html=1;labelBackgroundColor=#ffffff00;image=/piflow-web/images/Merge_128x128.png', NULL, 'Merge', '1', 'e320faaf18e046f7997757a767456c8c');
INSERT INTO MX_CELL(ID, CRT_DTTM, CRT_USER, ENABLE_FLAG, LAST_UPDATE_DTTM, LAST_UPDATE_USER, VERSION, MX_EDGE, MX_PAGEID, MX_PARENT, MX_SOURCE, MX_STYLE, MX_TARGET, MX_VALUE, MX_VERTEX, FK_MX_GRAPH_ID) VALUES ('ff808181725b0c8201725b0dc973001f', parsedatetime('26-05-2020 00:00:01.00', 'dd-MM-yyyy hh:mm:ss.SS'), 'admin', 1, parsedatetime('26-05-2020 00:00:01.00', 'dd-MM-yyyy hh:mm:ss.SS'), 'admin', 0, NULL, '29', '1', NULL, 'text;html=1;align=center;verticalAlign=middle;resizable=0;points=[];autosize=1;', NULL, '合流', '1', 'e320faaf18e046f7997757a767456c8c');
INSERT INTO MX_CELL(ID, CRT_DTTM, CRT_USER, ENABLE_FLAG, LAST_UPDATE_DTTM, LAST_UPDATE_USER, VERSION, MX_EDGE, MX_PAGEID, MX_PARENT, MX_SOURCE, MX_STYLE, MX_TARGET, MX_VALUE, MX_VERTEX, FK_MX_GRAPH_ID) VALUES ('ff808181725b0c8201725b0dc9730021', parsedatetime('26-05-2020 00:00:01.00', 'dd-MM-yyyy hh:mm:ss.SS'), 'admin', 1, parsedatetime('26-05-2020 00:00:01.00', 'dd-MM-yyyy hh:mm:ss.SS'), 'admin', 0, NULL, '14', '1', NULL, 'text;html=1;align=center;verticalAlign=middle;resizable=0;points=[];autosize=1;', NULL, '模拟生成数据：title, author, age, gender', '1', 'e320faaf18e046f7997757a767456c8c');
INSERT INTO MX_CELL(ID, CRT_DTTM, CRT_USER, ENABLE_FLAG, LAST_UPDATE_DTTM, LAST_UPDATE_USER, VERSION, MX_EDGE, MX_PAGEID, MX_PARENT, MX_SOURCE, MX_STYLE, MX_TARGET, MX_VALUE, MX_VERTEX, FK_MX_GRAPH_ID) VALUES ('ff808181725b0c8201725b0dc9740023', parsedatetime('26-05-2020 00:00:01.00', 'dd-MM-yyyy hh:mm:ss.SS'), 'admin', 1, parsedatetime('26-05-2020 00:00:01.00', 'dd-MM-yyyy hh:mm:ss.SS'), 'admin', 0, '1', '51', '1', '20', 'edgeStyle=none;rounded=0;orthogonalLoop=1;jettySize=auto;html=1;entryX=0.5;entryY=0;entryDx=0;entryDy=0;', '26', NULL, NULL, 'e320faaf18e046f7997757a767456c8c');
INSERT INTO MX_CELL(ID, CRT_DTTM, CRT_USER, ENABLE_FLAG, LAST_UPDATE_DTTM, LAST_UPDATE_USER, VERSION, MX_EDGE, MX_PAGEID, MX_PARENT, MX_SOURCE, MX_STYLE, MX_TARGET, MX_VALUE, MX_VERTEX, FK_MX_GRAPH_ID) VALUES ('ff808181725b0c8201725b0dc9740025', parsedatetime('26-05-2020 00:00:01.00', 'dd-MM-yyyy hh:mm:ss.SS'), 'admin', 1, parsedatetime('26-05-2020 00:00:01.00', 'dd-MM-yyyy hh:mm:ss.SS'), 'admin', 0, '1', '49', '1', '17', 'edgeStyle=none;rounded=0;orthogonalLoop=1;jettySize=auto;html=1;', '20', NULL, NULL, 'e320faaf18e046f7997757a767456c8c');
INSERT INTO MX_CELL(ID, CRT_DTTM, CRT_USER, ENABLE_FLAG, LAST_UPDATE_DTTM, LAST_UPDATE_USER, VERSION, MX_EDGE, MX_PAGEID, MX_PARENT, MX_SOURCE, MX_STYLE, MX_TARGET, MX_VALUE, MX_VERTEX, FK_MX_GRAPH_ID) VALUES ('ff808181725b0c8201725b0dc9740027', parsedatetime('26-05-2020 00:00:01.00', 'dd-MM-yyyy hh:mm:ss.SS'), 'admin', 1, parsedatetime('26-05-2020 00:00:01.00', 'dd-MM-yyyy hh:mm:ss.SS'), 'admin', 0, '1', '50', '1', '20', 'edgeStyle=none;rounded=0;orthogonalLoop=1;jettySize=auto;html=1;entryX=0.5;entryY=0;entryDx=0;entryDy=0;', '22', NULL, NULL, 'e320faaf18e046f7997757a767456c8c');
INSERT INTO MX_CELL(ID, CRT_DTTM, CRT_USER, ENABLE_FLAG, LAST_UPDATE_DTTM, LAST_UPDATE_USER, VERSION, MX_EDGE, MX_PAGEID, MX_PARENT, MX_SOURCE, MX_STYLE, MX_TARGET, MX_VALUE, MX_VERTEX, FK_MX_GRAPH_ID) VALUES ('ff808181725b0c8201725b0dc9760029', parsedatetime('26-05-2020 00:00:01.00', 'dd-MM-yyyy hh:mm:ss.SS'), 'admin', 1, parsedatetime('26-05-2020 00:00:01.00', 'dd-MM-yyyy hh:mm:ss.SS'), 'admin', 0, NULL, '28', '1', NULL, 'text;html=1;align=center;verticalAlign=middle;resizable=0;points=[];autosize=1;', NULL, '选择数据：<span style=\"font-size: 13.3333px\">title, author, age</span>', '1', 'e320faaf18e046f7997757a767456c8c');
INSERT INTO MX_CELL(ID, CRT_DTTM, CRT_USER, ENABLE_FLAG, LAST_UPDATE_DTTM, LAST_UPDATE_USER, VERSION, MX_EDGE, MX_PAGEID, MX_PARENT, MX_SOURCE, MX_STYLE, MX_TARGET, MX_VALUE, MX_VERTEX, FK_MX_GRAPH_ID) VALUES ('ff808181725b0c8201725b0dc977002b', parsedatetime('26-05-2020 00:00:01.00', 'dd-MM-yyyy hh:mm:ss.SS'), 'admin', 1, parsedatetime('26-05-2020 00:00:01.00', 'dd-MM-yyyy hh:mm:ss.SS'), 'admin', 0, NULL, '15', '1', NULL, 'image;html=1;labelBackgroundColor=#ffffff00;image=/piflow-web/images/SelectField_128x128.png', NULL, 'SelectField', '1', 'e320faaf18e046f7997757a767456c8c');
INSERT INTO MX_CELL(ID, CRT_DTTM, CRT_USER, ENABLE_FLAG, LAST_UPDATE_DTTM, LAST_UPDATE_USER, VERSION, MX_EDGE, MX_PAGEID, MX_PARENT, MX_SOURCE, MX_STYLE, MX_TARGET, MX_VALUE, MX_VERTEX, FK_MX_GRAPH_ID) VALUES ('ff808181725b0c8201725b0dc977002d', parsedatetime('26-05-2020 00:00:01.00', 'dd-MM-yyyy hh:mm:ss.SS'), 'admin', 1, parsedatetime('26-05-2020 00:00:01.00', 'dd-MM-yyyy hh:mm:ss.SS'), 'admin', 0, NULL, '11', '1', NULL, 'image;html=1;labelBackgroundColor=#ffffff00;image=/piflow-web/images/MockData_128x128.png', NULL, 'MockData7', '1', 'e320faaf18e046f7997757a767456c8c');
INSERT INTO MX_CELL(ID, CRT_DTTM, CRT_USER, ENABLE_FLAG, LAST_UPDATE_DTTM, LAST_UPDATE_USER, VERSION, MX_EDGE, MX_PAGEID, MX_PARENT, MX_SOURCE, MX_STYLE, MX_TARGET, MX_VALUE, MX_VERTEX, FK_MX_GRAPH_ID) VALUES ('ff808181725b0c8201725b0dc977002f', parsedatetime('26-05-2020 00:00:01.00', 'dd-MM-yyyy hh:mm:ss.SS'), 'admin', 1, parsedatetime('26-05-2020 00:00:01.00', 'dd-MM-yyyy hh:mm:ss.SS'), 'admin', 0, NULL, '9', '1', NULL, 'text;html=1;align=center;verticalAlign=middle;resizable=0;points=[];autosize=1;', NULL, '模拟测试数据：<span style=\"font-size: 13.3333px\">title, author, age</span>', '1', 'e320faaf18e046f7997757a767456c8c');
INSERT INTO MX_CELL(ID, CRT_DTTM, CRT_USER, ENABLE_FLAG, LAST_UPDATE_DTTM, LAST_UPDATE_USER, VERSION, MX_EDGE, MX_PAGEID, MX_PARENT, MX_SOURCE, MX_STYLE, MX_TARGET, MX_VALUE, MX_VERTEX, FK_MX_GRAPH_ID) VALUES ('ff808181725b0c8201725b0dc9780031', parsedatetime('26-05-2020 00:00:01.00', 'dd-MM-yyyy hh:mm:ss.SS'), 'admin', 1, parsedatetime('26-05-2020 00:00:01.00', 'dd-MM-yyyy hh:mm:ss.SS'), 'admin', 0, NULL, '6', '1', NULL, 'image;html=1;labelBackgroundColor=#ffffff00;image=/piflow-web/images/MockData_128x128.png', NULL, 'MockData', '1', 'e320faaf18e046f7997757a767456c8c');
INSERT INTO MX_CELL(ID, CRT_DTTM, CRT_USER, ENABLE_FLAG, LAST_UPDATE_DTTM, LAST_UPDATE_USER, VERSION, MX_EDGE, MX_PAGEID, MX_PARENT, MX_SOURCE, MX_STYLE, MX_TARGET, MX_VALUE, MX_VERTEX, FK_MX_GRAPH_ID) VALUES ('ff808181725b0c8201725b0dc97a0033', parsedatetime('26-05-2020 00:00:01.00', 'dd-MM-yyyy hh:mm:ss.SS'), 'admin', 1, parsedatetime('26-05-2020 00:00:01.00', 'dd-MM-yyyy hh:mm:ss.SS'), 'admin', 0, '1', '47', '1', '15', 'edgeStyle=none;rounded=0;orthogonalLoop=1;jettySize=auto;html=1;entryX=0.5;entryY=0;entryDx=0;entryDy=0;', '17', NULL, NULL, 'e320faaf18e046f7997757a767456c8c');
INSERT INTO MX_CELL(ID, CRT_DTTM, CRT_USER, ENABLE_FLAG, LAST_UPDATE_DTTM, LAST_UPDATE_USER, VERSION, MX_EDGE, MX_PAGEID, MX_PARENT, MX_SOURCE, MX_STYLE, MX_TARGET, MX_VALUE, MX_VERTEX, FK_MX_GRAPH_ID) VALUES ('ff808181725b0c8201725b0dc97b0035', parsedatetime('26-05-2020 00:00:01.00', 'dd-MM-yyyy hh:mm:ss.SS'), 'admin', 1, parsedatetime('26-05-2020 00:00:01.00', 'dd-MM-yyyy hh:mm:ss.SS'), 'admin', 0, '1', '53', '1', '20', 'edgeStyle=none;rounded=0;orthogonalLoop=1;jettySize=auto;html=1;entryX=0.5;entryY=0;entryDx=0;entryDy=0;', '24', NULL, NULL, 'e320faaf18e046f7997757a767456c8c');
INSERT INTO MX_CELL(ID, CRT_DTTM, CRT_USER, ENABLE_FLAG, LAST_UPDATE_DTTM, LAST_UPDATE_USER, VERSION, MX_EDGE, MX_PAGEID, MX_PARENT, MX_SOURCE, MX_STYLE, MX_TARGET, MX_VALUE, MX_VERTEX, FK_MX_GRAPH_ID) VALUES ('ff808181725b0c8201725b0dc97b0037', parsedatetime('26-05-2020 00:00:01.00', 'dd-MM-yyyy hh:mm:ss.SS'), 'admin', 1, parsedatetime('26-05-2020 00:00:01.00', 'dd-MM-yyyy hh:mm:ss.SS'), 'admin', 0, NULL, '20', '1', NULL, 'image;html=1;labelBackgroundColor=#ffffff00;image=/piflow-web/images/Fork_128x128.png', NULL, 'Fork', '1', 'e320faaf18e046f7997757a767456c8c');
INSERT INTO MX_CELL(ID, CRT_DTTM, CRT_USER, ENABLE_FLAG, LAST_UPDATE_DTTM, LAST_UPDATE_USER, VERSION, MX_EDGE, MX_PAGEID, MX_PARENT, MX_SOURCE, MX_STYLE, MX_TARGET, MX_VALUE, MX_VERTEX, FK_MX_GRAPH_ID) VALUES ('ff808181725b0c8201725b0dc97c0039', parsedatetime('26-05-2020 00:00:01.00', 'dd-MM-yyyy hh:mm:ss.SS'), 'admin', 1, parsedatetime('26-05-2020 00:00:01.00', 'dd-MM-yyyy hh:mm:ss.SS'), 'admin', 0, NULL, '26', '1', NULL, 'image;html=1;labelBackgroundColor=#ffffff00;image=/piflow-web/images/SelectField_128x128.png', NULL, 'SelectField22', '1', 'e320faaf18e046f7997757a767456c8c');
INSERT INTO MX_CELL(ID, CRT_DTTM, CRT_USER, ENABLE_FLAG, LAST_UPDATE_DTTM, LAST_UPDATE_USER, VERSION, MX_EDGE, MX_PAGEID, MX_PARENT, MX_SOURCE, MX_STYLE, MX_TARGET, MX_VALUE, MX_VERTEX, FK_MX_GRAPH_ID) VALUES ('ff808181725b0c8201725b0dc97c003b', parsedatetime('26-05-2020 00:00:01.00', 'dd-MM-yyyy hh:mm:ss.SS'), 'admin', 1, parsedatetime('26-05-2020 00:00:01.00', 'dd-MM-yyyy hh:mm:ss.SS'), 'admin', 0, NULL, '24', '1', NULL, 'image;html=1;labelBackgroundColor=#ffffff00;image=/piflow-web/images/SelectField_128x128.png', NULL, 'SelectField20', '1', 'e320faaf18e046f7997757a767456c8c');
INSERT INTO MX_CELL(ID, CRT_DTTM, CRT_USER, ENABLE_FLAG, LAST_UPDATE_DTTM, LAST_UPDATE_USER, VERSION, MX_EDGE, MX_PAGEID, MX_PARENT, MX_SOURCE, MX_STYLE, MX_TARGET, MX_VALUE, MX_VERTEX, FK_MX_GRAPH_ID) VALUES ('ff808181725b0c8201725b0dc97d003d', parsedatetime('26-05-2020 00:00:01.00', 'dd-MM-yyyy hh:mm:ss.SS'), 'admin', 1, parsedatetime('26-05-2020 00:00:01.00', 'dd-MM-yyyy hh:mm:ss.SS'), 'admin', 0, NULL, '30', '1', NULL, 'text;html=1;align=center;verticalAlign=middle;resizable=0;points=[];autosize=1;', NULL, '分流', '1', 'e320faaf18e046f7997757a767456c8c');
INSERT INTO MX_CELL(ID, CRT_DTTM, CRT_USER, ENABLE_FLAG, LAST_UPDATE_DTTM, LAST_UPDATE_USER, VERSION, MX_EDGE, MX_PAGEID, MX_PARENT, MX_SOURCE, MX_STYLE, MX_TARGET, MX_VALUE, MX_VERTEX, FK_MX_GRAPH_ID) VALUES ('ff808181725b0c8201725b0dc97d003f', parsedatetime('26-05-2020 00:00:01.00', 'dd-MM-yyyy hh:mm:ss.SS'), 'admin', 1, parsedatetime('26-05-2020 00:00:01.00', 'dd-MM-yyyy hh:mm:ss.SS'), 'admin', 0, '1', '48', '1', '6', 'edgeStyle=none;rounded=0;orthogonalLoop=1;jettySize=auto;html=1;entryX=0.5;entryY=0;entryDx=0;entryDy=0;', '17', NULL, NULL, 'e320faaf18e046f7997757a767456c8c');
INSERT INTO MX_CELL(ID, CRT_DTTM, CRT_USER, ENABLE_FLAG, LAST_UPDATE_DTTM, LAST_UPDATE_USER, VERSION, MX_EDGE, MX_PAGEID, MX_PARENT, MX_SOURCE, MX_STYLE, MX_TARGET, MX_VALUE, MX_VERTEX, FK_MX_GRAPH_ID) VALUES ('ff808181725b0c8201725b0dc97e0041', parsedatetime('26-05-2020 00:00:01.00', 'dd-MM-yyyy hh:mm:ss.SS'), 'admin', 1, parsedatetime('26-05-2020 00:00:01.00', 'dd-MM-yyyy hh:mm:ss.SS'), 'admin', 0, '1', '54', '1', '11', 'edgeStyle=none;rounded=0;orthogonalLoop=1;jettySize=auto;html=1;', '15', NULL, NULL, 'e320faaf18e046f7997757a767456c8c');

INSERT INTO MX_GEOMETRY(ID, CRT_DTTM, CRT_USER, ENABLE_FLAG, LAST_UPDATE_DTTM, LAST_UPDATE_USER, VERSION, MX_AS, MX_HEIGHT, MX_RELATIVE, MX_WIDTH, MX_X, MX_Y, FK_MX_CELL_ID) VALUES ('ff808181725b0c8201725b0dc972001c', parsedatetime('26-05-2020 00:00:01.00', 'dd-MM-yyyy hh:mm:ss.SS'), 'admin', 1, parsedatetime('26-05-2020 00:00:01.00', 'dd-MM-yyyy hh:mm:ss.SS'), 'admin', 0, 'geometry', '66', NULL, '66', '167', '660', 'ff808181725b0c8201725b0dc972001b');
INSERT INTO MX_GEOMETRY(ID, CRT_DTTM, CRT_USER, ENABLE_FLAG, LAST_UPDATE_DTTM, LAST_UPDATE_USER, VERSION, MX_AS, MX_HEIGHT, MX_RELATIVE, MX_WIDTH, MX_X, MX_Y, FK_MX_CELL_ID) VALUES ('ff808181725b0c8201725b0dc973001e', parsedatetime('26-05-2020 00:00:01.00', 'dd-MM-yyyy hh:mm:ss.SS'), 'admin', 1, parsedatetime('26-05-2020 00:00:01.00', 'dd-MM-yyyy hh:mm:ss.SS'), 'admin', 0, 'geometry', '66', NULL, '66', '337', '390', 'ff808181725b0c8201725b0dc973001d');
INSERT INTO MX_GEOMETRY(ID, CRT_DTTM, CRT_USER, ENABLE_FLAG, LAST_UPDATE_DTTM, LAST_UPDATE_USER, VERSION, MX_AS, MX_HEIGHT, MX_RELATIVE, MX_WIDTH, MX_X, MX_Y, FK_MX_CELL_ID) VALUES ('ff808181725b0c8201725b0dc9730020', parsedatetime('26-05-2020 00:00:01.00', 'dd-MM-yyyy hh:mm:ss.SS'), 'admin', 1, parsedatetime('26-05-2020 00:00:01.00', 'dd-MM-yyyy hh:mm:ss.SS'), 'admin', 0, 'geometry', '20', NULL, '40', '412', '421', 'ff808181725b0c8201725b0dc973001f');
INSERT INTO MX_GEOMETRY(ID, CRT_DTTM, CRT_USER, ENABLE_FLAG, LAST_UPDATE_DTTM, LAST_UPDATE_USER, VERSION, MX_AS, MX_HEIGHT, MX_RELATIVE, MX_WIDTH, MX_X, MX_Y, FK_MX_CELL_ID) VALUES ('ff808181725b0c8201725b0dc9730022', parsedatetime('26-05-2020 00:00:01.00', 'dd-MM-yyyy hh:mm:ss.SS'), 'admin', 1, parsedatetime('26-05-2020 00:00:01.00', 'dd-MM-yyyy hh:mm:ss.SS'), 'admin', 0, 'geometry', '20', NULL, '230', '467', '30', 'ff808181725b0c8201725b0dc9730021');
INSERT INTO MX_GEOMETRY(ID, CRT_DTTM, CRT_USER, ENABLE_FLAG, LAST_UPDATE_DTTM, LAST_UPDATE_USER, VERSION, MX_AS, MX_HEIGHT, MX_RELATIVE, MX_WIDTH, MX_X, MX_Y, FK_MX_CELL_ID) VALUES ('ff808181725b0c8201725b0dc9740024', parsedatetime('26-05-2020 00:00:01.00', 'dd-MM-yyyy hh:mm:ss.SS'), 'admin', 1, parsedatetime('26-05-2020 00:00:01.00', 'dd-MM-yyyy hh:mm:ss.SS'), 'admin', 0, 'geometry', NULL, '1', NULL, NULL, NULL, 'ff808181725b0c8201725b0dc9740023');
INSERT INTO MX_GEOMETRY(ID, CRT_DTTM, CRT_USER, ENABLE_FLAG, LAST_UPDATE_DTTM, LAST_UPDATE_USER, VERSION, MX_AS, MX_HEIGHT, MX_RELATIVE, MX_WIDTH, MX_X, MX_Y, FK_MX_CELL_ID) VALUES ('ff808181725b0c8201725b0dc9740026', parsedatetime('26-05-2020 00:00:01.00', 'dd-MM-yyyy hh:mm:ss.SS'), 'admin', 1, parsedatetime('26-05-2020 00:00:01.00', 'dd-MM-yyyy hh:mm:ss.SS'), 'admin', 0, 'geometry', NULL, '1', NULL, NULL, NULL, 'ff808181725b0c8201725b0dc9740025');
INSERT INTO MX_GEOMETRY(ID, CRT_DTTM, CRT_USER, ENABLE_FLAG, LAST_UPDATE_DTTM, LAST_UPDATE_USER, VERSION, MX_AS, MX_HEIGHT, MX_RELATIVE, MX_WIDTH, MX_X, MX_Y, FK_MX_CELL_ID) VALUES ('ff808181725b0c8201725b0dc9750028', parsedatetime('26-05-2020 00:00:01.00', 'dd-MM-yyyy hh:mm:ss.SS'), 'admin', 1, parsedatetime('26-05-2020 00:00:01.00', 'dd-MM-yyyy hh:mm:ss.SS'), 'admin', 0, 'geometry', NULL, '1', NULL, NULL, NULL, 'ff808181725b0c8201725b0dc9740027');
INSERT INTO MX_GEOMETRY(ID, CRT_DTTM, CRT_USER, ENABLE_FLAG, LAST_UPDATE_DTTM, LAST_UPDATE_USER, VERSION, MX_AS, MX_HEIGHT, MX_RELATIVE, MX_WIDTH, MX_X, MX_Y, FK_MX_CELL_ID) VALUES ('ff808181725b0c8201725b0dc976002a', parsedatetime('26-05-2020 00:00:01.00', 'dd-MM-yyyy hh:mm:ss.SS'), 'admin', 1, parsedatetime('26-05-2020 00:00:01.00', 'dd-MM-yyyy hh:mm:ss.SS'), 'admin', 0, 'geometry', '20', NULL, '180', '537', '237', 'ff808181725b0c8201725b0dc9760029');
INSERT INTO MX_GEOMETRY(ID, CRT_DTTM, CRT_USER, ENABLE_FLAG, LAST_UPDATE_DTTM, LAST_UPDATE_USER, VERSION, MX_AS, MX_HEIGHT, MX_RELATIVE, MX_WIDTH, MX_X, MX_Y, FK_MX_CELL_ID) VALUES ('ff808181725b0c8201725b0dc977002c', parsedatetime('26-05-2020 00:00:01.00', 'dd-MM-yyyy hh:mm:ss.SS'), 'admin', 1, parsedatetime('26-05-2020 00:00:01.00', 'dd-MM-yyyy hh:mm:ss.SS'), 'admin', 0, 'geometry', '66', NULL, '66', '453', '214', 'ff808181725b0c8201725b0dc977002b');
INSERT INTO MX_GEOMETRY(ID, CRT_DTTM, CRT_USER, ENABLE_FLAG, LAST_UPDATE_DTTM, LAST_UPDATE_USER, VERSION, MX_AS, MX_HEIGHT, MX_RELATIVE, MX_WIDTH, MX_X, MX_Y, FK_MX_CELL_ID) VALUES ('ff808181725b0c8201725b0dc977002e', parsedatetime('26-05-2020 00:00:01.00', 'dd-MM-yyyy hh:mm:ss.SS'), 'admin', 1, parsedatetime('26-05-2020 00:00:01.00', 'dd-MM-yyyy hh:mm:ss.SS'), 'admin', 0, 'geometry', '66', NULL, '66', '453', '54', 'ff808181725b0c8201725b0dc977002d');
INSERT INTO MX_GEOMETRY(ID, CRT_DTTM, CRT_USER, ENABLE_FLAG, LAST_UPDATE_DTTM, LAST_UPDATE_USER, VERSION, MX_AS, MX_HEIGHT, MX_RELATIVE, MX_WIDTH, MX_X, MX_Y, FK_MX_CELL_ID) VALUES ('ff808181725b0c8201725b0dc9780030', parsedatetime('26-05-2020 00:00:01.00', 'dd-MM-yyyy hh:mm:ss.SS'), 'admin', 1, parsedatetime('26-05-2020 00:00:01.00', 'dd-MM-yyyy hh:mm:ss.SS'), 'admin', 0, 'geometry', '20', NULL, '200', '130', '180', 'ff808181725b0c8201725b0dc977002f');
INSERT INTO MX_GEOMETRY(ID, CRT_DTTM, CRT_USER, ENABLE_FLAG, LAST_UPDATE_DTTM, LAST_UPDATE_USER, VERSION, MX_AS, MX_HEIGHT, MX_RELATIVE, MX_WIDTH, MX_X, MX_Y, FK_MX_CELL_ID) VALUES ('ff808181725b0c8201725b0dc9790032', parsedatetime('26-05-2020 00:00:01.00', 'dd-MM-yyyy hh:mm:ss.SS'), 'admin', 1, parsedatetime('26-05-2020 00:00:01.00', 'dd-MM-yyyy hh:mm:ss.SS'), 'admin', 0, 'geometry', '66', NULL, '66', '197', '214', 'ff808181725b0c8201725b0dc9780031');
INSERT INTO MX_GEOMETRY(ID, CRT_DTTM, CRT_USER, ENABLE_FLAG, LAST_UPDATE_DTTM, LAST_UPDATE_USER, VERSION, MX_AS, MX_HEIGHT, MX_RELATIVE, MX_WIDTH, MX_X, MX_Y, FK_MX_CELL_ID) VALUES ('ff808181725b0c8201725b0dc97b0034', parsedatetime('26-05-2020 00:00:01.00', 'dd-MM-yyyy hh:mm:ss.SS'), 'admin', 1, parsedatetime('26-05-2020 00:00:01.00', 'dd-MM-yyyy hh:mm:ss.SS'), 'admin', 0, 'geometry', NULL, '1', NULL, NULL, NULL, 'ff808181725b0c8201725b0dc97a0033');
INSERT INTO MX_GEOMETRY(ID, CRT_DTTM, CRT_USER, ENABLE_FLAG, LAST_UPDATE_DTTM, LAST_UPDATE_USER, VERSION, MX_AS, MX_HEIGHT, MX_RELATIVE, MX_WIDTH, MX_X, MX_Y, FK_MX_CELL_ID) VALUES ('ff808181725b0c8201725b0dc97b0036', parsedatetime('26-05-2020 00:00:01.00', 'dd-MM-yyyy hh:mm:ss.SS'), 'admin', 1, parsedatetime('26-05-2020 00:00:01.00', 'dd-MM-yyyy hh:mm:ss.SS'), 'admin', 0, 'geometry', NULL, '1', NULL, NULL, NULL, 'ff808181725b0c8201725b0dc97b0035');
INSERT INTO MX_GEOMETRY(ID, CRT_DTTM, CRT_USER, ENABLE_FLAG, LAST_UPDATE_DTTM, LAST_UPDATE_USER, VERSION, MX_AS, MX_HEIGHT, MX_RELATIVE, MX_WIDTH, MX_X, MX_Y, FK_MX_CELL_ID) VALUES ('ff808181725b0c8201725b0dc97c0038', parsedatetime('26-05-2020 00:00:01.00', 'dd-MM-yyyy hh:mm:ss.SS'), 'admin', 1, parsedatetime('26-05-2020 00:00:01.00', 'dd-MM-yyyy hh:mm:ss.SS'), 'admin', 0, 'geometry', '66', NULL, '66', '337', '550', 'ff808181725b0c8201725b0dc97b0037');
INSERT INTO MX_GEOMETRY(ID, CRT_DTTM, CRT_USER, ENABLE_FLAG, LAST_UPDATE_DTTM, LAST_UPDATE_USER, VERSION, MX_AS, MX_HEIGHT, MX_RELATIVE, MX_WIDTH, MX_X, MX_Y, FK_MX_CELL_ID) VALUES ('ff808181725b0c8201725b0dc97c003a', parsedatetime('26-05-2020 00:00:01.00', 'dd-MM-yyyy hh:mm:ss.SS'), 'admin', 1, parsedatetime('26-05-2020 00:00:01.00', 'dd-MM-yyyy hh:mm:ss.SS'), 'admin', 0, 'geometry', '66', NULL, '66', '337', '660', 'ff808181725b0c8201725b0dc97c0039');
INSERT INTO MX_GEOMETRY(ID, CRT_DTTM, CRT_USER, ENABLE_FLAG, LAST_UPDATE_DTTM, LAST_UPDATE_USER, VERSION, MX_AS, MX_HEIGHT, MX_RELATIVE, MX_WIDTH, MX_X, MX_Y, FK_MX_CELL_ID) VALUES ('ff808181725b0c8201725b0dc97d003c', parsedatetime('26-05-2020 00:00:01.00', 'dd-MM-yyyy hh:mm:ss.SS'), 'admin', 1, parsedatetime('26-05-2020 00:00:01.00', 'dd-MM-yyyy hh:mm:ss.SS'), 'admin', 0, 'geometry', '66', NULL, '66', '506', '660', 'ff808181725b0c8201725b0dc97c003b');
INSERT INTO MX_GEOMETRY(ID, CRT_DTTM, CRT_USER, ENABLE_FLAG, LAST_UPDATE_DTTM, LAST_UPDATE_USER, VERSION, MX_AS, MX_HEIGHT, MX_RELATIVE, MX_WIDTH, MX_X, MX_Y, FK_MX_CELL_ID) VALUES ('ff808181725b0c8201725b0dc97d003e', parsedatetime('26-05-2020 00:00:01.00', 'dd-MM-yyyy hh:mm:ss.SS'), 'admin', 1, parsedatetime('26-05-2020 00:00:01.00', 'dd-MM-yyyy hh:mm:ss.SS'), 'admin', 0, 'geometry', '20', NULL, '40', '412', '555', 'ff808181725b0c8201725b0dc97d003d');
INSERT INTO MX_GEOMETRY(ID, CRT_DTTM, CRT_USER, ENABLE_FLAG, LAST_UPDATE_DTTM, LAST_UPDATE_USER, VERSION, MX_AS, MX_HEIGHT, MX_RELATIVE, MX_WIDTH, MX_X, MX_Y, FK_MX_CELL_ID) VALUES ('ff808181725b0c8201725b0dc97d0040', parsedatetime('26-05-2020 00:00:01.00', 'dd-MM-yyyy hh:mm:ss.SS'), 'admin', 1, parsedatetime('26-05-2020 00:00:01.00', 'dd-MM-yyyy hh:mm:ss.SS'), 'admin', 0, 'geometry', NULL, '1', NULL, NULL, NULL, 'ff808181725b0c8201725b0dc97d003f');
INSERT INTO MX_GEOMETRY(ID, CRT_DTTM, CRT_USER, ENABLE_FLAG, LAST_UPDATE_DTTM, LAST_UPDATE_USER, VERSION, MX_AS, MX_HEIGHT, MX_RELATIVE, MX_WIDTH, MX_X, MX_Y, FK_MX_CELL_ID) VALUES ('ff808181725b0c8201725b0dc97e0042', parsedatetime('26-05-2020 00:00:01.00', 'dd-MM-yyyy hh:mm:ss.SS'), 'admin', 1, parsedatetime('26-05-2020 00:00:01.00', 'dd-MM-yyyy hh:mm:ss.SS'), 'admin', 0, 'geometry', NULL, '1', NULL, NULL, NULL, 'ff808181725b0c8201725b0dc97e0041');







INSERT INTO FLOW_GROUP(ID, CRT_DTTM, CRT_USER, ENABLE_FLAG, LAST_UPDATE_DTTM, LAST_UPDATE_USER, VERSION, DESCRIPTION, IS_EXAMPLE, NAME, UUID, PAGE_ID, FK_FLOW_GROUP_ID) VALUES ('ff808181725050fe017250group10002', parsedatetime('26-05-2020 00:00:01.00', 'dd-MM-yyyy hh:mm:ss.SS'), 'admin', 1, parsedatetime('26-05-2020 00:00:01.00', 'dd-MM-yyyy hh:mm:ss.SS'), 'admin', 0, 'GroupExample', 1, 'GroupExample', NULL, NULL, NULL);
INSERT INTO FLOW_GROUP(ID, CRT_DTTM, CRT_USER, ENABLE_FLAG, LAST_UPDATE_DTTM, LAST_UPDATE_USER, VERSION, DESCRIPTION, IS_EXAMPLE, NAME, UUID, PAGE_ID, FK_FLOW_GROUP_ID) VALUES ('ff808181725b20fa01725b2208530003', parsedatetime('26-05-2020 00:00:01.00', 'dd-MM-yyyy hh:mm:ss.SS'), 'admin', 1, parsedatetime('26-05-2020 00:00:01.00', 'dd-MM-yyyy hh:mm:ss.SS'), 'admin', 0, NULL, 1, 'group_show', NULL, '30', 'ff808181725050fe017250group10002');
INSERT INTO FLOW_GROUP(ID, CRT_DTTM, CRT_USER, ENABLE_FLAG, LAST_UPDATE_DTTM, LAST_UPDATE_USER, VERSION, DESCRIPTION, IS_EXAMPLE, NAME, UUID, PAGE_ID, FK_FLOW_GROUP_ID) VALUES ('ff808181725b20fa01725b2208550007', parsedatetime('26-05-2020 00:00:01.00', 'dd-MM-yyyy hh:mm:ss.SS'), 'admin', 1, parsedatetime('26-05-2020 00:00:01.00', 'dd-MM-yyyy hh:mm:ss.SS'), 'admin', 0, NULL, 1, 'prepare_group', NULL, '25', 'ff808181725050fe017250group10002');
INSERT INTO FLOW_GROUP(ID, CRT_DTTM, CRT_USER, ENABLE_FLAG, LAST_UPDATE_DTTM, LAST_UPDATE_USER, VERSION, DESCRIPTION, IS_EXAMPLE, NAME, UUID, PAGE_ID, FK_FLOW_GROUP_ID) VALUES ('ff808181725b20fa01725b220856000b', parsedatetime('26-05-2020 00:00:01.00', 'dd-MM-yyyy hh:mm:ss.SS'), 'admin', 1, parsedatetime('26-05-2020 00:00:01.00', 'dd-MM-yyyy hh:mm:ss.SS'), 'admin', 0, 'other processor', 1, 'g_other', NULL, '21', 'ff808181725050fe017250group10002');
INSERT INTO FLOW_GROUP(ID, CRT_DTTM, CRT_USER, ENABLE_FLAG, LAST_UPDATE_DTTM, LAST_UPDATE_USER, VERSION, DESCRIPTION, IS_EXAMPLE, NAME, UUID, PAGE_ID, FK_FLOW_GROUP_ID) VALUES ('ff808181725b20fa01725b220859000f', parsedatetime('26-05-2020 00:00:01.00', 'dd-MM-yyyy hh:mm:ss.SS'), 'admin', 1, parsedatetime('26-05-2020 00:00:01.00', 'dd-MM-yyyy hh:mm:ss.SS'), 'admin', 0, 'g2， include f5', 1, 'g2', NULL, '9', 'ff808181725050fe017250group10002');
INSERT INTO FLOW_GROUP(ID, CRT_DTTM, CRT_USER, ENABLE_FLAG, LAST_UPDATE_DTTM, LAST_UPDATE_USER, VERSION, DESCRIPTION, IS_EXAMPLE, NAME, UUID, PAGE_ID, FK_FLOW_GROUP_ID) VALUES ('ff808181725b20fa01725b220872006f', parsedatetime('26-05-2020 00:00:01.00', 'dd-MM-yyyy hh:mm:ss.SS'), 'admin', 1, parsedatetime('26-05-2020 00:00:01.00', 'dd-MM-yyyy hh:mm:ss.SS'), 'admin', 0, 'first group， include f1 and f2', 1, 'group_collect', NULL, '4', 'ff808181725050fe017250group10002');
INSERT INTO FLOW_GROUP(ID, CRT_DTTM, CRT_USER, ENABLE_FLAG, LAST_UPDATE_DTTM, LAST_UPDATE_USER, VERSION, DESCRIPTION, IS_EXAMPLE, NAME, UUID, PAGE_ID, FK_FLOW_GROUP_ID) VALUES ('ff808181725b20fa01725b2208720070', parsedatetime('26-05-2020 00:00:01.00', 'dd-MM-yyyy hh:mm:ss.SS'), 'admin', 1, parsedatetime('26-05-2020 00:00:01.00', 'dd-MM-yyyy hh:mm:ss.SS'), 'admin', 0, 'innerGroup', 1, 'innerGroup', NULL, '7', 'ff808181725b20fa01725b220872006f');

INSERT INTO FLOW_GROUP_PATH(ID, CRT_DTTM, CRT_USER, ENABLE_FLAG, LAST_UPDATE_DTTM, LAST_UPDATE_USER, VERSION, FILTER_CONDITION, LINE_FROM, LINE_INPORT, LINE_OUTPORT, PAGE_ID, LINE_TO, FK_FLOW_GROUP_ID) VALUES ('ff808181725b20fa01725b2208590010', parsedatetime('26-05-2020 00:00:01.00', 'dd-MM-yyyy hh:mm:ss.SS'), 'admin', 1, parsedatetime('26-05-2020 00:00:01.00', 'dd-MM-yyyy hh:mm:ss.SS'), 'admin', 0, NULL, '4', NULL, NULL, '6', '5', 'ff808181725b20fa01725b220859000f');
INSERT INTO FLOW_GROUP_PATH(ID, CRT_DTTM, CRT_USER, ENABLE_FLAG, LAST_UPDATE_DTTM, LAST_UPDATE_USER, VERSION, FILTER_CONDITION, LINE_FROM, LINE_INPORT, LINE_OUTPORT, PAGE_ID, LINE_TO, FK_FLOW_GROUP_ID) VALUES ('ff808181725b20fa01725b22087d009e', parsedatetime('26-05-2020 00:00:01.00', 'dd-MM-yyyy hh:mm:ss.SS'), 'admin', 1, parsedatetime('26-05-2020 00:00:01.00', 'dd-MM-yyyy hh:mm:ss.SS'), 'admin', 0, NULL, '4', NULL, NULL, '6', '5', 'ff808181725b20fa01725b220872006f');
INSERT INTO FLOW_GROUP_PATH(ID, CRT_DTTM, CRT_USER, ENABLE_FLAG, LAST_UPDATE_DTTM, LAST_UPDATE_USER, VERSION, FILTER_CONDITION, LINE_FROM, LINE_INPORT, LINE_OUTPORT, PAGE_ID, LINE_TO, FK_FLOW_GROUP_ID) VALUES ('ff808181725b20fa01725b22087d009f', parsedatetime('26-05-2020 00:00:01.00', 'dd-MM-yyyy hh:mm:ss.SS'), 'admin', 1, parsedatetime('26-05-2020 00:00:01.00', 'dd-MM-yyyy hh:mm:ss.SS'), 'admin', 0, NULL, '4', NULL, NULL, '8', '7', 'ff808181725b20fa01725b220872006f');
INSERT INTO FLOW_GROUP_PATH(ID, CRT_DTTM, CRT_USER, ENABLE_FLAG, LAST_UPDATE_DTTM, LAST_UPDATE_USER, VERSION, FILTER_CONDITION, LINE_FROM, LINE_INPORT, LINE_OUTPORT, PAGE_ID, LINE_TO, FK_FLOW_GROUP_ID) VALUES ('ff808181725b20fa01725b22089a010e', parsedatetime('26-05-2020 00:00:01.00', 'dd-MM-yyyy hh:mm:ss.SS'), 'admin', 1, parsedatetime('26-05-2020 00:00:01.00', 'dd-MM-yyyy hh:mm:ss.SS'), 'admin', 0, NULL, '21', NULL, NULL, '35', '34', 'ff808181725050fe017250group10002');
INSERT INTO FLOW_GROUP_PATH(ID, CRT_DTTM, CRT_USER, ENABLE_FLAG, LAST_UPDATE_DTTM, LAST_UPDATE_USER, VERSION, FILTER_CONDITION, LINE_FROM, LINE_INPORT, LINE_OUTPORT, PAGE_ID, LINE_TO, FK_FLOW_GROUP_ID) VALUES ('ff808181725b20fa01725b22089a010f', parsedatetime('26-05-2020 00:00:01.00', 'dd-MM-yyyy hh:mm:ss.SS'), 'admin', 1, parsedatetime('26-05-2020 00:00:01.00', 'dd-MM-yyyy hh:mm:ss.SS'), 'admin', 0, NULL, '21', NULL, NULL, '33', '32', 'ff808181725050fe017250group10002');
INSERT INTO FLOW_GROUP_PATH(ID, CRT_DTTM, CRT_USER, ENABLE_FLAG, LAST_UPDATE_DTTM, LAST_UPDATE_USER, VERSION, FILTER_CONDITION, LINE_FROM, LINE_INPORT, LINE_OUTPORT, PAGE_ID, LINE_TO, FK_FLOW_GROUP_ID) VALUES ('ff808181725b20fa01725b22089a0110', parsedatetime('26-05-2020 00:00:01.00', 'dd-MM-yyyy hh:mm:ss.SS'), 'admin', 1, parsedatetime('26-05-2020 00:00:01.00', 'dd-MM-yyyy hh:mm:ss.SS'), 'admin', 0, NULL, '21', NULL, NULL, '31', '30', 'ff808181725050fe017250group10002');
INSERT INTO FLOW_GROUP_PATH(ID, CRT_DTTM, CRT_USER, ENABLE_FLAG, LAST_UPDATE_DTTM, LAST_UPDATE_USER, VERSION, FILTER_CONDITION, LINE_FROM, LINE_INPORT, LINE_OUTPORT, PAGE_ID, LINE_TO, FK_FLOW_GROUP_ID) VALUES ('ff808181725b20fa01725b22089a0111', parsedatetime('26-05-2020 00:00:01.00', 'dd-MM-yyyy hh:mm:ss.SS'), 'admin', 1, parsedatetime('26-05-2020 00:00:01.00', 'dd-MM-yyyy hh:mm:ss.SS'), 'admin', 0, NULL, '27', NULL, NULL, '29', '21', 'ff808181725050fe017250group10002');
INSERT INTO FLOW_GROUP_PATH(ID, CRT_DTTM, CRT_USER, ENABLE_FLAG, LAST_UPDATE_DTTM, LAST_UPDATE_USER, VERSION, FILTER_CONDITION, LINE_FROM, LINE_INPORT, LINE_OUTPORT, PAGE_ID, LINE_TO, FK_FLOW_GROUP_ID) VALUES ('ff808181725b20fa01725b22089a0112', parsedatetime('26-05-2020 00:00:01.00', 'dd-MM-yyyy hh:mm:ss.SS'), 'admin', 1, parsedatetime('26-05-2020 00:00:01.00', 'dd-MM-yyyy hh:mm:ss.SS'), 'admin', 0, NULL, '25', NULL, NULL, '28', '27', 'ff808181725050fe017250group10002');
INSERT INTO FLOW_GROUP_PATH(ID, CRT_DTTM, CRT_USER, ENABLE_FLAG, LAST_UPDATE_DTTM, LAST_UPDATE_USER, VERSION, FILTER_CONDITION, LINE_FROM, LINE_INPORT, LINE_OUTPORT, PAGE_ID, LINE_TO, FK_FLOW_GROUP_ID) VALUES ('ff808181725b20fa01725b22089a0113', parsedatetime('26-05-2020 00:00:01.00', 'dd-MM-yyyy hh:mm:ss.SS'), 'admin', 1, parsedatetime('26-05-2020 00:00:01.00', 'dd-MM-yyyy hh:mm:ss.SS'), 'admin', 0, NULL, '25', NULL, NULL, '26', '4', 'ff808181725050fe017250group10002');
INSERT INTO FLOW_GROUP_PATH(ID, CRT_DTTM, CRT_USER, ENABLE_FLAG, LAST_UPDATE_DTTM, LAST_UPDATE_USER, VERSION, FILTER_CONDITION, LINE_FROM, LINE_INPORT, LINE_OUTPORT, PAGE_ID, LINE_TO, FK_FLOW_GROUP_ID) VALUES ('ff808181725b20fa01725b22089b0114', parsedatetime('26-05-2020 00:00:01.00', 'dd-MM-yyyy hh:mm:ss.SS'), 'admin', 1, parsedatetime('26-05-2020 00:00:01.00', 'dd-MM-yyyy hh:mm:ss.SS'), 'admin', 0, NULL, '4', NULL, NULL, '7', '5', 'ff808181725050fe017250group10002');
INSERT INTO FLOW_GROUP_PATH(ID, CRT_DTTM, CRT_USER, ENABLE_FLAG, LAST_UPDATE_DTTM, LAST_UPDATE_USER, VERSION, FILTER_CONDITION, LINE_FROM, LINE_INPORT, LINE_OUTPORT, PAGE_ID, LINE_TO, FK_FLOW_GROUP_ID) VALUES ('ff808181725b20fa01725b22089b0115', parsedatetime('26-05-2020 00:00:01.00', 'dd-MM-yyyy hh:mm:ss.SS'), 'admin', 1, parsedatetime('26-05-2020 00:00:01.00', 'dd-MM-yyyy hh:mm:ss.SS'), 'admin', 0, NULL, '4', NULL, NULL, '8', '6', 'ff808181725050fe017250group10002');
INSERT INTO FLOW_GROUP_PATH(ID, CRT_DTTM, CRT_USER, ENABLE_FLAG, LAST_UPDATE_DTTM, LAST_UPDATE_USER, VERSION, FILTER_CONDITION, LINE_FROM, LINE_INPORT, LINE_OUTPORT, PAGE_ID, LINE_TO, FK_FLOW_GROUP_ID) VALUES ('ff808181725b20fa01725b22089b0116', parsedatetime('26-05-2020 00:00:01.00', 'dd-MM-yyyy hh:mm:ss.SS'), 'admin', 1, parsedatetime('26-05-2020 00:00:01.00', 'dd-MM-yyyy hh:mm:ss.SS'), 'admin', 0, NULL, '5', NULL, NULL, '10', '9', 'ff808181725050fe017250group10002');
INSERT INTO FLOW_GROUP_PATH(ID, CRT_DTTM, CRT_USER, ENABLE_FLAG, LAST_UPDATE_DTTM, LAST_UPDATE_USER, VERSION, FILTER_CONDITION, LINE_FROM, LINE_INPORT, LINE_OUTPORT, PAGE_ID, LINE_TO, FK_FLOW_GROUP_ID) VALUES ('ff808181725b20fa01725b22089b0117', parsedatetime('26-05-2020 00:00:01.00', 'dd-MM-yyyy hh:mm:ss.SS'), 'admin', 1, parsedatetime('26-05-2020 00:00:01.00', 'dd-MM-yyyy hh:mm:ss.SS'), 'admin', 0, NULL, '6', NULL, NULL, '11', '9', 'ff808181725050fe017250group10002');
INSERT INTO FLOW_GROUP_PATH(ID, CRT_DTTM, CRT_USER, ENABLE_FLAG, LAST_UPDATE_DTTM, LAST_UPDATE_USER, VERSION, FILTER_CONDITION, LINE_FROM, LINE_INPORT, LINE_OUTPORT, PAGE_ID, LINE_TO, FK_FLOW_GROUP_ID) VALUES ('ff808181725b20fa01725b22089f0118', parsedatetime('26-05-2020 00:00:01.00', 'dd-MM-yyyy hh:mm:ss.SS'), 'admin', 1, parsedatetime('26-05-2020 00:00:01.00', 'dd-MM-yyyy hh:mm:ss.SS'), 'admin', 0, NULL, '9', NULL, NULL, '13', '12', 'ff808181725050fe017250group10002');

INSERT INTO FLOW(ID, CRT_DTTM, CRT_USER, ENABLE_FLAG, LAST_UPDATE_DTTM, LAST_UPDATE_USER, VERSION, DESCRIPTION, DRIVER_MEMORY, EXECUTOR_CORES, EXECUTOR_MEMORY, EXECUTOR_NUMBER, IS_EXAMPLE, NAME, UUID, PAGE_ID, FK_FLOW_GROUP_ID) VALUES ('ff808181725b20fa01725b2208590011', parsedatetime('26-05-2020 00:00:01.00', 'dd-MM-yyyy hh:mm:ss.SS'), 'admin', 1, parsedatetime('26-05-2020 00:00:01.00', 'dd-MM-yyyy hh:mm:ss.SS'), 'admin', 0, 'FlowExample', '1g', '1', '1g', '1', 1, 'product2Neo4j', NULL, '4', 'ff808181725b20fa01725b220859000f');
INSERT INTO FLOW(ID, CRT_DTTM, CRT_USER, ENABLE_FLAG, LAST_UPDATE_DTTM, LAST_UPDATE_USER, VERSION, DESCRIPTION, DRIVER_MEMORY, EXECUTOR_CORES, EXECUTOR_MEMORY, EXECUTOR_NUMBER, IS_EXAMPLE, NAME, UUID, PAGE_ID, FK_FLOW_GROUP_ID) VALUES ('ff808181725b20fa01725b22086e0056', parsedatetime('26-05-2020 00:00:01.00', 'dd-MM-yyyy hh:mm:ss.SS'), 'admin', 1, parsedatetime('26-05-2020 00:00:01.00', 'dd-MM-yyyy hh:mm:ss.SS'), 'admin', 0, 'mock data', '1g', '1', '1g', '1', 1, 'person2Neo4j', NULL, '5', 'ff808181725b20fa01725b220859000f');
INSERT INTO FLOW(ID, CRT_DTTM, CRT_USER, ENABLE_FLAG, LAST_UPDATE_DTTM, LAST_UPDATE_USER, VERSION, DESCRIPTION, DRIVER_MEMORY, EXECUTOR_CORES, EXECUTOR_MEMORY, EXECUTOR_NUMBER, IS_EXAMPLE, NAME, UUID, PAGE_ID, FK_FLOW_GROUP_ID) VALUES ('ff808181725b20fa01725b2208730071', parsedatetime('26-05-2020 00:00:01.00', 'dd-MM-yyyy hh:mm:ss.SS'), 'admin', 1, parsedatetime('26-05-2020 00:00:01.00', 'dd-MM-yyyy hh:mm:ss.SS'), 'admin', 0, 'mock data', '1g', '1', '1g', '1', 1, 'CollectJournalFlow', NULL, '4', 'ff808181725b20fa01725b2208720070');
INSERT INTO FLOW(ID, CRT_DTTM, CRT_USER, ENABLE_FLAG, LAST_UPDATE_DTTM, LAST_UPDATE_USER, VERSION, DESCRIPTION, DRIVER_MEMORY, EXECUTOR_CORES, EXECUTOR_MEMORY, EXECUTOR_NUMBER, IS_EXAMPLE, NAME, UUID, PAGE_ID, FK_FLOW_GROUP_ID) VALUES ('ff808181725b20fa01725b22087b0081', parsedatetime('26-05-2020 00:00:01.00', 'dd-MM-yyyy hh:mm:ss.SS'), 'admin', 1, parsedatetime('26-05-2020 00:00:01.00', 'dd-MM-yyyy hh:mm:ss.SS'), 'admin', 0, NULL, '1g', '1', '1g', '1', 1, 'CollectConferenceData', NULL, '6', 'ff808181725b20fa01725b2208720070');
INSERT INTO FLOW(ID, CRT_DTTM, CRT_USER, ENABLE_FLAG, LAST_UPDATE_DTTM, LAST_UPDATE_USER, VERSION, DESCRIPTION, DRIVER_MEMORY, EXECUTOR_CORES, EXECUTOR_MEMORY, EXECUTOR_NUMBER, IS_EXAMPLE, NAME, UUID, PAGE_ID, FK_FLOW_GROUP_ID) VALUES ('ff808181725b20fa01725b22087d00a0', parsedatetime('26-05-2020 00:00:01.00', 'dd-MM-yyyy hh:mm:ss.SS'), 'admin', 1, parsedatetime('26-05-2020 00:00:01.00', 'dd-MM-yyyy hh:mm:ss.SS'), 'admin', 0, 'f1', '1g', '1', '1g', '1', 1, 'flow_backup', NULL, '4', 'ff808181725b20fa01725b220872006f');
INSERT INTO FLOW(ID, CRT_DTTM, CRT_USER, ENABLE_FLAG, LAST_UPDATE_DTTM, LAST_UPDATE_USER, VERSION, DESCRIPTION, DRIVER_MEMORY, EXECUTOR_CORES, EXECUTOR_MEMORY, EXECUTOR_NUMBER, IS_EXAMPLE, NAME, UUID, PAGE_ID, FK_FLOW_GROUP_ID) VALUES ('ff808181725b20fa01725b22089300eb', parsedatetime('26-05-2020 00:00:01.00', 'dd-MM-yyyy hh:mm:ss.SS'), 'admin', 1, parsedatetime('26-05-2020 00:00:01.00', 'dd-MM-yyyy hh:mm:ss.SS'), 'admin', 0, 'f2', '1g', '1', '1g', '1', 1, 'f2', NULL, '5', 'ff808181725b20fa01725b220872006f');
INSERT INTO FLOW(ID, CRT_DTTM, CRT_USER, ENABLE_FLAG, LAST_UPDATE_DTTM, LAST_UPDATE_USER, VERSION, DESCRIPTION, DRIVER_MEMORY, EXECUTOR_CORES, EXECUTOR_MEMORY, EXECUTOR_NUMBER, IS_EXAMPLE, NAME, UUID, PAGE_ID, FK_FLOW_GROUP_ID) VALUES ('ff808181725b20fa01725b22089f0119', parsedatetime('26-05-2020 00:00:01.00', 'dd-MM-yyyy hh:mm:ss.SS'), 'admin', 1, parsedatetime('26-05-2020 00:00:01.00', 'dd-MM-yyyy hh:mm:ss.SS'), 'admin', 0, NULL, '1g', '1', '1g', '1', 1, 'flow8', NULL, '34', 'ff808181725050fe017250group10002');
INSERT INTO FLOW(ID, CRT_DTTM, CRT_USER, ENABLE_FLAG, LAST_UPDATE_DTTM, LAST_UPDATE_USER, VERSION, DESCRIPTION, DRIVER_MEMORY, EXECUTOR_CORES, EXECUTOR_MEMORY, EXECUTOR_NUMBER, IS_EXAMPLE, NAME, UUID, PAGE_ID, FK_FLOW_GROUP_ID) VALUES ('ff808181725b20fa01725b2208a0011d', parsedatetime('26-05-2020 00:00:01.00', 'dd-MM-yyyy hh:mm:ss.SS'), 'admin', 1, parsedatetime('26-05-2020 00:00:01.00', 'dd-MM-yyyy hh:mm:ss.SS'), 'admin', 0, NULL, '1g', '1', '1g', '1', 1, 'flow_7', NULL, '32', 'ff808181725050fe017250group10002');
INSERT INTO FLOW(ID, CRT_DTTM, CRT_USER, ENABLE_FLAG, LAST_UPDATE_DTTM, LAST_UPDATE_USER, VERSION, DESCRIPTION, DRIVER_MEMORY, EXECUTOR_CORES, EXECUTOR_MEMORY, EXECUTOR_NUMBER, IS_EXAMPLE, NAME, UUID, PAGE_ID, FK_FLOW_GROUP_ID) VALUES ('ff808181725b20fa01725b2208a00121', parsedatetime('26-05-2020 00:00:01.00', 'dd-MM-yyyy hh:mm:ss.SS'), 'admin', 1, parsedatetime('26-05-2020 00:00:01.00', 'dd-MM-yyyy hh:mm:ss.SS'), 'admin', 0, 'prepare_flow', '1g', '1', '1g', '1', 1, 'prepare_flow', NULL, '27', 'ff808181725050fe017250group10002');
INSERT INTO FLOW(ID, CRT_DTTM, CRT_USER, ENABLE_FLAG, LAST_UPDATE_DTTM, LAST_UPDATE_USER, VERSION, DESCRIPTION, DRIVER_MEMORY, EXECUTOR_CORES, EXECUTOR_MEMORY, EXECUTOR_NUMBER, IS_EXAMPLE, NAME, UUID, PAGE_ID, FK_FLOW_GROUP_ID) VALUES ('ff808181725b20fa01725b2208a00125', parsedatetime('26-05-2020 00:00:01.00', 'dd-MM-yyyy hh:mm:ss.SS'), 'admin', 1, parsedatetime('26-05-2020 00:00:01.00', 'dd-MM-yyyy hh:mm:ss.SS'), 'admin', 0, 'f6', '1g', '1', '1g', '1', 1, 'f6', NULL, '12', 'ff808181725050fe017250group10002');
INSERT INTO FLOW(ID, CRT_DTTM, CRT_USER, ENABLE_FLAG, LAST_UPDATE_DTTM, LAST_UPDATE_USER, VERSION, DESCRIPTION, DRIVER_MEMORY, EXECUTOR_CORES, EXECUTOR_MEMORY, EXECUTOR_NUMBER, IS_EXAMPLE, NAME, UUID, PAGE_ID, FK_FLOW_GROUP_ID) VALUES ('ff808181725b20fa01725b2208a9016a', parsedatetime('26-05-2020 00:00:01.00', 'dd-MM-yyyy hh:mm:ss.SS'), 'admin', 1, parsedatetime('26-05-2020 00:00:01.00', 'dd-MM-yyyy hh:mm:ss.SS'), 'admin', 0, 'f3', '1g', '1', '1g', '1', 1, 'flow_merge_product', NULL, '5', 'ff808181725050fe017250group10002');
INSERT INTO FLOW(ID, CRT_DTTM, CRT_USER, ENABLE_FLAG, LAST_UPDATE_DTTM, LAST_UPDATE_USER, VERSION, DESCRIPTION, DRIVER_MEMORY, EXECUTOR_CORES, EXECUTOR_MEMORY, EXECUTOR_NUMBER, IS_EXAMPLE, NAME, UUID, PAGE_ID, FK_FLOW_GROUP_ID) VALUES ('ff808181725b20fa01725b2208b001af', parsedatetime('26-05-2020 00:00:01.00', 'dd-MM-yyyy hh:mm:ss.SS'), 'admin', 1, parsedatetime('26-05-2020 00:00:01.00', 'dd-MM-yyyy hh:mm:ss.SS'), 'admin', 0, 'f4', '1g', '1', '1g', '1', 1, 'flow_merge_person', NULL, '6', 'ff808181725050fe017250group10002');

INSERT INTO FLOW_PATH(ID, CRT_DTTM, CRT_USER, ENABLE_FLAG, LAST_UPDATE_DTTM, LAST_UPDATE_USER, VERSION, LINE_FROM, LINE_INPORT, LINE_OUTPORT, PAGE_ID, LINE_TO, FK_FLOW_ID, FILTER_CONDITION) VALUES ('ff808181725b20fa01725b22085a0012', parsedatetime('26-05-2020 00:00:01.00', 'dd-MM-yyyy hh:mm:ss.SS'), 'admin', 1, parsedatetime('26-05-2020 00:00:01.00', 'dd-MM-yyyy hh:mm:ss.SS'), 'admin', 0, '19', NULL, 'out3', '44', '23', 'ff808181725b20fa01725b2208590011', NULL);
INSERT INTO FLOW_PATH(ID, CRT_DTTM, CRT_USER, ENABLE_FLAG, LAST_UPDATE_DTTM, LAST_UPDATE_USER, VERSION, LINE_FROM, LINE_INPORT, LINE_OUTPORT, PAGE_ID, LINE_TO, FK_FLOW_ID, FILTER_CONDITION) VALUES ('ff808181725b20fa01725b22085a0013', parsedatetime('26-05-2020 00:00:01.00', 'dd-MM-yyyy hh:mm:ss.SS'), 'admin', 1, parsedatetime('26-05-2020 00:00:01.00', 'dd-MM-yyyy hh:mm:ss.SS'), 'admin', 0, '19', NULL, 'out2', '43', '25', 'ff808181725b20fa01725b2208590011', NULL);
INSERT INTO FLOW_PATH(ID, CRT_DTTM, CRT_USER, ENABLE_FLAG, LAST_UPDATE_DTTM, LAST_UPDATE_USER, VERSION, LINE_FROM, LINE_INPORT, LINE_OUTPORT, PAGE_ID, LINE_TO, FK_FLOW_ID, FILTER_CONDITION) VALUES ('ff808181725b20fa01725b22085a0014', parsedatetime('26-05-2020 00:00:01.00', 'dd-MM-yyyy hh:mm:ss.SS'), 'admin', 1, parsedatetime('26-05-2020 00:00:01.00', 'dd-MM-yyyy hh:mm:ss.SS'), 'admin', 0, '19', NULL, 'out1', '42', '21', 'ff808181725b20fa01725b2208590011', NULL);
INSERT INTO FLOW_PATH(ID, CRT_DTTM, CRT_USER, ENABLE_FLAG, LAST_UPDATE_DTTM, LAST_UPDATE_USER, VERSION, LINE_FROM, LINE_INPORT, LINE_OUTPORT, PAGE_ID, LINE_TO, FK_FLOW_ID, FILTER_CONDITION) VALUES ('ff808181725b20fa01725b22085a0015', parsedatetime('26-05-2020 00:00:01.00', 'dd-MM-yyyy hh:mm:ss.SS'), 'admin', 1, parsedatetime('26-05-2020 00:00:01.00', 'dd-MM-yyyy hh:mm:ss.SS'), 'admin', 0, '16', NULL, NULL, '41', '19', 'ff808181725b20fa01725b2208590011', NULL);
INSERT INTO FLOW_PATH(ID, CRT_DTTM, CRT_USER, ENABLE_FLAG, LAST_UPDATE_DTTM, LAST_UPDATE_USER, VERSION, LINE_FROM, LINE_INPORT, LINE_OUTPORT, PAGE_ID, LINE_TO, FK_FLOW_ID, FILTER_CONDITION) VALUES ('ff808181725b20fa01725b22085b0016', parsedatetime('26-05-2020 00:00:01.00', 'dd-MM-yyyy hh:mm:ss.SS'), 'admin', 1, parsedatetime('26-05-2020 00:00:01.00', 'dd-MM-yyyy hh:mm:ss.SS'), 'admin', 0, '14', 'data2', NULL, '40', '16', 'ff808181725b20fa01725b2208590011', NULL);
INSERT INTO FLOW_PATH(ID, CRT_DTTM, CRT_USER, ENABLE_FLAG, LAST_UPDATE_DTTM, LAST_UPDATE_USER, VERSION, LINE_FROM, LINE_INPORT, LINE_OUTPORT, PAGE_ID, LINE_TO, FK_FLOW_ID, FILTER_CONDITION) VALUES ('ff808181725b20fa01725b22085b0017', parsedatetime('26-05-2020 00:00:01.00', 'dd-MM-yyyy hh:mm:ss.SS'), 'admin', 1, parsedatetime('26-05-2020 00:00:01.00', 'dd-MM-yyyy hh:mm:ss.SS'), 'admin', 0, '5', 'data1', NULL, '39', '16', 'ff808181725b20fa01725b2208590011', NULL);
INSERT INTO FLOW_PATH(ID, CRT_DTTM, CRT_USER, ENABLE_FLAG, LAST_UPDATE_DTTM, LAST_UPDATE_USER, VERSION, LINE_FROM, LINE_INPORT, LINE_OUTPORT, PAGE_ID, LINE_TO, FK_FLOW_ID, FILTER_CONDITION) VALUES ('ff808181725b20fa01725b22085b0018', parsedatetime('26-05-2020 00:00:01.00', 'dd-MM-yyyy hh:mm:ss.SS'), 'admin', 1, parsedatetime('26-05-2020 00:00:01.00', 'dd-MM-yyyy hh:mm:ss.SS'), 'admin', 0, '10', NULL, NULL, '38', '14', 'ff808181725b20fa01725b2208590011', NULL);
INSERT INTO FLOW_PATH(ID, CRT_DTTM, CRT_USER, ENABLE_FLAG, LAST_UPDATE_DTTM, LAST_UPDATE_USER, VERSION, LINE_FROM, LINE_INPORT, LINE_OUTPORT, PAGE_ID, LINE_TO, FK_FLOW_ID, FILTER_CONDITION) VALUES ('ff808181725b20fa01725b22086e0057', parsedatetime('26-05-2020 00:00:01.00', 'dd-MM-yyyy hh:mm:ss.SS'), 'admin', 1, parsedatetime('26-05-2020 00:00:01.00', 'dd-MM-yyyy hh:mm:ss.SS'), 'admin', 0, '6', NULL, NULL, '9', '8', 'ff808181725b20fa01725b22086e0056', NULL);
INSERT INTO FLOW_PATH(ID, CRT_DTTM, CRT_USER, ENABLE_FLAG, LAST_UPDATE_DTTM, LAST_UPDATE_USER, VERSION, LINE_FROM, LINE_INPORT, LINE_OUTPORT, PAGE_ID, LINE_TO, FK_FLOW_ID, FILTER_CONDITION) VALUES ('ff808181725b20fa01725b2208740072', parsedatetime('26-05-2020 00:00:01.00', 'dd-MM-yyyy hh:mm:ss.SS'), 'admin', 1, parsedatetime('26-05-2020 00:00:01.00', 'dd-MM-yyyy hh:mm:ss.SS'), 'admin', 0, '5', NULL, NULL, '7', '6', 'ff808181725b20fa01725b2208730071', NULL);
INSERT INTO FLOW_PATH(ID, CRT_DTTM, CRT_USER, ENABLE_FLAG, LAST_UPDATE_DTTM, LAST_UPDATE_USER, VERSION, LINE_FROM, LINE_INPORT, LINE_OUTPORT, PAGE_ID, LINE_TO, FK_FLOW_ID, FILTER_CONDITION) VALUES ('ff808181725b20fa01725b22087b0082', parsedatetime('26-05-2020 00:00:01.00', 'dd-MM-yyyy hh:mm:ss.SS'), 'admin', 1, parsedatetime('26-05-2020 00:00:01.00', 'dd-MM-yyyy hh:mm:ss.SS'), 'admin', 0, '6', NULL, NULL, '11', '10', 'ff808181725b20fa01725b22087b0081', NULL);
INSERT INTO FLOW_PATH(ID, CRT_DTTM, CRT_USER, ENABLE_FLAG, LAST_UPDATE_DTTM, LAST_UPDATE_USER, VERSION, LINE_FROM, LINE_INPORT, LINE_OUTPORT, PAGE_ID, LINE_TO, FK_FLOW_ID, FILTER_CONDITION) VALUES ('ff808181725b20fa01725b22087d00a1', parsedatetime('26-05-2020 00:00:01.00', 'dd-MM-yyyy hh:mm:ss.SS'), 'admin', 1, parsedatetime('26-05-2020 00:00:01.00', 'dd-MM-yyyy hh:mm:ss.SS'), 'admin', 0, '20', NULL, 'out3', '45', '24', 'ff808181725b20fa01725b22087d00a0', NULL);
INSERT INTO FLOW_PATH(ID, CRT_DTTM, CRT_USER, ENABLE_FLAG, LAST_UPDATE_DTTM, LAST_UPDATE_USER, VERSION, LINE_FROM, LINE_INPORT, LINE_OUTPORT, PAGE_ID, LINE_TO, FK_FLOW_ID, FILTER_CONDITION) VALUES ('ff808181725b20fa01725b22087d00a2', parsedatetime('26-05-2020 00:00:01.00', 'dd-MM-yyyy hh:mm:ss.SS'), 'admin', 1, parsedatetime('26-05-2020 00:00:01.00', 'dd-MM-yyyy hh:mm:ss.SS'), 'admin', 0, '20', NULL, 'out2', '44', '26', 'ff808181725b20fa01725b22087d00a0', NULL);
INSERT INTO FLOW_PATH(ID, CRT_DTTM, CRT_USER, ENABLE_FLAG, LAST_UPDATE_DTTM, LAST_UPDATE_USER, VERSION, LINE_FROM, LINE_INPORT, LINE_OUTPORT, PAGE_ID, LINE_TO, FK_FLOW_ID, FILTER_CONDITION) VALUES ('ff808181725b20fa01725b22087d00a3', parsedatetime('26-05-2020 00:00:01.00', 'dd-MM-yyyy hh:mm:ss.SS'), 'admin', 1, parsedatetime('26-05-2020 00:00:01.00', 'dd-MM-yyyy hh:mm:ss.SS'), 'admin', 0, '20', NULL, 'out1', '43', '22', 'ff808181725b20fa01725b22087d00a0', NULL);
INSERT INTO FLOW_PATH(ID, CRT_DTTM, CRT_USER, ENABLE_FLAG, LAST_UPDATE_DTTM, LAST_UPDATE_USER, VERSION, LINE_FROM, LINE_INPORT, LINE_OUTPORT, PAGE_ID, LINE_TO, FK_FLOW_ID, FILTER_CONDITION) VALUES ('ff808181725b20fa01725b22087d00a4', parsedatetime('26-05-2020 00:00:01.00', 'dd-MM-yyyy hh:mm:ss.SS'), 'admin', 1, parsedatetime('26-05-2020 00:00:01.00', 'dd-MM-yyyy hh:mm:ss.SS'), 'admin', 0, '17', NULL, NULL, '42', '20', 'ff808181725b20fa01725b22087d00a0', NULL);
INSERT INTO FLOW_PATH(ID, CRT_DTTM, CRT_USER, ENABLE_FLAG, LAST_UPDATE_DTTM, LAST_UPDATE_USER, VERSION, LINE_FROM, LINE_INPORT, LINE_OUTPORT, PAGE_ID, LINE_TO, FK_FLOW_ID, FILTER_CONDITION) VALUES ('ff808181725b20fa01725b22087e00a5', parsedatetime('26-05-2020 00:00:01.00', 'dd-MM-yyyy hh:mm:ss.SS'), 'admin', 1, parsedatetime('26-05-2020 00:00:01.00', 'dd-MM-yyyy hh:mm:ss.SS'), 'admin', 0, '15', 'data2', NULL, '41', '17', 'ff808181725b20fa01725b22087d00a0', NULL);
INSERT INTO FLOW_PATH(ID, CRT_DTTM, CRT_USER, ENABLE_FLAG, LAST_UPDATE_DTTM, LAST_UPDATE_USER, VERSION, LINE_FROM, LINE_INPORT, LINE_OUTPORT, PAGE_ID, LINE_TO, FK_FLOW_ID, FILTER_CONDITION) VALUES ('ff808181725b20fa01725b22087e00a6', parsedatetime('26-05-2020 00:00:01.00', 'dd-MM-yyyy hh:mm:ss.SS'), 'admin', 1, parsedatetime('26-05-2020 00:00:01.00', 'dd-MM-yyyy hh:mm:ss.SS'), 'admin', 0, '6', 'data1', NULL, '40', '17', 'ff808181725b20fa01725b22087d00a0', NULL);
INSERT INTO FLOW_PATH(ID, CRT_DTTM, CRT_USER, ENABLE_FLAG, LAST_UPDATE_DTTM, LAST_UPDATE_USER, VERSION, LINE_FROM, LINE_INPORT, LINE_OUTPORT, PAGE_ID, LINE_TO, FK_FLOW_ID, FILTER_CONDITION) VALUES ('ff808181725b20fa01725b22087e00a7', parsedatetime('26-05-2020 00:00:01.00', 'dd-MM-yyyy hh:mm:ss.SS'), 'admin', 1, parsedatetime('26-05-2020 00:00:01.00', 'dd-MM-yyyy hh:mm:ss.SS'), 'admin', 0, '11', NULL, NULL, '39', '15', 'ff808181725b20fa01725b22087d00a0', NULL);
INSERT INTO FLOW_PATH(ID, CRT_DTTM, CRT_USER, ENABLE_FLAG, LAST_UPDATE_DTTM, LAST_UPDATE_USER, VERSION, LINE_FROM, LINE_INPORT, LINE_OUTPORT, PAGE_ID, LINE_TO, FK_FLOW_ID, FILTER_CONDITION) VALUES ('ff808181725b20fa01725b22089400ec', parsedatetime('26-05-2020 00:00:01.00', 'dd-MM-yyyy hh:mm:ss.SS'), 'admin', 1, parsedatetime('26-05-2020 00:00:01.00', 'dd-MM-yyyy hh:mm:ss.SS'), 'admin', 0, '6', NULL, NULL, '8', '7', 'ff808181725b20fa01725b22089300eb', NULL);
INSERT INTO FLOW_PATH(ID, CRT_DTTM, CRT_USER, ENABLE_FLAG, LAST_UPDATE_DTTM, LAST_UPDATE_USER, VERSION, LINE_FROM, LINE_INPORT, LINE_OUTPORT, PAGE_ID, LINE_TO, FK_FLOW_ID, FILTER_CONDITION) VALUES ('ff808181725b20fa01725b2208a10126', parsedatetime('26-05-2020 00:00:01.00', 'dd-MM-yyyy hh:mm:ss.SS'), 'admin', 1, parsedatetime('26-05-2020 00:00:01.00', 'dd-MM-yyyy hh:mm:ss.SS'), 'admin', 0, '20', NULL, 'out3', '45', '24', 'ff808181725b20fa01725b2208a00125', NULL);
INSERT INTO FLOW_PATH(ID, CRT_DTTM, CRT_USER, ENABLE_FLAG, LAST_UPDATE_DTTM, LAST_UPDATE_USER, VERSION, LINE_FROM, LINE_INPORT, LINE_OUTPORT, PAGE_ID, LINE_TO, FK_FLOW_ID, FILTER_CONDITION) VALUES ('ff808181725b20fa01725b2208a10127', parsedatetime('26-05-2020 00:00:01.00', 'dd-MM-yyyy hh:mm:ss.SS'), 'admin', 1, parsedatetime('26-05-2020 00:00:01.00', 'dd-MM-yyyy hh:mm:ss.SS'), 'admin', 0, '20', NULL, 'out2', '44', '26', 'ff808181725b20fa01725b2208a00125', NULL);
INSERT INTO FLOW_PATH(ID, CRT_DTTM, CRT_USER, ENABLE_FLAG, LAST_UPDATE_DTTM, LAST_UPDATE_USER, VERSION, LINE_FROM, LINE_INPORT, LINE_OUTPORT, PAGE_ID, LINE_TO, FK_FLOW_ID, FILTER_CONDITION) VALUES ('ff808181725b20fa01725b2208a10128', parsedatetime('26-05-2020 00:00:01.00', 'dd-MM-yyyy hh:mm:ss.SS'), 'admin', 1, parsedatetime('26-05-2020 00:00:01.00', 'dd-MM-yyyy hh:mm:ss.SS'), 'admin', 0, '20', NULL, 'out1', '43', '22', 'ff808181725b20fa01725b2208a00125', NULL);
INSERT INTO FLOW_PATH(ID, CRT_DTTM, CRT_USER, ENABLE_FLAG, LAST_UPDATE_DTTM, LAST_UPDATE_USER, VERSION, LINE_FROM, LINE_INPORT, LINE_OUTPORT, PAGE_ID, LINE_TO, FK_FLOW_ID, FILTER_CONDITION) VALUES ('ff808181725b20fa01725b2208a10129', parsedatetime('26-05-2020 00:00:01.00', 'dd-MM-yyyy hh:mm:ss.SS'), 'admin', 1, parsedatetime('26-05-2020 00:00:01.00', 'dd-MM-yyyy hh:mm:ss.SS'), 'admin', 0, '17', NULL, NULL, '42', '20', 'ff808181725b20fa01725b2208a00125', NULL);
INSERT INTO FLOW_PATH(ID, CRT_DTTM, CRT_USER, ENABLE_FLAG, LAST_UPDATE_DTTM, LAST_UPDATE_USER, VERSION, LINE_FROM, LINE_INPORT, LINE_OUTPORT, PAGE_ID, LINE_TO, FK_FLOW_ID, FILTER_CONDITION) VALUES ('ff808181725b20fa01725b2208a1012a', parsedatetime('26-05-2020 00:00:01.00', 'dd-MM-yyyy hh:mm:ss.SS'), 'admin', 1, parsedatetime('26-05-2020 00:00:01.00', 'dd-MM-yyyy hh:mm:ss.SS'), 'admin', 0, '15', 'data2', NULL, '41', '17', 'ff808181725b20fa01725b2208a00125', NULL);
INSERT INTO FLOW_PATH(ID, CRT_DTTM, CRT_USER, ENABLE_FLAG, LAST_UPDATE_DTTM, LAST_UPDATE_USER, VERSION, LINE_FROM, LINE_INPORT, LINE_OUTPORT, PAGE_ID, LINE_TO, FK_FLOW_ID, FILTER_CONDITION) VALUES ('ff808181725b20fa01725b2208a1012b', parsedatetime('26-05-2020 00:00:01.00', 'dd-MM-yyyy hh:mm:ss.SS'), 'admin', 1, parsedatetime('26-05-2020 00:00:01.00', 'dd-MM-yyyy hh:mm:ss.SS'), 'admin', 0, '6', 'data1', NULL, '40', '17', 'ff808181725b20fa01725b2208a00125', NULL);
INSERT INTO FLOW_PATH(ID, CRT_DTTM, CRT_USER, ENABLE_FLAG, LAST_UPDATE_DTTM, LAST_UPDATE_USER, VERSION, LINE_FROM, LINE_INPORT, LINE_OUTPORT, PAGE_ID, LINE_TO, FK_FLOW_ID, FILTER_CONDITION) VALUES ('ff808181725b20fa01725b2208a1012c', parsedatetime('26-05-2020 00:00:01.00', 'dd-MM-yyyy hh:mm:ss.SS'), 'admin', 1, parsedatetime('26-05-2020 00:00:01.00', 'dd-MM-yyyy hh:mm:ss.SS'), 'admin', 0, '11', NULL, NULL, '39', '15', 'ff808181725b20fa01725b2208a00125', NULL);
INSERT INTO FLOW_PATH(ID, CRT_DTTM, CRT_USER, ENABLE_FLAG, LAST_UPDATE_DTTM, LAST_UPDATE_USER, VERSION, LINE_FROM, LINE_INPORT, LINE_OUTPORT, PAGE_ID, LINE_TO, FK_FLOW_ID, FILTER_CONDITION) VALUES ('ff808181725b20fa01725b2208a9016b', parsedatetime('26-05-2020 00:00:01.00', 'dd-MM-yyyy hh:mm:ss.SS'), 'admin', 1, parsedatetime('26-05-2020 00:00:01.00', 'dd-MM-yyyy hh:mm:ss.SS'), 'admin', 0, '20', NULL, 'out3', '45', '24', 'ff808181725b20fa01725b2208a9016a', NULL);
INSERT INTO FLOW_PATH(ID, CRT_DTTM, CRT_USER, ENABLE_FLAG, LAST_UPDATE_DTTM, LAST_UPDATE_USER, VERSION, LINE_FROM, LINE_INPORT, LINE_OUTPORT, PAGE_ID, LINE_TO, FK_FLOW_ID, FILTER_CONDITION) VALUES ('ff808181725b20fa01725b2208a9016c', parsedatetime('26-05-2020 00:00:01.00', 'dd-MM-yyyy hh:mm:ss.SS'), 'admin', 1, parsedatetime('26-05-2020 00:00:01.00', 'dd-MM-yyyy hh:mm:ss.SS'), 'admin', 0, '20', NULL, 'out2', '44', '26', 'ff808181725b20fa01725b2208a9016a', NULL);
INSERT INTO FLOW_PATH(ID, CRT_DTTM, CRT_USER, ENABLE_FLAG, LAST_UPDATE_DTTM, LAST_UPDATE_USER, VERSION, LINE_FROM, LINE_INPORT, LINE_OUTPORT, PAGE_ID, LINE_TO, FK_FLOW_ID, FILTER_CONDITION) VALUES ('ff808181725b20fa01725b2208a9016d', parsedatetime('26-05-2020 00:00:01.00', 'dd-MM-yyyy hh:mm:ss.SS'), 'admin', 1, parsedatetime('26-05-2020 00:00:01.00', 'dd-MM-yyyy hh:mm:ss.SS'), 'admin', 0, '20', NULL, 'out1', '43', '22', 'ff808181725b20fa01725b2208a9016a', NULL);
INSERT INTO FLOW_PATH(ID, CRT_DTTM, CRT_USER, ENABLE_FLAG, LAST_UPDATE_DTTM, LAST_UPDATE_USER, VERSION, LINE_FROM, LINE_INPORT, LINE_OUTPORT, PAGE_ID, LINE_TO, FK_FLOW_ID, FILTER_CONDITION) VALUES ('ff808181725b20fa01725b2208a9016e', parsedatetime('26-05-2020 00:00:01.00', 'dd-MM-yyyy hh:mm:ss.SS'), 'admin', 1, parsedatetime('26-05-2020 00:00:01.00', 'dd-MM-yyyy hh:mm:ss.SS'), 'admin', 0, '17', NULL, NULL, '42', '20', 'ff808181725b20fa01725b2208a9016a', NULL);
INSERT INTO FLOW_PATH(ID, CRT_DTTM, CRT_USER, ENABLE_FLAG, LAST_UPDATE_DTTM, LAST_UPDATE_USER, VERSION, LINE_FROM, LINE_INPORT, LINE_OUTPORT, PAGE_ID, LINE_TO, FK_FLOW_ID, FILTER_CONDITION) VALUES ('ff808181725b20fa01725b2208a9016f', parsedatetime('26-05-2020 00:00:01.00', 'dd-MM-yyyy hh:mm:ss.SS'), 'admin', 1, parsedatetime('26-05-2020 00:00:01.00', 'dd-MM-yyyy hh:mm:ss.SS'), 'admin', 0, '15', 'data2', NULL, '41', '17', 'ff808181725b20fa01725b2208a9016a', NULL);
INSERT INTO FLOW_PATH(ID, CRT_DTTM, CRT_USER, ENABLE_FLAG, LAST_UPDATE_DTTM, LAST_UPDATE_USER, VERSION, LINE_FROM, LINE_INPORT, LINE_OUTPORT, PAGE_ID, LINE_TO, FK_FLOW_ID, FILTER_CONDITION) VALUES ('ff808181725b20fa01725b2208a90170', parsedatetime('26-05-2020 00:00:01.00', 'dd-MM-yyyy hh:mm:ss.SS'), 'admin', 1, parsedatetime('26-05-2020 00:00:01.00', 'dd-MM-yyyy hh:mm:ss.SS'), 'admin', 0, '6', 'data1', NULL, '40', '17', 'ff808181725b20fa01725b2208a9016a', NULL);
INSERT INTO FLOW_PATH(ID, CRT_DTTM, CRT_USER, ENABLE_FLAG, LAST_UPDATE_DTTM, LAST_UPDATE_USER, VERSION, LINE_FROM, LINE_INPORT, LINE_OUTPORT, PAGE_ID, LINE_TO, FK_FLOW_ID, FILTER_CONDITION) VALUES ('ff808181725b20fa01725b2208a90171', parsedatetime('26-05-2020 00:00:01.00', 'dd-MM-yyyy hh:mm:ss.SS'), 'admin', 1, parsedatetime('26-05-2020 00:00:01.00', 'dd-MM-yyyy hh:mm:ss.SS'), 'admin', 0, '11', NULL, NULL, '39', '15', 'ff808181725b20fa01725b2208a9016a', NULL);
INSERT INTO FLOW_PATH(ID, CRT_DTTM, CRT_USER, ENABLE_FLAG, LAST_UPDATE_DTTM, LAST_UPDATE_USER, VERSION, LINE_FROM, LINE_INPORT, LINE_OUTPORT, PAGE_ID, LINE_TO, FK_FLOW_ID, FILTER_CONDITION) VALUES ('ff808181725b20fa01725b2208b001b0', parsedatetime('26-05-2020 00:00:01.00', 'dd-MM-yyyy hh:mm:ss.SS'), 'admin', 1, parsedatetime('26-05-2020 00:00:01.00', 'dd-MM-yyyy hh:mm:ss.SS'), 'admin', 0, '20', NULL, 'out3', '45', '24', 'ff808181725b20fa01725b2208b001af', NULL);
INSERT INTO FLOW_PATH(ID, CRT_DTTM, CRT_USER, ENABLE_FLAG, LAST_UPDATE_DTTM, LAST_UPDATE_USER, VERSION, LINE_FROM, LINE_INPORT, LINE_OUTPORT, PAGE_ID, LINE_TO, FK_FLOW_ID, FILTER_CONDITION) VALUES ('ff808181725b20fa01725b2208b001b1', parsedatetime('26-05-2020 00:00:01.00', 'dd-MM-yyyy hh:mm:ss.SS'), 'admin', 1, parsedatetime('26-05-2020 00:00:01.00', 'dd-MM-yyyy hh:mm:ss.SS'), 'admin', 0, '20', NULL, 'out2', '44', '26', 'ff808181725b20fa01725b2208b001af', NULL);
INSERT INTO FLOW_PATH(ID, CRT_DTTM, CRT_USER, ENABLE_FLAG, LAST_UPDATE_DTTM, LAST_UPDATE_USER, VERSION, LINE_FROM, LINE_INPORT, LINE_OUTPORT, PAGE_ID, LINE_TO, FK_FLOW_ID, FILTER_CONDITION) VALUES ('ff808181725b20fa01725b2208b001b2', parsedatetime('26-05-2020 00:00:01.00', 'dd-MM-yyyy hh:mm:ss.SS'), 'admin', 1, parsedatetime('26-05-2020 00:00:01.00', 'dd-MM-yyyy hh:mm:ss.SS'), 'admin', 0, '20', NULL, 'out1', '43', '22', 'ff808181725b20fa01725b2208b001af', NULL);
INSERT INTO FLOW_PATH(ID, CRT_DTTM, CRT_USER, ENABLE_FLAG, LAST_UPDATE_DTTM, LAST_UPDATE_USER, VERSION, LINE_FROM, LINE_INPORT, LINE_OUTPORT, PAGE_ID, LINE_TO, FK_FLOW_ID, FILTER_CONDITION) VALUES ('ff808181725b20fa01725b2208b001b3', parsedatetime('26-05-2020 00:00:01.00', 'dd-MM-yyyy hh:mm:ss.SS'), 'admin', 1, parsedatetime('26-05-2020 00:00:01.00', 'dd-MM-yyyy hh:mm:ss.SS'), 'admin', 0, '17', NULL, NULL, '42', '20', 'ff808181725b20fa01725b2208b001af', NULL);
INSERT INTO FLOW_PATH(ID, CRT_DTTM, CRT_USER, ENABLE_FLAG, LAST_UPDATE_DTTM, LAST_UPDATE_USER, VERSION, LINE_FROM, LINE_INPORT, LINE_OUTPORT, PAGE_ID, LINE_TO, FK_FLOW_ID, FILTER_CONDITION) VALUES ('ff808181725b20fa01725b2208b001b4', parsedatetime('26-05-2020 00:00:01.00', 'dd-MM-yyyy hh:mm:ss.SS'), 'admin', 1, parsedatetime('26-05-2020 00:00:01.00', 'dd-MM-yyyy hh:mm:ss.SS'), 'admin', 0, '15', 'data2', NULL, '41', '17', 'ff808181725b20fa01725b2208b001af', NULL);
INSERT INTO FLOW_PATH(ID, CRT_DTTM, CRT_USER, ENABLE_FLAG, LAST_UPDATE_DTTM, LAST_UPDATE_USER, VERSION, LINE_FROM, LINE_INPORT, LINE_OUTPORT, PAGE_ID, LINE_TO, FK_FLOW_ID, FILTER_CONDITION) VALUES ('ff808181725b20fa01725b2208b001b5', parsedatetime('26-05-2020 00:00:01.00', 'dd-MM-yyyy hh:mm:ss.SS'), 'admin', 1, parsedatetime('26-05-2020 00:00:01.00', 'dd-MM-yyyy hh:mm:ss.SS'), 'admin', 0, '6', 'data1', NULL, '40', '17', 'ff808181725b20fa01725b2208b001af', NULL);
INSERT INTO FLOW_PATH(ID, CRT_DTTM, CRT_USER, ENABLE_FLAG, LAST_UPDATE_DTTM, LAST_UPDATE_USER, VERSION, LINE_FROM, LINE_INPORT, LINE_OUTPORT, PAGE_ID, LINE_TO, FK_FLOW_ID, FILTER_CONDITION) VALUES ('ff808181725b20fa01725b2208b001b6', parsedatetime('26-05-2020 00:00:01.00', 'dd-MM-yyyy hh:mm:ss.SS'), 'admin', 1, parsedatetime('26-05-2020 00:00:01.00', 'dd-MM-yyyy hh:mm:ss.SS'), 'admin', 0, '11', NULL, NULL, '39', '15', 'ff808181725b20fa01725b2208b001af', NULL);

INSERT INTO FLOW_STOPS(ID, CRT_DTTM, CRT_USER, ENABLE_FLAG, LAST_UPDATE_DTTM, LAST_UPDATE_USER, VERSION, BUNDEL, DESCRIPTION, GROUPS, IN_PORT_TYPE, INPORTS, IS_CHECKPOINT, NAME, OUT_PORT_TYPE, OUTPORTS, OWNER, PAGE_ID, START_TIME, STATE, STOP_TIME, FK_FLOW_ID, IS_CUSTOMIZED, FK_DATA_SOURCE_ID) VALUES ('ff808181725b20fa01725b22085b0019', parsedatetime('26-05-2020 00:00:01.00', 'dd-MM-yyyy hh:mm:ss.SS'), 'admin', 1, parsedatetime('26-05-2020 00:00:01.00', 'dd-MM-yyyy hh:mm:ss.SS'), 'admin', 0, 'cn.piflow.bundle.common.Merge', 'Merge data into one stop', 'Common', 'ANY', 'Any', 1, 'Merge', 'DEFAULT', 'Default', 'xjzhu@cnic.cn', '16', NULL, NULL, NULL, 'ff808181725b20fa01725b2208590011', 1, NULL);
INSERT INTO FLOW_STOPS(ID, CRT_DTTM, CRT_USER, ENABLE_FLAG, LAST_UPDATE_DTTM, LAST_UPDATE_USER, VERSION, BUNDEL, DESCRIPTION, GROUPS, IN_PORT_TYPE, INPORTS, IS_CHECKPOINT, NAME, OUT_PORT_TYPE, OUTPORTS, OWNER, PAGE_ID, START_TIME, STATE, STOP_TIME, FK_FLOW_ID, IS_CUSTOMIZED, FK_DATA_SOURCE_ID) VALUES ('ff808181725b20fa01725b22085c001b', parsedatetime('26-05-2020 00:00:01.00', 'dd-MM-yyyy hh:mm:ss.SS'), 'admin', 1, parsedatetime('26-05-2020 00:00:01.00', 'dd-MM-yyyy hh:mm:ss.SS'), 'admin', 0, 'cn.piflow.bundle.common.Fork', 'Forking data to different stops', 'Common', 'DEFAULT', 'Default', 1, 'Fork', 'ANY', 'Any', 'xjzhu@cnic.cn', '19', NULL, NULL, NULL, 'ff808181725b20fa01725b2208590011', 1, NULL);
INSERT INTO FLOW_STOPS(ID, CRT_DTTM, CRT_USER, ENABLE_FLAG, LAST_UPDATE_DTTM, LAST_UPDATE_USER, VERSION, BUNDEL, DESCRIPTION, GROUPS, IN_PORT_TYPE, INPORTS, IS_CHECKPOINT, NAME, OUT_PORT_TYPE, OUTPORTS, OWNER, PAGE_ID, START_TIME, STATE, STOP_TIME, FK_FLOW_ID, IS_CUSTOMIZED, FK_DATA_SOURCE_ID) VALUES ('ff808181725b20fa01725b22085d001d', parsedatetime('26-05-2020 00:00:01.00', 'dd-MM-yyyy hh:mm:ss.SS'), 'admin', 1, parsedatetime('26-05-2020 00:00:01.00', 'dd-MM-yyyy hh:mm:ss.SS'), 'admin', 0, 'cn.piflow.bundle.common.SelectField', 'Select data column', 'Common', 'DEFAULT', 'Default', 1, 'SelectField22', 'DEFAULT', 'Default', 'xjzhu@cnic.cn', '25', NULL, NULL, NULL, 'ff808181725b20fa01725b2208590011', 1, NULL);
INSERT INTO FLOW_STOPS(ID, CRT_DTTM, CRT_USER, ENABLE_FLAG, LAST_UPDATE_DTTM, LAST_UPDATE_USER, VERSION, BUNDEL, DESCRIPTION, GROUPS, IN_PORT_TYPE, INPORTS, IS_CHECKPOINT, NAME, OUT_PORT_TYPE, OUTPORTS, OWNER, PAGE_ID, START_TIME, STATE, STOP_TIME, FK_FLOW_ID, IS_CUSTOMIZED, FK_DATA_SOURCE_ID) VALUES ('ff808181725b20fa01725b22085e001f', parsedatetime('26-05-2020 00:00:01.00', 'dd-MM-yyyy hh:mm:ss.SS'), 'admin', 1, parsedatetime('26-05-2020 00:00:01.00', 'dd-MM-yyyy hh:mm:ss.SS'), 'admin', 0, 'cn.piflow.bundle.common.SelectField', 'Select data column', 'Common', 'DEFAULT', 'Default', 1, 'SelectField20', 'DEFAULT', 'Default', 'xjzhu@cnic.cn', '23', NULL, NULL, NULL, 'ff808181725b20fa01725b2208590011', 1, NULL);
INSERT INTO FLOW_STOPS(ID, CRT_DTTM, CRT_USER, ENABLE_FLAG, LAST_UPDATE_DTTM, LAST_UPDATE_USER, VERSION, BUNDEL, DESCRIPTION, GROUPS, IN_PORT_TYPE, INPORTS, IS_CHECKPOINT, NAME, OUT_PORT_TYPE, OUTPORTS, OWNER, PAGE_ID, START_TIME, STATE, STOP_TIME, FK_FLOW_ID, IS_CUSTOMIZED, FK_DATA_SOURCE_ID) VALUES ('ff808181725b20fa01725b22085e0021', parsedatetime('26-05-2020 00:00:01.00', 'dd-MM-yyyy hh:mm:ss.SS'), 'admin', 1, parsedatetime('26-05-2020 00:00:01.00', 'dd-MM-yyyy hh:mm:ss.SS'), 'admin', 0, 'cn.piflow.bundle.common.SelectField', 'Select data column', 'Common', 'DEFAULT', 'Default', 1, 'SelectField18', 'DEFAULT', 'Default', 'xjzhu@cnic.cn', '21', NULL, NULL, NULL, 'ff808181725b20fa01725b2208590011', 1, NULL);
INSERT INTO FLOW_STOPS(ID, CRT_DTTM, CRT_USER, ENABLE_FLAG, LAST_UPDATE_DTTM, LAST_UPDATE_USER, VERSION, BUNDEL, DESCRIPTION, GROUPS, IN_PORT_TYPE, INPORTS, IS_CHECKPOINT, NAME, OUT_PORT_TYPE, OUTPORTS, OWNER, PAGE_ID, START_TIME, STATE, STOP_TIME, FK_FLOW_ID, IS_CUSTOMIZED, FK_DATA_SOURCE_ID) VALUES ('ff808181725b20fa01725b22085e0023', parsedatetime('26-05-2020 00:00:01.00', 'dd-MM-yyyy hh:mm:ss.SS'), 'admin', 1, parsedatetime('26-05-2020 00:00:01.00', 'dd-MM-yyyy hh:mm:ss.SS'), 'admin', 0, 'cn.piflow.bundle.common.SelectField', 'Select data column', 'Common', 'DEFAULT', 'Default', 1, 'SelectField', 'DEFAULT', 'Default', 'xjzhu@cnic.cn', '14', NULL, NULL, NULL, 'ff808181725b20fa01725b2208590011', 1, NULL);
INSERT INTO FLOW_STOPS(ID, CRT_DTTM, CRT_USER, ENABLE_FLAG, LAST_UPDATE_DTTM, LAST_UPDATE_USER, VERSION, BUNDEL, DESCRIPTION, GROUPS, IN_PORT_TYPE, INPORTS, IS_CHECKPOINT, NAME, OUT_PORT_TYPE, OUTPORTS, OWNER, PAGE_ID, START_TIME, STATE, STOP_TIME, FK_FLOW_ID, IS_CUSTOMIZED, FK_DATA_SOURCE_ID) VALUES ('ff808181725b20fa01725b22085f0025', parsedatetime('26-05-2020 00:00:01.00', 'dd-MM-yyyy hh:mm:ss.SS'), 'admin', 1, parsedatetime('26-05-2020 00:00:01.00', 'dd-MM-yyyy hh:mm:ss.SS'), 'admin', 0, 'cn.piflow.bundle.common.MockData', 'Mock dataframe.', 'Common', 'DEFAULT', 'Default', 1, 'MockData7', 'DEFAULT', 'Default', 'xjzhu@cnic.cn', '10', NULL, NULL, NULL, 'ff808181725b20fa01725b2208590011', 1, NULL);
INSERT INTO FLOW_STOPS(ID, CRT_DTTM, CRT_USER, ENABLE_FLAG, LAST_UPDATE_DTTM, LAST_UPDATE_USER, VERSION, BUNDEL, DESCRIPTION, GROUPS, IN_PORT_TYPE, INPORTS, IS_CHECKPOINT, NAME, OUT_PORT_TYPE, OUTPORTS, OWNER, PAGE_ID, START_TIME, STATE, STOP_TIME, FK_FLOW_ID, IS_CUSTOMIZED, FK_DATA_SOURCE_ID) VALUES ('ff808181725b20fa01725b22085f0028', parsedatetime('26-05-2020 00:00:01.00', 'dd-MM-yyyy hh:mm:ss.SS'), 'admin', 1, parsedatetime('26-05-2020 00:00:01.00', 'dd-MM-yyyy hh:mm:ss.SS'), 'admin', 0, 'cn.piflow.bundle.common.MockData', 'Mock dataframe.', 'Common', 'DEFAULT', 'Default', 1, 'MockData', 'DEFAULT', 'Default', 'xjzhu@cnic.cn', '5', NULL, NULL, NULL, 'ff808181725b20fa01725b2208590011', 1, NULL);
INSERT INTO FLOW_STOPS(ID, CRT_DTTM, CRT_USER, ENABLE_FLAG, LAST_UPDATE_DTTM, LAST_UPDATE_USER, VERSION, BUNDEL, DESCRIPTION, GROUPS, IN_PORT_TYPE, INPORTS, IS_CHECKPOINT, NAME, OUT_PORT_TYPE, OUTPORTS, OWNER, PAGE_ID, START_TIME, STATE, STOP_TIME, FK_FLOW_ID, IS_CUSTOMIZED, FK_DATA_SOURCE_ID) VALUES ('ff808181725b20fa01725b22086e0058', parsedatetime('26-05-2020 00:00:01.00', 'dd-MM-yyyy hh:mm:ss.SS'), 'admin', 1, parsedatetime('26-05-2020 00:00:01.00', 'dd-MM-yyyy hh:mm:ss.SS'), 'admin', 0, 'cn.piflow.bundle.common.SelectField', 'Select data column', 'Common', 'DEFAULT', 'Default', 1, 'SelectField', 'DEFAULT', 'Default', 'xjzhu@cnic.cn', '8', NULL, NULL, NULL, 'ff808181725b20fa01725b22086e0056', 1, NULL);
INSERT INTO FLOW_STOPS(ID, CRT_DTTM, CRT_USER, ENABLE_FLAG, LAST_UPDATE_DTTM, LAST_UPDATE_USER, VERSION, BUNDEL, DESCRIPTION, GROUPS, IN_PORT_TYPE, INPORTS, IS_CHECKPOINT, NAME, OUT_PORT_TYPE, OUTPORTS, OWNER, PAGE_ID, START_TIME, STATE, STOP_TIME, FK_FLOW_ID, IS_CUSTOMIZED, FK_DATA_SOURCE_ID) VALUES ('ff808181725b20fa01725b22086e005a', parsedatetime('26-05-2020 00:00:01.00', 'dd-MM-yyyy hh:mm:ss.SS'), 'admin', 1, parsedatetime('26-05-2020 00:00:01.00', 'dd-MM-yyyy hh:mm:ss.SS'), 'admin', 0, 'cn.piflow.bundle.common.MockData', 'Mock dataframe.', 'Common', 'DEFAULT', 'Default', 1, 'MockData', 'DEFAULT', 'Default', 'xjzhu@cnic.cn', '6', NULL, NULL, NULL, 'ff808181725b20fa01725b22086e0056', 1, NULL);
INSERT INTO FLOW_STOPS(ID, CRT_DTTM, CRT_USER, ENABLE_FLAG, LAST_UPDATE_DTTM, LAST_UPDATE_USER, VERSION, BUNDEL, DESCRIPTION, GROUPS, IN_PORT_TYPE, INPORTS, IS_CHECKPOINT, NAME, OUT_PORT_TYPE, OUTPORTS, OWNER, PAGE_ID, START_TIME, STATE, STOP_TIME, FK_FLOW_ID, IS_CUSTOMIZED, FK_DATA_SOURCE_ID) VALUES ('ff808181725b20fa01725b2208750073', parsedatetime('26-05-2020 00:00:01.00', 'dd-MM-yyyy hh:mm:ss.SS'), 'admin', 1, parsedatetime('26-05-2020 00:00:01.00', 'dd-MM-yyyy hh:mm:ss.SS'), 'admin', 0, 'cn.piflow.bundle.common.SelectField', 'Select data column', 'Common', 'DEFAULT', 'Default', 1, 'SelectField', 'DEFAULT', 'Default', 'xjzhu@cnic.cn', '6', NULL, NULL, NULL, 'ff808181725b20fa01725b2208730071', 1, NULL);
INSERT INTO FLOW_STOPS(ID, CRT_DTTM, CRT_USER, ENABLE_FLAG, LAST_UPDATE_DTTM, LAST_UPDATE_USER, VERSION, BUNDEL, DESCRIPTION, GROUPS, IN_PORT_TYPE, INPORTS, IS_CHECKPOINT, NAME, OUT_PORT_TYPE, OUTPORTS, OWNER, PAGE_ID, START_TIME, STATE, STOP_TIME, FK_FLOW_ID, IS_CUSTOMIZED, FK_DATA_SOURCE_ID) VALUES ('ff808181725b20fa01725b2208750075', parsedatetime('26-05-2020 00:00:01.00', 'dd-MM-yyyy hh:mm:ss.SS'), 'admin', 1, parsedatetime('26-05-2020 00:00:01.00', 'dd-MM-yyyy hh:mm:ss.SS'), 'admin', 0, 'cn.piflow.bundle.common.MockData', 'Mock dataframe.', 'Common', 'DEFAULT', 'Default', 1, 'MockData', 'DEFAULT', 'Default', 'xjzhu@cnic.cn', '5', NULL, NULL, NULL, 'ff808181725b20fa01725b2208730071', 1, NULL);
INSERT INTO FLOW_STOPS(ID, CRT_DTTM, CRT_USER, ENABLE_FLAG, LAST_UPDATE_DTTM, LAST_UPDATE_USER, VERSION, BUNDEL, DESCRIPTION, GROUPS, IN_PORT_TYPE, INPORTS, IS_CHECKPOINT, NAME, OUT_PORT_TYPE, OUTPORTS, OWNER, PAGE_ID, START_TIME, STATE, STOP_TIME, FK_FLOW_ID, IS_CUSTOMIZED, FK_DATA_SOURCE_ID) VALUES ('ff808181725b20fa01725b22087b0083', parsedatetime('26-05-2020 00:00:01.00', 'dd-MM-yyyy hh:mm:ss.SS'), 'admin', 1, parsedatetime('26-05-2020 00:00:01.00', 'dd-MM-yyyy hh:mm:ss.SS'), 'admin', 0, 'cn.piflow.bundle.common.SelectField', 'Select data column', 'Common', 'DEFAULT', 'Default', 1, 'SelectField', 'DEFAULT', 'Default', 'xjzhu@cnic.cn', '10', NULL, NULL, NULL, 'ff808181725b20fa01725b22087b0081', 1, NULL);
INSERT INTO FLOW_STOPS(ID, CRT_DTTM, CRT_USER, ENABLE_FLAG, LAST_UPDATE_DTTM, LAST_UPDATE_USER, VERSION, BUNDEL, DESCRIPTION, GROUPS, IN_PORT_TYPE, INPORTS, IS_CHECKPOINT, NAME, OUT_PORT_TYPE, OUTPORTS, OWNER, PAGE_ID, START_TIME, STATE, STOP_TIME, FK_FLOW_ID, IS_CUSTOMIZED, FK_DATA_SOURCE_ID) VALUES ('ff808181725b20fa01725b22087b0085', parsedatetime('26-05-2020 00:00:01.00', 'dd-MM-yyyy hh:mm:ss.SS'), 'admin', 1, parsedatetime('26-05-2020 00:00:01.00', 'dd-MM-yyyy hh:mm:ss.SS'), 'admin', 0, 'cn.piflow.bundle.common.MockData', 'Mock dataframe.', 'Common', 'DEFAULT', 'Default', 1, 'MockData', 'DEFAULT', 'Default', 'xjzhu@cnic.cn', '6', NULL, NULL, NULL, 'ff808181725b20fa01725b22087b0081', 1, NULL);
INSERT INTO FLOW_STOPS(ID, CRT_DTTM, CRT_USER, ENABLE_FLAG, LAST_UPDATE_DTTM, LAST_UPDATE_USER, VERSION, BUNDEL, DESCRIPTION, GROUPS, IN_PORT_TYPE, INPORTS, IS_CHECKPOINT, NAME, OUT_PORT_TYPE, OUTPORTS, OWNER, PAGE_ID, START_TIME, STATE, STOP_TIME, FK_FLOW_ID, IS_CUSTOMIZED, FK_DATA_SOURCE_ID) VALUES ('ff808181725b20fa01725b22088300a8', parsedatetime('26-05-2020 00:00:01.00', 'dd-MM-yyyy hh:mm:ss.SS'), 'admin', 1, parsedatetime('26-05-2020 00:00:01.00', 'dd-MM-yyyy hh:mm:ss.SS'), 'admin', 0, 'cn.piflow.bundle.common.Merge', 'Merge data into one stop', 'Common', 'ANY', 'Any', 1, 'Merge', 'DEFAULT', 'Default', 'xjzhu@cnic.cn', '17', NULL, NULL, NULL, 'ff808181725b20fa01725b22087d00a0', 1, NULL);
INSERT INTO FLOW_STOPS(ID, CRT_DTTM, CRT_USER, ENABLE_FLAG, LAST_UPDATE_DTTM, LAST_UPDATE_USER, VERSION, BUNDEL, DESCRIPTION, GROUPS, IN_PORT_TYPE, INPORTS, IS_CHECKPOINT, NAME, OUT_PORT_TYPE, OUTPORTS, OWNER, PAGE_ID, START_TIME, STATE, STOP_TIME, FK_FLOW_ID, IS_CUSTOMIZED, FK_DATA_SOURCE_ID) VALUES ('ff808181725b20fa01725b22088300aa', parsedatetime('26-05-2020 00:00:01.00', 'dd-MM-yyyy hh:mm:ss.SS'), 'admin', 1, parsedatetime('26-05-2020 00:00:01.00', 'dd-MM-yyyy hh:mm:ss.SS'), 'admin', 0, 'cn.piflow.bundle.common.Fork', 'Forking data to different stops', 'Common', 'DEFAULT', 'Default', 1, 'Fork', 'ANY', 'Any', 'xjzhu@cnic.cn', '20', NULL, NULL, NULL, 'ff808181725b20fa01725b22087d00a0', 1, NULL);
INSERT INTO FLOW_STOPS(ID, CRT_DTTM, CRT_USER, ENABLE_FLAG, LAST_UPDATE_DTTM, LAST_UPDATE_USER, VERSION, BUNDEL, DESCRIPTION, GROUPS, IN_PORT_TYPE, INPORTS, IS_CHECKPOINT, NAME, OUT_PORT_TYPE, OUTPORTS, OWNER, PAGE_ID, START_TIME, STATE, STOP_TIME, FK_FLOW_ID, IS_CUSTOMIZED, FK_DATA_SOURCE_ID) VALUES ('ff808181725b20fa01725b22088300ac', parsedatetime('26-05-2020 00:00:01.00', 'dd-MM-yyyy hh:mm:ss.SS'), 'admin', 1, parsedatetime('26-05-2020 00:00:01.00', 'dd-MM-yyyy hh:mm:ss.SS'), 'admin', 0, 'cn.piflow.bundle.common.SelectField', 'Select data column', 'Common', 'DEFAULT', 'Default', 1, 'SelectField22', 'DEFAULT', 'Default', 'xjzhu@cnic.cn', '26', NULL, NULL, NULL, 'ff808181725b20fa01725b22087d00a0', 1, NULL);
INSERT INTO FLOW_STOPS(ID, CRT_DTTM, CRT_USER, ENABLE_FLAG, LAST_UPDATE_DTTM, LAST_UPDATE_USER, VERSION, BUNDEL, DESCRIPTION, GROUPS, IN_PORT_TYPE, INPORTS, IS_CHECKPOINT, NAME, OUT_PORT_TYPE, OUTPORTS, OWNER, PAGE_ID, START_TIME, STATE, STOP_TIME, FK_FLOW_ID, IS_CUSTOMIZED, FK_DATA_SOURCE_ID) VALUES ('ff808181725b20fa01725b22088400ae', parsedatetime('26-05-2020 00:00:01.00', 'dd-MM-yyyy hh:mm:ss.SS'), 'admin', 1, parsedatetime('26-05-2020 00:00:01.00', 'dd-MM-yyyy hh:mm:ss.SS'), 'admin', 0, 'cn.piflow.bundle.common.SelectField', 'Select data column', 'Common', 'DEFAULT', 'Default', 1, 'SelectField20', 'DEFAULT', 'Default', 'xjzhu@cnic.cn', '24', NULL, NULL, NULL, 'ff808181725b20fa01725b22087d00a0', 1, NULL);
INSERT INTO FLOW_STOPS(ID, CRT_DTTM, CRT_USER, ENABLE_FLAG, LAST_UPDATE_DTTM, LAST_UPDATE_USER, VERSION, BUNDEL, DESCRIPTION, GROUPS, IN_PORT_TYPE, INPORTS, IS_CHECKPOINT, NAME, OUT_PORT_TYPE, OUTPORTS, OWNER, PAGE_ID, START_TIME, STATE, STOP_TIME, FK_FLOW_ID, IS_CUSTOMIZED, FK_DATA_SOURCE_ID) VALUES ('ff808181725b20fa01725b22088400b0', parsedatetime('26-05-2020 00:00:01.00', 'dd-MM-yyyy hh:mm:ss.SS'), 'admin', 1, parsedatetime('26-05-2020 00:00:01.00', 'dd-MM-yyyy hh:mm:ss.SS'), 'admin', 0, 'cn.piflow.bundle.common.SelectField', 'Select data column', 'Common', 'DEFAULT', 'Default', 1, 'SelectField18', 'DEFAULT', 'Default', 'xjzhu@cnic.cn', '22', NULL, NULL, NULL, 'ff808181725b20fa01725b22087d00a0', 1, NULL);
INSERT INTO FLOW_STOPS(ID, CRT_DTTM, CRT_USER, ENABLE_FLAG, LAST_UPDATE_DTTM, LAST_UPDATE_USER, VERSION, BUNDEL, DESCRIPTION, GROUPS, IN_PORT_TYPE, INPORTS, IS_CHECKPOINT, NAME, OUT_PORT_TYPE, OUTPORTS, OWNER, PAGE_ID, START_TIME, STATE, STOP_TIME, FK_FLOW_ID, IS_CUSTOMIZED, FK_DATA_SOURCE_ID) VALUES ('ff808181725b20fa01725b22088700b2', parsedatetime('26-05-2020 00:00:01.00', 'dd-MM-yyyy hh:mm:ss.SS'), 'admin', 1, parsedatetime('26-05-2020 00:00:01.00', 'dd-MM-yyyy hh:mm:ss.SS'), 'admin', 0, 'cn.piflow.bundle.common.SelectField', 'Select data column', 'Common', 'DEFAULT', 'Default', 1, 'SelectField', 'DEFAULT', 'Default', 'xjzhu@cnic.cn', '15', NULL, NULL, NULL, 'ff808181725b20fa01725b22087d00a0', 1, NULL);
INSERT INTO FLOW_STOPS(ID, CRT_DTTM, CRT_USER, ENABLE_FLAG, LAST_UPDATE_DTTM, LAST_UPDATE_USER, VERSION, BUNDEL, DESCRIPTION, GROUPS, IN_PORT_TYPE, INPORTS, IS_CHECKPOINT, NAME, OUT_PORT_TYPE, OUTPORTS, OWNER, PAGE_ID, START_TIME, STATE, STOP_TIME, FK_FLOW_ID, IS_CUSTOMIZED, FK_DATA_SOURCE_ID) VALUES ('ff808181725b20fa01725b22088700b4', parsedatetime('26-05-2020 00:00:01.00', 'dd-MM-yyyy hh:mm:ss.SS'), 'admin', 1, parsedatetime('26-05-2020 00:00:01.00', 'dd-MM-yyyy hh:mm:ss.SS'), 'admin', 0, 'cn.piflow.bundle.common.MockData', 'Mock dataframe.', 'Common', 'DEFAULT', 'Default', 1, 'MockData7', 'DEFAULT', 'Default', 'xjzhu@cnic.cn', '11', NULL, NULL, NULL, 'ff808181725b20fa01725b22087d00a0', 1, NULL);
INSERT INTO FLOW_STOPS(ID, CRT_DTTM, CRT_USER, ENABLE_FLAG, LAST_UPDATE_DTTM, LAST_UPDATE_USER, VERSION, BUNDEL, DESCRIPTION, GROUPS, IN_PORT_TYPE, INPORTS, IS_CHECKPOINT, NAME, OUT_PORT_TYPE, OUTPORTS, OWNER, PAGE_ID, START_TIME, STATE, STOP_TIME, FK_FLOW_ID, IS_CUSTOMIZED, FK_DATA_SOURCE_ID) VALUES ('ff808181725b20fa01725b22088700b7', parsedatetime('26-05-2020 00:00:01.00', 'dd-MM-yyyy hh:mm:ss.SS'), 'admin', 1, parsedatetime('26-05-2020 00:00:01.00', 'dd-MM-yyyy hh:mm:ss.SS'), 'admin', 0, 'cn.piflow.bundle.common.MockData', 'Mock dataframe.', 'Common', 'DEFAULT', 'Default', 1, 'MockData', 'DEFAULT', 'Default', 'xjzhu@cnic.cn', '6', NULL, NULL, NULL, 'ff808181725b20fa01725b22087d00a0', 1, NULL);
INSERT INTO FLOW_STOPS(ID, CRT_DTTM, CRT_USER, ENABLE_FLAG, LAST_UPDATE_DTTM, LAST_UPDATE_USER, VERSION, BUNDEL, DESCRIPTION, GROUPS, IN_PORT_TYPE, INPORTS, IS_CHECKPOINT, NAME, OUT_PORT_TYPE, OUTPORTS, OWNER, PAGE_ID, START_TIME, STATE, STOP_TIME, FK_FLOW_ID, IS_CUSTOMIZED, FK_DATA_SOURCE_ID) VALUES ('ff808181725b20fa01725b22089400ed', parsedatetime('26-05-2020 00:00:01.00', 'dd-MM-yyyy hh:mm:ss.SS'), 'admin', 1, parsedatetime('26-05-2020 00:00:01.00', 'dd-MM-yyyy hh:mm:ss.SS'), 'admin', 0, 'cn.piflow.bundle.common.SelectField', 'Select data column', 'Common', 'DEFAULT', 'Default', 1, 'SelectField', 'DEFAULT', 'Default', 'xjzhu@cnic.cn', '7', NULL, NULL, NULL, 'ff808181725b20fa01725b22089300eb', 1, NULL);
INSERT INTO FLOW_STOPS(ID, CRT_DTTM, CRT_USER, ENABLE_FLAG, LAST_UPDATE_DTTM, LAST_UPDATE_USER, VERSION, BUNDEL, DESCRIPTION, GROUPS, IN_PORT_TYPE, INPORTS, IS_CHECKPOINT, NAME, OUT_PORT_TYPE, OUTPORTS, OWNER, PAGE_ID, START_TIME, STATE, STOP_TIME, FK_FLOW_ID, IS_CUSTOMIZED, FK_DATA_SOURCE_ID) VALUES ('ff808181725b20fa01725b22089500ef', parsedatetime('26-05-2020 00:00:01.00', 'dd-MM-yyyy hh:mm:ss.SS'), 'admin', 1, parsedatetime('26-05-2020 00:00:01.00', 'dd-MM-yyyy hh:mm:ss.SS'), 'admin', 0, 'cn.piflow.bundle.common.MockData', 'Mock dataframe.', 'Common', 'DEFAULT', 'Default', 1, 'MockData', 'DEFAULT', 'Default', 'xjzhu@cnic.cn', '6', NULL, NULL, NULL, 'ff808181725b20fa01725b22089300eb', 1, NULL);
INSERT INTO FLOW_STOPS(ID, CRT_DTTM, CRT_USER, ENABLE_FLAG, LAST_UPDATE_DTTM, LAST_UPDATE_USER, VERSION, BUNDEL, DESCRIPTION, GROUPS, IN_PORT_TYPE, INPORTS, IS_CHECKPOINT, NAME, OUT_PORT_TYPE, OUTPORTS, OWNER, PAGE_ID, START_TIME, STATE, STOP_TIME, FK_FLOW_ID, IS_CUSTOMIZED, FK_DATA_SOURCE_ID) VALUES ('ff808181725b20fa01725b2208a1012d', parsedatetime('26-05-2020 00:00:01.00', 'dd-MM-yyyy hh:mm:ss.SS'), 'admin', 1, parsedatetime('26-05-2020 00:00:01.00', 'dd-MM-yyyy hh:mm:ss.SS'), 'admin', 0, 'cn.piflow.bundle.common.Merge', 'Merge data into one stop', 'Common', 'ANY', 'Any', 1, 'Merge', 'DEFAULT', 'Default', 'xjzhu@cnic.cn', '17', NULL, NULL, NULL, 'ff808181725b20fa01725b2208a00125', 1, NULL);
INSERT INTO FLOW_STOPS(ID, CRT_DTTM, CRT_USER, ENABLE_FLAG, LAST_UPDATE_DTTM, LAST_UPDATE_USER, VERSION, BUNDEL, DESCRIPTION, GROUPS, IN_PORT_TYPE, INPORTS, IS_CHECKPOINT, NAME, OUT_PORT_TYPE, OUTPORTS, OWNER, PAGE_ID, START_TIME, STATE, STOP_TIME, FK_FLOW_ID, IS_CUSTOMIZED, FK_DATA_SOURCE_ID) VALUES ('ff808181725b20fa01725b2208a1012f', parsedatetime('26-05-2020 00:00:01.00', 'dd-MM-yyyy hh:mm:ss.SS'), 'admin', 1, parsedatetime('26-05-2020 00:00:01.00', 'dd-MM-yyyy hh:mm:ss.SS'), 'admin', 0, 'cn.piflow.bundle.common.Fork', 'Forking data to different stops', 'Common', 'DEFAULT', 'Default', 1, 'Fork', 'ANY', 'Any', 'xjzhu@cnic.cn', '20', NULL, NULL, NULL, 'ff808181725b20fa01725b2208a00125', 1, NULL);
INSERT INTO FLOW_STOPS(ID, CRT_DTTM, CRT_USER, ENABLE_FLAG, LAST_UPDATE_DTTM, LAST_UPDATE_USER, VERSION, BUNDEL, DESCRIPTION, GROUPS, IN_PORT_TYPE, INPORTS, IS_CHECKPOINT, NAME, OUT_PORT_TYPE, OUTPORTS, OWNER, PAGE_ID, START_TIME, STATE, STOP_TIME, FK_FLOW_ID, IS_CUSTOMIZED, FK_DATA_SOURCE_ID) VALUES ('ff808181725b20fa01725b2208a10131', parsedatetime('26-05-2020 00:00:01.00', 'dd-MM-yyyy hh:mm:ss.SS'), 'admin', 1, parsedatetime('26-05-2020 00:00:01.00', 'dd-MM-yyyy hh:mm:ss.SS'), 'admin', 0, 'cn.piflow.bundle.common.SelectField', 'Select data column', 'Common', 'DEFAULT', 'Default', 1, 'SelectField22', 'DEFAULT', 'Default', 'xjzhu@cnic.cn', '26', NULL, NULL, NULL, 'ff808181725b20fa01725b2208a00125', 1, NULL);
INSERT INTO FLOW_STOPS(ID, CRT_DTTM, CRT_USER, ENABLE_FLAG, LAST_UPDATE_DTTM, LAST_UPDATE_USER, VERSION, BUNDEL, DESCRIPTION, GROUPS, IN_PORT_TYPE, INPORTS, IS_CHECKPOINT, NAME, OUT_PORT_TYPE, OUTPORTS, OWNER, PAGE_ID, START_TIME, STATE, STOP_TIME, FK_FLOW_ID, IS_CUSTOMIZED, FK_DATA_SOURCE_ID) VALUES ('ff808181725b20fa01725b2208a10133', parsedatetime('26-05-2020 00:00:01.00', 'dd-MM-yyyy hh:mm:ss.SS'), 'admin', 1, parsedatetime('26-05-2020 00:00:01.00', 'dd-MM-yyyy hh:mm:ss.SS'), 'admin', 0, 'cn.piflow.bundle.common.SelectField', 'Select data column', 'Common', 'DEFAULT', 'Default', 1, 'SelectField20', 'DEFAULT', 'Default', 'xjzhu@cnic.cn', '24', NULL, NULL, NULL, 'ff808181725b20fa01725b2208a00125', 1, NULL);
INSERT INTO FLOW_STOPS(ID, CRT_DTTM, CRT_USER, ENABLE_FLAG, LAST_UPDATE_DTTM, LAST_UPDATE_USER, VERSION, BUNDEL, DESCRIPTION, GROUPS, IN_PORT_TYPE, INPORTS, IS_CHECKPOINT, NAME, OUT_PORT_TYPE, OUTPORTS, OWNER, PAGE_ID, START_TIME, STATE, STOP_TIME, FK_FLOW_ID, IS_CUSTOMIZED, FK_DATA_SOURCE_ID) VALUES ('ff808181725b20fa01725b2208a10135', parsedatetime('26-05-2020 00:00:01.00', 'dd-MM-yyyy hh:mm:ss.SS'), 'admin', 1, parsedatetime('26-05-2020 00:00:01.00', 'dd-MM-yyyy hh:mm:ss.SS'), 'admin', 0, 'cn.piflow.bundle.common.SelectField', 'Select data column', 'Common', 'DEFAULT', 'Default', 1, 'SelectField18', 'DEFAULT', 'Default', 'xjzhu@cnic.cn', '22', NULL, NULL, NULL, 'ff808181725b20fa01725b2208a00125', 1, NULL);
INSERT INTO FLOW_STOPS(ID, CRT_DTTM, CRT_USER, ENABLE_FLAG, LAST_UPDATE_DTTM, LAST_UPDATE_USER, VERSION, BUNDEL, DESCRIPTION, GROUPS, IN_PORT_TYPE, INPORTS, IS_CHECKPOINT, NAME, OUT_PORT_TYPE, OUTPORTS, OWNER, PAGE_ID, START_TIME, STATE, STOP_TIME, FK_FLOW_ID, IS_CUSTOMIZED, FK_DATA_SOURCE_ID) VALUES ('ff808181725b20fa01725b2208a10137', parsedatetime('26-05-2020 00:00:01.00', 'dd-MM-yyyy hh:mm:ss.SS'), 'admin', 1, parsedatetime('26-05-2020 00:00:01.00', 'dd-MM-yyyy hh:mm:ss.SS'), 'admin', 0, 'cn.piflow.bundle.common.SelectField', 'Select data column', 'Common', 'DEFAULT', 'Default', 1, 'SelectField', 'DEFAULT', 'Default', 'xjzhu@cnic.cn', '15', NULL, NULL, NULL, 'ff808181725b20fa01725b2208a00125', 1, NULL);
INSERT INTO FLOW_STOPS(ID, CRT_DTTM, CRT_USER, ENABLE_FLAG, LAST_UPDATE_DTTM, LAST_UPDATE_USER, VERSION, BUNDEL, DESCRIPTION, GROUPS, IN_PORT_TYPE, INPORTS, IS_CHECKPOINT, NAME, OUT_PORT_TYPE, OUTPORTS, OWNER, PAGE_ID, START_TIME, STATE, STOP_TIME, FK_FLOW_ID, IS_CUSTOMIZED, FK_DATA_SOURCE_ID) VALUES ('ff808181725b20fa01725b2208a10139', parsedatetime('26-05-2020 00:00:01.00', 'dd-MM-yyyy hh:mm:ss.SS'), 'admin', 1, parsedatetime('26-05-2020 00:00:01.00', 'dd-MM-yyyy hh:mm:ss.SS'), 'admin', 0, 'cn.piflow.bundle.common.MockData', 'Mock dataframe.', 'Common', 'DEFAULT', 'Default', 1, 'MockData7', 'DEFAULT', 'Default', 'xjzhu@cnic.cn', '11', NULL, NULL, NULL, 'ff808181725b20fa01725b2208a00125', 1, NULL);
INSERT INTO FLOW_STOPS(ID, CRT_DTTM, CRT_USER, ENABLE_FLAG, LAST_UPDATE_DTTM, LAST_UPDATE_USER, VERSION, BUNDEL, DESCRIPTION, GROUPS, IN_PORT_TYPE, INPORTS, IS_CHECKPOINT, NAME, OUT_PORT_TYPE, OUTPORTS, OWNER, PAGE_ID, START_TIME, STATE, STOP_TIME, FK_FLOW_ID, IS_CUSTOMIZED, FK_DATA_SOURCE_ID) VALUES ('ff808181725b20fa01725b2208a2013c', parsedatetime('26-05-2020 00:00:01.00', 'dd-MM-yyyy hh:mm:ss.SS'), 'admin', 1, parsedatetime('26-05-2020 00:00:01.00', 'dd-MM-yyyy hh:mm:ss.SS'), 'admin', 0, 'cn.piflow.bundle.common.MockData', 'Mock dataframe.', 'Common', 'DEFAULT', 'Default', 1, 'MockData', 'DEFAULT', 'Default', 'xjzhu@cnic.cn', '6', NULL, NULL, NULL, 'ff808181725b20fa01725b2208a00125', 1, NULL);
INSERT INTO FLOW_STOPS(ID, CRT_DTTM, CRT_USER, ENABLE_FLAG, LAST_UPDATE_DTTM, LAST_UPDATE_USER, VERSION, BUNDEL, DESCRIPTION, GROUPS, IN_PORT_TYPE, INPORTS, IS_CHECKPOINT, NAME, OUT_PORT_TYPE, OUTPORTS, OWNER, PAGE_ID, START_TIME, STATE, STOP_TIME, FK_FLOW_ID, IS_CUSTOMIZED, FK_DATA_SOURCE_ID) VALUES ('ff808181725b20fa01725b2208a90172', parsedatetime('26-05-2020 00:00:01.00', 'dd-MM-yyyy hh:mm:ss.SS'), 'admin', 1, parsedatetime('26-05-2020 00:00:01.00', 'dd-MM-yyyy hh:mm:ss.SS'), 'admin', 0, 'cn.piflow.bundle.common.Merge', 'Merge data into one stop', 'Common', 'ANY', 'Any', 1, 'Merge', 'DEFAULT', 'Default', 'xjzhu@cnic.cn', '17', NULL, NULL, NULL, 'ff808181725b20fa01725b2208a9016a', 1, NULL);
INSERT INTO FLOW_STOPS(ID, CRT_DTTM, CRT_USER, ENABLE_FLAG, LAST_UPDATE_DTTM, LAST_UPDATE_USER, VERSION, BUNDEL, DESCRIPTION, GROUPS, IN_PORT_TYPE, INPORTS, IS_CHECKPOINT, NAME, OUT_PORT_TYPE, OUTPORTS, OWNER, PAGE_ID, START_TIME, STATE, STOP_TIME, FK_FLOW_ID, IS_CUSTOMIZED, FK_DATA_SOURCE_ID) VALUES ('ff808181725b20fa01725b2208a90174', parsedatetime('26-05-2020 00:00:01.00', 'dd-MM-yyyy hh:mm:ss.SS'), 'admin', 1, parsedatetime('26-05-2020 00:00:01.00', 'dd-MM-yyyy hh:mm:ss.SS'), 'admin', 0, 'cn.piflow.bundle.common.Fork', 'Forking data to different stops', 'Common', 'DEFAULT', 'Default', 1, 'Fork', 'ANY', 'Any', 'xjzhu@cnic.cn', '20', NULL, NULL, NULL, 'ff808181725b20fa01725b2208a9016a', 1, NULL);
INSERT INTO FLOW_STOPS(ID, CRT_DTTM, CRT_USER, ENABLE_FLAG, LAST_UPDATE_DTTM, LAST_UPDATE_USER, VERSION, BUNDEL, DESCRIPTION, GROUPS, IN_PORT_TYPE, INPORTS, IS_CHECKPOINT, NAME, OUT_PORT_TYPE, OUTPORTS, OWNER, PAGE_ID, START_TIME, STATE, STOP_TIME, FK_FLOW_ID, IS_CUSTOMIZED, FK_DATA_SOURCE_ID) VALUES ('ff808181725b20fa01725b2208a90176', parsedatetime('26-05-2020 00:00:01.00', 'dd-MM-yyyy hh:mm:ss.SS'), 'admin', 1, parsedatetime('26-05-2020 00:00:01.00', 'dd-MM-yyyy hh:mm:ss.SS'), 'admin', 0, 'cn.piflow.bundle.common.SelectField', 'Select data column', 'Common', 'DEFAULT', 'Default', 1, 'SelectField22', 'DEFAULT', 'Default', 'xjzhu@cnic.cn', '26', NULL, NULL, NULL, 'ff808181725b20fa01725b2208a9016a', 1, NULL);
INSERT INTO FLOW_STOPS(ID, CRT_DTTM, CRT_USER, ENABLE_FLAG, LAST_UPDATE_DTTM, LAST_UPDATE_USER, VERSION, BUNDEL, DESCRIPTION, GROUPS, IN_PORT_TYPE, INPORTS, IS_CHECKPOINT, NAME, OUT_PORT_TYPE, OUTPORTS, OWNER, PAGE_ID, START_TIME, STATE, STOP_TIME, FK_FLOW_ID, IS_CUSTOMIZED, FK_DATA_SOURCE_ID) VALUES ('ff808181725b20fa01725b2208a90178', parsedatetime('26-05-2020 00:00:01.00', 'dd-MM-yyyy hh:mm:ss.SS'), 'admin', 1, parsedatetime('26-05-2020 00:00:01.00', 'dd-MM-yyyy hh:mm:ss.SS'), 'admin', 0, 'cn.piflow.bundle.common.SelectField', 'Select data column', 'Common', 'DEFAULT', 'Default', 1, 'SelectField20', 'DEFAULT', 'Default', 'xjzhu@cnic.cn', '24', NULL, NULL, NULL, 'ff808181725b20fa01725b2208a9016a', 1, NULL);
INSERT INTO FLOW_STOPS(ID, CRT_DTTM, CRT_USER, ENABLE_FLAG, LAST_UPDATE_DTTM, LAST_UPDATE_USER, VERSION, BUNDEL, DESCRIPTION, GROUPS, IN_PORT_TYPE, INPORTS, IS_CHECKPOINT, NAME, OUT_PORT_TYPE, OUTPORTS, OWNER, PAGE_ID, START_TIME, STATE, STOP_TIME, FK_FLOW_ID, IS_CUSTOMIZED, FK_DATA_SOURCE_ID) VALUES ('ff808181725b20fa01725b2208aa017a', parsedatetime('26-05-2020 00:00:01.00', 'dd-MM-yyyy hh:mm:ss.SS'), 'admin', 1, parsedatetime('26-05-2020 00:00:01.00', 'dd-MM-yyyy hh:mm:ss.SS'), 'admin', 0, 'cn.piflow.bundle.common.SelectField', 'Select data column', 'Common', 'DEFAULT', 'Default', 1, 'SelectField18', 'DEFAULT', 'Default', 'xjzhu@cnic.cn', '22', NULL, NULL, NULL, 'ff808181725b20fa01725b2208a9016a', 1, NULL);
INSERT INTO FLOW_STOPS(ID, CRT_DTTM, CRT_USER, ENABLE_FLAG, LAST_UPDATE_DTTM, LAST_UPDATE_USER, VERSION, BUNDEL, DESCRIPTION, GROUPS, IN_PORT_TYPE, INPORTS, IS_CHECKPOINT, NAME, OUT_PORT_TYPE, OUTPORTS, OWNER, PAGE_ID, START_TIME, STATE, STOP_TIME, FK_FLOW_ID, IS_CUSTOMIZED, FK_DATA_SOURCE_ID) VALUES ('ff808181725b20fa01725b2208ac017c', parsedatetime('26-05-2020 00:00:01.00', 'dd-MM-yyyy hh:mm:ss.SS'), 'admin', 1, parsedatetime('26-05-2020 00:00:01.00', 'dd-MM-yyyy hh:mm:ss.SS'), 'admin', 0, 'cn.piflow.bundle.common.SelectField', 'Select data column', 'Common', 'DEFAULT', 'Default', 1, 'SelectField', 'DEFAULT', 'Default', 'xjzhu@cnic.cn', '15', NULL, NULL, NULL, 'ff808181725b20fa01725b2208a9016a', 1, NULL);
INSERT INTO FLOW_STOPS(ID, CRT_DTTM, CRT_USER, ENABLE_FLAG, LAST_UPDATE_DTTM, LAST_UPDATE_USER, VERSION, BUNDEL, DESCRIPTION, GROUPS, IN_PORT_TYPE, INPORTS, IS_CHECKPOINT, NAME, OUT_PORT_TYPE, OUTPORTS, OWNER, PAGE_ID, START_TIME, STATE, STOP_TIME, FK_FLOW_ID, IS_CUSTOMIZED, FK_DATA_SOURCE_ID) VALUES ('ff808181725b20fa01725b2208ac017e', parsedatetime('26-05-2020 00:00:01.00', 'dd-MM-yyyy hh:mm:ss.SS'), 'admin', 1, parsedatetime('26-05-2020 00:00:01.00', 'dd-MM-yyyy hh:mm:ss.SS'), 'admin', 0, 'cn.piflow.bundle.common.MockData', 'Mock dataframe.', 'Common', 'DEFAULT', 'Default', 1, 'MockData7', 'DEFAULT', 'Default', 'xjzhu@cnic.cn', '11', NULL, NULL, NULL, 'ff808181725b20fa01725b2208a9016a', 1, NULL);
INSERT INTO FLOW_STOPS(ID, CRT_DTTM, CRT_USER, ENABLE_FLAG, LAST_UPDATE_DTTM, LAST_UPDATE_USER, VERSION, BUNDEL, DESCRIPTION, GROUPS, IN_PORT_TYPE, INPORTS, IS_CHECKPOINT, NAME, OUT_PORT_TYPE, OUTPORTS, OWNER, PAGE_ID, START_TIME, STATE, STOP_TIME, FK_FLOW_ID, IS_CUSTOMIZED, FK_DATA_SOURCE_ID) VALUES ('ff808181725b20fa01725b2208af0181', parsedatetime('26-05-2020 00:00:01.00', 'dd-MM-yyyy hh:mm:ss.SS'), 'admin', 1, parsedatetime('26-05-2020 00:00:01.00', 'dd-MM-yyyy hh:mm:ss.SS'), 'admin', 0, 'cn.piflow.bundle.common.MockData', 'Mock dataframe.', 'Common', 'DEFAULT', 'Default', 1, 'MockData', 'DEFAULT', 'Default', 'xjzhu@cnic.cn', '6', NULL, NULL, NULL, 'ff808181725b20fa01725b2208a9016a', 1, NULL);
INSERT INTO FLOW_STOPS(ID, CRT_DTTM, CRT_USER, ENABLE_FLAG, LAST_UPDATE_DTTM, LAST_UPDATE_USER, VERSION, BUNDEL, DESCRIPTION, GROUPS, IN_PORT_TYPE, INPORTS, IS_CHECKPOINT, NAME, OUT_PORT_TYPE, OUTPORTS, OWNER, PAGE_ID, START_TIME, STATE, STOP_TIME, FK_FLOW_ID, IS_CUSTOMIZED, FK_DATA_SOURCE_ID) VALUES ('ff808181725b20fa01725b2208b001b7', parsedatetime('26-05-2020 00:00:01.00', 'dd-MM-yyyy hh:mm:ss.SS'), 'admin', 1, parsedatetime('26-05-2020 00:00:01.00', 'dd-MM-yyyy hh:mm:ss.SS'), 'admin', 0, 'cn.piflow.bundle.common.Merge', 'Merge data into one stop', 'Common', 'ANY', 'Any', 1, 'Merge', 'DEFAULT', 'Default', 'xjzhu@cnic.cn', '17', NULL, NULL, NULL, 'ff808181725b20fa01725b2208b001af', 1, NULL);
INSERT INTO FLOW_STOPS(ID, CRT_DTTM, CRT_USER, ENABLE_FLAG, LAST_UPDATE_DTTM, LAST_UPDATE_USER, VERSION, BUNDEL, DESCRIPTION, GROUPS, IN_PORT_TYPE, INPORTS, IS_CHECKPOINT, NAME, OUT_PORT_TYPE, OUTPORTS, OWNER, PAGE_ID, START_TIME, STATE, STOP_TIME, FK_FLOW_ID, IS_CUSTOMIZED, FK_DATA_SOURCE_ID) VALUES ('ff808181725b20fa01725b2208b001b9', parsedatetime('26-05-2020 00:00:01.00', 'dd-MM-yyyy hh:mm:ss.SS'), 'admin', 1, parsedatetime('26-05-2020 00:00:01.00', 'dd-MM-yyyy hh:mm:ss.SS'), 'admin', 0, 'cn.piflow.bundle.common.Fork', 'Forking data to different stops', 'Common', 'DEFAULT', 'Default', 1, 'Fork', 'ANY', 'Any', 'xjzhu@cnic.cn', '20', NULL, NULL, NULL, 'ff808181725b20fa01725b2208b001af', 1, NULL);
INSERT INTO FLOW_STOPS(ID, CRT_DTTM, CRT_USER, ENABLE_FLAG, LAST_UPDATE_DTTM, LAST_UPDATE_USER, VERSION, BUNDEL, DESCRIPTION, GROUPS, IN_PORT_TYPE, INPORTS, IS_CHECKPOINT, NAME, OUT_PORT_TYPE, OUTPORTS, OWNER, PAGE_ID, START_TIME, STATE, STOP_TIME, FK_FLOW_ID, IS_CUSTOMIZED, FK_DATA_SOURCE_ID) VALUES ('ff808181725b20fa01725b2208b001bb', parsedatetime('26-05-2020 00:00:01.00', 'dd-MM-yyyy hh:mm:ss.SS'), 'admin', 1, parsedatetime('26-05-2020 00:00:01.00', 'dd-MM-yyyy hh:mm:ss.SS'), 'admin', 0, 'cn.piflow.bundle.common.SelectField', 'Select data column', 'Common', 'DEFAULT', 'Default', 1, 'SelectField22', 'DEFAULT', 'Default', 'xjzhu@cnic.cn', '26', NULL, NULL, NULL, 'ff808181725b20fa01725b2208b001af', 1, NULL);
INSERT INTO FLOW_STOPS(ID, CRT_DTTM, CRT_USER, ENABLE_FLAG, LAST_UPDATE_DTTM, LAST_UPDATE_USER, VERSION, BUNDEL, DESCRIPTION, GROUPS, IN_PORT_TYPE, INPORTS, IS_CHECKPOINT, NAME, OUT_PORT_TYPE, OUTPORTS, OWNER, PAGE_ID, START_TIME, STATE, STOP_TIME, FK_FLOW_ID, IS_CUSTOMIZED, FK_DATA_SOURCE_ID) VALUES ('ff808181725b20fa01725b2208b101bd', parsedatetime('26-05-2020 00:00:01.00', 'dd-MM-yyyy hh:mm:ss.SS'), 'admin', 1, parsedatetime('26-05-2020 00:00:01.00', 'dd-MM-yyyy hh:mm:ss.SS'), 'admin', 0, 'cn.piflow.bundle.common.SelectField', 'Select data column', 'Common', 'DEFAULT', 'Default', 1, 'SelectField20', 'DEFAULT', 'Default', 'xjzhu@cnic.cn', '24', NULL, NULL, NULL, 'ff808181725b20fa01725b2208b001af', 1, NULL);
INSERT INTO FLOW_STOPS(ID, CRT_DTTM, CRT_USER, ENABLE_FLAG, LAST_UPDATE_DTTM, LAST_UPDATE_USER, VERSION, BUNDEL, DESCRIPTION, GROUPS, IN_PORT_TYPE, INPORTS, IS_CHECKPOINT, NAME, OUT_PORT_TYPE, OUTPORTS, OWNER, PAGE_ID, START_TIME, STATE, STOP_TIME, FK_FLOW_ID, IS_CUSTOMIZED, FK_DATA_SOURCE_ID) VALUES ('ff808181725b20fa01725b2208b101bf', parsedatetime('26-05-2020 00:00:01.00', 'dd-MM-yyyy hh:mm:ss.SS'), 'admin', 1, parsedatetime('26-05-2020 00:00:01.00', 'dd-MM-yyyy hh:mm:ss.SS'), 'admin', 0, 'cn.piflow.bundle.common.SelectField', 'Select data column', 'Common', 'DEFAULT', 'Default', 1, 'SelectField18', 'DEFAULT', 'Default', 'xjzhu@cnic.cn', '22', NULL, NULL, NULL, 'ff808181725b20fa01725b2208b001af', 1, NULL);
INSERT INTO FLOW_STOPS(ID, CRT_DTTM, CRT_USER, ENABLE_FLAG, LAST_UPDATE_DTTM, LAST_UPDATE_USER, VERSION, BUNDEL, DESCRIPTION, GROUPS, IN_PORT_TYPE, INPORTS, IS_CHECKPOINT, NAME, OUT_PORT_TYPE, OUTPORTS, OWNER, PAGE_ID, START_TIME, STATE, STOP_TIME, FK_FLOW_ID, IS_CUSTOMIZED, FK_DATA_SOURCE_ID) VALUES ('ff808181725b20fa01725b2208b101c1', parsedatetime('26-05-2020 00:00:01.00', 'dd-MM-yyyy hh:mm:ss.SS'), 'admin', 1, parsedatetime('26-05-2020 00:00:01.00', 'dd-MM-yyyy hh:mm:ss.SS'), 'admin', 0, 'cn.piflow.bundle.common.SelectField', 'Select data column', 'Common', 'DEFAULT', 'Default', 1, 'SelectField', 'DEFAULT', 'Default', 'xjzhu@cnic.cn', '15', NULL, NULL, NULL, 'ff808181725b20fa01725b2208b001af', 1, NULL);
INSERT INTO FLOW_STOPS(ID, CRT_DTTM, CRT_USER, ENABLE_FLAG, LAST_UPDATE_DTTM, LAST_UPDATE_USER, VERSION, BUNDEL, DESCRIPTION, GROUPS, IN_PORT_TYPE, INPORTS, IS_CHECKPOINT, NAME, OUT_PORT_TYPE, OUTPORTS, OWNER, PAGE_ID, START_TIME, STATE, STOP_TIME, FK_FLOW_ID, IS_CUSTOMIZED, FK_DATA_SOURCE_ID) VALUES ('ff808181725b20fa01725b2208b101c3', parsedatetime('26-05-2020 00:00:01.00', 'dd-MM-yyyy hh:mm:ss.SS'), 'admin', 1, parsedatetime('26-05-2020 00:00:01.00', 'dd-MM-yyyy hh:mm:ss.SS'), 'admin', 0, 'cn.piflow.bundle.common.MockData', 'Mock dataframe.', 'Common', 'DEFAULT', 'Default', 1, 'MockData7', 'DEFAULT', 'Default', 'xjzhu@cnic.cn', '11', NULL, NULL, NULL, 'ff808181725b20fa01725b2208b001af', 1, NULL);
INSERT INTO FLOW_STOPS(ID, CRT_DTTM, CRT_USER, ENABLE_FLAG, LAST_UPDATE_DTTM, LAST_UPDATE_USER, VERSION, BUNDEL, DESCRIPTION, GROUPS, IN_PORT_TYPE, INPORTS, IS_CHECKPOINT, NAME, OUT_PORT_TYPE, OUTPORTS, OWNER, PAGE_ID, START_TIME, STATE, STOP_TIME, FK_FLOW_ID, IS_CUSTOMIZED, FK_DATA_SOURCE_ID) VALUES ('ff808181725b20fa01725b2208b101c6', parsedatetime('26-05-2020 00:00:01.00', 'dd-MM-yyyy hh:mm:ss.SS'), 'admin', 1, parsedatetime('26-05-2020 00:00:01.00', 'dd-MM-yyyy hh:mm:ss.SS'), 'admin', 0, 'cn.piflow.bundle.common.MockData', 'Mock dataframe.', 'Common', 'DEFAULT', 'Default', 1, 'MockData', 'DEFAULT', 'Default', 'xjzhu@cnic.cn', '6', NULL, NULL, NULL, 'ff808181725b20fa01725b2208b001af', 1, NULL);

INSERT INTO FLOW_STOPS_PROPERTY(ID, CRT_DTTM, CRT_USER, ENABLE_FLAG, LAST_UPDATE_DTTM, LAST_UPDATE_USER, VERSION, ALLOWABLE_VALUES, CUSTOM_VALUE, DESCRIPTION, DISPLAY_NAME, IS_SELECT, NAME, PROPERTY_REQUIRED, PROPERTY_SENSITIVE, FK_STOPS_ID, IS_LOCKED, PROPERTY_SORT, IS_OLD_DATA) VALUES ('ff808181725b20fa01725b22085c001a', parsedatetime('26-05-2020 00:00:01.00', 'dd-MM-yyyy hh:mm:ss.SS'), 'admin', 1, parsedatetime('26-05-2020 00:00:01.00', 'dd-MM-yyyy hh:mm:ss.SS'), 'admin', 0, '[\"\"]', 'data2,data1,data2', 'Inports string are separated by commas', 'Inports', 1, 'inports', 1, 1, 'ff808181725b20fa01725b22085b0019', 1, NULL, 1);
INSERT INTO FLOW_STOPS_PROPERTY(ID, CRT_DTTM, CRT_USER, ENABLE_FLAG, LAST_UPDATE_DTTM, LAST_UPDATE_USER, VERSION, ALLOWABLE_VALUES, CUSTOM_VALUE, DESCRIPTION, DISPLAY_NAME, IS_SELECT, NAME, PROPERTY_REQUIRED, PROPERTY_SENSITIVE, FK_STOPS_ID, IS_LOCKED, PROPERTY_SORT, IS_OLD_DATA) VALUES ('ff808181725b20fa01725b22085d001c', parsedatetime('26-05-2020 00:00:01.00', 'dd-MM-yyyy hh:mm:ss.SS'), 'admin', 1, parsedatetime('26-05-2020 00:00:01.00', 'dd-MM-yyyy hh:mm:ss.SS'), 'admin', 0, '[\"\"]', 'out1,out3,out1,out2,out3', 'Output ports string with comma', 'outports', 1, 'outports', 1, 1, 'ff808181725b20fa01725b22085c001b', 1, NULL, 1);
INSERT INTO FLOW_STOPS_PROPERTY(ID, CRT_DTTM, CRT_USER, ENABLE_FLAG, LAST_UPDATE_DTTM, LAST_UPDATE_USER, VERSION, ALLOWABLE_VALUES, CUSTOM_VALUE, DESCRIPTION, DISPLAY_NAME, IS_SELECT, NAME, PROPERTY_REQUIRED, PROPERTY_SENSITIVE, FK_STOPS_ID, IS_LOCKED, PROPERTY_SORT, IS_OLD_DATA) VALUES ('ff808181725b20fa01725b22085e001e', parsedatetime('26-05-2020 00:00:01.00', 'dd-MM-yyyy hh:mm:ss.SS'), 'admin', 1, parsedatetime('26-05-2020 00:00:01.00', 'dd-MM-yyyy hh:mm:ss.SS'), 'admin', 0, '[\"\"]', 'author', 'Select the column you want,multiple columns separated by commas', 'ColumnNames', 1, 'columnNames', 1, 1, 'ff808181725b20fa01725b22085d001d', 1, NULL, 1);
INSERT INTO FLOW_STOPS_PROPERTY(ID, CRT_DTTM, CRT_USER, ENABLE_FLAG, LAST_UPDATE_DTTM, LAST_UPDATE_USER, VERSION, ALLOWABLE_VALUES, CUSTOM_VALUE, DESCRIPTION, DISPLAY_NAME, IS_SELECT, NAME, PROPERTY_REQUIRED, PROPERTY_SENSITIVE, FK_STOPS_ID, IS_LOCKED, PROPERTY_SORT, IS_OLD_DATA) VALUES ('ff808181725b20fa01725b22085e0020', parsedatetime('26-05-2020 00:00:01.00', 'dd-MM-yyyy hh:mm:ss.SS'), 'admin', 1, parsedatetime('26-05-2020 00:00:01.00', 'dd-MM-yyyy hh:mm:ss.SS'), 'admin', 0, '[\"\"]', 'age', 'Select the column you want,multiple columns separated by commas', 'ColumnNames', 1, 'columnNames', 1, 1, 'ff808181725b20fa01725b22085e001f', 1, NULL, 1);
INSERT INTO FLOW_STOPS_PROPERTY(ID, CRT_DTTM, CRT_USER, ENABLE_FLAG, LAST_UPDATE_DTTM, LAST_UPDATE_USER, VERSION, ALLOWABLE_VALUES, CUSTOM_VALUE, DESCRIPTION, DISPLAY_NAME, IS_SELECT, NAME, PROPERTY_REQUIRED, PROPERTY_SENSITIVE, FK_STOPS_ID, IS_LOCKED, PROPERTY_SORT, IS_OLD_DATA) VALUES ('ff808181725b20fa01725b22085e0022', parsedatetime('26-05-2020 00:00:01.00', 'dd-MM-yyyy hh:mm:ss.SS'), 'admin', 1, parsedatetime('26-05-2020 00:00:01.00', 'dd-MM-yyyy hh:mm:ss.SS'), 'admin', 0, '[\"\"]', 'title', 'Select the column you want,multiple columns separated by commas', 'ColumnNames', 1, 'columnNames', 1, 1, 'ff808181725b20fa01725b22085e0021', 1, NULL, 1);
INSERT INTO FLOW_STOPS_PROPERTY(ID, CRT_DTTM, CRT_USER, ENABLE_FLAG, LAST_UPDATE_DTTM, LAST_UPDATE_USER, VERSION, ALLOWABLE_VALUES, CUSTOM_VALUE, DESCRIPTION, DISPLAY_NAME, IS_SELECT, NAME, PROPERTY_REQUIRED, PROPERTY_SENSITIVE, FK_STOPS_ID, IS_LOCKED, PROPERTY_SORT, IS_OLD_DATA) VALUES ('ff808181725b20fa01725b22085e0024', parsedatetime('26-05-2020 00:00:01.00', 'dd-MM-yyyy hh:mm:ss.SS'), 'admin', 1, parsedatetime('26-05-2020 00:00:01.00', 'dd-MM-yyyy hh:mm:ss.SS'), 'admin', 0, '[\"\"]', 'title,author,age', 'Select the column you want,multiple columns separated by commas', 'ColumnNames', 1, 'columnNames', 1, 1, 'ff808181725b20fa01725b22085e0023', 1, NULL, 1);
INSERT INTO FLOW_STOPS_PROPERTY(ID, CRT_DTTM, CRT_USER, ENABLE_FLAG, LAST_UPDATE_DTTM, LAST_UPDATE_USER, VERSION, ALLOWABLE_VALUES, CUSTOM_VALUE, DESCRIPTION, DISPLAY_NAME, IS_SELECT, NAME, PROPERTY_REQUIRED, PROPERTY_SENSITIVE, FK_STOPS_ID, IS_LOCKED, PROPERTY_SORT, IS_OLD_DATA) VALUES ('ff808181725b20fa01725b22085f0026', parsedatetime('26-05-2020 00:00:01.00', 'dd-MM-yyyy hh:mm:ss.SS'), 'admin', 1, parsedatetime('26-05-2020 00:00:01.00', 'dd-MM-yyyy hh:mm:ss.SS'), 'admin', 0, '[\"\"]', '10', 'The count of dataframe', 'Count', 1, 'count', 1, 1, 'ff808181725b20fa01725b22085f0025', 1, NULL, 1);
INSERT INTO FLOW_STOPS_PROPERTY(ID, CRT_DTTM, CRT_USER, ENABLE_FLAG, LAST_UPDATE_DTTM, LAST_UPDATE_USER, VERSION, ALLOWABLE_VALUES, CUSTOM_VALUE, DESCRIPTION, DISPLAY_NAME, IS_SELECT, NAME, PROPERTY_REQUIRED, PROPERTY_SENSITIVE, FK_STOPS_ID, IS_LOCKED, PROPERTY_SORT, IS_OLD_DATA) VALUES ('ff808181725b20fa01725b22085f0027', parsedatetime('26-05-2020 00:00:01.00', 'dd-MM-yyyy hh:mm:ss.SS'), 'admin', 1, parsedatetime('26-05-2020 00:00:01.00', 'dd-MM-yyyy hh:mm:ss.SS'), 'admin', 0, '[\"\"]', 'title:String, author:String, age:Int, gender:String', 'The schema of mock data, format is column:columnType:isNullable. Separate multiple fields with commas. columnType can be String/Int/Long/Float/Double/Boolean. isNullable can be left blank, the default value is false. ', 'Schema', 1, 'schema', 1, 1, 'ff808181725b20fa01725b22085f0025', 1, NULL, 1);
INSERT INTO FLOW_STOPS_PROPERTY(ID, CRT_DTTM, CRT_USER, ENABLE_FLAG, LAST_UPDATE_DTTM, LAST_UPDATE_USER, VERSION, ALLOWABLE_VALUES, CUSTOM_VALUE, DESCRIPTION, DISPLAY_NAME, IS_SELECT, NAME, PROPERTY_REQUIRED, PROPERTY_SENSITIVE, FK_STOPS_ID, IS_LOCKED, PROPERTY_SORT, IS_OLD_DATA) VALUES ('ff808181725b20fa01725b22085f0029', parsedatetime('26-05-2020 00:00:01.00', 'dd-MM-yyyy hh:mm:ss.SS'), 'admin', 1, parsedatetime('26-05-2020 00:00:01.00', 'dd-MM-yyyy hh:mm:ss.SS'), 'admin', 0, '[\"\"]', 'title:String, author:String, age:Int', 'The schema of mock data, format is column:columnType:isNullable. Separate multiple fields with commas. columnType can be String/Int/Long/Float/Double/Boolean. isNullable can be left blank, the default value is false. ', 'Schema', 1, 'schema', 1, 1, 'ff808181725b20fa01725b22085f0028', 1, NULL, 1);
INSERT INTO FLOW_STOPS_PROPERTY(ID, CRT_DTTM, CRT_USER, ENABLE_FLAG, LAST_UPDATE_DTTM, LAST_UPDATE_USER, VERSION, ALLOWABLE_VALUES, CUSTOM_VALUE, DESCRIPTION, DISPLAY_NAME, IS_SELECT, NAME, PROPERTY_REQUIRED, PROPERTY_SENSITIVE, FK_STOPS_ID, IS_LOCKED, PROPERTY_SORT, IS_OLD_DATA) VALUES ('ff808181725b20fa01725b220860002a', parsedatetime('26-05-2020 00:00:01.00', 'dd-MM-yyyy hh:mm:ss.SS'), 'admin', 1, parsedatetime('26-05-2020 00:00:01.00', 'dd-MM-yyyy hh:mm:ss.SS'), 'admin', 0, '[\"\"]', '10', 'The count of dataframe', 'Count', 1, 'count', 1, 1, 'ff808181725b20fa01725b22085f0028', 1, NULL, 1);
INSERT INTO FLOW_STOPS_PROPERTY(ID, CRT_DTTM, CRT_USER, ENABLE_FLAG, LAST_UPDATE_DTTM, LAST_UPDATE_USER, VERSION, ALLOWABLE_VALUES, CUSTOM_VALUE, DESCRIPTION, DISPLAY_NAME, IS_SELECT, NAME, PROPERTY_REQUIRED, PROPERTY_SENSITIVE, FK_STOPS_ID, IS_LOCKED, PROPERTY_SORT, IS_OLD_DATA) VALUES ('ff808181725b20fa01725b22086e0059', parsedatetime('26-05-2020 00:00:01.00', 'dd-MM-yyyy hh:mm:ss.SS'), 'admin', 1, parsedatetime('26-05-2020 00:00:01.00', 'dd-MM-yyyy hh:mm:ss.SS'), 'admin', 0, '[\"\"]', 'title', 'Select the column you want,multiple columns separated by commas', 'ColumnNames', 1, 'columnNames', 1, 1, 'ff808181725b20fa01725b22086e0058', 1, NULL, 1);
INSERT INTO FLOW_STOPS_PROPERTY(ID, CRT_DTTM, CRT_USER, ENABLE_FLAG, LAST_UPDATE_DTTM, LAST_UPDATE_USER, VERSION, ALLOWABLE_VALUES, CUSTOM_VALUE, DESCRIPTION, DISPLAY_NAME, IS_SELECT, NAME, PROPERTY_REQUIRED, PROPERTY_SENSITIVE, FK_STOPS_ID, IS_LOCKED, PROPERTY_SORT, IS_OLD_DATA) VALUES ('ff808181725b20fa01725b22086f005b', parsedatetime('26-05-2020 00:00:01.00', 'dd-MM-yyyy hh:mm:ss.SS'), 'admin', 1, parsedatetime('26-05-2020 00:00:01.00', 'dd-MM-yyyy hh:mm:ss.SS'), 'admin', 0, '[\"\"]', 'title:String, author:String, age:Int', 'The schema of mock data, format is column:columnType:isNullable. Separate multiple fields with commas. columnType can be String/Int/Long/Float/Double/Boolean. isNullable can be left blank, the default value is false. ', 'Schema', 1, 'schema', 1, 1, 'ff808181725b20fa01725b22086e005a', 1, NULL, 1);
INSERT INTO FLOW_STOPS_PROPERTY(ID, CRT_DTTM, CRT_USER, ENABLE_FLAG, LAST_UPDATE_DTTM, LAST_UPDATE_USER, VERSION, ALLOWABLE_VALUES, CUSTOM_VALUE, DESCRIPTION, DISPLAY_NAME, IS_SELECT, NAME, PROPERTY_REQUIRED, PROPERTY_SENSITIVE, FK_STOPS_ID, IS_LOCKED, PROPERTY_SORT, IS_OLD_DATA) VALUES ('ff808181725b20fa01725b22086f005c', parsedatetime('26-05-2020 00:00:01.00', 'dd-MM-yyyy hh:mm:ss.SS'), 'admin', 1, parsedatetime('26-05-2020 00:00:01.00', 'dd-MM-yyyy hh:mm:ss.SS'), 'admin', 0, '[\"\"]', '10', 'The count of dataframe', 'Count', 1, 'count', 1, 1, 'ff808181725b20fa01725b22086e005a', 1, NULL, 1);
INSERT INTO FLOW_STOPS_PROPERTY(ID, CRT_DTTM, CRT_USER, ENABLE_FLAG, LAST_UPDATE_DTTM, LAST_UPDATE_USER, VERSION, ALLOWABLE_VALUES, CUSTOM_VALUE, DESCRIPTION, DISPLAY_NAME, IS_SELECT, NAME, PROPERTY_REQUIRED, PROPERTY_SENSITIVE, FK_STOPS_ID, IS_LOCKED, PROPERTY_SORT, IS_OLD_DATA) VALUES ('ff808181725b20fa01725b2208750074', parsedatetime('26-05-2020 00:00:01.00', 'dd-MM-yyyy hh:mm:ss.SS'), 'admin', 1, parsedatetime('26-05-2020 00:00:01.00', 'dd-MM-yyyy hh:mm:ss.SS'), 'admin', 0, '[\"\"]', 'title', 'Select the column you want,multiple columns separated by commas', 'ColumnNames', 1, 'columnNames', 1, 1, 'ff808181725b20fa01725b2208750073', 1, NULL, 1);
INSERT INTO FLOW_STOPS_PROPERTY(ID, CRT_DTTM, CRT_USER, ENABLE_FLAG, LAST_UPDATE_DTTM, LAST_UPDATE_USER, VERSION, ALLOWABLE_VALUES, CUSTOM_VALUE, DESCRIPTION, DISPLAY_NAME, IS_SELECT, NAME, PROPERTY_REQUIRED, PROPERTY_SENSITIVE, FK_STOPS_ID, IS_LOCKED, PROPERTY_SORT, IS_OLD_DATA) VALUES ('ff808181725b20fa01725b2208780076', parsedatetime('26-05-2020 00:00:01.00', 'dd-MM-yyyy hh:mm:ss.SS'), 'admin', 1, parsedatetime('26-05-2020 00:00:01.00', 'dd-MM-yyyy hh:mm:ss.SS'), 'admin', 0, '[\"\"]', 'title:String, author:String, age:Int', 'The schema of mock data, format is column:columnType:isNullable. Separate multiple fields with commas. columnType can be String/Int/Long/Float/Double/Boolean. isNullable can be left blank, the default value is false. ', 'Schema', 1, 'schema', 1, 1, 'ff808181725b20fa01725b2208750075', 1, NULL, 1);
INSERT INTO FLOW_STOPS_PROPERTY(ID, CRT_DTTM, CRT_USER, ENABLE_FLAG, LAST_UPDATE_DTTM, LAST_UPDATE_USER, VERSION, ALLOWABLE_VALUES, CUSTOM_VALUE, DESCRIPTION, DISPLAY_NAME, IS_SELECT, NAME, PROPERTY_REQUIRED, PROPERTY_SENSITIVE, FK_STOPS_ID, IS_LOCKED, PROPERTY_SORT, IS_OLD_DATA) VALUES ('ff808181725b20fa01725b2208780077', parsedatetime('26-05-2020 00:00:01.00', 'dd-MM-yyyy hh:mm:ss.SS'), 'admin', 1, parsedatetime('26-05-2020 00:00:01.00', 'dd-MM-yyyy hh:mm:ss.SS'), 'admin', 0, '[\"\"]', '10', 'The count of dataframe', 'Count', 1, 'count', 1, 1, 'ff808181725b20fa01725b2208750075', 1, NULL, 1);
INSERT INTO FLOW_STOPS_PROPERTY(ID, CRT_DTTM, CRT_USER, ENABLE_FLAG, LAST_UPDATE_DTTM, LAST_UPDATE_USER, VERSION, ALLOWABLE_VALUES, CUSTOM_VALUE, DESCRIPTION, DISPLAY_NAME, IS_SELECT, NAME, PROPERTY_REQUIRED, PROPERTY_SENSITIVE, FK_STOPS_ID, IS_LOCKED, PROPERTY_SORT, IS_OLD_DATA) VALUES ('ff808181725b20fa01725b22087b0084', parsedatetime('26-05-2020 00:00:01.00', 'dd-MM-yyyy hh:mm:ss.SS'), 'admin', 1, parsedatetime('26-05-2020 00:00:01.00', 'dd-MM-yyyy hh:mm:ss.SS'), 'admin', 0, '[\"\"]', 'title', 'Select the column you want,multiple columns separated by commas', 'ColumnNames', 1, 'columnNames', 1, 1, 'ff808181725b20fa01725b22087b0083', 1, NULL, 1);
INSERT INTO FLOW_STOPS_PROPERTY(ID, CRT_DTTM, CRT_USER, ENABLE_FLAG, LAST_UPDATE_DTTM, LAST_UPDATE_USER, VERSION, ALLOWABLE_VALUES, CUSTOM_VALUE, DESCRIPTION, DISPLAY_NAME, IS_SELECT, NAME, PROPERTY_REQUIRED, PROPERTY_SENSITIVE, FK_STOPS_ID, IS_LOCKED, PROPERTY_SORT, IS_OLD_DATA) VALUES ('ff808181725b20fa01725b22087b0086', parsedatetime('26-05-2020 00:00:01.00', 'dd-MM-yyyy hh:mm:ss.SS'), 'admin', 1, parsedatetime('26-05-2020 00:00:01.00', 'dd-MM-yyyy hh:mm:ss.SS'), 'admin', 0, '[\"\"]', 'title:String, author:String, age:Int', 'The schema of mock data, format is column:columnType:isNullable. Separate multiple fields with commas. columnType can be String/Int/Long/Float/Double/Boolean. isNullable can be left blank, the default value is false. ', 'Schema', 1, 'schema', 1, 1, 'ff808181725b20fa01725b22087b0085', 1, NULL, 1);
INSERT INTO FLOW_STOPS_PROPERTY(ID, CRT_DTTM, CRT_USER, ENABLE_FLAG, LAST_UPDATE_DTTM, LAST_UPDATE_USER, VERSION, ALLOWABLE_VALUES, CUSTOM_VALUE, DESCRIPTION, DISPLAY_NAME, IS_SELECT, NAME, PROPERTY_REQUIRED, PROPERTY_SENSITIVE, FK_STOPS_ID, IS_LOCKED, PROPERTY_SORT, IS_OLD_DATA) VALUES ('ff808181725b20fa01725b22087c0087', parsedatetime('26-05-2020 00:00:01.00', 'dd-MM-yyyy hh:mm:ss.SS'), 'admin', 1, parsedatetime('26-05-2020 00:00:01.00', 'dd-MM-yyyy hh:mm:ss.SS'), 'admin', 0, '[\"\"]', '10', 'The count of dataframe', 'Count', 1, 'count', 1, 1, 'ff808181725b20fa01725b22087b0085', 1, NULL, 1);
INSERT INTO FLOW_STOPS_PROPERTY(ID, CRT_DTTM, CRT_USER, ENABLE_FLAG, LAST_UPDATE_DTTM, LAST_UPDATE_USER, VERSION, ALLOWABLE_VALUES, CUSTOM_VALUE, DESCRIPTION, DISPLAY_NAME, IS_SELECT, NAME, PROPERTY_REQUIRED, PROPERTY_SENSITIVE, FK_STOPS_ID, IS_LOCKED, PROPERTY_SORT, IS_OLD_DATA) VALUES ('ff808181725b20fa01725b22088300a9', parsedatetime('26-05-2020 00:00:01.00', 'dd-MM-yyyy hh:mm:ss.SS'), 'admin', 1, parsedatetime('26-05-2020 00:00:01.00', 'dd-MM-yyyy hh:mm:ss.SS'), 'admin', 0, '[\"\"]', 'data2,data1,data2', 'Inports string are separated by commas', 'Inports', 1, 'inports', 1, 1, 'ff808181725b20fa01725b22088300a8', 1, NULL, 1);
INSERT INTO FLOW_STOPS_PROPERTY(ID, CRT_DTTM, CRT_USER, ENABLE_FLAG, LAST_UPDATE_DTTM, LAST_UPDATE_USER, VERSION, ALLOWABLE_VALUES, CUSTOM_VALUE, DESCRIPTION, DISPLAY_NAME, IS_SELECT, NAME, PROPERTY_REQUIRED, PROPERTY_SENSITIVE, FK_STOPS_ID, IS_LOCKED, PROPERTY_SORT, IS_OLD_DATA) VALUES ('ff808181725b20fa01725b22088300ab', parsedatetime('26-05-2020 00:00:01.00', 'dd-MM-yyyy hh:mm:ss.SS'), 'admin', 1, parsedatetime('26-05-2020 00:00:01.00', 'dd-MM-yyyy hh:mm:ss.SS'), 'admin', 0, '[\"\"]', 'out1,out3,out1,out2,out3', 'Output ports string with comma', 'outports', 1, 'outports', 1, 1, 'ff808181725b20fa01725b22088300aa', 1, NULL, 1);
INSERT INTO FLOW_STOPS_PROPERTY(ID, CRT_DTTM, CRT_USER, ENABLE_FLAG, LAST_UPDATE_DTTM, LAST_UPDATE_USER, VERSION, ALLOWABLE_VALUES, CUSTOM_VALUE, DESCRIPTION, DISPLAY_NAME, IS_SELECT, NAME, PROPERTY_REQUIRED, PROPERTY_SENSITIVE, FK_STOPS_ID, IS_LOCKED, PROPERTY_SORT, IS_OLD_DATA) VALUES ('ff808181725b20fa01725b22088400ad', parsedatetime('26-05-2020 00:00:01.00', 'dd-MM-yyyy hh:mm:ss.SS'), 'admin', 1, parsedatetime('26-05-2020 00:00:01.00', 'dd-MM-yyyy hh:mm:ss.SS'), 'admin', 0, '[\"\"]', 'author', 'Select the column you want,multiple columns separated by commas', 'ColumnNames', 1, 'columnNames', 1, 1, 'ff808181725b20fa01725b22088300ac', 1, NULL, 1);
INSERT INTO FLOW_STOPS_PROPERTY(ID, CRT_DTTM, CRT_USER, ENABLE_FLAG, LAST_UPDATE_DTTM, LAST_UPDATE_USER, VERSION, ALLOWABLE_VALUES, CUSTOM_VALUE, DESCRIPTION, DISPLAY_NAME, IS_SELECT, NAME, PROPERTY_REQUIRED, PROPERTY_SENSITIVE, FK_STOPS_ID, IS_LOCKED, PROPERTY_SORT, IS_OLD_DATA) VALUES ('ff808181725b20fa01725b22088400af', parsedatetime('26-05-2020 00:00:01.00', 'dd-MM-yyyy hh:mm:ss.SS'), 'admin', 1, parsedatetime('26-05-2020 00:00:01.00', 'dd-MM-yyyy hh:mm:ss.SS'), 'admin', 0, '[\"\"]', 'age', 'Select the column you want,multiple columns separated by commas', 'ColumnNames', 1, 'columnNames', 1, 1, 'ff808181725b20fa01725b22088400ae', 1, NULL, 1);
INSERT INTO FLOW_STOPS_PROPERTY(ID, CRT_DTTM, CRT_USER, ENABLE_FLAG, LAST_UPDATE_DTTM, LAST_UPDATE_USER, VERSION, ALLOWABLE_VALUES, CUSTOM_VALUE, DESCRIPTION, DISPLAY_NAME, IS_SELECT, NAME, PROPERTY_REQUIRED, PROPERTY_SENSITIVE, FK_STOPS_ID, IS_LOCKED, PROPERTY_SORT, IS_OLD_DATA) VALUES ('ff808181725b20fa01725b22088700b1', parsedatetime('26-05-2020 00:00:01.00', 'dd-MM-yyyy hh:mm:ss.SS'), 'admin', 1, parsedatetime('26-05-2020 00:00:01.00', 'dd-MM-yyyy hh:mm:ss.SS'), 'admin', 0, '[\"\"]', 'title', 'Select the column you want,multiple columns separated by commas', 'ColumnNames', 1, 'columnNames', 1, 1, 'ff808181725b20fa01725b22088400b0', 1, NULL, 1);
INSERT INTO FLOW_STOPS_PROPERTY(ID, CRT_DTTM, CRT_USER, ENABLE_FLAG, LAST_UPDATE_DTTM, LAST_UPDATE_USER, VERSION, ALLOWABLE_VALUES, CUSTOM_VALUE, DESCRIPTION, DISPLAY_NAME, IS_SELECT, NAME, PROPERTY_REQUIRED, PROPERTY_SENSITIVE, FK_STOPS_ID, IS_LOCKED, PROPERTY_SORT, IS_OLD_DATA) VALUES ('ff808181725b20fa01725b22088700b3', parsedatetime('26-05-2020 00:00:01.00', 'dd-MM-yyyy hh:mm:ss.SS'), 'admin', 1, parsedatetime('26-05-2020 00:00:01.00', 'dd-MM-yyyy hh:mm:ss.SS'), 'admin', 0, '[\"\"]', 'title,author,age', 'Select the column you want,multiple columns separated by commas', 'ColumnNames', 1, 'columnNames', 1, 1, 'ff808181725b20fa01725b22088700b2', 1, NULL, 1);
INSERT INTO FLOW_STOPS_PROPERTY(ID, CRT_DTTM, CRT_USER, ENABLE_FLAG, LAST_UPDATE_DTTM, LAST_UPDATE_USER, VERSION, ALLOWABLE_VALUES, CUSTOM_VALUE, DESCRIPTION, DISPLAY_NAME, IS_SELECT, NAME, PROPERTY_REQUIRED, PROPERTY_SENSITIVE, FK_STOPS_ID, IS_LOCKED, PROPERTY_SORT, IS_OLD_DATA) VALUES ('ff808181725b20fa01725b22088700b5', parsedatetime('26-05-2020 00:00:01.00', 'dd-MM-yyyy hh:mm:ss.SS'), 'admin', 1, parsedatetime('26-05-2020 00:00:01.00', 'dd-MM-yyyy hh:mm:ss.SS'), 'admin', 0, '[\"\"]', '10', 'The count of dataframe', 'Count', 1, 'count', 1, 1, 'ff808181725b20fa01725b22088700b4', 1, NULL, 1);
INSERT INTO FLOW_STOPS_PROPERTY(ID, CRT_DTTM, CRT_USER, ENABLE_FLAG, LAST_UPDATE_DTTM, LAST_UPDATE_USER, VERSION, ALLOWABLE_VALUES, CUSTOM_VALUE, DESCRIPTION, DISPLAY_NAME, IS_SELECT, NAME, PROPERTY_REQUIRED, PROPERTY_SENSITIVE, FK_STOPS_ID, IS_LOCKED, PROPERTY_SORT, IS_OLD_DATA) VALUES ('ff808181725b20fa01725b22088700b6', parsedatetime('26-05-2020 00:00:01.00', 'dd-MM-yyyy hh:mm:ss.SS'), 'admin', 1, parsedatetime('26-05-2020 00:00:01.00', 'dd-MM-yyyy hh:mm:ss.SS'), 'admin', 0, '[\"\"]', 'title:String, author:String, age:Int, gender:String', 'The schema of mock data, format is column:columnType:isNullable. Separate multiple fields with commas. columnType can be String/Int/Long/Float/Double/Boolean. isNullable can be left blank, the default value is false. ', 'Schema', 1, 'schema', 1, 1, 'ff808181725b20fa01725b22088700b4', 1, NULL, 1);
INSERT INTO FLOW_STOPS_PROPERTY(ID, CRT_DTTM, CRT_USER, ENABLE_FLAG, LAST_UPDATE_DTTM, LAST_UPDATE_USER, VERSION, ALLOWABLE_VALUES, CUSTOM_VALUE, DESCRIPTION, DISPLAY_NAME, IS_SELECT, NAME, PROPERTY_REQUIRED, PROPERTY_SENSITIVE, FK_STOPS_ID, IS_LOCKED, PROPERTY_SORT, IS_OLD_DATA) VALUES ('ff808181725b20fa01725b22088800b8', parsedatetime('26-05-2020 00:00:01.00', 'dd-MM-yyyy hh:mm:ss.SS'), 'admin', 1, parsedatetime('26-05-2020 00:00:01.00', 'dd-MM-yyyy hh:mm:ss.SS'), 'admin', 0, '[\"\"]', 'title:String, author:String, age:Int', 'The schema of mock data, format is column:columnType:isNullable. Separate multiple fields with commas. columnType can be String/Int/Long/Float/Double/Boolean. isNullable can be left blank, the default value is false. ', 'Schema', 1, 'schema', 1, 1, 'ff808181725b20fa01725b22088700b7', 1, NULL, 1);
INSERT INTO FLOW_STOPS_PROPERTY(ID, CRT_DTTM, CRT_USER, ENABLE_FLAG, LAST_UPDATE_DTTM, LAST_UPDATE_USER, VERSION, ALLOWABLE_VALUES, CUSTOM_VALUE, DESCRIPTION, DISPLAY_NAME, IS_SELECT, NAME, PROPERTY_REQUIRED, PROPERTY_SENSITIVE, FK_STOPS_ID, IS_LOCKED, PROPERTY_SORT, IS_OLD_DATA) VALUES ('ff808181725b20fa01725b22088800b9', parsedatetime('26-05-2020 00:00:01.00', 'dd-MM-yyyy hh:mm:ss.SS'), 'admin', 1, parsedatetime('26-05-2020 00:00:01.00', 'dd-MM-yyyy hh:mm:ss.SS'), 'admin', 0, '[\"\"]', '10', 'The count of dataframe', 'Count', 1, 'count', 1, 1, 'ff808181725b20fa01725b22088700b7', 1, NULL, 1);
INSERT INTO FLOW_STOPS_PROPERTY(ID, CRT_DTTM, CRT_USER, ENABLE_FLAG, LAST_UPDATE_DTTM, LAST_UPDATE_USER, VERSION, ALLOWABLE_VALUES, CUSTOM_VALUE, DESCRIPTION, DISPLAY_NAME, IS_SELECT, NAME, PROPERTY_REQUIRED, PROPERTY_SENSITIVE, FK_STOPS_ID, IS_LOCKED, PROPERTY_SORT, IS_OLD_DATA) VALUES ('ff808181725b20fa01725b22089500ee', parsedatetime('26-05-2020 00:00:01.00', 'dd-MM-yyyy hh:mm:ss.SS'), 'admin', 1, parsedatetime('26-05-2020 00:00:01.00', 'dd-MM-yyyy hh:mm:ss.SS'), 'admin', 0, '[\"\"]', 'title', 'Select the column you want,multiple columns separated by commas', 'ColumnNames', 1, 'columnNames', 1, 1, 'ff808181725b20fa01725b22089400ed', 1, NULL, 1);
INSERT INTO FLOW_STOPS_PROPERTY(ID, CRT_DTTM, CRT_USER, ENABLE_FLAG, LAST_UPDATE_DTTM, LAST_UPDATE_USER, VERSION, ALLOWABLE_VALUES, CUSTOM_VALUE, DESCRIPTION, DISPLAY_NAME, IS_SELECT, NAME, PROPERTY_REQUIRED, PROPERTY_SENSITIVE, FK_STOPS_ID, IS_LOCKED, PROPERTY_SORT, IS_OLD_DATA) VALUES ('ff808181725b20fa01725b22089500f0', parsedatetime('26-05-2020 00:00:01.00', 'dd-MM-yyyy hh:mm:ss.SS'), 'admin', 1, parsedatetime('26-05-2020 00:00:01.00', 'dd-MM-yyyy hh:mm:ss.SS'), 'admin', 0, '[\"\"]', 'title:String, author:String, age:Int', 'The schema of mock data, format is column:columnType:isNullable. Separate multiple fields with commas. columnType can be String/Int/Long/Float/Double/Boolean. isNullable can be left blank, the default value is false. ', 'Schema', 1, 'schema', 1, 1, 'ff808181725b20fa01725b22089500ef', 1, NULL, 1);
INSERT INTO FLOW_STOPS_PROPERTY(ID, CRT_DTTM, CRT_USER, ENABLE_FLAG, LAST_UPDATE_DTTM, LAST_UPDATE_USER, VERSION, ALLOWABLE_VALUES, CUSTOM_VALUE, DESCRIPTION, DISPLAY_NAME, IS_SELECT, NAME, PROPERTY_REQUIRED, PROPERTY_SENSITIVE, FK_STOPS_ID, IS_LOCKED, PROPERTY_SORT, IS_OLD_DATA) VALUES ('ff808181725b20fa01725b22089500f1', parsedatetime('26-05-2020 00:00:01.00', 'dd-MM-yyyy hh:mm:ss.SS'), 'admin', 1, parsedatetime('26-05-2020 00:00:01.00', 'dd-MM-yyyy hh:mm:ss.SS'), 'admin', 0, '[\"\"]', '10', 'The count of dataframe', 'Count', 1, 'count', 1, 1, 'ff808181725b20fa01725b22089500ef', 1, NULL, 1);
INSERT INTO FLOW_STOPS_PROPERTY(ID, CRT_DTTM, CRT_USER, ENABLE_FLAG, LAST_UPDATE_DTTM, LAST_UPDATE_USER, VERSION, ALLOWABLE_VALUES, CUSTOM_VALUE, DESCRIPTION, DISPLAY_NAME, IS_SELECT, NAME, PROPERTY_REQUIRED, PROPERTY_SENSITIVE, FK_STOPS_ID, IS_LOCKED, PROPERTY_SORT, IS_OLD_DATA) VALUES ('ff808181725b20fa01725b2208a1012e', parsedatetime('26-05-2020 00:00:01.00', 'dd-MM-yyyy hh:mm:ss.SS'), 'admin', 1, parsedatetime('26-05-2020 00:00:01.00', 'dd-MM-yyyy hh:mm:ss.SS'), 'admin', 0, '[\"\"]', 'data2,data1,data2', 'Inports string are separated by commas', 'Inports', 1, 'inports', 1, 1, 'ff808181725b20fa01725b2208a1012d', 1, NULL, 1);
INSERT INTO FLOW_STOPS_PROPERTY(ID, CRT_DTTM, CRT_USER, ENABLE_FLAG, LAST_UPDATE_DTTM, LAST_UPDATE_USER, VERSION, ALLOWABLE_VALUES, CUSTOM_VALUE, DESCRIPTION, DISPLAY_NAME, IS_SELECT, NAME, PROPERTY_REQUIRED, PROPERTY_SENSITIVE, FK_STOPS_ID, IS_LOCKED, PROPERTY_SORT, IS_OLD_DATA) VALUES ('ff808181725b20fa01725b2208a10130', parsedatetime('26-05-2020 00:00:01.00', 'dd-MM-yyyy hh:mm:ss.SS'), 'admin', 1, parsedatetime('26-05-2020 00:00:01.00', 'dd-MM-yyyy hh:mm:ss.SS'), 'admin', 0, '[\"\"]', 'out1,out3,out1,out2,out3', 'Output ports string with comma', 'outports', 1, 'outports', 1, 1, 'ff808181725b20fa01725b2208a1012f', 1, NULL, 1);
INSERT INTO FLOW_STOPS_PROPERTY(ID, CRT_DTTM, CRT_USER, ENABLE_FLAG, LAST_UPDATE_DTTM, LAST_UPDATE_USER, VERSION, ALLOWABLE_VALUES, CUSTOM_VALUE, DESCRIPTION, DISPLAY_NAME, IS_SELECT, NAME, PROPERTY_REQUIRED, PROPERTY_SENSITIVE, FK_STOPS_ID, IS_LOCKED, PROPERTY_SORT, IS_OLD_DATA) VALUES ('ff808181725b20fa01725b2208a10132', parsedatetime('26-05-2020 00:00:01.00', 'dd-MM-yyyy hh:mm:ss.SS'), 'admin', 1, parsedatetime('26-05-2020 00:00:01.00', 'dd-MM-yyyy hh:mm:ss.SS'), 'admin', 0, '[\"\"]', 'author', 'Select the column you want,multiple columns separated by commas', 'ColumnNames', 1, 'columnNames', 1, 1, 'ff808181725b20fa01725b2208a10131', 1, NULL, 1);
INSERT INTO FLOW_STOPS_PROPERTY(ID, CRT_DTTM, CRT_USER, ENABLE_FLAG, LAST_UPDATE_DTTM, LAST_UPDATE_USER, VERSION, ALLOWABLE_VALUES, CUSTOM_VALUE, DESCRIPTION, DISPLAY_NAME, IS_SELECT, NAME, PROPERTY_REQUIRED, PROPERTY_SENSITIVE, FK_STOPS_ID, IS_LOCKED, PROPERTY_SORT, IS_OLD_DATA) VALUES ('ff808181725b20fa01725b2208a10134', parsedatetime('26-05-2020 00:00:01.00', 'dd-MM-yyyy hh:mm:ss.SS'), 'admin', 1, parsedatetime('26-05-2020 00:00:01.00', 'dd-MM-yyyy hh:mm:ss.SS'), 'admin', 0, '[\"\"]', 'age', 'Select the column you want,multiple columns separated by commas', 'ColumnNames', 1, 'columnNames', 1, 1, 'ff808181725b20fa01725b2208a10133', 1, NULL, 1);
INSERT INTO FLOW_STOPS_PROPERTY(ID, CRT_DTTM, CRT_USER, ENABLE_FLAG, LAST_UPDATE_DTTM, LAST_UPDATE_USER, VERSION, ALLOWABLE_VALUES, CUSTOM_VALUE, DESCRIPTION, DISPLAY_NAME, IS_SELECT, NAME, PROPERTY_REQUIRED, PROPERTY_SENSITIVE, FK_STOPS_ID, IS_LOCKED, PROPERTY_SORT, IS_OLD_DATA) VALUES ('ff808181725b20fa01725b2208a10136', parsedatetime('26-05-2020 00:00:01.00', 'dd-MM-yyyy hh:mm:ss.SS'), 'admin', 1, parsedatetime('26-05-2020 00:00:01.00', 'dd-MM-yyyy hh:mm:ss.SS'), 'admin', 0, '[\"\"]', 'title', 'Select the column you want,multiple columns separated by commas', 'ColumnNames', 1, 'columnNames', 1, 1, 'ff808181725b20fa01725b2208a10135', 1, NULL, 1);
INSERT INTO FLOW_STOPS_PROPERTY(ID, CRT_DTTM, CRT_USER, ENABLE_FLAG, LAST_UPDATE_DTTM, LAST_UPDATE_USER, VERSION, ALLOWABLE_VALUES, CUSTOM_VALUE, DESCRIPTION, DISPLAY_NAME, IS_SELECT, NAME, PROPERTY_REQUIRED, PROPERTY_SENSITIVE, FK_STOPS_ID, IS_LOCKED, PROPERTY_SORT, IS_OLD_DATA) VALUES ('ff808181725b20fa01725b2208a10138', parsedatetime('26-05-2020 00:00:01.00', 'dd-MM-yyyy hh:mm:ss.SS'), 'admin', 1, parsedatetime('26-05-2020 00:00:01.00', 'dd-MM-yyyy hh:mm:ss.SS'), 'admin', 0, '[\"\"]', 'title,author,age', 'Select the column you want,multiple columns separated by commas', 'ColumnNames', 1, 'columnNames', 1, 1, 'ff808181725b20fa01725b2208a10137', 1, NULL, 1);
INSERT INTO FLOW_STOPS_PROPERTY(ID, CRT_DTTM, CRT_USER, ENABLE_FLAG, LAST_UPDATE_DTTM, LAST_UPDATE_USER, VERSION, ALLOWABLE_VALUES, CUSTOM_VALUE, DESCRIPTION, DISPLAY_NAME, IS_SELECT, NAME, PROPERTY_REQUIRED, PROPERTY_SENSITIVE, FK_STOPS_ID, IS_LOCKED, PROPERTY_SORT, IS_OLD_DATA) VALUES ('ff808181725b20fa01725b2208a1013a', parsedatetime('26-05-2020 00:00:01.00', 'dd-MM-yyyy hh:mm:ss.SS'), 'admin', 1, parsedatetime('26-05-2020 00:00:01.00', 'dd-MM-yyyy hh:mm:ss.SS'), 'admin', 0, '[\"\"]', '10', 'The count of dataframe', 'Count', 1, 'count', 1, 1, 'ff808181725b20fa01725b2208a10139', 1, NULL, 1);
INSERT INTO FLOW_STOPS_PROPERTY(ID, CRT_DTTM, CRT_USER, ENABLE_FLAG, LAST_UPDATE_DTTM, LAST_UPDATE_USER, VERSION, ALLOWABLE_VALUES, CUSTOM_VALUE, DESCRIPTION, DISPLAY_NAME, IS_SELECT, NAME, PROPERTY_REQUIRED, PROPERTY_SENSITIVE, FK_STOPS_ID, IS_LOCKED, PROPERTY_SORT, IS_OLD_DATA) VALUES ('ff808181725b20fa01725b2208a1013b', parsedatetime('26-05-2020 00:00:01.00', 'dd-MM-yyyy hh:mm:ss.SS'), 'admin', 1, parsedatetime('26-05-2020 00:00:01.00', 'dd-MM-yyyy hh:mm:ss.SS'), 'admin', 0, '[\"\"]', 'title:String, author:String, age:Int, gender:String', 'The schema of mock data, format is column:columnType:isNullable. Separate multiple fields with commas. columnType can be String/Int/Long/Float/Double/Boolean. isNullable can be left blank, the default value is false. ', 'Schema', 1, 'schema', 1, 1, 'ff808181725b20fa01725b2208a10139', 1, NULL, 1);
INSERT INTO FLOW_STOPS_PROPERTY(ID, CRT_DTTM, CRT_USER, ENABLE_FLAG, LAST_UPDATE_DTTM, LAST_UPDATE_USER, VERSION, ALLOWABLE_VALUES, CUSTOM_VALUE, DESCRIPTION, DISPLAY_NAME, IS_SELECT, NAME, PROPERTY_REQUIRED, PROPERTY_SENSITIVE, FK_STOPS_ID, IS_LOCKED, PROPERTY_SORT, IS_OLD_DATA) VALUES ('ff808181725b20fa01725b2208a2013d', parsedatetime('26-05-2020 00:00:01.00', 'dd-MM-yyyy hh:mm:ss.SS'), 'admin', 1, parsedatetime('26-05-2020 00:00:01.00', 'dd-MM-yyyy hh:mm:ss.SS'), 'admin', 0, '[\"\"]', 'title:String, author:String, age:Int', 'The schema of mock data, format is column:columnType:isNullable. Separate multiple fields with commas. columnType can be String/Int/Long/Float/Double/Boolean. isNullable can be left blank, the default value is false. ', 'Schema', 1, 'schema', 1, 1, 'ff808181725b20fa01725b2208a2013c', 1, NULL, 1);
INSERT INTO FLOW_STOPS_PROPERTY(ID, CRT_DTTM, CRT_USER, ENABLE_FLAG, LAST_UPDATE_DTTM, LAST_UPDATE_USER, VERSION, ALLOWABLE_VALUES, CUSTOM_VALUE, DESCRIPTION, DISPLAY_NAME, IS_SELECT, NAME, PROPERTY_REQUIRED, PROPERTY_SENSITIVE, FK_STOPS_ID, IS_LOCKED, PROPERTY_SORT, IS_OLD_DATA) VALUES ('ff808181725b20fa01725b2208a2013e', parsedatetime('26-05-2020 00:00:01.00', 'dd-MM-yyyy hh:mm:ss.SS'), 'admin', 1, parsedatetime('26-05-2020 00:00:01.00', 'dd-MM-yyyy hh:mm:ss.SS'), 'admin', 0, '[\"\"]', '10', 'The count of dataframe', 'Count', 1, 'count', 1, 1, 'ff808181725b20fa01725b2208a2013c', 1, NULL, 1);
INSERT INTO FLOW_STOPS_PROPERTY(ID, CRT_DTTM, CRT_USER, ENABLE_FLAG, LAST_UPDATE_DTTM, LAST_UPDATE_USER, VERSION, ALLOWABLE_VALUES, CUSTOM_VALUE, DESCRIPTION, DISPLAY_NAME, IS_SELECT, NAME, PROPERTY_REQUIRED, PROPERTY_SENSITIVE, FK_STOPS_ID, IS_LOCKED, PROPERTY_SORT, IS_OLD_DATA) VALUES ('ff808181725b20fa01725b2208a90173', parsedatetime('26-05-2020 00:00:01.00', 'dd-MM-yyyy hh:mm:ss.SS'), 'admin', 1, parsedatetime('26-05-2020 00:00:01.00', 'dd-MM-yyyy hh:mm:ss.SS'), 'admin', 0, '[\"\"]', 'data2,data1,data2', 'Inports string are separated by commas', 'Inports', 1, 'inports', 1, 1, 'ff808181725b20fa01725b2208a90172', 1, NULL, 1);
INSERT INTO FLOW_STOPS_PROPERTY(ID, CRT_DTTM, CRT_USER, ENABLE_FLAG, LAST_UPDATE_DTTM, LAST_UPDATE_USER, VERSION, ALLOWABLE_VALUES, CUSTOM_VALUE, DESCRIPTION, DISPLAY_NAME, IS_SELECT, NAME, PROPERTY_REQUIRED, PROPERTY_SENSITIVE, FK_STOPS_ID, IS_LOCKED, PROPERTY_SORT, IS_OLD_DATA) VALUES ('ff808181725b20fa01725b2208a90175', parsedatetime('26-05-2020 00:00:01.00', 'dd-MM-yyyy hh:mm:ss.SS'), 'admin', 1, parsedatetime('26-05-2020 00:00:01.00', 'dd-MM-yyyy hh:mm:ss.SS'), 'admin', 0, '[\"\"]', 'out1,out3,out1,out2,out3', 'Output ports string with comma', 'outports', 1, 'outports', 1, 1, 'ff808181725b20fa01725b2208a90174', 1, NULL, 1);
INSERT INTO FLOW_STOPS_PROPERTY(ID, CRT_DTTM, CRT_USER, ENABLE_FLAG, LAST_UPDATE_DTTM, LAST_UPDATE_USER, VERSION, ALLOWABLE_VALUES, CUSTOM_VALUE, DESCRIPTION, DISPLAY_NAME, IS_SELECT, NAME, PROPERTY_REQUIRED, PROPERTY_SENSITIVE, FK_STOPS_ID, IS_LOCKED, PROPERTY_SORT, IS_OLD_DATA) VALUES ('ff808181725b20fa01725b2208a90177', parsedatetime('26-05-2020 00:00:01.00', 'dd-MM-yyyy hh:mm:ss.SS'), 'admin', 1, parsedatetime('26-05-2020 00:00:01.00', 'dd-MM-yyyy hh:mm:ss.SS'), 'admin', 0, '[\"\"]', 'author', 'Select the column you want,multiple columns separated by commas', 'ColumnNames', 1, 'columnNames', 1, 1, 'ff808181725b20fa01725b2208a90176', 1, NULL, 1);
INSERT INTO FLOW_STOPS_PROPERTY(ID, CRT_DTTM, CRT_USER, ENABLE_FLAG, LAST_UPDATE_DTTM, LAST_UPDATE_USER, VERSION, ALLOWABLE_VALUES, CUSTOM_VALUE, DESCRIPTION, DISPLAY_NAME, IS_SELECT, NAME, PROPERTY_REQUIRED, PROPERTY_SENSITIVE, FK_STOPS_ID, IS_LOCKED, PROPERTY_SORT, IS_OLD_DATA) VALUES ('ff808181725b20fa01725b2208aa0179', parsedatetime('26-05-2020 00:00:01.00', 'dd-MM-yyyy hh:mm:ss.SS'), 'admin', 1, parsedatetime('26-05-2020 00:00:01.00', 'dd-MM-yyyy hh:mm:ss.SS'), 'admin', 0, '[\"\"]', 'age', 'Select the column you want,multiple columns separated by commas', 'ColumnNames', 1, 'columnNames', 1, 1, 'ff808181725b20fa01725b2208a90178', 1, NULL, 1);
INSERT INTO FLOW_STOPS_PROPERTY(ID, CRT_DTTM, CRT_USER, ENABLE_FLAG, LAST_UPDATE_DTTM, LAST_UPDATE_USER, VERSION, ALLOWABLE_VALUES, CUSTOM_VALUE, DESCRIPTION, DISPLAY_NAME, IS_SELECT, NAME, PROPERTY_REQUIRED, PROPERTY_SENSITIVE, FK_STOPS_ID, IS_LOCKED, PROPERTY_SORT, IS_OLD_DATA) VALUES ('ff808181725b20fa01725b2208aa017b', parsedatetime('26-05-2020 00:00:01.00', 'dd-MM-yyyy hh:mm:ss.SS'), 'admin', 1, parsedatetime('26-05-2020 00:00:01.00', 'dd-MM-yyyy hh:mm:ss.SS'), 'admin', 0, '[\"\"]', 'title', 'Select the column you want,multiple columns separated by commas', 'ColumnNames', 1, 'columnNames', 1, 1, 'ff808181725b20fa01725b2208aa017a', 1, NULL, 1);
INSERT INTO FLOW_STOPS_PROPERTY(ID, CRT_DTTM, CRT_USER, ENABLE_FLAG, LAST_UPDATE_DTTM, LAST_UPDATE_USER, VERSION, ALLOWABLE_VALUES, CUSTOM_VALUE, DESCRIPTION, DISPLAY_NAME, IS_SELECT, NAME, PROPERTY_REQUIRED, PROPERTY_SENSITIVE, FK_STOPS_ID, IS_LOCKED, PROPERTY_SORT, IS_OLD_DATA) VALUES ('ff808181725b20fa01725b2208ac017d', parsedatetime('26-05-2020 00:00:01.00', 'dd-MM-yyyy hh:mm:ss.SS'), 'admin', 1, parsedatetime('26-05-2020 00:00:01.00', 'dd-MM-yyyy hh:mm:ss.SS'), 'admin', 0, '[\"\"]', 'title,author,age', 'Select the column you want,multiple columns separated by commas', 'ColumnNames', 1, 'columnNames', 1, 1, 'ff808181725b20fa01725b2208ac017c', 1, NULL, 1);
INSERT INTO FLOW_STOPS_PROPERTY(ID, CRT_DTTM, CRT_USER, ENABLE_FLAG, LAST_UPDATE_DTTM, LAST_UPDATE_USER, VERSION, ALLOWABLE_VALUES, CUSTOM_VALUE, DESCRIPTION, DISPLAY_NAME, IS_SELECT, NAME, PROPERTY_REQUIRED, PROPERTY_SENSITIVE, FK_STOPS_ID, IS_LOCKED, PROPERTY_SORT, IS_OLD_DATA) VALUES ('ff808181725b20fa01725b2208ae017f', parsedatetime('26-05-2020 00:00:01.00', 'dd-MM-yyyy hh:mm:ss.SS'), 'admin', 1, parsedatetime('26-05-2020 00:00:01.00', 'dd-MM-yyyy hh:mm:ss.SS'), 'admin', 0, '[\"\"]', '10', 'The count of dataframe', 'Count', 1, 'count', 1, 1, 'ff808181725b20fa01725b2208ac017e', 1, NULL, 1);
INSERT INTO FLOW_STOPS_PROPERTY(ID, CRT_DTTM, CRT_USER, ENABLE_FLAG, LAST_UPDATE_DTTM, LAST_UPDATE_USER, VERSION, ALLOWABLE_VALUES, CUSTOM_VALUE, DESCRIPTION, DISPLAY_NAME, IS_SELECT, NAME, PROPERTY_REQUIRED, PROPERTY_SENSITIVE, FK_STOPS_ID, IS_LOCKED, PROPERTY_SORT, IS_OLD_DATA) VALUES ('ff808181725b20fa01725b2208ae0180', parsedatetime('26-05-2020 00:00:01.00', 'dd-MM-yyyy hh:mm:ss.SS'), 'admin', 1, parsedatetime('26-05-2020 00:00:01.00', 'dd-MM-yyyy hh:mm:ss.SS'), 'admin', 0, '[\"\"]', 'title:String, author:String, age:Int, gender:String', 'The schema of mock data, format is column:columnType:isNullable. Separate multiple fields with commas. columnType can be String/Int/Long/Float/Double/Boolean. isNullable can be left blank, the default value is false. ', 'Schema', 1, 'schema', 1, 1, 'ff808181725b20fa01725b2208ac017e', 1, NULL, 1);
INSERT INTO FLOW_STOPS_PROPERTY(ID, CRT_DTTM, CRT_USER, ENABLE_FLAG, LAST_UPDATE_DTTM, LAST_UPDATE_USER, VERSION, ALLOWABLE_VALUES, CUSTOM_VALUE, DESCRIPTION, DISPLAY_NAME, IS_SELECT, NAME, PROPERTY_REQUIRED, PROPERTY_SENSITIVE, FK_STOPS_ID, IS_LOCKED, PROPERTY_SORT, IS_OLD_DATA) VALUES ('ff808181725b20fa01725b2208af0182', parsedatetime('26-05-2020 00:00:01.00', 'dd-MM-yyyy hh:mm:ss.SS'), 'admin', 1, parsedatetime('26-05-2020 00:00:01.00', 'dd-MM-yyyy hh:mm:ss.SS'), 'admin', 0, '[\"\"]', 'title:String, author:String, age:Int', 'The schema of mock data, format is column:columnType:isNullable. Separate multiple fields with commas. columnType can be String/Int/Long/Float/Double/Boolean. isNullable can be left blank, the default value is false. ', 'Schema', 1, 'schema', 1, 1, 'ff808181725b20fa01725b2208af0181', 1, NULL, 1);
INSERT INTO FLOW_STOPS_PROPERTY(ID, CRT_DTTM, CRT_USER, ENABLE_FLAG, LAST_UPDATE_DTTM, LAST_UPDATE_USER, VERSION, ALLOWABLE_VALUES, CUSTOM_VALUE, DESCRIPTION, DISPLAY_NAME, IS_SELECT, NAME, PROPERTY_REQUIRED, PROPERTY_SENSITIVE, FK_STOPS_ID, IS_LOCKED, PROPERTY_SORT, IS_OLD_DATA) VALUES ('ff808181725b20fa01725b2208af0183', parsedatetime('26-05-2020 00:00:01.00', 'dd-MM-yyyy hh:mm:ss.SS'), 'admin', 1, parsedatetime('26-05-2020 00:00:01.00', 'dd-MM-yyyy hh:mm:ss.SS'), 'admin', 0, '[\"\"]', '10', 'The count of dataframe', 'Count', 1, 'count', 1, 1, 'ff808181725b20fa01725b2208af0181', 1, NULL, 1);
INSERT INTO FLOW_STOPS_PROPERTY(ID, CRT_DTTM, CRT_USER, ENABLE_FLAG, LAST_UPDATE_DTTM, LAST_UPDATE_USER, VERSION, ALLOWABLE_VALUES, CUSTOM_VALUE, DESCRIPTION, DISPLAY_NAME, IS_SELECT, NAME, PROPERTY_REQUIRED, PROPERTY_SENSITIVE, FK_STOPS_ID, IS_LOCKED, PROPERTY_SORT, IS_OLD_DATA) VALUES ('ff808181725b20fa01725b2208b001b8', parsedatetime('26-05-2020 00:00:01.00', 'dd-MM-yyyy hh:mm:ss.SS'), 'admin', 1, parsedatetime('26-05-2020 00:00:01.00', 'dd-MM-yyyy hh:mm:ss.SS'), 'admin', 0, '[\"\"]', 'data2,data1,data2', 'Inports string are separated by commas', 'Inports', 1, 'inports', 1, 1, 'ff808181725b20fa01725b2208b001b7', 1, NULL, 1);
INSERT INTO FLOW_STOPS_PROPERTY(ID, CRT_DTTM, CRT_USER, ENABLE_FLAG, LAST_UPDATE_DTTM, LAST_UPDATE_USER, VERSION, ALLOWABLE_VALUES, CUSTOM_VALUE, DESCRIPTION, DISPLAY_NAME, IS_SELECT, NAME, PROPERTY_REQUIRED, PROPERTY_SENSITIVE, FK_STOPS_ID, IS_LOCKED, PROPERTY_SORT, IS_OLD_DATA) VALUES ('ff808181725b20fa01725b2208b001ba', parsedatetime('26-05-2020 00:00:01.00', 'dd-MM-yyyy hh:mm:ss.SS'), 'admin', 1, parsedatetime('26-05-2020 00:00:01.00', 'dd-MM-yyyy hh:mm:ss.SS'), 'admin', 0, '[\"\"]', 'out1,out3,out1,out2,out3', 'Output ports string with comma', 'outports', 1, 'outports', 1, 1, 'ff808181725b20fa01725b2208b001b9', 1, NULL, 1);
INSERT INTO FLOW_STOPS_PROPERTY(ID, CRT_DTTM, CRT_USER, ENABLE_FLAG, LAST_UPDATE_DTTM, LAST_UPDATE_USER, VERSION, ALLOWABLE_VALUES, CUSTOM_VALUE, DESCRIPTION, DISPLAY_NAME, IS_SELECT, NAME, PROPERTY_REQUIRED, PROPERTY_SENSITIVE, FK_STOPS_ID, IS_LOCKED, PROPERTY_SORT, IS_OLD_DATA) VALUES ('ff808181725b20fa01725b2208b001bc', parsedatetime('26-05-2020 00:00:01.00', 'dd-MM-yyyy hh:mm:ss.SS'), 'admin', 1, parsedatetime('26-05-2020 00:00:01.00', 'dd-MM-yyyy hh:mm:ss.SS'), 'admin', 0, '[\"\"]', 'author', 'Select the column you want,multiple columns separated by commas', 'ColumnNames', 1, 'columnNames', 1, 1, 'ff808181725b20fa01725b2208b001bb', 1, NULL, 1);
INSERT INTO FLOW_STOPS_PROPERTY(ID, CRT_DTTM, CRT_USER, ENABLE_FLAG, LAST_UPDATE_DTTM, LAST_UPDATE_USER, VERSION, ALLOWABLE_VALUES, CUSTOM_VALUE, DESCRIPTION, DISPLAY_NAME, IS_SELECT, NAME, PROPERTY_REQUIRED, PROPERTY_SENSITIVE, FK_STOPS_ID, IS_LOCKED, PROPERTY_SORT, IS_OLD_DATA) VALUES ('ff808181725b20fa01725b2208b101be', parsedatetime('26-05-2020 00:00:01.00', 'dd-MM-yyyy hh:mm:ss.SS'), 'admin', 1, parsedatetime('26-05-2020 00:00:01.00', 'dd-MM-yyyy hh:mm:ss.SS'), 'admin', 0, '[\"\"]', 'age', 'Select the column you want,multiple columns separated by commas', 'ColumnNames', 1, 'columnNames', 1, 1, 'ff808181725b20fa01725b2208b101bd', 1, NULL, 1);
INSERT INTO FLOW_STOPS_PROPERTY(ID, CRT_DTTM, CRT_USER, ENABLE_FLAG, LAST_UPDATE_DTTM, LAST_UPDATE_USER, VERSION, ALLOWABLE_VALUES, CUSTOM_VALUE, DESCRIPTION, DISPLAY_NAME, IS_SELECT, NAME, PROPERTY_REQUIRED, PROPERTY_SENSITIVE, FK_STOPS_ID, IS_LOCKED, PROPERTY_SORT, IS_OLD_DATA) VALUES ('ff808181725b20fa01725b2208b101c0', parsedatetime('26-05-2020 00:00:01.00', 'dd-MM-yyyy hh:mm:ss.SS'), 'admin', 1, parsedatetime('26-05-2020 00:00:01.00', 'dd-MM-yyyy hh:mm:ss.SS'), 'admin', 0, '[\"\"]', 'title', 'Select the column you want,multiple columns separated by commas', 'ColumnNames', 1, 'columnNames', 1, 1, 'ff808181725b20fa01725b2208b101bf', 1, NULL, 1);
INSERT INTO FLOW_STOPS_PROPERTY(ID, CRT_DTTM, CRT_USER, ENABLE_FLAG, LAST_UPDATE_DTTM, LAST_UPDATE_USER, VERSION, ALLOWABLE_VALUES, CUSTOM_VALUE, DESCRIPTION, DISPLAY_NAME, IS_SELECT, NAME, PROPERTY_REQUIRED, PROPERTY_SENSITIVE, FK_STOPS_ID, IS_LOCKED, PROPERTY_SORT, IS_OLD_DATA) VALUES ('ff808181725b20fa01725b2208b101c2', parsedatetime('26-05-2020 00:00:01.00', 'dd-MM-yyyy hh:mm:ss.SS'), 'admin', 1, parsedatetime('26-05-2020 00:00:01.00', 'dd-MM-yyyy hh:mm:ss.SS'), 'admin', 0, '[\"\"]', 'title,author,age', 'Select the column you want,multiple columns separated by commas', 'ColumnNames', 1, 'columnNames', 1, 1, 'ff808181725b20fa01725b2208b101c1', 1, NULL, 1);
INSERT INTO FLOW_STOPS_PROPERTY(ID, CRT_DTTM, CRT_USER, ENABLE_FLAG, LAST_UPDATE_DTTM, LAST_UPDATE_USER, VERSION, ALLOWABLE_VALUES, CUSTOM_VALUE, DESCRIPTION, DISPLAY_NAME, IS_SELECT, NAME, PROPERTY_REQUIRED, PROPERTY_SENSITIVE, FK_STOPS_ID, IS_LOCKED, PROPERTY_SORT, IS_OLD_DATA) VALUES ('ff808181725b20fa01725b2208b101c4', parsedatetime('26-05-2020 00:00:01.00', 'dd-MM-yyyy hh:mm:ss.SS'), 'admin', 1, parsedatetime('26-05-2020 00:00:01.00', 'dd-MM-yyyy hh:mm:ss.SS'), 'admin', 0, '[\"\"]', '10', 'The count of dataframe', 'Count', 1, 'count', 1, 1, 'ff808181725b20fa01725b2208b101c3', 1, NULL, 1);
INSERT INTO FLOW_STOPS_PROPERTY(ID, CRT_DTTM, CRT_USER, ENABLE_FLAG, LAST_UPDATE_DTTM, LAST_UPDATE_USER, VERSION, ALLOWABLE_VALUES, CUSTOM_VALUE, DESCRIPTION, DISPLAY_NAME, IS_SELECT, NAME, PROPERTY_REQUIRED, PROPERTY_SENSITIVE, FK_STOPS_ID, IS_LOCKED, PROPERTY_SORT, IS_OLD_DATA) VALUES ('ff808181725b20fa01725b2208b101c5', parsedatetime('26-05-2020 00:00:01.00', 'dd-MM-yyyy hh:mm:ss.SS'), 'admin', 1, parsedatetime('26-05-2020 00:00:01.00', 'dd-MM-yyyy hh:mm:ss.SS'), 'admin', 0, '[\"\"]', 'title:String, author:String, age:Int, gender:String', 'The schema of mock data, format is column:columnType:isNullable. Separate multiple fields with commas. columnType can be String/Int/Long/Float/Double/Boolean. isNullable can be left blank, the default value is false. ', 'Schema', 1, 'schema', 1, 1, 'ff808181725b20fa01725b2208b101c3', 1, NULL, 1);
INSERT INTO FLOW_STOPS_PROPERTY(ID, CRT_DTTM, CRT_USER, ENABLE_FLAG, LAST_UPDATE_DTTM, LAST_UPDATE_USER, VERSION, ALLOWABLE_VALUES, CUSTOM_VALUE, DESCRIPTION, DISPLAY_NAME, IS_SELECT, NAME, PROPERTY_REQUIRED, PROPERTY_SENSITIVE, FK_STOPS_ID, IS_LOCKED, PROPERTY_SORT, IS_OLD_DATA) VALUES ('ff808181725b20fa01725b2208b101c7', parsedatetime('26-05-2020 00:00:01.00', 'dd-MM-yyyy hh:mm:ss.SS'), 'admin', 1, parsedatetime('26-05-2020 00:00:01.00', 'dd-MM-yyyy hh:mm:ss.SS'), 'admin', 0, '[\"\"]', 'title:String, author:String, age:Int', 'The schema of mock data, format is column:columnType:isNullable. Separate multiple fields with commas. columnType can be String/Int/Long/Float/Double/Boolean. isNullable can be left blank, the default value is false. ', 'Schema', 1, 'schema', 1, 1, 'ff808181725b20fa01725b2208b101c6', 1, NULL, 1);
INSERT INTO FLOW_STOPS_PROPERTY(ID, CRT_DTTM, CRT_USER, ENABLE_FLAG, LAST_UPDATE_DTTM, LAST_UPDATE_USER, VERSION, ALLOWABLE_VALUES, CUSTOM_VALUE, DESCRIPTION, DISPLAY_NAME, IS_SELECT, NAME, PROPERTY_REQUIRED, PROPERTY_SENSITIVE, FK_STOPS_ID, IS_LOCKED, PROPERTY_SORT, IS_OLD_DATA) VALUES ('ff808181725b20fa01725b2208b101c8', parsedatetime('26-05-2020 00:00:01.00', 'dd-MM-yyyy hh:mm:ss.SS'), 'admin', 1, parsedatetime('26-05-2020 00:00:01.00', 'dd-MM-yyyy hh:mm:ss.SS'), 'admin', 0, '[\"\"]', '10', 'The count of dataframe', 'Count', 1, 'count', 1, 1, 'ff808181725b20fa01725b2208b101c6', 1, NULL, 1);

INSERT INTO MX_GRAPH_MODEL(ID, CRT_DTTM, CRT_USER, ENABLE_FLAG, LAST_UPDATE_DTTM, LAST_UPDATE_USER, VERSION, MX_ARROWS, MX_BACKGROUND, MX_CONNECT, MX_DX, MX_DY, MX_FOLD, MX_GRID, MX_GRIDSIZE, MX_GUIDES, MX_PAGE, MX_PAGEHEIGHT, MX_PAGESCALE, MX_PAGEWIDTH, MX_TOOLTIPS, FK_FLOW_ID, FK_FLOW_GROUP_ID, FK_PROCESS_ID, FK_PROCESS_GROUP_ID) VALUES ('ff808181725b20fa01725b21da2e0002', parsedatetime('26-05-2020 00:00:01.00', 'dd-MM-yyyy hh:mm:ss.SS'), 'admin', 1, parsedatetime('26-05-2020 00:00:01.00', 'dd-MM-yyyy hh:mm:ss.SS'), 'admin', 0, NULL, NULL, NULL, NULL, NULL, NULL, NULL, NULL, NULL, NULL, NULL, NULL, NULL, NULL, NULL, 'ff808181725050fe017250group10002', NULL, NULL);
INSERT INTO MX_GRAPH_MODEL(ID, CRT_DTTM, CRT_USER, ENABLE_FLAG, LAST_UPDATE_DTTM, LAST_UPDATE_USER, VERSION, MX_ARROWS, MX_BACKGROUND, MX_CONNECT, MX_DX, MX_DY, MX_FOLD, MX_GRID, MX_GRIDSIZE, MX_GUIDES, MX_PAGE, MX_PAGEHEIGHT, MX_PAGESCALE, MX_PAGEWIDTH, MX_TOOLTIPS, FK_FLOW_ID, FK_FLOW_GROUP_ID, FK_PROCESS_ID, FK_PROCESS_GROUP_ID) VALUES ('ff808181725b20fa01725b2208540004', parsedatetime('26-05-2020 00:00:01.00', 'dd-MM-yyyy hh:mm:ss.SS'), 'admin', 1, parsedatetime('26-05-2020 00:00:01.00', 'dd-MM-yyyy hh:mm:ss.SS'), 'admin', 0, NULL, NULL, NULL, NULL, NULL, NULL, NULL, NULL, NULL, NULL, NULL, NULL, NULL, NULL, NULL, 'ff808181725b20fa01725b2208530003', NULL, NULL);
INSERT INTO MX_GRAPH_MODEL(ID, CRT_DTTM, CRT_USER, ENABLE_FLAG, LAST_UPDATE_DTTM, LAST_UPDATE_USER, VERSION, MX_ARROWS, MX_BACKGROUND, MX_CONNECT, MX_DX, MX_DY, MX_FOLD, MX_GRID, MX_GRIDSIZE, MX_GUIDES, MX_PAGE, MX_PAGEHEIGHT, MX_PAGESCALE, MX_PAGEWIDTH, MX_TOOLTIPS, FK_FLOW_ID, FK_FLOW_GROUP_ID, FK_PROCESS_ID, FK_PROCESS_GROUP_ID) VALUES ('ff808181725b20fa01725b2208560008', parsedatetime('26-05-2020 00:00:01.00', 'dd-MM-yyyy hh:mm:ss.SS'), 'admin', 1, parsedatetime('26-05-2020 00:00:01.00', 'dd-MM-yyyy hh:mm:ss.SS'), 'admin', 0, NULL, NULL, NULL, NULL, NULL, NULL, NULL, NULL, NULL, NULL, NULL, NULL, NULL, NULL, NULL, 'ff808181725b20fa01725b2208550007', NULL, NULL);
INSERT INTO MX_GRAPH_MODEL(ID, CRT_DTTM, CRT_USER, ENABLE_FLAG, LAST_UPDATE_DTTM, LAST_UPDATE_USER, VERSION, MX_ARROWS, MX_BACKGROUND, MX_CONNECT, MX_DX, MX_DY, MX_FOLD, MX_GRID, MX_GRIDSIZE, MX_GUIDES, MX_PAGE, MX_PAGEHEIGHT, MX_PAGESCALE, MX_PAGEWIDTH, MX_TOOLTIPS, FK_FLOW_ID, FK_FLOW_GROUP_ID, FK_PROCESS_ID, FK_PROCESS_GROUP_ID) VALUES ('ff808181725b20fa01725b220856000c', parsedatetime('26-05-2020 00:00:01.00', 'dd-MM-yyyy hh:mm:ss.SS'), 'admin', 1, parsedatetime('26-05-2020 00:00:01.00', 'dd-MM-yyyy hh:mm:ss.SS'), 'admin', 0, NULL, NULL, NULL, NULL, NULL, NULL, NULL, NULL, NULL, NULL, NULL, NULL, NULL, NULL, NULL, 'ff808181725b20fa01725b220856000b', NULL, NULL);
INSERT INTO MX_GRAPH_MODEL(ID, CRT_DTTM, CRT_USER, ENABLE_FLAG, LAST_UPDATE_DTTM, LAST_UPDATE_USER, VERSION, MX_ARROWS, MX_BACKGROUND, MX_CONNECT, MX_DX, MX_DY, MX_FOLD, MX_GRID, MX_GRIDSIZE, MX_GUIDES, MX_PAGE, MX_PAGEHEIGHT, MX_PAGESCALE, MX_PAGEWIDTH, MX_TOOLTIPS, FK_FLOW_ID, FK_FLOW_GROUP_ID, FK_PROCESS_ID, FK_PROCESS_GROUP_ID) VALUES ('ff808181725b20fa01725b220860002b', parsedatetime('26-05-2020 00:00:01.00', 'dd-MM-yyyy hh:mm:ss.SS'), 'admin', 1, parsedatetime('26-05-2020 00:00:01.00', 'dd-MM-yyyy hh:mm:ss.SS'), 'admin', 0, '1', NULL, '1', '1366', '1283', '1', '1', '10', '1', '1', '1169', '1', '827', '1', 'ff808181725b20fa01725b2208590011', NULL, NULL, NULL);
INSERT INTO MX_GRAPH_MODEL(ID, CRT_DTTM, CRT_USER, ENABLE_FLAG, LAST_UPDATE_DTTM, LAST_UPDATE_USER, VERSION, MX_ARROWS, MX_BACKGROUND, MX_CONNECT, MX_DX, MX_DY, MX_FOLD, MX_GRID, MX_GRIDSIZE, MX_GUIDES, MX_PAGE, MX_PAGEHEIGHT, MX_PAGESCALE, MX_PAGEWIDTH, MX_TOOLTIPS, FK_FLOW_ID, FK_FLOW_GROUP_ID, FK_PROCESS_ID, FK_PROCESS_GROUP_ID) VALUES ('ff808181725b20fa01725b22086f005d', parsedatetime('26-05-2020 00:00:01.00', 'dd-MM-yyyy hh:mm:ss.SS'), 'admin', 1, parsedatetime('26-05-2020 00:00:01.00', 'dd-MM-yyyy hh:mm:ss.SS'), 'admin', 0, '1', NULL, '1', '1732', '1283', '1', '1', '10', '1', '1', '1169', '1', '827', '1', 'ff808181725b20fa01725b22086e0056', NULL, NULL, NULL);
INSERT INTO MX_GRAPH_MODEL(ID, CRT_DTTM, CRT_USER, ENABLE_FLAG, LAST_UPDATE_DTTM, LAST_UPDATE_USER, VERSION, MX_ARROWS, MX_BACKGROUND, MX_CONNECT, MX_DX, MX_DY, MX_FOLD, MX_GRID, MX_GRIDSIZE, MX_GUIDES, MX_PAGE, MX_PAGEHEIGHT, MX_PAGESCALE, MX_PAGEWIDTH, MX_TOOLTIPS, FK_FLOW_ID, FK_FLOW_GROUP_ID, FK_PROCESS_ID, FK_PROCESS_GROUP_ID) VALUES ('ff808181725b20fa01725b2208700066', parsedatetime('26-05-2020 00:00:01.00', 'dd-MM-yyyy hh:mm:ss.SS'), 'admin', 1, parsedatetime('26-05-2020 00:00:01.00', 'dd-MM-yyyy hh:mm:ss.SS'), 'admin', 0, '1', NULL, '1', '2036', '1283', '1', '1', '10', '1', '1', '1169', '1', '827', '1', NULL, 'ff808181725b20fa01725b220859000f', NULL, NULL);
INSERT INTO MX_GRAPH_MODEL(ID, CRT_DTTM, CRT_USER, ENABLE_FLAG, LAST_UPDATE_DTTM, LAST_UPDATE_USER, VERSION, MX_ARROWS, MX_BACKGROUND, MX_CONNECT, MX_DX, MX_DY, MX_FOLD, MX_GRID, MX_GRIDSIZE, MX_GUIDES, MX_PAGE, MX_PAGEHEIGHT, MX_PAGESCALE, MX_PAGEWIDTH, MX_TOOLTIPS, FK_FLOW_ID, FK_FLOW_GROUP_ID, FK_PROCESS_ID, FK_PROCESS_GROUP_ID) VALUES ('ff808181725b20fa01725b2208780078', parsedatetime('26-05-2020 00:00:01.00', 'dd-MM-yyyy hh:mm:ss.SS'), 'admin', 1, parsedatetime('26-05-2020 00:00:01.00', 'dd-MM-yyyy hh:mm:ss.SS'), 'admin', 0, '1', NULL, '1', '1732', '1283', '1', '1', '10', '1', '1', '1169', '1', '827', '1', 'ff808181725b20fa01725b2208730071', NULL, NULL, NULL);
INSERT INTO MX_GRAPH_MODEL(ID, CRT_DTTM, CRT_USER, ENABLE_FLAG, LAST_UPDATE_DTTM, LAST_UPDATE_USER, VERSION, MX_ARROWS, MX_BACKGROUND, MX_CONNECT, MX_DX, MX_DY, MX_FOLD, MX_GRID, MX_GRIDSIZE, MX_GUIDES, MX_PAGE, MX_PAGEHEIGHT, MX_PAGESCALE, MX_PAGEWIDTH, MX_TOOLTIPS, FK_FLOW_ID, FK_FLOW_GROUP_ID, FK_PROCESS_ID, FK_PROCESS_GROUP_ID) VALUES ('ff808181725b20fa01725b22087c0088', parsedatetime('26-05-2020 00:00:01.00', 'dd-MM-yyyy hh:mm:ss.SS'), 'admin', 1, parsedatetime('26-05-2020 00:00:01.00', 'dd-MM-yyyy hh:mm:ss.SS'), 'admin', 0, '1', NULL, '1', '1732', '1283', '1', '1', '10', '1', '1', '1169', '1', '827', '1', 'ff808181725b20fa01725b22087b0081', NULL, NULL, NULL);
INSERT INTO MX_GRAPH_MODEL(ID, CRT_DTTM, CRT_USER, ENABLE_FLAG, LAST_UPDATE_DTTM, LAST_UPDATE_USER, VERSION, MX_ARROWS, MX_BACKGROUND, MX_CONNECT, MX_DX, MX_DY, MX_FOLD, MX_GRID, MX_GRIDSIZE, MX_GUIDES, MX_PAGE, MX_PAGEHEIGHT, MX_PAGESCALE, MX_PAGEWIDTH, MX_TOOLTIPS, FK_FLOW_ID, FK_FLOW_GROUP_ID, FK_PROCESS_ID, FK_PROCESS_GROUP_ID) VALUES ('ff808181725b20fa01725b22087c0093', parsedatetime('26-05-2020 00:00:01.00', 'dd-MM-yyyy hh:mm:ss.SS'), 'admin', 1, parsedatetime('26-05-2020 00:00:01.00', 'dd-MM-yyyy hh:mm:ss.SS'), 'admin', 0, '1', NULL, '1', '2036', '1283', '1', '1', '10', '1', '1', '1169', '1', '827', '1', NULL, 'ff808181725b20fa01725b2208720070', NULL, NULL);
INSERT INTO MX_GRAPH_MODEL(ID, CRT_DTTM, CRT_USER, ENABLE_FLAG, LAST_UPDATE_DTTM, LAST_UPDATE_USER, VERSION, MX_ARROWS, MX_BACKGROUND, MX_CONNECT, MX_DX, MX_DY, MX_FOLD, MX_GRID, MX_GRIDSIZE, MX_GUIDES, MX_PAGE, MX_PAGEHEIGHT, MX_PAGESCALE, MX_PAGEWIDTH, MX_TOOLTIPS, FK_FLOW_ID, FK_FLOW_GROUP_ID, FK_PROCESS_ID, FK_PROCESS_GROUP_ID) VALUES ('ff808181725b20fa01725b22088800ba', parsedatetime('26-05-2020 00:00:01.00', 'dd-MM-yyyy hh:mm:ss.SS'), 'admin', 1, parsedatetime('26-05-2020 00:00:01.00', 'dd-MM-yyyy hh:mm:ss.SS'), 'admin', 0, '1', NULL, '1', '1732', '1283', '1', '1', '10', '1', '1', '1169', '1', '827', '1', 'ff808181725b20fa01725b22087d00a0', NULL, NULL, NULL);
INSERT INTO MX_GRAPH_MODEL(ID, CRT_DTTM, CRT_USER, ENABLE_FLAG, LAST_UPDATE_DTTM, LAST_UPDATE_USER, VERSION, MX_ARROWS, MX_BACKGROUND, MX_CONNECT, MX_DX, MX_DY, MX_FOLD, MX_GRID, MX_GRIDSIZE, MX_GUIDES, MX_PAGE, MX_PAGEHEIGHT, MX_PAGESCALE, MX_PAGEWIDTH, MX_TOOLTIPS, FK_FLOW_ID, FK_FLOW_GROUP_ID, FK_PROCESS_ID, FK_PROCESS_GROUP_ID) VALUES ('ff808181725b20fa01725b22089500f2', parsedatetime('26-05-2020 00:00:01.00', 'dd-MM-yyyy hh:mm:ss.SS'), 'admin', 1, parsedatetime('26-05-2020 00:00:01.00', 'dd-MM-yyyy hh:mm:ss.SS'), 'admin', 0, '1', NULL, '1', '1732', '1283', '1', '1', '10', '1', '1', '1169', '1', '827', '1', 'ff808181725b20fa01725b22089300eb', NULL, NULL, NULL);
INSERT INTO MX_GRAPH_MODEL(ID, CRT_DTTM, CRT_USER, ENABLE_FLAG, LAST_UPDATE_DTTM, LAST_UPDATE_USER, VERSION, MX_ARROWS, MX_BACKGROUND, MX_CONNECT, MX_DX, MX_DY, MX_FOLD, MX_GRID, MX_GRIDSIZE, MX_GUIDES, MX_PAGE, MX_PAGEHEIGHT, MX_PAGESCALE, MX_PAGEWIDTH, MX_TOOLTIPS, FK_FLOW_ID, FK_FLOW_GROUP_ID, FK_PROCESS_ID, FK_PROCESS_GROUP_ID) VALUES ('ff808181725b20fa01725b22089900fb', parsedatetime('26-05-2020 00:00:01.00', 'dd-MM-yyyy hh:mm:ss.SS'), 'admin', 1, parsedatetime('26-05-2020 00:00:01.00', 'dd-MM-yyyy hh:mm:ss.SS'), 'admin', 0, '1', NULL, '1', '2036', '1283', '1', '1', '10', '1', '1', '1169', '1', '827', '1', NULL, 'ff808181725b20fa01725b220872006f', NULL, NULL);
INSERT INTO MX_GRAPH_MODEL(ID, CRT_DTTM, CRT_USER, ENABLE_FLAG, LAST_UPDATE_DTTM, LAST_UPDATE_USER, VERSION, MX_ARROWS, MX_BACKGROUND, MX_CONNECT, MX_DX, MX_DY, MX_FOLD, MX_GRID, MX_GRIDSIZE, MX_GUIDES, MX_PAGE, MX_PAGEHEIGHT, MX_PAGESCALE, MX_PAGEWIDTH, MX_TOOLTIPS, FK_FLOW_ID, FK_FLOW_GROUP_ID, FK_PROCESS_ID, FK_PROCESS_GROUP_ID) VALUES ('ff808181725b20fa01725b2208a0011a', parsedatetime('26-05-2020 00:00:01.00', 'dd-MM-yyyy hh:mm:ss.SS'), 'admin', 1, parsedatetime('26-05-2020 00:00:01.00', 'dd-MM-yyyy hh:mm:ss.SS'), 'admin', 0, NULL, NULL, NULL, NULL, NULL, NULL, NULL, NULL, NULL, NULL, NULL, NULL, NULL, NULL, 'ff808181725b20fa01725b22089f0119', NULL, NULL, NULL);
INSERT INTO MX_GRAPH_MODEL(ID, CRT_DTTM, CRT_USER, ENABLE_FLAG, LAST_UPDATE_DTTM, LAST_UPDATE_USER, VERSION, MX_ARROWS, MX_BACKGROUND, MX_CONNECT, MX_DX, MX_DY, MX_FOLD, MX_GRID, MX_GRIDSIZE, MX_GUIDES, MX_PAGE, MX_PAGEHEIGHT, MX_PAGESCALE, MX_PAGEWIDTH, MX_TOOLTIPS, FK_FLOW_ID, FK_FLOW_GROUP_ID, FK_PROCESS_ID, FK_PROCESS_GROUP_ID) VALUES ('ff808181725b20fa01725b2208a0011e', parsedatetime('26-05-2020 00:00:01.00', 'dd-MM-yyyy hh:mm:ss.SS'), 'admin', 1, parsedatetime('26-05-2020 00:00:01.00', 'dd-MM-yyyy hh:mm:ss.SS'), 'admin', 0, NULL, NULL, NULL, NULL, NULL, NULL, NULL, NULL, NULL, NULL, NULL, NULL, NULL, NULL, 'ff808181725b20fa01725b2208a0011d', NULL, NULL, NULL);
INSERT INTO MX_GRAPH_MODEL(ID, CRT_DTTM, CRT_USER, ENABLE_FLAG, LAST_UPDATE_DTTM, LAST_UPDATE_USER, VERSION, MX_ARROWS, MX_BACKGROUND, MX_CONNECT, MX_DX, MX_DY, MX_FOLD, MX_GRID, MX_GRIDSIZE, MX_GUIDES, MX_PAGE, MX_PAGEHEIGHT, MX_PAGESCALE, MX_PAGEWIDTH, MX_TOOLTIPS, FK_FLOW_ID, FK_FLOW_GROUP_ID, FK_PROCESS_ID, FK_PROCESS_GROUP_ID) VALUES ('ff808181725b20fa01725b2208a00122', parsedatetime('26-05-2020 00:00:01.00', 'dd-MM-yyyy hh:mm:ss.SS'), 'admin', 1, parsedatetime('26-05-2020 00:00:01.00', 'dd-MM-yyyy hh:mm:ss.SS'), 'admin', 0, NULL, NULL, NULL, NULL, NULL, NULL, NULL, NULL, NULL, NULL, NULL, NULL, NULL, NULL, 'ff808181725b20fa01725b2208a00121', NULL, NULL, NULL);
INSERT INTO MX_GRAPH_MODEL(ID, CRT_DTTM, CRT_USER, ENABLE_FLAG, LAST_UPDATE_DTTM, LAST_UPDATE_USER, VERSION, MX_ARROWS, MX_BACKGROUND, MX_CONNECT, MX_DX, MX_DY, MX_FOLD, MX_GRID, MX_GRIDSIZE, MX_GUIDES, MX_PAGE, MX_PAGEHEIGHT, MX_PAGESCALE, MX_PAGEWIDTH, MX_TOOLTIPS, FK_FLOW_ID, FK_FLOW_GROUP_ID, FK_PROCESS_ID, FK_PROCESS_GROUP_ID) VALUES ('ff808181725b20fa01725b2208a2013f', parsedatetime('26-05-2020 00:00:01.00', 'dd-MM-yyyy hh:mm:ss.SS'), 'admin', 1, parsedatetime('26-05-2020 00:00:01.00', 'dd-MM-yyyy hh:mm:ss.SS'), 'admin', 0, NULL, NULL, NULL, NULL, NULL, NULL, NULL, NULL, NULL, NULL, NULL, NULL, NULL, NULL, 'ff808181725b20fa01725b2208a00125', NULL, NULL, NULL);
INSERT INTO MX_GRAPH_MODEL(ID, CRT_DTTM, CRT_USER, ENABLE_FLAG, LAST_UPDATE_DTTM, LAST_UPDATE_USER, VERSION, MX_ARROWS, MX_BACKGROUND, MX_CONNECT, MX_DX, MX_DY, MX_FOLD, MX_GRID, MX_GRIDSIZE, MX_GUIDES, MX_PAGE, MX_PAGEHEIGHT, MX_PAGESCALE, MX_PAGEWIDTH, MX_TOOLTIPS, FK_FLOW_ID, FK_FLOW_GROUP_ID, FK_PROCESS_ID, FK_PROCESS_GROUP_ID) VALUES ('ff808181725b20fa01725b2208af0184', parsedatetime('26-05-2020 00:00:01.00', 'dd-MM-yyyy hh:mm:ss.SS'), 'admin', 1, parsedatetime('26-05-2020 00:00:01.00', 'dd-MM-yyyy hh:mm:ss.SS'), 'admin', 0, NULL, NULL, NULL, NULL, NULL, NULL, NULL, NULL, NULL, NULL, NULL, NULL, NULL, NULL, 'ff808181725b20fa01725b2208a9016a', NULL, NULL, NULL);
INSERT INTO MX_GRAPH_MODEL(ID, CRT_DTTM, CRT_USER, ENABLE_FLAG, LAST_UPDATE_DTTM, LAST_UPDATE_USER, VERSION, MX_ARROWS, MX_BACKGROUND, MX_CONNECT, MX_DX, MX_DY, MX_FOLD, MX_GRID, MX_GRIDSIZE, MX_GUIDES, MX_PAGE, MX_PAGEHEIGHT, MX_PAGESCALE, MX_PAGEWIDTH, MX_TOOLTIPS, FK_FLOW_ID, FK_FLOW_GROUP_ID, FK_PROCESS_ID, FK_PROCESS_GROUP_ID) VALUES ('ff808181725b20fa01725b2208b101c9', parsedatetime('26-05-2020 00:00:01.00', 'dd-MM-yyyy hh:mm:ss.SS'), 'admin', 1, parsedatetime('26-05-2020 00:00:01.00', 'dd-MM-yyyy hh:mm:ss.SS'), 'admin', 0, NULL, NULL, NULL, NULL, NULL, NULL, NULL, NULL, NULL, NULL, NULL, NULL, NULL, NULL, 'ff808181725b20fa01725b2208b001af', NULL, NULL, NULL);

INSERT INTO MX_CELL(ID, CRT_DTTM, CRT_USER, ENABLE_FLAG, LAST_UPDATE_DTTM, LAST_UPDATE_USER, VERSION, MX_EDGE, MX_PAGEID, MX_PARENT, MX_SOURCE, MX_STYLE, MX_TARGET, MX_VALUE, MX_VERTEX, FK_MX_GRAPH_ID) VALUES ('ff808181725b20fa01725b2208550005', parsedatetime('26-05-2020 00:00:01.00', 'dd-MM-yyyy hh:mm:ss.SS'), 'admin', 1, parsedatetime('26-05-2020 00:00:01.00', 'dd-MM-yyyy hh:mm:ss.SS'), 'admin', 0, NULL, '0', NULL, NULL, NULL, NULL, NULL, NULL, 'ff808181725b20fa01725b2208540004');
INSERT INTO MX_CELL(ID, CRT_DTTM, CRT_USER, ENABLE_FLAG, LAST_UPDATE_DTTM, LAST_UPDATE_USER, VERSION, MX_EDGE, MX_PAGEID, MX_PARENT, MX_SOURCE, MX_STYLE, MX_TARGET, MX_VALUE, MX_VERTEX, FK_MX_GRAPH_ID) VALUES ('ff808181725b20fa01725b2208550006', parsedatetime('26-05-2020 00:00:01.00', 'dd-MM-yyyy hh:mm:ss.SS'), 'admin', 1, parsedatetime('26-05-2020 00:00:01.00', 'dd-MM-yyyy hh:mm:ss.SS'), 'admin', 0, NULL, '1', '0', NULL, NULL, NULL, NULL, NULL, 'ff808181725b20fa01725b2208540004');
INSERT INTO MX_CELL(ID, CRT_DTTM, CRT_USER, ENABLE_FLAG, LAST_UPDATE_DTTM, LAST_UPDATE_USER, VERSION, MX_EDGE, MX_PAGEID, MX_PARENT, MX_SOURCE, MX_STYLE, MX_TARGET, MX_VALUE, MX_VERTEX, FK_MX_GRAPH_ID) VALUES ('ff808181725b20fa01725b2208560009', parsedatetime('26-05-2020 00:00:01.00', 'dd-MM-yyyy hh:mm:ss.SS'), 'admin', 1, parsedatetime('26-05-2020 00:00:01.00', 'dd-MM-yyyy hh:mm:ss.SS'), 'admin', 0, NULL, '0', NULL, NULL, NULL, NULL, NULL, NULL, 'ff808181725b20fa01725b2208560008');
INSERT INTO MX_CELL(ID, CRT_DTTM, CRT_USER, ENABLE_FLAG, LAST_UPDATE_DTTM, LAST_UPDATE_USER, VERSION, MX_EDGE, MX_PAGEID, MX_PARENT, MX_SOURCE, MX_STYLE, MX_TARGET, MX_VALUE, MX_VERTEX, FK_MX_GRAPH_ID) VALUES ('ff808181725b20fa01725b220856000a', parsedatetime('26-05-2020 00:00:01.00', 'dd-MM-yyyy hh:mm:ss.SS'), 'admin', 1, parsedatetime('26-05-2020 00:00:01.00', 'dd-MM-yyyy hh:mm:ss.SS'), 'admin', 0, NULL, '1', '0', NULL, NULL, NULL, NULL, NULL, 'ff808181725b20fa01725b2208560008');
INSERT INTO MX_CELL(ID, CRT_DTTM, CRT_USER, ENABLE_FLAG, LAST_UPDATE_DTTM, LAST_UPDATE_USER, VERSION, MX_EDGE, MX_PAGEID, MX_PARENT, MX_SOURCE, MX_STYLE, MX_TARGET, MX_VALUE, MX_VERTEX, FK_MX_GRAPH_ID) VALUES ('ff808181725b20fa01725b220857000d', parsedatetime('26-05-2020 00:00:01.00', 'dd-MM-yyyy hh:mm:ss.SS'), 'admin', 1, parsedatetime('26-05-2020 00:00:01.00', 'dd-MM-yyyy hh:mm:ss.SS'), 'admin', 0, NULL, '0', NULL, NULL, NULL, NULL, NULL, NULL, 'ff808181725b20fa01725b220856000c');
INSERT INTO MX_CELL(ID, CRT_DTTM, CRT_USER, ENABLE_FLAG, LAST_UPDATE_DTTM, LAST_UPDATE_USER, VERSION, MX_EDGE, MX_PAGEID, MX_PARENT, MX_SOURCE, MX_STYLE, MX_TARGET, MX_VALUE, MX_VERTEX, FK_MX_GRAPH_ID) VALUES ('ff808181725b20fa01725b220857000e', parsedatetime('26-05-2020 00:00:01.00', 'dd-MM-yyyy hh:mm:ss.SS'), 'admin', 1, parsedatetime('26-05-2020 00:00:01.00', 'dd-MM-yyyy hh:mm:ss.SS'), 'admin', 0, NULL, '1', '0', NULL, NULL, NULL, NULL, NULL, 'ff808181725b20fa01725b220856000c');
INSERT INTO MX_CELL(ID, CRT_DTTM, CRT_USER, ENABLE_FLAG, LAST_UPDATE_DTTM, LAST_UPDATE_USER, VERSION, MX_EDGE, MX_PAGEID, MX_PARENT, MX_SOURCE, MX_STYLE, MX_TARGET, MX_VALUE, MX_VERTEX, FK_MX_GRAPH_ID) VALUES ('ff808181725b20fa01725b220860002c', parsedatetime('26-05-2020 00:00:01.00', 'dd-MM-yyyy hh:mm:ss.SS'), 'admin', 1, parsedatetime('26-05-2020 00:00:01.00', 'dd-MM-yyyy hh:mm:ss.SS'), 'admin', 0, NULL, '0', NULL, NULL, NULL, NULL, NULL, NULL, 'ff808181725b20fa01725b220860002b');
INSERT INTO MX_CELL(ID, CRT_DTTM, CRT_USER, ENABLE_FLAG, LAST_UPDATE_DTTM, LAST_UPDATE_USER, VERSION, MX_EDGE, MX_PAGEID, MX_PARENT, MX_SOURCE, MX_STYLE, MX_TARGET, MX_VALUE, MX_VERTEX, FK_MX_GRAPH_ID) VALUES ('ff808181725b20fa01725b220861002d', parsedatetime('26-05-2020 00:00:01.00', 'dd-MM-yyyy hh:mm:ss.SS'), 'admin', 1, parsedatetime('26-05-2020 00:00:01.00', 'dd-MM-yyyy hh:mm:ss.SS'), 'admin', 0, NULL, '1', '0', NULL, NULL, NULL, NULL, NULL, 'ff808181725b20fa01725b220860002b');
INSERT INTO MX_CELL(ID, CRT_DTTM, CRT_USER, ENABLE_FLAG, LAST_UPDATE_DTTM, LAST_UPDATE_USER, VERSION, MX_EDGE, MX_PAGEID, MX_PARENT, MX_SOURCE, MX_STYLE, MX_TARGET, MX_VALUE, MX_VERTEX, FK_MX_GRAPH_ID) VALUES ('ff808181725b20fa01725b220861002e', parsedatetime('26-05-2020 00:00:01.00', 'dd-MM-yyyy hh:mm:ss.SS'), 'admin', 1, parsedatetime('26-05-2020 00:00:01.00', 'dd-MM-yyyy hh:mm:ss.SS'), 'admin', 0, '1', '42', '1', '19', 'edgeStyle=orthogonalEdgeStyle;rounded=0;orthogonalLoop=1;jettySize=auto;html=1;', '21', NULL, NULL, 'ff808181725b20fa01725b220860002b');
INSERT INTO MX_CELL(ID, CRT_DTTM, CRT_USER, ENABLE_FLAG, LAST_UPDATE_DTTM, LAST_UPDATE_USER, VERSION, MX_EDGE, MX_PAGEID, MX_PARENT, MX_SOURCE, MX_STYLE, MX_TARGET, MX_VALUE, MX_VERTEX, FK_MX_GRAPH_ID) VALUES ('ff808181725b20fa01725b2208610030', parsedatetime('26-05-2020 00:00:01.00', 'dd-MM-yyyy hh:mm:ss.SS'), 'admin', 1, parsedatetime('26-05-2020 00:00:01.00', 'dd-MM-yyyy hh:mm:ss.SS'), 'admin', 0, NULL, '10', '1', NULL, 'image;html=1;labelBackgroundColor=#ffffff00;image=/piflow-web/images/MockData_128x128.png', NULL, 'MockData', '1', 'ff808181725b20fa01725b220860002b');
INSERT INTO MX_CELL(ID, CRT_DTTM, CRT_USER, ENABLE_FLAG, LAST_UPDATE_DTTM, LAST_UPDATE_USER, VERSION, MX_EDGE, MX_PAGEID, MX_PARENT, MX_SOURCE, MX_STYLE, MX_TARGET, MX_VALUE, MX_VERTEX, FK_MX_GRAPH_ID) VALUES ('ff808181725b20fa01725b2208630032', parsedatetime('26-05-2020 00:00:01.00', 'dd-MM-yyyy hh:mm:ss.SS'), 'admin', 1, parsedatetime('26-05-2020 00:00:01.00', 'dd-MM-yyyy hh:mm:ss.SS'), 'admin', 0, NULL, '21', '1', NULL, 'image;html=1;labelBackgroundColor=#ffffff00;image=/piflow-web/images/SelectField_128x128.png', NULL, 'SelectField', '1', 'ff808181725b20fa01725b220860002b');
INSERT INTO MX_CELL(ID, CRT_DTTM, CRT_USER, ENABLE_FLAG, LAST_UPDATE_DTTM, LAST_UPDATE_USER, VERSION, MX_EDGE, MX_PAGEID, MX_PARENT, MX_SOURCE, MX_STYLE, MX_TARGET, MX_VALUE, MX_VERTEX, FK_MX_GRAPH_ID) VALUES ('ff808181725b20fa01725b2208630034', parsedatetime('26-05-2020 00:00:01.00', 'dd-MM-yyyy hh:mm:ss.SS'), 'admin', 1, parsedatetime('26-05-2020 00:00:01.00', 'dd-MM-yyyy hh:mm:ss.SS'), 'admin', 0, NULL, '5', '1', NULL, 'image;html=1;labelBackgroundColor=#ffffff00;image=/piflow-web/images/MockData_128x128.png', NULL, 'MockData', '1', 'ff808181725b20fa01725b220860002b');
INSERT INTO MX_CELL(ID, CRT_DTTM, CRT_USER, ENABLE_FLAG, LAST_UPDATE_DTTM, LAST_UPDATE_USER, VERSION, MX_EDGE, MX_PAGEID, MX_PARENT, MX_SOURCE, MX_STYLE, MX_TARGET, MX_VALUE, MX_VERTEX, FK_MX_GRAPH_ID) VALUES ('ff808181725b20fa01725b2208640036', parsedatetime('26-05-2020 00:00:01.00', 'dd-MM-yyyy hh:mm:ss.SS'), 'admin', 1, parsedatetime('26-05-2020 00:00:01.00', 'dd-MM-yyyy hh:mm:ss.SS'), 'admin', 0, NULL, '27', '1', NULL, 'text;html=1;align=center;verticalAlign=middle;resizable=0;points=[];autosize=1;', NULL, '选择数据：<span style=\"font-size: 13.3333px\">title, author, age</span>', '1', 'ff808181725b20fa01725b220860002b');
INSERT INTO MX_CELL(ID, CRT_DTTM, CRT_USER, ENABLE_FLAG, LAST_UPDATE_DTTM, LAST_UPDATE_USER, VERSION, MX_EDGE, MX_PAGEID, MX_PARENT, MX_SOURCE, MX_STYLE, MX_TARGET, MX_VALUE, MX_VERTEX, FK_MX_GRAPH_ID) VALUES ('ff808181725b20fa01725b2208640038', parsedatetime('26-05-2020 00:00:01.00', 'dd-MM-yyyy hh:mm:ss.SS'), 'admin', 1, parsedatetime('26-05-2020 00:00:01.00', 'dd-MM-yyyy hh:mm:ss.SS'), 'admin', 0, NULL, '14', '1', NULL, 'image;html=1;labelBackgroundColor=#ffffff00;image=/piflow-web/images/SelectField_128x128.png', NULL, 'SelectField', '1', 'ff808181725b20fa01725b220860002b');
INSERT INTO MX_CELL(ID, CRT_DTTM, CRT_USER, ENABLE_FLAG, LAST_UPDATE_DTTM, LAST_UPDATE_USER, VERSION, MX_EDGE, MX_PAGEID, MX_PARENT, MX_SOURCE, MX_STYLE, MX_TARGET, MX_VALUE, MX_VERTEX, FK_MX_GRAPH_ID) VALUES ('ff808181725b20fa01725b220865003a', parsedatetime('26-05-2020 00:00:01.00', 'dd-MM-yyyy hh:mm:ss.SS'), 'admin', 1, parsedatetime('26-05-2020 00:00:01.00', 'dd-MM-yyyy hh:mm:ss.SS'), 'admin', 0, '1', '39', '1', '5', 'edgeStyle=orthogonalEdgeStyle;rounded=0;orthogonalLoop=1;jettySize=auto;html=1;', '16', NULL, NULL, 'ff808181725b20fa01725b220860002b');
INSERT INTO MX_CELL(ID, CRT_DTTM, CRT_USER, ENABLE_FLAG, LAST_UPDATE_DTTM, LAST_UPDATE_USER, VERSION, MX_EDGE, MX_PAGEID, MX_PARENT, MX_SOURCE, MX_STYLE, MX_TARGET, MX_VALUE, MX_VERTEX, FK_MX_GRAPH_ID) VALUES ('ff808181725b20fa01725b220865003c', parsedatetime('26-05-2020 00:00:01.00', 'dd-MM-yyyy hh:mm:ss.SS'), 'admin', 1, parsedatetime('26-05-2020 00:00:01.00', 'dd-MM-yyyy hh:mm:ss.SS'), 'admin', 0, '1', '38', '1', '10', 'edgeStyle=orthogonalEdgeStyle;rounded=0;orthogonalLoop=1;jettySize=auto;html=1;', '14', NULL, NULL, 'ff808181725b20fa01725b220860002b');
INSERT INTO MX_CELL(ID, CRT_DTTM, CRT_USER, ENABLE_FLAG, LAST_UPDATE_DTTM, LAST_UPDATE_USER, VERSION, MX_EDGE, MX_PAGEID, MX_PARENT, MX_SOURCE, MX_STYLE, MX_TARGET, MX_VALUE, MX_VERTEX, FK_MX_GRAPH_ID) VALUES ('ff808181725b20fa01725b220866003e', parsedatetime('26-05-2020 00:00:01.00', 'dd-MM-yyyy hh:mm:ss.SS'), 'admin', 1, parsedatetime('26-05-2020 00:00:01.00', 'dd-MM-yyyy hh:mm:ss.SS'), 'admin', 0, '1', '41', '1', '16', 'edgeStyle=orthogonalEdgeStyle;rounded=0;orthogonalLoop=1;jettySize=auto;html=1;', '19', NULL, NULL, 'ff808181725b20fa01725b220860002b');
INSERT INTO MX_CELL(ID, CRT_DTTM, CRT_USER, ENABLE_FLAG, LAST_UPDATE_DTTM, LAST_UPDATE_USER, VERSION, MX_EDGE, MX_PAGEID, MX_PARENT, MX_SOURCE, MX_STYLE, MX_TARGET, MX_VALUE, MX_VERTEX, FK_MX_GRAPH_ID) VALUES ('ff808181725b20fa01725b2208660040', parsedatetime('26-05-2020 00:00:01.00', 'dd-MM-yyyy hh:mm:ss.SS'), 'admin', 1, parsedatetime('26-05-2020 00:00:01.00', 'dd-MM-yyyy hh:mm:ss.SS'), 'admin', 0, '1', '40', '1', '14', 'edgeStyle=orthogonalEdgeStyle;rounded=0;orthogonalLoop=1;jettySize=auto;html=1;entryX=0.5;entryY=0;entryDx=0;entryDy=0;', '16', NULL, NULL, 'ff808181725b20fa01725b220860002b');
INSERT INTO MX_CELL(ID, CRT_DTTM, CRT_USER, ENABLE_FLAG, LAST_UPDATE_DTTM, LAST_UPDATE_USER, VERSION, MX_EDGE, MX_PAGEID, MX_PARENT, MX_SOURCE, MX_STYLE, MX_TARGET, MX_VALUE, MX_VERTEX, FK_MX_GRAPH_ID) VALUES ('ff808181725b20fa01725b2208680042', parsedatetime('26-05-2020 00:00:01.00', 'dd-MM-yyyy hh:mm:ss.SS'), 'admin', 1, parsedatetime('26-05-2020 00:00:01.00', 'dd-MM-yyyy hh:mm:ss.SS'), 'admin', 0, NULL, '29', '1', NULL, 'text;html=1;align=center;verticalAlign=middle;resizable=0;points=[];autosize=1;', NULL, '分流', '1', 'ff808181725b20fa01725b220860002b');
INSERT INTO MX_CELL(ID, CRT_DTTM, CRT_USER, ENABLE_FLAG, LAST_UPDATE_DTTM, LAST_UPDATE_USER, VERSION, MX_EDGE, MX_PAGEID, MX_PARENT, MX_SOURCE, MX_STYLE, MX_TARGET, MX_VALUE, MX_VERTEX, FK_MX_GRAPH_ID) VALUES ('ff808181725b20fa01725b2208680044', parsedatetime('26-05-2020 00:00:01.00', 'dd-MM-yyyy hh:mm:ss.SS'), 'admin', 1, parsedatetime('26-05-2020 00:00:01.00', 'dd-MM-yyyy hh:mm:ss.SS'), 'admin', 0, NULL, '13', '1', NULL, 'text;html=1;align=center;verticalAlign=middle;resizable=0;points=[];autosize=1;', NULL, '模拟生成数据：title, author, age, gender', '1', 'ff808181725b20fa01725b220860002b');
INSERT INTO MX_CELL(ID, CRT_DTTM, CRT_USER, ENABLE_FLAG, LAST_UPDATE_DTTM, LAST_UPDATE_USER, VERSION, MX_EDGE, MX_PAGEID, MX_PARENT, MX_SOURCE, MX_STYLE, MX_TARGET, MX_VALUE, MX_VERTEX, FK_MX_GRAPH_ID) VALUES ('ff808181725b20fa01725b2208680046', parsedatetime('26-05-2020 00:00:01.00', 'dd-MM-yyyy hh:mm:ss.SS'), 'admin', 1, parsedatetime('26-05-2020 00:00:01.00', 'dd-MM-yyyy hh:mm:ss.SS'), 'admin', 0, '1', '43', '1', '19', 'edgeStyle=orthogonalEdgeStyle;rounded=0;orthogonalLoop=1;jettySize=auto;html=1;', '25', NULL, NULL, 'ff808181725b20fa01725b220860002b');
INSERT INTO MX_CELL(ID, CRT_DTTM, CRT_USER, ENABLE_FLAG, LAST_UPDATE_DTTM, LAST_UPDATE_USER, VERSION, MX_EDGE, MX_PAGEID, MX_PARENT, MX_SOURCE, MX_STYLE, MX_TARGET, MX_VALUE, MX_VERTEX, FK_MX_GRAPH_ID) VALUES ('ff808181725b20fa01725b2208690048', parsedatetime('26-05-2020 00:00:01.00', 'dd-MM-yyyy hh:mm:ss.SS'), 'admin', 1, parsedatetime('26-05-2020 00:00:01.00', 'dd-MM-yyyy hh:mm:ss.SS'), 'admin', 0, NULL, '19', '1', NULL, 'image;html=1;labelBackgroundColor=#ffffff00;image=/piflow-web/images/Fork_128x128.png', NULL, 'Fork', '1', 'ff808181725b20fa01725b220860002b');
INSERT INTO MX_CELL(ID, CRT_DTTM, CRT_USER, ENABLE_FLAG, LAST_UPDATE_DTTM, LAST_UPDATE_USER, VERSION, MX_EDGE, MX_PAGEID, MX_PARENT, MX_SOURCE, MX_STYLE, MX_TARGET, MX_VALUE, MX_VERTEX, FK_MX_GRAPH_ID) VALUES ('ff808181725b20fa01725b220869004a', parsedatetime('26-05-2020 00:00:01.00', 'dd-MM-yyyy hh:mm:ss.SS'), 'admin', 1, parsedatetime('26-05-2020 00:00:01.00', 'dd-MM-yyyy hh:mm:ss.SS'), 'admin', 0, NULL, '8', '1', NULL, 'text;html=1;align=center;verticalAlign=middle;resizable=0;points=[];autosize=1;', NULL, '模拟测试数据：<span style=\"font-size: 13.3333px\">title, author, age</span>', '1', 'ff808181725b20fa01725b220860002b');
INSERT INTO MX_CELL(ID, CRT_DTTM, CRT_USER, ENABLE_FLAG, LAST_UPDATE_DTTM, LAST_UPDATE_USER, VERSION, MX_EDGE, MX_PAGEID, MX_PARENT, MX_SOURCE, MX_STYLE, MX_TARGET, MX_VALUE, MX_VERTEX, FK_MX_GRAPH_ID) VALUES ('ff808181725b20fa01725b220869004c', parsedatetime('26-05-2020 00:00:01.00', 'dd-MM-yyyy hh:mm:ss.SS'), 'admin', 1, parsedatetime('26-05-2020 00:00:01.00', 'dd-MM-yyyy hh:mm:ss.SS'), 'admin', 0, '1', '44', '1', '19', 'edgeStyle=orthogonalEdgeStyle;rounded=0;orthogonalLoop=1;jettySize=auto;html=1;', '23', NULL, NULL, 'ff808181725b20fa01725b220860002b');
INSERT INTO MX_CELL(ID, CRT_DTTM, CRT_USER, ENABLE_FLAG, LAST_UPDATE_DTTM, LAST_UPDATE_USER, VERSION, MX_EDGE, MX_PAGEID, MX_PARENT, MX_SOURCE, MX_STYLE, MX_TARGET, MX_VALUE, MX_VERTEX, FK_MX_GRAPH_ID) VALUES ('ff808181725b20fa01725b22086a004e', parsedatetime('26-05-2020 00:00:01.00', 'dd-MM-yyyy hh:mm:ss.SS'), 'admin', 1, parsedatetime('26-05-2020 00:00:01.00', 'dd-MM-yyyy hh:mm:ss.SS'), 'admin', 0, NULL, '25', '1', NULL, 'image;html=1;labelBackgroundColor=#ffffff00;image=/piflow-web/images/SelectField_128x128.png', NULL, 'SelectField', '1', 'ff808181725b20fa01725b220860002b');
INSERT INTO MX_CELL(ID, CRT_DTTM, CRT_USER, ENABLE_FLAG, LAST_UPDATE_DTTM, LAST_UPDATE_USER, VERSION, MX_EDGE, MX_PAGEID, MX_PARENT, MX_SOURCE, MX_STYLE, MX_TARGET, MX_VALUE, MX_VERTEX, FK_MX_GRAPH_ID) VALUES ('ff808181725b20fa01725b22086b0050', parsedatetime('26-05-2020 00:00:01.00', 'dd-MM-yyyy hh:mm:ss.SS'), 'admin', 1, parsedatetime('26-05-2020 00:00:01.00', 'dd-MM-yyyy hh:mm:ss.SS'), 'admin', 0, NULL, '23', '1', NULL, 'image;html=1;labelBackgroundColor=#ffffff00;image=/piflow-web/images/SelectField_128x128.png', NULL, 'SelectField', '1', 'ff808181725b20fa01725b220860002b');
INSERT INTO MX_CELL(ID, CRT_DTTM, CRT_USER, ENABLE_FLAG, LAST_UPDATE_DTTM, LAST_UPDATE_USER, VERSION, MX_EDGE, MX_PAGEID, MX_PARENT, MX_SOURCE, MX_STYLE, MX_TARGET, MX_VALUE, MX_VERTEX, FK_MX_GRAPH_ID) VALUES ('ff808181725b20fa01725b22086c0052', parsedatetime('26-05-2020 00:00:01.00', 'dd-MM-yyyy hh:mm:ss.SS'), 'admin', 1, parsedatetime('26-05-2020 00:00:01.00', 'dd-MM-yyyy hh:mm:ss.SS'), 'admin', 0, NULL, '28', '1', NULL, 'text;html=1;align=center;verticalAlign=middle;resizable=0;points=[];autosize=1;', NULL, '合流', '1', 'ff808181725b20fa01725b220860002b');
INSERT INTO MX_CELL(ID, CRT_DTTM, CRT_USER, ENABLE_FLAG, LAST_UPDATE_DTTM, LAST_UPDATE_USER, VERSION, MX_EDGE, MX_PAGEID, MX_PARENT, MX_SOURCE, MX_STYLE, MX_TARGET, MX_VALUE, MX_VERTEX, FK_MX_GRAPH_ID) VALUES ('ff808181725b20fa01725b22086c0054', parsedatetime('26-05-2020 00:00:01.00', 'dd-MM-yyyy hh:mm:ss.SS'), 'admin', 1, parsedatetime('26-05-2020 00:00:01.00', 'dd-MM-yyyy hh:mm:ss.SS'), 'admin', 0, NULL, '16', '1', NULL, 'image;html=1;labelBackgroundColor=#ffffff00;image=/piflow-web/images/Merge_128x128.png', NULL, 'Merge', '1', 'ff808181725b20fa01725b220860002b');
INSERT INTO MX_CELL(ID, CRT_DTTM, CRT_USER, ENABLE_FLAG, LAST_UPDATE_DTTM, LAST_UPDATE_USER, VERSION, MX_EDGE, MX_PAGEID, MX_PARENT, MX_SOURCE, MX_STYLE, MX_TARGET, MX_VALUE, MX_VERTEX, FK_MX_GRAPH_ID) VALUES ('ff808181725b20fa01725b22086f005e', parsedatetime('26-05-2020 00:00:01.00', 'dd-MM-yyyy hh:mm:ss.SS'), 'admin', 1, parsedatetime('26-05-2020 00:00:01.00', 'dd-MM-yyyy hh:mm:ss.SS'), 'admin', 0, NULL, '0', NULL, NULL, NULL, NULL, NULL, NULL, 'ff808181725b20fa01725b22086f005d');
INSERT INTO MX_CELL(ID, CRT_DTTM, CRT_USER, ENABLE_FLAG, LAST_UPDATE_DTTM, LAST_UPDATE_USER, VERSION, MX_EDGE, MX_PAGEID, MX_PARENT, MX_SOURCE, MX_STYLE, MX_TARGET, MX_VALUE, MX_VERTEX, FK_MX_GRAPH_ID) VALUES ('ff808181725b20fa01725b22086f005f', parsedatetime('26-05-2020 00:00:01.00', 'dd-MM-yyyy hh:mm:ss.SS'), 'admin', 1, parsedatetime('26-05-2020 00:00:01.00', 'dd-MM-yyyy hh:mm:ss.SS'), 'admin', 0, NULL, '1', '0', NULL, NULL, NULL, NULL, NULL, 'ff808181725b20fa01725b22086f005d');
INSERT INTO MX_CELL(ID, CRT_DTTM, CRT_USER, ENABLE_FLAG, LAST_UPDATE_DTTM, LAST_UPDATE_USER, VERSION, MX_EDGE, MX_PAGEID, MX_PARENT, MX_SOURCE, MX_STYLE, MX_TARGET, MX_VALUE, MX_VERTEX, FK_MX_GRAPH_ID) VALUES ('ff808181725b20fa01725b22086f0060', parsedatetime('26-05-2020 00:00:01.00', 'dd-MM-yyyy hh:mm:ss.SS'), 'admin', 1, parsedatetime('26-05-2020 00:00:01.00', 'dd-MM-yyyy hh:mm:ss.SS'), 'admin', 0, NULL, '8', '1', NULL, 'image;html=1;labelBackgroundColor=#ffffff00;image=/piflow-web/images/SelectField_128x128.png', NULL, 'SelectField', '1', 'ff808181725b20fa01725b22086f005d');
INSERT INTO MX_CELL(ID, CRT_DTTM, CRT_USER, ENABLE_FLAG, LAST_UPDATE_DTTM, LAST_UPDATE_USER, VERSION, MX_EDGE, MX_PAGEID, MX_PARENT, MX_SOURCE, MX_STYLE, MX_TARGET, MX_VALUE, MX_VERTEX, FK_MX_GRAPH_ID) VALUES ('ff808181725b20fa01725b2208700062', parsedatetime('26-05-2020 00:00:01.00', 'dd-MM-yyyy hh:mm:ss.SS'), 'admin', 1, parsedatetime('26-05-2020 00:00:01.00', 'dd-MM-yyyy hh:mm:ss.SS'), 'admin', 0, NULL, '6', '1', NULL, 'image;html=1;labelBackgroundColor=#ffffff00;image=/piflow-web/images/MockData_128x128.png', NULL, 'MockData', '1', 'ff808181725b20fa01725b22086f005d');
INSERT INTO MX_CELL(ID, CRT_DTTM, CRT_USER, ENABLE_FLAG, LAST_UPDATE_DTTM, LAST_UPDATE_USER, VERSION, MX_EDGE, MX_PAGEID, MX_PARENT, MX_SOURCE, MX_STYLE, MX_TARGET, MX_VALUE, MX_VERTEX, FK_MX_GRAPH_ID) VALUES ('ff808181725b20fa01725b2208700064', parsedatetime('26-05-2020 00:00:01.00', 'dd-MM-yyyy hh:mm:ss.SS'), 'admin', 1, parsedatetime('26-05-2020 00:00:01.00', 'dd-MM-yyyy hh:mm:ss.SS'), 'admin', 0, '1', '9', '1', '6', 'edgeStyle=orthogonalEdgeStyle;rounded=0;orthogonalLoop=1;jettySize=auto;html=1;', '8', NULL, NULL, 'ff808181725b20fa01725b22086f005d');
INSERT INTO MX_CELL(ID, CRT_DTTM, CRT_USER, ENABLE_FLAG, LAST_UPDATE_DTTM, LAST_UPDATE_USER, VERSION, MX_EDGE, MX_PAGEID, MX_PARENT, MX_SOURCE, MX_STYLE, MX_TARGET, MX_VALUE, MX_VERTEX, FK_MX_GRAPH_ID) VALUES ('ff808181725b20fa01725b2208700067', parsedatetime('26-05-2020 00:00:01.00', 'dd-MM-yyyy hh:mm:ss.SS'), 'admin', 1, parsedatetime('26-05-2020 00:00:01.00', 'dd-MM-yyyy hh:mm:ss.SS'), 'admin', 0, NULL, '5', '1', NULL, 'image;html=1;labelBackgroundColor=#ffffff00;image=/piflow-web/img/flow.png', NULL, 'person2Neo4j', '1', 'ff808181725b20fa01725b2208700066');
INSERT INTO MX_CELL(ID, CRT_DTTM, CRT_USER, ENABLE_FLAG, LAST_UPDATE_DTTM, LAST_UPDATE_USER, VERSION, MX_EDGE, MX_PAGEID, MX_PARENT, MX_SOURCE, MX_STYLE, MX_TARGET, MX_VALUE, MX_VERTEX, FK_MX_GRAPH_ID) VALUES ('ff808181725b20fa01725b2208710069', parsedatetime('26-05-2020 00:00:01.00', 'dd-MM-yyyy hh:mm:ss.SS'), 'admin', 1, parsedatetime('26-05-2020 00:00:01.00', 'dd-MM-yyyy hh:mm:ss.SS'), 'admin', 0, NULL, '4', '1', NULL, 'image;html=1;labelBackgroundColor=#ffffff00;image=/piflow-web/img/flow.png', NULL, 'product2Neo4j', '1', 'ff808181725b20fa01725b2208700066');
INSERT INTO MX_CELL(ID, CRT_DTTM, CRT_USER, ENABLE_FLAG, LAST_UPDATE_DTTM, LAST_UPDATE_USER, VERSION, MX_EDGE, MX_PAGEID, MX_PARENT, MX_SOURCE, MX_STYLE, MX_TARGET, MX_VALUE, MX_VERTEX, FK_MX_GRAPH_ID) VALUES ('ff808181725b20fa01725b220871006b', parsedatetime('26-05-2020 00:00:01.00', 'dd-MM-yyyy hh:mm:ss.SS'), 'admin', 1, parsedatetime('26-05-2020 00:00:01.00', 'dd-MM-yyyy hh:mm:ss.SS'), 'admin', 0, '1', '6', '1', '4', 'edgeStyle=orthogonalEdgeStyle;rounded=0;orthogonalLoop=1;jettySize=auto;html=1;', '5', NULL, NULL, 'ff808181725b20fa01725b2208700066');
INSERT INTO MX_CELL(ID, CRT_DTTM, CRT_USER, ENABLE_FLAG, LAST_UPDATE_DTTM, LAST_UPDATE_USER, VERSION, MX_EDGE, MX_PAGEID, MX_PARENT, MX_SOURCE, MX_STYLE, MX_TARGET, MX_VALUE, MX_VERTEX, FK_MX_GRAPH_ID) VALUES ('ff808181725b20fa01725b220871006d', parsedatetime('26-05-2020 00:00:01.00', 'dd-MM-yyyy hh:mm:ss.SS'), 'admin', 1, parsedatetime('26-05-2020 00:00:01.00', 'dd-MM-yyyy hh:mm:ss.SS'), 'admin', 0, NULL, '0', NULL, NULL, NULL, NULL, NULL, NULL, 'ff808181725b20fa01725b2208700066');
INSERT INTO MX_CELL(ID, CRT_DTTM, CRT_USER, ENABLE_FLAG, LAST_UPDATE_DTTM, LAST_UPDATE_USER, VERSION, MX_EDGE, MX_PAGEID, MX_PARENT, MX_SOURCE, MX_STYLE, MX_TARGET, MX_VALUE, MX_VERTEX, FK_MX_GRAPH_ID) VALUES ('ff808181725b20fa01725b220871006e', parsedatetime('26-05-2020 00:00:01.00', 'dd-MM-yyyy hh:mm:ss.SS'), 'admin', 1, parsedatetime('26-05-2020 00:00:01.00', 'dd-MM-yyyy hh:mm:ss.SS'), 'admin', 0, NULL, '1', '0', NULL, NULL, NULL, NULL, NULL, 'ff808181725b20fa01725b2208700066');
INSERT INTO MX_CELL(ID, CRT_DTTM, CRT_USER, ENABLE_FLAG, LAST_UPDATE_DTTM, LAST_UPDATE_USER, VERSION, MX_EDGE, MX_PAGEID, MX_PARENT, MX_SOURCE, MX_STYLE, MX_TARGET, MX_VALUE, MX_VERTEX, FK_MX_GRAPH_ID) VALUES ('ff808181725b20fa01725b2208780079', parsedatetime('26-05-2020 00:00:01.00', 'dd-MM-yyyy hh:mm:ss.SS'), 'admin', 1, parsedatetime('26-05-2020 00:00:01.00', 'dd-MM-yyyy hh:mm:ss.SS'), 'admin', 0, NULL, '0', NULL, NULL, NULL, NULL, NULL, NULL, 'ff808181725b20fa01725b2208780078');
INSERT INTO MX_CELL(ID, CRT_DTTM, CRT_USER, ENABLE_FLAG, LAST_UPDATE_DTTM, LAST_UPDATE_USER, VERSION, MX_EDGE, MX_PAGEID, MX_PARENT, MX_SOURCE, MX_STYLE, MX_TARGET, MX_VALUE, MX_VERTEX, FK_MX_GRAPH_ID) VALUES ('ff808181725b20fa01725b220879007a', parsedatetime('26-05-2020 00:00:01.00', 'dd-MM-yyyy hh:mm:ss.SS'), 'admin', 1, parsedatetime('26-05-2020 00:00:01.00', 'dd-MM-yyyy hh:mm:ss.SS'), 'admin', 0, NULL, '1', '0', NULL, NULL, NULL, NULL, NULL, 'ff808181725b20fa01725b2208780078');
INSERT INTO MX_CELL(ID, CRT_DTTM, CRT_USER, ENABLE_FLAG, LAST_UPDATE_DTTM, LAST_UPDATE_USER, VERSION, MX_EDGE, MX_PAGEID, MX_PARENT, MX_SOURCE, MX_STYLE, MX_TARGET, MX_VALUE, MX_VERTEX, FK_MX_GRAPH_ID) VALUES ('ff808181725b20fa01725b22087a007b', parsedatetime('26-05-2020 00:00:01.00', 'dd-MM-yyyy hh:mm:ss.SS'), 'admin', 1, parsedatetime('26-05-2020 00:00:01.00', 'dd-MM-yyyy hh:mm:ss.SS'), 'admin', 0, NULL, '6', '1', NULL, 'image;html=1;labelBackgroundColor=#ffffff00;image=/piflow-web/images/SelectField_128x128.png', NULL, 'SelectFiel...', '1', 'ff808181725b20fa01725b2208780078');
INSERT INTO MX_CELL(ID, CRT_DTTM, CRT_USER, ENABLE_FLAG, LAST_UPDATE_DTTM, LAST_UPDATE_USER, VERSION, MX_EDGE, MX_PAGEID, MX_PARENT, MX_SOURCE, MX_STYLE, MX_TARGET, MX_VALUE, MX_VERTEX, FK_MX_GRAPH_ID) VALUES ('ff808181725b20fa01725b22087a007d', parsedatetime('26-05-2020 00:00:01.00', 'dd-MM-yyyy hh:mm:ss.SS'), 'admin', 1, parsedatetime('26-05-2020 00:00:01.00', 'dd-MM-yyyy hh:mm:ss.SS'), 'admin', 0, NULL, '5', '1', NULL, 'image;html=1;labelBackgroundColor=#ffffff00;image=/piflow-web/images/MockData_128x128.png', NULL, 'MockData', '1', 'ff808181725b20fa01725b2208780078');
INSERT INTO MX_CELL(ID, CRT_DTTM, CRT_USER, ENABLE_FLAG, LAST_UPDATE_DTTM, LAST_UPDATE_USER, VERSION, MX_EDGE, MX_PAGEID, MX_PARENT, MX_SOURCE, MX_STYLE, MX_TARGET, MX_VALUE, MX_VERTEX, FK_MX_GRAPH_ID) VALUES ('ff808181725b20fa01725b22087a007f', parsedatetime('26-05-2020 00:00:01.00', 'dd-MM-yyyy hh:mm:ss.SS'), 'admin', 1, parsedatetime('26-05-2020 00:00:01.00', 'dd-MM-yyyy hh:mm:ss.SS'), 'admin', 0, '1', '7', '1', '5', 'edgeStyle=orthogonalEdgeStyle;rounded=0;orthogonalLoop=1;jettySize=auto;html=1;', '6', NULL, NULL, 'ff808181725b20fa01725b2208780078');
INSERT INTO MX_CELL(ID, CRT_DTTM, CRT_USER, ENABLE_FLAG, LAST_UPDATE_DTTM, LAST_UPDATE_USER, VERSION, MX_EDGE, MX_PAGEID, MX_PARENT, MX_SOURCE, MX_STYLE, MX_TARGET, MX_VALUE, MX_VERTEX, FK_MX_GRAPH_ID) VALUES ('ff808181725b20fa01725b22087c0089', parsedatetime('26-05-2020 00:00:01.00', 'dd-MM-yyyy hh:mm:ss.SS'), 'admin', 1, parsedatetime('26-05-2020 00:00:01.00', 'dd-MM-yyyy hh:mm:ss.SS'), 'admin', 0, NULL, '0', NULL, NULL, NULL, NULL, NULL, NULL, 'ff808181725b20fa01725b22087c0088');
INSERT INTO MX_CELL(ID, CRT_DTTM, CRT_USER, ENABLE_FLAG, LAST_UPDATE_DTTM, LAST_UPDATE_USER, VERSION, MX_EDGE, MX_PAGEID, MX_PARENT, MX_SOURCE, MX_STYLE, MX_TARGET, MX_VALUE, MX_VERTEX, FK_MX_GRAPH_ID) VALUES ('ff808181725b20fa01725b22087c008a', parsedatetime('26-05-2020 00:00:01.00', 'dd-MM-yyyy hh:mm:ss.SS'), 'admin', 1, parsedatetime('26-05-2020 00:00:01.00', 'dd-MM-yyyy hh:mm:ss.SS'), 'admin', 0, NULL, '1', '0', NULL, NULL, NULL, NULL, NULL, 'ff808181725b20fa01725b22087c0088');
INSERT INTO MX_CELL(ID, CRT_DTTM, CRT_USER, ENABLE_FLAG, LAST_UPDATE_DTTM, LAST_UPDATE_USER, VERSION, MX_EDGE, MX_PAGEID, MX_PARENT, MX_SOURCE, MX_STYLE, MX_TARGET, MX_VALUE, MX_VERTEX, FK_MX_GRAPH_ID) VALUES ('ff808181725b20fa01725b22087c008b', parsedatetime('26-05-2020 00:00:01.00', 'dd-MM-yyyy hh:mm:ss.SS'), 'admin', 1, parsedatetime('26-05-2020 00:00:01.00', 'dd-MM-yyyy hh:mm:ss.SS'), 'admin', 0, NULL, '10', '1', NULL, 'image;html=1;labelBackgroundColor=#ffffff00;image=/piflow-web/images/SelectField_128x128.png', NULL, 'SelectField', '1', 'ff808181725b20fa01725b22087c0088');
INSERT INTO MX_CELL(ID, CRT_DTTM, CRT_USER, ENABLE_FLAG, LAST_UPDATE_DTTM, LAST_UPDATE_USER, VERSION, MX_EDGE, MX_PAGEID, MX_PARENT, MX_SOURCE, MX_STYLE, MX_TARGET, MX_VALUE, MX_VERTEX, FK_MX_GRAPH_ID) VALUES ('ff808181725b20fa01725b22087c008d', parsedatetime('26-05-2020 00:00:01.00', 'dd-MM-yyyy hh:mm:ss.SS'), 'admin', 1, parsedatetime('26-05-2020 00:00:01.00', 'dd-MM-yyyy hh:mm:ss.SS'), 'admin', 0, NULL, '6', '1', NULL, 'image;html=1;labelBackgroundColor=#ffffff00;image=/piflow-web/images/MockData_128x128.png', NULL, 'MockData', '1', 'ff808181725b20fa01725b22087c0088');
INSERT INTO MX_CELL(ID, CRT_DTTM, CRT_USER, ENABLE_FLAG, LAST_UPDATE_DTTM, LAST_UPDATE_USER, VERSION, MX_EDGE, MX_PAGEID, MX_PARENT, MX_SOURCE, MX_STYLE, MX_TARGET, MX_VALUE, MX_VERTEX, FK_MX_GRAPH_ID) VALUES ('ff808181725b20fa01725b22087c008f', parsedatetime('26-05-2020 00:00:01.00', 'dd-MM-yyyy hh:mm:ss.SS'), 'admin', 1, parsedatetime('26-05-2020 00:00:01.00', 'dd-MM-yyyy hh:mm:ss.SS'), 'admin', 0, '1', '11', '1', '6', 'edgeStyle=orthogonalEdgeStyle;rounded=0;orthogonalLoop=1;jettySize=auto;html=1;', '10', NULL, NULL, 'ff808181725b20fa01725b22087c0088');
INSERT INTO MX_CELL(ID, CRT_DTTM, CRT_USER, ENABLE_FLAG, LAST_UPDATE_DTTM, LAST_UPDATE_USER, VERSION, MX_EDGE, MX_PAGEID, MX_PARENT, MX_SOURCE, MX_STYLE, MX_TARGET, MX_VALUE, MX_VERTEX, FK_MX_GRAPH_ID) VALUES ('ff808181725b20fa01725b22087c0091', parsedatetime('26-05-2020 00:00:01.00', 'dd-MM-yyyy hh:mm:ss.SS'), 'admin', 1, parsedatetime('26-05-2020 00:00:01.00', 'dd-MM-yyyy hh:mm:ss.SS'), 'admin', 0, NULL, '9', '1', NULL, 'text;html=1;align=center;verticalAlign=middle;resizable=0;points=[];autosize=1;', NULL, '模拟测试数据', '1', 'ff808181725b20fa01725b22087c0088');
INSERT INTO MX_CELL(ID, CRT_DTTM, CRT_USER, ENABLE_FLAG, LAST_UPDATE_DTTM, LAST_UPDATE_USER, VERSION, MX_EDGE, MX_PAGEID, MX_PARENT, MX_SOURCE, MX_STYLE, MX_TARGET, MX_VALUE, MX_VERTEX, FK_MX_GRAPH_ID) VALUES ('ff808181725b20fa01725b22087c0094', parsedatetime('26-05-2020 00:00:01.00', 'dd-MM-yyyy hh:mm:ss.SS'), 'admin', 1, parsedatetime('26-05-2020 00:00:01.00', 'dd-MM-yyyy hh:mm:ss.SS'), 'admin', 0, NULL, '5', '1', NULL, 'text;html=1;strokeColor=none;fillColor=none;align=center;verticalAlign=middle;whiteSpace=wrap;rounded=0;labelBackgroundColor=#ffffff00;', NULL, '采集期刊数据，内部流水线不具备真实功能', '1', 'ff808181725b20fa01725b22087c0093');
INSERT INTO MX_CELL(ID, CRT_DTTM, CRT_USER, ENABLE_FLAG, LAST_UPDATE_DTTM, LAST_UPDATE_USER, VERSION, MX_EDGE, MX_PAGEID, MX_PARENT, MX_SOURCE, MX_STYLE, MX_TARGET, MX_VALUE, MX_VERTEX, FK_MX_GRAPH_ID) VALUES ('ff808181725b20fa01725b22087c0096', parsedatetime('26-05-2020 00:00:01.00', 'dd-MM-yyyy hh:mm:ss.SS'), 'admin', 1, parsedatetime('26-05-2020 00:00:01.00', 'dd-MM-yyyy hh:mm:ss.SS'), 'admin', 0, NULL, '7', '1', NULL, 'text;html=1;strokeColor=none;fillColor=none;align=center;verticalAlign=middle;whiteSpace=wrap;rounded=0;labelBackgroundColor=#ffffff00;', NULL, '采集会议论文，<span style=\"font-size: 13.3333px\">内部流水线不具备真实功能</span>', '1', 'ff808181725b20fa01725b22087c0093');
INSERT INTO MX_CELL(ID, CRT_DTTM, CRT_USER, ENABLE_FLAG, LAST_UPDATE_DTTM, LAST_UPDATE_USER, VERSION, MX_EDGE, MX_PAGEID, MX_PARENT, MX_SOURCE, MX_STYLE, MX_TARGET, MX_VALUE, MX_VERTEX, FK_MX_GRAPH_ID) VALUES ('ff808181725b20fa01725b22087c0098', parsedatetime('26-05-2020 00:00:01.00', 'dd-MM-yyyy hh:mm:ss.SS'), 'admin', 1, parsedatetime('26-05-2020 00:00:01.00', 'dd-MM-yyyy hh:mm:ss.SS'), 'admin', 0, NULL, '6', '1', NULL, 'image;html=1;labelBackgroundColor=#ffffff00;image=/piflow-web/img/flow.png', NULL, 'CollectConferenceData', '1', 'ff808181725b20fa01725b22087c0093');
INSERT INTO MX_CELL(ID, CRT_DTTM, CRT_USER, ENABLE_FLAG, LAST_UPDATE_DTTM, LAST_UPDATE_USER, VERSION, MX_EDGE, MX_PAGEID, MX_PARENT, MX_SOURCE, MX_STYLE, MX_TARGET, MX_VALUE, MX_VERTEX, FK_MX_GRAPH_ID) VALUES ('ff808181725b20fa01725b22087d009a', parsedatetime('26-05-2020 00:00:01.00', 'dd-MM-yyyy hh:mm:ss.SS'), 'admin', 1, parsedatetime('26-05-2020 00:00:01.00', 'dd-MM-yyyy hh:mm:ss.SS'), 'admin', 0, NULL, '4', '1', NULL, 'image;html=1;labelBackgroundColor=#ffffff00;image=/piflow-web/img/flow.png', NULL, 'CollectJournalFlow', '1', 'ff808181725b20fa01725b22087c0093');
INSERT INTO MX_CELL(ID, CRT_DTTM, CRT_USER, ENABLE_FLAG, LAST_UPDATE_DTTM, LAST_UPDATE_USER, VERSION, MX_EDGE, MX_PAGEID, MX_PARENT, MX_SOURCE, MX_STYLE, MX_TARGET, MX_VALUE, MX_VERTEX, FK_MX_GRAPH_ID) VALUES ('ff808181725b20fa01725b22087d009c', parsedatetime('26-05-2020 00:00:01.00', 'dd-MM-yyyy hh:mm:ss.SS'), 'admin', 1, parsedatetime('26-05-2020 00:00:01.00', 'dd-MM-yyyy hh:mm:ss.SS'), 'admin', 0, NULL, '0', NULL, NULL, NULL, NULL, NULL, NULL, 'ff808181725b20fa01725b22087c0093');
INSERT INTO MX_CELL(ID, CRT_DTTM, CRT_USER, ENABLE_FLAG, LAST_UPDATE_DTTM, LAST_UPDATE_USER, VERSION, MX_EDGE, MX_PAGEID, MX_PARENT, MX_SOURCE, MX_STYLE, MX_TARGET, MX_VALUE, MX_VERTEX, FK_MX_GRAPH_ID) VALUES ('ff808181725b20fa01725b22087d009d', parsedatetime('26-05-2020 00:00:01.00', 'dd-MM-yyyy hh:mm:ss.SS'), 'admin', 1, parsedatetime('26-05-2020 00:00:01.00', 'dd-MM-yyyy hh:mm:ss.SS'), 'admin', 0, NULL, '1', '0', NULL, NULL, NULL, NULL, NULL, 'ff808181725b20fa01725b22087c0093');
INSERT INTO MX_CELL(ID, CRT_DTTM, CRT_USER, ENABLE_FLAG, LAST_UPDATE_DTTM, LAST_UPDATE_USER, VERSION, MX_EDGE, MX_PAGEID, MX_PARENT, MX_SOURCE, MX_STYLE, MX_TARGET, MX_VALUE, MX_VERTEX, FK_MX_GRAPH_ID) VALUES ('ff808181725b20fa01725b22088800bb', parsedatetime('26-05-2020 00:00:01.00', 'dd-MM-yyyy hh:mm:ss.SS'), 'admin', 1, parsedatetime('26-05-2020 00:00:01.00', 'dd-MM-yyyy hh:mm:ss.SS'), 'admin', 0, NULL, '0', NULL, NULL, NULL, NULL, NULL, NULL, 'ff808181725b20fa01725b22088800ba');
INSERT INTO MX_CELL(ID, CRT_DTTM, CRT_USER, ENABLE_FLAG, LAST_UPDATE_DTTM, LAST_UPDATE_USER, VERSION, MX_EDGE, MX_PAGEID, MX_PARENT, MX_SOURCE, MX_STYLE, MX_TARGET, MX_VALUE, MX_VERTEX, FK_MX_GRAPH_ID) VALUES ('ff808181725b20fa01725b22088900bc', parsedatetime('26-05-2020 00:00:01.00', 'dd-MM-yyyy hh:mm:ss.SS'), 'admin', 1, parsedatetime('26-05-2020 00:00:01.00', 'dd-MM-yyyy hh:mm:ss.SS'), 'admin', 0, NULL, '1', '0', NULL, NULL, NULL, NULL, NULL, 'ff808181725b20fa01725b22088800ba');
INSERT INTO MX_CELL(ID, CRT_DTTM, CRT_USER, ENABLE_FLAG, LAST_UPDATE_DTTM, LAST_UPDATE_USER, VERSION, MX_EDGE, MX_PAGEID, MX_PARENT, MX_SOURCE, MX_STYLE, MX_TARGET, MX_VALUE, MX_VERTEX, FK_MX_GRAPH_ID) VALUES ('ff808181725b20fa01725b22088900bd', parsedatetime('26-05-2020 00:00:01.00', 'dd-MM-yyyy hh:mm:ss.SS'), 'admin', 1, parsedatetime('26-05-2020 00:00:01.00', 'dd-MM-yyyy hh:mm:ss.SS'), 'admin', 0, NULL, '28', '1', NULL, 'text;html=1;align=center;verticalAlign=middle;resizable=0;points=[];autosize=1;', NULL, '选择数据：<span style=\"font-size: 13.3333px\">title, author, age</span>', '1', 'ff808181725b20fa01725b22088800ba');
INSERT INTO MX_CELL(ID, CRT_DTTM, CRT_USER, ENABLE_FLAG, LAST_UPDATE_DTTM, LAST_UPDATE_USER, VERSION, MX_EDGE, MX_PAGEID, MX_PARENT, MX_SOURCE, MX_STYLE, MX_TARGET, MX_VALUE, MX_VERTEX, FK_MX_GRAPH_ID) VALUES ('ff808181725b20fa01725b22088900bf', parsedatetime('26-05-2020 00:00:01.00', 'dd-MM-yyyy hh:mm:ss.SS'), 'admin', 1, parsedatetime('26-05-2020 00:00:01.00', 'dd-MM-yyyy hh:mm:ss.SS'), 'admin', 0, NULL, '17', '1', NULL, 'image;html=1;labelBackgroundColor=#ffffff00;image=/piflow-web/images/Merge_128x128.png', NULL, 'Merge', '1', 'ff808181725b20fa01725b22088800ba');
INSERT INTO MX_CELL(ID, CRT_DTTM, CRT_USER, ENABLE_FLAG, LAST_UPDATE_DTTM, LAST_UPDATE_USER, VERSION, MX_EDGE, MX_PAGEID, MX_PARENT, MX_SOURCE, MX_STYLE, MX_TARGET, MX_VALUE, MX_VERTEX, FK_MX_GRAPH_ID) VALUES ('ff808181725b20fa01725b22088a00c1', parsedatetime('26-05-2020 00:00:01.00', 'dd-MM-yyyy hh:mm:ss.SS'), 'admin', 1, parsedatetime('26-05-2020 00:00:01.00', 'dd-MM-yyyy hh:mm:ss.SS'), 'admin', 0, NULL, '9', '1', NULL, 'text;html=1;align=center;verticalAlign=middle;resizable=0;points=[];autosize=1;', NULL, '模拟测试数据：<span style=\"font-size: 13.3333px\">title, author, age</span>', '1', 'ff808181725b20fa01725b22088800ba');
INSERT INTO MX_CELL(ID, CRT_DTTM, CRT_USER, ENABLE_FLAG, LAST_UPDATE_DTTM, LAST_UPDATE_USER, VERSION, MX_EDGE, MX_PAGEID, MX_PARENT, MX_SOURCE, MX_STYLE, MX_TARGET, MX_VALUE, MX_VERTEX, FK_MX_GRAPH_ID) VALUES ('ff808181725b20fa01725b22088a00c3', parsedatetime('26-05-2020 00:00:01.00', 'dd-MM-yyyy hh:mm:ss.SS'), 'admin', 1, parsedatetime('26-05-2020 00:00:01.00', 'dd-MM-yyyy hh:mm:ss.SS'), 'admin', 0, NULL, '14', '1', NULL, 'text;html=1;align=center;verticalAlign=middle;resizable=0;points=[];autosize=1;', NULL, '模拟生成数据：title, author, age, gender', '1', 'ff808181725b20fa01725b22088800ba');
INSERT INTO MX_CELL(ID, CRT_DTTM, CRT_USER, ENABLE_FLAG, LAST_UPDATE_DTTM, LAST_UPDATE_USER, VERSION, MX_EDGE, MX_PAGEID, MX_PARENT, MX_SOURCE, MX_STYLE, MX_TARGET, MX_VALUE, MX_VERTEX, FK_MX_GRAPH_ID) VALUES ('ff808181725b20fa01725b22088b00c5', parsedatetime('26-05-2020 00:00:01.00', 'dd-MM-yyyy hh:mm:ss.SS'), 'admin', 1, parsedatetime('26-05-2020 00:00:01.00', 'dd-MM-yyyy hh:mm:ss.SS'), 'admin', 0, NULL, '29', '1', NULL, 'text;html=1;align=center;verticalAlign=middle;resizable=0;points=[];autosize=1;', NULL, '合流', '1', 'ff808181725b20fa01725b22088800ba');
INSERT INTO MX_CELL(ID, CRT_DTTM, CRT_USER, ENABLE_FLAG, LAST_UPDATE_DTTM, LAST_UPDATE_USER, VERSION, MX_EDGE, MX_PAGEID, MX_PARENT, MX_SOURCE, MX_STYLE, MX_TARGET, MX_VALUE, MX_VERTEX, FK_MX_GRAPH_ID) VALUES ('ff808181725b20fa01725b22088b00c7', parsedatetime('26-05-2020 00:00:01.00', 'dd-MM-yyyy hh:mm:ss.SS'), 'admin', 1, parsedatetime('26-05-2020 00:00:01.00', 'dd-MM-yyyy hh:mm:ss.SS'), 'admin', 0, NULL, '30', '1', NULL, 'text;html=1;align=center;verticalAlign=middle;resizable=0;points=[];autosize=1;', NULL, '分流', '1', 'ff808181725b20fa01725b22088800ba');
INSERT INTO MX_CELL(ID, CRT_DTTM, CRT_USER, ENABLE_FLAG, LAST_UPDATE_DTTM, LAST_UPDATE_USER, VERSION, MX_EDGE, MX_PAGEID, MX_PARENT, MX_SOURCE, MX_STYLE, MX_TARGET, MX_VALUE, MX_VERTEX, FK_MX_GRAPH_ID) VALUES ('ff808181725b20fa01725b22088b00c9', parsedatetime('26-05-2020 00:00:01.00', 'dd-MM-yyyy hh:mm:ss.SS'), 'admin', 1, parsedatetime('26-05-2020 00:00:01.00', 'dd-MM-yyyy hh:mm:ss.SS'), 'admin', 0, NULL, '24', '1', NULL, 'image;html=1;labelBackgroundColor=#ffffff00;image=/piflow-web/images/SelectField_128x128.png', NULL, 'SelectField20', '1', 'ff808181725b20fa01725b22088800ba');
INSERT INTO MX_CELL(ID, CRT_DTTM, CRT_USER, ENABLE_FLAG, LAST_UPDATE_DTTM, LAST_UPDATE_USER, VERSION, MX_EDGE, MX_PAGEID, MX_PARENT, MX_SOURCE, MX_STYLE, MX_TARGET, MX_VALUE, MX_VERTEX, FK_MX_GRAPH_ID) VALUES ('ff808181725b20fa01725b22088b00cb', parsedatetime('26-05-2020 00:00:01.00', 'dd-MM-yyyy hh:mm:ss.SS'), 'admin', 1, parsedatetime('26-05-2020 00:00:01.00', 'dd-MM-yyyy hh:mm:ss.SS'), 'admin', 0, NULL, '22', '1', NULL, 'image;html=1;labelBackgroundColor=#ffffff00;image=/piflow-web/images/SelectField_128x128.png', NULL, 'SelectField18', '1', 'ff808181725b20fa01725b22088800ba');
INSERT INTO MX_CELL(ID, CRT_DTTM, CRT_USER, ENABLE_FLAG, LAST_UPDATE_DTTM, LAST_UPDATE_USER, VERSION, MX_EDGE, MX_PAGEID, MX_PARENT, MX_SOURCE, MX_STYLE, MX_TARGET, MX_VALUE, MX_VERTEX, FK_MX_GRAPH_ID) VALUES ('ff808181725b20fa01725b22088b00cd', parsedatetime('26-05-2020 00:00:01.00', 'dd-MM-yyyy hh:mm:ss.SS'), 'admin', 1, parsedatetime('26-05-2020 00:00:01.00', 'dd-MM-yyyy hh:mm:ss.SS'), 'admin', 0, '1', '41', '1', '15', 'edgeStyle=orthogonalEdgeStyle;rounded=0;orthogonalLoop=1;jettySize=auto;html=1;entryX=0.5;entryY=0;entryDx=0;entryDy=0;', '17', NULL, NULL, 'ff808181725b20fa01725b22088800ba');
INSERT INTO MX_CELL(ID, CRT_DTTM, CRT_USER, ENABLE_FLAG, LAST_UPDATE_DTTM, LAST_UPDATE_USER, VERSION, MX_EDGE, MX_PAGEID, MX_PARENT, MX_SOURCE, MX_STYLE, MX_TARGET, MX_VALUE, MX_VERTEX, FK_MX_GRAPH_ID) VALUES ('ff808181725b20fa01725b22088b00cf', parsedatetime('26-05-2020 00:00:01.00', 'dd-MM-yyyy hh:mm:ss.SS'), 'admin', 1, parsedatetime('26-05-2020 00:00:01.00', 'dd-MM-yyyy hh:mm:ss.SS'), 'admin', 0, '1', '40', '1', '6', 'edgeStyle=orthogonalEdgeStyle;rounded=0;orthogonalLoop=1;jettySize=auto;html=1;', '17', NULL, NULL, 'ff808181725b20fa01725b22088800ba');
INSERT INTO MX_CELL(ID, CRT_DTTM, CRT_USER, ENABLE_FLAG, LAST_UPDATE_DTTM, LAST_UPDATE_USER, VERSION, MX_EDGE, MX_PAGEID, MX_PARENT, MX_SOURCE, MX_STYLE, MX_TARGET, MX_VALUE, MX_VERTEX, FK_MX_GRAPH_ID) VALUES ('ff808181725b20fa01725b22089000d1', parsedatetime('26-05-2020 00:00:01.00', 'dd-MM-yyyy hh:mm:ss.SS'), 'admin', 1, parsedatetime('26-05-2020 00:00:01.00', 'dd-MM-yyyy hh:mm:ss.SS'), 'admin', 0, '1', '44', '1', '20', 'edgeStyle=orthogonalEdgeStyle;rounded=0;orthogonalLoop=1;jettySize=auto;html=1;', '26', NULL, NULL, 'ff808181725b20fa01725b22088800ba');
INSERT INTO MX_CELL(ID, CRT_DTTM, CRT_USER, ENABLE_FLAG, LAST_UPDATE_DTTM, LAST_UPDATE_USER, VERSION, MX_EDGE, MX_PAGEID, MX_PARENT, MX_SOURCE, MX_STYLE, MX_TARGET, MX_VALUE, MX_VERTEX, FK_MX_GRAPH_ID) VALUES ('ff808181725b20fa01725b22089000d3', parsedatetime('26-05-2020 00:00:01.00', 'dd-MM-yyyy hh:mm:ss.SS'), 'admin', 1, parsedatetime('26-05-2020 00:00:01.00', 'dd-MM-yyyy hh:mm:ss.SS'), 'admin', 0, NULL, '26', '1', NULL, 'image;html=1;labelBackgroundColor=#ffffff00;image=/piflow-web/images/SelectField_128x128.png', NULL, 'SelectField22', '1', 'ff808181725b20fa01725b22088800ba');
INSERT INTO MX_CELL(ID, CRT_DTTM, CRT_USER, ENABLE_FLAG, LAST_UPDATE_DTTM, LAST_UPDATE_USER, VERSION, MX_EDGE, MX_PAGEID, MX_PARENT, MX_SOURCE, MX_STYLE, MX_TARGET, MX_VALUE, MX_VERTEX, FK_MX_GRAPH_ID) VALUES ('ff808181725b20fa01725b22089000d5', parsedatetime('26-05-2020 00:00:01.00', 'dd-MM-yyyy hh:mm:ss.SS'), 'admin', 1, parsedatetime('26-05-2020 00:00:01.00', 'dd-MM-yyyy hh:mm:ss.SS'), 'admin', 0, '1', '39', '1', '11', 'edgeStyle=orthogonalEdgeStyle;rounded=0;orthogonalLoop=1;jettySize=auto;html=1;', '15', NULL, NULL, 'ff808181725b20fa01725b22088800ba');
INSERT INTO MX_CELL(ID, CRT_DTTM, CRT_USER, ENABLE_FLAG, LAST_UPDATE_DTTM, LAST_UPDATE_USER, VERSION, MX_EDGE, MX_PAGEID, MX_PARENT, MX_SOURCE, MX_STYLE, MX_TARGET, MX_VALUE, MX_VERTEX, FK_MX_GRAPH_ID) VALUES ('ff808181725b20fa01725b22089000d7', parsedatetime('26-05-2020 00:00:01.00', 'dd-MM-yyyy hh:mm:ss.SS'), 'admin', 1, parsedatetime('26-05-2020 00:00:01.00', 'dd-MM-yyyy hh:mm:ss.SS'), 'admin', 0, NULL, '38', '1', NULL, 'text;html=1;align=center;verticalAlign=middle;resizable=0;points=[];autosize=1;', NULL, '选择age列', '1', 'ff808181725b20fa01725b22088800ba');
INSERT INTO MX_CELL(ID, CRT_DTTM, CRT_USER, ENABLE_FLAG, LAST_UPDATE_DTTM, LAST_UPDATE_USER, VERSION, MX_EDGE, MX_PAGEID, MX_PARENT, MX_SOURCE, MX_STYLE, MX_TARGET, MX_VALUE, MX_VERTEX, FK_MX_GRAPH_ID) VALUES ('ff808181725b20fa01725b22089100d9', parsedatetime('26-05-2020 00:00:01.00', 'dd-MM-yyyy hh:mm:ss.SS'), 'admin', 1, parsedatetime('26-05-2020 00:00:01.00', 'dd-MM-yyyy hh:mm:ss.SS'), 'admin', 0, NULL, '11', '1', NULL, 'image;html=1;labelBackgroundColor=#ffffff00;image=/piflow-web/images/MockData_128x128.png', NULL, 'MockData7', '1', 'ff808181725b20fa01725b22088800ba');
INSERT INTO MX_CELL(ID, CRT_DTTM, CRT_USER, ENABLE_FLAG, LAST_UPDATE_DTTM, LAST_UPDATE_USER, VERSION, MX_EDGE, MX_PAGEID, MX_PARENT, MX_SOURCE, MX_STYLE, MX_TARGET, MX_VALUE, MX_VERTEX, FK_MX_GRAPH_ID) VALUES ('ff808181725b20fa01725b22089100db', parsedatetime('26-05-2020 00:00:01.00', 'dd-MM-yyyy hh:mm:ss.SS'), 'admin', 1, parsedatetime('26-05-2020 00:00:01.00', 'dd-MM-yyyy hh:mm:ss.SS'), 'admin', 0, '1', '42', '1', '17', 'edgeStyle=orthogonalEdgeStyle;rounded=0;orthogonalLoop=1;jettySize=auto;html=1;', '20', NULL, NULL, 'ff808181725b20fa01725b22088800ba');
INSERT INTO MX_CELL(ID, CRT_DTTM, CRT_USER, ENABLE_FLAG, LAST_UPDATE_DTTM, LAST_UPDATE_USER, VERSION, MX_EDGE, MX_PAGEID, MX_PARENT, MX_SOURCE, MX_STYLE, MX_TARGET, MX_VALUE, MX_VERTEX, FK_MX_GRAPH_ID) VALUES ('ff808181725b20fa01725b22089100dd', parsedatetime('26-05-2020 00:00:01.00', 'dd-MM-yyyy hh:mm:ss.SS'), 'admin', 1, parsedatetime('26-05-2020 00:00:01.00', 'dd-MM-yyyy hh:mm:ss.SS'), 'admin', 0, NULL, '37', '1', NULL, 'text;html=1;align=center;verticalAlign=middle;resizable=0;points=[];autosize=1;', NULL, '选择author列', '1', 'ff808181725b20fa01725b22088800ba');
INSERT INTO MX_CELL(ID, CRT_DTTM, CRT_USER, ENABLE_FLAG, LAST_UPDATE_DTTM, LAST_UPDATE_USER, VERSION, MX_EDGE, MX_PAGEID, MX_PARENT, MX_SOURCE, MX_STYLE, MX_TARGET, MX_VALUE, MX_VERTEX, FK_MX_GRAPH_ID) VALUES ('ff808181725b20fa01725b22089100df', parsedatetime('26-05-2020 00:00:01.00', 'dd-MM-yyyy hh:mm:ss.SS'), 'admin', 1, parsedatetime('26-05-2020 00:00:01.00', 'dd-MM-yyyy hh:mm:ss.SS'), 'admin', 0, '1', '45', '1', '20', 'edgeStyle=orthogonalEdgeStyle;rounded=0;orthogonalLoop=1;jettySize=auto;html=1;', '24', NULL, NULL, 'ff808181725b20fa01725b22088800ba');
INSERT INTO MX_CELL(ID, CRT_DTTM, CRT_USER, ENABLE_FLAG, LAST_UPDATE_DTTM, LAST_UPDATE_USER, VERSION, MX_EDGE, MX_PAGEID, MX_PARENT, MX_SOURCE, MX_STYLE, MX_TARGET, MX_VALUE, MX_VERTEX, FK_MX_GRAPH_ID) VALUES ('ff808181725b20fa01725b22089200e1', parsedatetime('26-05-2020 00:00:01.00', 'dd-MM-yyyy hh:mm:ss.SS'), 'admin', 1, parsedatetime('26-05-2020 00:00:01.00', 'dd-MM-yyyy hh:mm:ss.SS'), 'admin', 0, NULL, '36', '1', NULL, 'text;html=1;align=center;verticalAlign=middle;resizable=0;points=[];autosize=1;', NULL, '选择title列', '1', 'ff808181725b20fa01725b22088800ba');
INSERT INTO MX_CELL(ID, CRT_DTTM, CRT_USER, ENABLE_FLAG, LAST_UPDATE_DTTM, LAST_UPDATE_USER, VERSION, MX_EDGE, MX_PAGEID, MX_PARENT, MX_SOURCE, MX_STYLE, MX_TARGET, MX_VALUE, MX_VERTEX, FK_MX_GRAPH_ID) VALUES ('ff808181725b20fa01725b22089200e3', parsedatetime('26-05-2020 00:00:01.00', 'dd-MM-yyyy hh:mm:ss.SS'), 'admin', 1, parsedatetime('26-05-2020 00:00:01.00', 'dd-MM-yyyy hh:mm:ss.SS'), 'admin', 0, NULL, '6', '1', NULL, 'image;html=1;labelBackgroundColor=#ffffff00;image=/piflow-web/images/MockData_128x128.png', NULL, 'MockData', '1', 'ff808181725b20fa01725b22088800ba');
INSERT INTO MX_CELL(ID, CRT_DTTM, CRT_USER, ENABLE_FLAG, LAST_UPDATE_DTTM, LAST_UPDATE_USER, VERSION, MX_EDGE, MX_PAGEID, MX_PARENT, MX_SOURCE, MX_STYLE, MX_TARGET, MX_VALUE, MX_VERTEX, FK_MX_GRAPH_ID) VALUES ('ff808181725b20fa01725b22089300e5', parsedatetime('26-05-2020 00:00:01.00', 'dd-MM-yyyy hh:mm:ss.SS'), 'admin', 1, parsedatetime('26-05-2020 00:00:01.00', 'dd-MM-yyyy hh:mm:ss.SS'), 'admin', 0, '1', '43', '1', '20', 'edgeStyle=orthogonalEdgeStyle;rounded=0;orthogonalLoop=1;jettySize=auto;html=1;', '22', NULL, NULL, 'ff808181725b20fa01725b22088800ba');
INSERT INTO MX_CELL(ID, CRT_DTTM, CRT_USER, ENABLE_FLAG, LAST_UPDATE_DTTM, LAST_UPDATE_USER, VERSION, MX_EDGE, MX_PAGEID, MX_PARENT, MX_SOURCE, MX_STYLE, MX_TARGET, MX_VALUE, MX_VERTEX, FK_MX_GRAPH_ID) VALUES ('ff808181725b20fa01725b22089300e7', parsedatetime('26-05-2020 00:00:01.00', 'dd-MM-yyyy hh:mm:ss.SS'), 'admin', 1, parsedatetime('26-05-2020 00:00:01.00', 'dd-MM-yyyy hh:mm:ss.SS'), 'admin', 0, NULL, '15', '1', NULL, 'image;html=1;labelBackgroundColor=#ffffff00;image=/piflow-web/images/SelectField_128x128.png', NULL, 'SelectField', '1', 'ff808181725b20fa01725b22088800ba');
INSERT INTO MX_CELL(ID, CRT_DTTM, CRT_USER, ENABLE_FLAG, LAST_UPDATE_DTTM, LAST_UPDATE_USER, VERSION, MX_EDGE, MX_PAGEID, MX_PARENT, MX_SOURCE, MX_STYLE, MX_TARGET, MX_VALUE, MX_VERTEX, FK_MX_GRAPH_ID) VALUES ('ff808181725b20fa01725b22089300e9', parsedatetime('26-05-2020 00:00:01.00', 'dd-MM-yyyy hh:mm:ss.SS'), 'admin', 1, parsedatetime('26-05-2020 00:00:01.00', 'dd-MM-yyyy hh:mm:ss.SS'), 'admin', 0, NULL, '20', '1', NULL, 'image;html=1;labelBackgroundColor=#ffffff00;image=/piflow-web/images/Fork_128x128.png', NULL, 'Fork', '1', 'ff808181725b20fa01725b22088800ba');
INSERT INTO MX_CELL(ID, CRT_DTTM, CRT_USER, ENABLE_FLAG, LAST_UPDATE_DTTM, LAST_UPDATE_USER, VERSION, MX_EDGE, MX_PAGEID, MX_PARENT, MX_SOURCE, MX_STYLE, MX_TARGET, MX_VALUE, MX_VERTEX, FK_MX_GRAPH_ID) VALUES ('ff808181725b20fa01725b22089500f3', parsedatetime('26-05-2020 00:00:01.00', 'dd-MM-yyyy hh:mm:ss.SS'), 'admin', 1, parsedatetime('26-05-2020 00:00:01.00', 'dd-MM-yyyy hh:mm:ss.SS'), 'admin', 0, NULL, '0', NULL, NULL, NULL, NULL, NULL, NULL, 'ff808181725b20fa01725b22089500f2');
INSERT INTO MX_CELL(ID, CRT_DTTM, CRT_USER, ENABLE_FLAG, LAST_UPDATE_DTTM, LAST_UPDATE_USER, VERSION, MX_EDGE, MX_PAGEID, MX_PARENT, MX_SOURCE, MX_STYLE, MX_TARGET, MX_VALUE, MX_VERTEX, FK_MX_GRAPH_ID) VALUES ('ff808181725b20fa01725b22089500f4', parsedatetime('26-05-2020 00:00:01.00', 'dd-MM-yyyy hh:mm:ss.SS'), 'admin', 1, parsedatetime('26-05-2020 00:00:01.00', 'dd-MM-yyyy hh:mm:ss.SS'), 'admin', 0, NULL, '1', '0', NULL, NULL, NULL, NULL, NULL, 'ff808181725b20fa01725b22089500f2');
INSERT INTO MX_CELL(ID, CRT_DTTM, CRT_USER, ENABLE_FLAG, LAST_UPDATE_DTTM, LAST_UPDATE_USER, VERSION, MX_EDGE, MX_PAGEID, MX_PARENT, MX_SOURCE, MX_STYLE, MX_TARGET, MX_VALUE, MX_VERTEX, FK_MX_GRAPH_ID) VALUES ('ff808181725b20fa01725b22089500f5', parsedatetime('26-05-2020 00:00:01.00', 'dd-MM-yyyy hh:mm:ss.SS'), 'admin', 1, parsedatetime('26-05-2020 00:00:01.00', 'dd-MM-yyyy hh:mm:ss.SS'), 'admin', 0, NULL, '7', '1', NULL, 'image;html=1;labelBackgroundColor=#ffffff00;image=/piflow-web/images/SelectField_128x128.png', NULL, 'SelectFiel...', '1', 'ff808181725b20fa01725b22089500f2');
INSERT INTO MX_CELL(ID, CRT_DTTM, CRT_USER, ENABLE_FLAG, LAST_UPDATE_DTTM, LAST_UPDATE_USER, VERSION, MX_EDGE, MX_PAGEID, MX_PARENT, MX_SOURCE, MX_STYLE, MX_TARGET, MX_VALUE, MX_VERTEX, FK_MX_GRAPH_ID) VALUES ('ff808181725b20fa01725b22089800f7', parsedatetime('26-05-2020 00:00:01.00', 'dd-MM-yyyy hh:mm:ss.SS'), 'admin', 1, parsedatetime('26-05-2020 00:00:01.00', 'dd-MM-yyyy hh:mm:ss.SS'), 'admin', 0, NULL, '6', '1', NULL, 'image;html=1;labelBackgroundColor=#ffffff00;image=/piflow-web/images/MockData_128x128.png', NULL, 'MockData', '1', 'ff808181725b20fa01725b22089500f2');
INSERT INTO MX_CELL(ID, CRT_DTTM, CRT_USER, ENABLE_FLAG, LAST_UPDATE_DTTM, LAST_UPDATE_USER, VERSION, MX_EDGE, MX_PAGEID, MX_PARENT, MX_SOURCE, MX_STYLE, MX_TARGET, MX_VALUE, MX_VERTEX, FK_MX_GRAPH_ID) VALUES ('ff808181725b20fa01725b22089900f9', parsedatetime('26-05-2020 00:00:01.00', 'dd-MM-yyyy hh:mm:ss.SS'), 'admin', 1, parsedatetime('26-05-2020 00:00:01.00', 'dd-MM-yyyy hh:mm:ss.SS'), 'admin', 0, '1', '8', '1', '6', 'edgeStyle=orthogonalEdgeStyle;rounded=0;orthogonalLoop=1;jettySize=auto;html=1;', '7', NULL, NULL, 'ff808181725b20fa01725b22089500f2');
INSERT INTO MX_CELL(ID, CRT_DTTM, CRT_USER, ENABLE_FLAG, LAST_UPDATE_DTTM, LAST_UPDATE_USER, VERSION, MX_EDGE, MX_PAGEID, MX_PARENT, MX_SOURCE, MX_STYLE, MX_TARGET, MX_VALUE, MX_VERTEX, FK_MX_GRAPH_ID) VALUES ('ff808181725b20fa01725b22089900fc', parsedatetime('26-05-2020 00:00:01.00', 'dd-MM-yyyy hh:mm:ss.SS'), 'admin', 1, parsedatetime('26-05-2020 00:00:01.00', 'dd-MM-yyyy hh:mm:ss.SS'), 'admin', 0, NULL, '10', '1', NULL, 'text;html=1;strokeColor=none;fillColor=none;align=center;verticalAlign=middle;whiteSpace=wrap;rounded=0;labelBackgroundColor=#ffffff00;', NULL, '采集期刊、论文数据', '1', 'ff808181725b20fa01725b22089900fb');
INSERT INTO MX_CELL(ID, CRT_DTTM, CRT_USER, ENABLE_FLAG, LAST_UPDATE_DTTM, LAST_UPDATE_USER, VERSION, MX_EDGE, MX_PAGEID, MX_PARENT, MX_SOURCE, MX_STYLE, MX_TARGET, MX_VALUE, MX_VERTEX, FK_MX_GRAPH_ID) VALUES ('ff808181725b20fa01725b22089a00fe', parsedatetime('26-05-2020 00:00:01.00', 'dd-MM-yyyy hh:mm:ss.SS'), 'admin', 1, parsedatetime('26-05-2020 00:00:01.00', 'dd-MM-yyyy hh:mm:ss.SS'), 'admin', 0, NULL, '11', '1', NULL, 'text;html=1;strokeColor=none;fillColor=none;align=center;verticalAlign=middle;whiteSpace=wrap;rounded=0;labelBackgroundColor=#ffffff00;', NULL, '采集人员信息', '1', 'ff808181725b20fa01725b22089900fb');
INSERT INTO MX_CELL(ID, CRT_DTTM, CRT_USER, ENABLE_FLAG, LAST_UPDATE_DTTM, LAST_UPDATE_USER, VERSION, MX_EDGE, MX_PAGEID, MX_PARENT, MX_SOURCE, MX_STYLE, MX_TARGET, MX_VALUE, MX_VERTEX, FK_MX_GRAPH_ID) VALUES ('ff808181725b20fa01725b22089a0100', parsedatetime('26-05-2020 00:00:01.00', 'dd-MM-yyyy hh:mm:ss.SS'), 'admin', 1, parsedatetime('26-05-2020 00:00:01.00', 'dd-MM-yyyy hh:mm:ss.SS'), 'admin', 0, NULL, '4', '1', NULL, 'image;html=1;labelBackgroundColor=#ffffff00;image=/piflow-web/img/flow.png', NULL, 'flow_backup', '1', 'ff808181725b20fa01725b22089900fb');
INSERT INTO MX_CELL(ID, CRT_DTTM, CRT_USER, ENABLE_FLAG, LAST_UPDATE_DTTM, LAST_UPDATE_USER, VERSION, MX_EDGE, MX_PAGEID, MX_PARENT, MX_SOURCE, MX_STYLE, MX_TARGET, MX_VALUE, MX_VERTEX, FK_MX_GRAPH_ID) VALUES ('ff808181725b20fa01725b22089a0102', parsedatetime('26-05-2020 00:00:01.00', 'dd-MM-yyyy hh:mm:ss.SS'), 'admin', 1, parsedatetime('26-05-2020 00:00:01.00', 'dd-MM-yyyy hh:mm:ss.SS'), 'admin', 0, NULL, '5', '1', NULL, 'image;html=1;labelBackgroundColor=#ffffff00;image=/piflow-web/img/flow.png', NULL, 'f2', '1', 'ff808181725b20fa01725b22089900fb');
INSERT INTO MX_CELL(ID, CRT_DTTM, CRT_USER, ENABLE_FLAG, LAST_UPDATE_DTTM, LAST_UPDATE_USER, VERSION, MX_EDGE, MX_PAGEID, MX_PARENT, MX_SOURCE, MX_STYLE, MX_TARGET, MX_VALUE, MX_VERTEX, FK_MX_GRAPH_ID) VALUES ('ff808181725b20fa01725b22089a0104', parsedatetime('26-05-2020 00:00:01.00', 'dd-MM-yyyy hh:mm:ss.SS'), 'admin', 1, parsedatetime('26-05-2020 00:00:01.00', 'dd-MM-yyyy hh:mm:ss.SS'), 'admin', 0, '1', '6', '1', '4', 'edgeStyle=entityRelationEdgeStyle;rounded=0;orthogonalLoop=1;jettySize=auto;html=1;', '5', NULL, NULL, 'ff808181725b20fa01725b22089900fb');
INSERT INTO MX_CELL(ID, CRT_DTTM, CRT_USER, ENABLE_FLAG, LAST_UPDATE_DTTM, LAST_UPDATE_USER, VERSION, MX_EDGE, MX_PAGEID, MX_PARENT, MX_SOURCE, MX_STYLE, MX_TARGET, MX_VALUE, MX_VERTEX, FK_MX_GRAPH_ID) VALUES ('ff808181725b20fa01725b22089a0106', parsedatetime('26-05-2020 00:00:01.00', 'dd-MM-yyyy hh:mm:ss.SS'), 'admin', 1, parsedatetime('26-05-2020 00:00:01.00', 'dd-MM-yyyy hh:mm:ss.SS'), 'admin', 0, NULL, '7', '1', NULL, 'image;html=1;labelBackgroundColor=#ffffff00;image=/piflow-web/img/group.png', NULL, 'innerGroup', '1', 'ff808181725b20fa01725b22089900fb');
INSERT INTO MX_CELL(ID, CRT_DTTM, CRT_USER, ENABLE_FLAG, LAST_UPDATE_DTTM, LAST_UPDATE_USER, VERSION, MX_EDGE, MX_PAGEID, MX_PARENT, MX_SOURCE, MX_STYLE, MX_TARGET, MX_VALUE, MX_VERTEX, FK_MX_GRAPH_ID) VALUES ('ff808181725b20fa01725b22089a0108', parsedatetime('26-05-2020 00:00:01.00', 'dd-MM-yyyy hh:mm:ss.SS'), 'admin', 1, parsedatetime('26-05-2020 00:00:01.00', 'dd-MM-yyyy hh:mm:ss.SS'), 'admin', 0, '1', '8', '1', '4', 'edgeStyle=entityRelationEdgeStyle;rounded=0;orthogonalLoop=1;jettySize=auto;html=1;', '7', NULL, NULL, 'ff808181725b20fa01725b22089900fb');
INSERT INTO MX_CELL(ID, CRT_DTTM, CRT_USER, ENABLE_FLAG, LAST_UPDATE_DTTM, LAST_UPDATE_USER, VERSION, MX_EDGE, MX_PAGEID, MX_PARENT, MX_SOURCE, MX_STYLE, MX_TARGET, MX_VALUE, MX_VERTEX, FK_MX_GRAPH_ID) VALUES ('ff808181725b20fa01725b22089a010a', parsedatetime('26-05-2020 00:00:01.00', 'dd-MM-yyyy hh:mm:ss.SS'), 'admin', 1, parsedatetime('26-05-2020 00:00:01.00', 'dd-MM-yyyy hh:mm:ss.SS'), 'admin', 0, NULL, '9', '1', NULL, 'text;html=1;strokeColor=none;fillColor=none;align=center;verticalAlign=middle;whiteSpace=wrap;rounded=0;labelBackgroundColor=#ffffff00;', NULL, '备份表', '1', 'ff808181725b20fa01725b22089900fb');
INSERT INTO MX_CELL(ID, CRT_DTTM, CRT_USER, ENABLE_FLAG, LAST_UPDATE_DTTM, LAST_UPDATE_USER, VERSION, MX_EDGE, MX_PAGEID, MX_PARENT, MX_SOURCE, MX_STYLE, MX_TARGET, MX_VALUE, MX_VERTEX, FK_MX_GRAPH_ID) VALUES ('ff808181725b20fa01725b22089a010c', parsedatetime('26-05-2020 00:00:01.00', 'dd-MM-yyyy hh:mm:ss.SS'), 'admin', 1, parsedatetime('26-05-2020 00:00:01.00', 'dd-MM-yyyy hh:mm:ss.SS'), 'admin', 0, NULL, '0', NULL, NULL, NULL, NULL, NULL, NULL, 'ff808181725b20fa01725b22089900fb');
INSERT INTO MX_CELL(ID, CRT_DTTM, CRT_USER, ENABLE_FLAG, LAST_UPDATE_DTTM, LAST_UPDATE_USER, VERSION, MX_EDGE, MX_PAGEID, MX_PARENT, MX_SOURCE, MX_STYLE, MX_TARGET, MX_VALUE, MX_VERTEX, FK_MX_GRAPH_ID) VALUES ('ff808181725b20fa01725b22089a010d', parsedatetime('26-05-2020 00:00:01.00', 'dd-MM-yyyy hh:mm:ss.SS'), 'admin', 1, parsedatetime('26-05-2020 00:00:01.00', 'dd-MM-yyyy hh:mm:ss.SS'), 'admin', 0, NULL, '1', '0', NULL, NULL, NULL, NULL, NULL, 'ff808181725b20fa01725b22089900fb');
INSERT INTO MX_CELL(ID, CRT_DTTM, CRT_USER, ENABLE_FLAG, LAST_UPDATE_DTTM, LAST_UPDATE_USER, VERSION, MX_EDGE, MX_PAGEID, MX_PARENT, MX_SOURCE, MX_STYLE, MX_TARGET, MX_VALUE, MX_VERTEX, FK_MX_GRAPH_ID) VALUES ('ff808181725b20fa01725b2208a0011b', parsedatetime('26-05-2020 00:00:01.00', 'dd-MM-yyyy hh:mm:ss.SS'), 'admin', 1, parsedatetime('26-05-2020 00:00:01.00', 'dd-MM-yyyy hh:mm:ss.SS'), 'admin', 0, NULL, '0', NULL, NULL, NULL, NULL, NULL, NULL, 'ff808181725b20fa01725b2208a0011a');
INSERT INTO MX_CELL(ID, CRT_DTTM, CRT_USER, ENABLE_FLAG, LAST_UPDATE_DTTM, LAST_UPDATE_USER, VERSION, MX_EDGE, MX_PAGEID, MX_PARENT, MX_SOURCE, MX_STYLE, MX_TARGET, MX_VALUE, MX_VERTEX, FK_MX_GRAPH_ID) VALUES ('ff808181725b20fa01725b2208a0011c', parsedatetime('26-05-2020 00:00:01.00', 'dd-MM-yyyy hh:mm:ss.SS'), 'admin', 1, parsedatetime('26-05-2020 00:00:01.00', 'dd-MM-yyyy hh:mm:ss.SS'), 'admin', 0, NULL, '1', '0', NULL, NULL, NULL, NULL, NULL, 'ff808181725b20fa01725b2208a0011a');
INSERT INTO MX_CELL(ID, CRT_DTTM, CRT_USER, ENABLE_FLAG, LAST_UPDATE_DTTM, LAST_UPDATE_USER, VERSION, MX_EDGE, MX_PAGEID, MX_PARENT, MX_SOURCE, MX_STYLE, MX_TARGET, MX_VALUE, MX_VERTEX, FK_MX_GRAPH_ID) VALUES ('ff808181725b20fa01725b2208a0011f', parsedatetime('26-05-2020 00:00:01.00', 'dd-MM-yyyy hh:mm:ss.SS'), 'admin', 1, parsedatetime('26-05-2020 00:00:01.00', 'dd-MM-yyyy hh:mm:ss.SS'), 'admin', 0, NULL, '0', NULL, NULL, NULL, NULL, NULL, NULL, 'ff808181725b20fa01725b2208a0011e');
INSERT INTO MX_CELL(ID, CRT_DTTM, CRT_USER, ENABLE_FLAG, LAST_UPDATE_DTTM, LAST_UPDATE_USER, VERSION, MX_EDGE, MX_PAGEID, MX_PARENT, MX_SOURCE, MX_STYLE, MX_TARGET, MX_VALUE, MX_VERTEX, FK_MX_GRAPH_ID) VALUES ('ff808181725b20fa01725b2208a00120', parsedatetime('26-05-2020 00:00:01.00', 'dd-MM-yyyy hh:mm:ss.SS'), 'admin', 1, parsedatetime('26-05-2020 00:00:01.00', 'dd-MM-yyyy hh:mm:ss.SS'), 'admin', 0, NULL, '1', '0', NULL, NULL, NULL, NULL, NULL, 'ff808181725b20fa01725b2208a0011e');
INSERT INTO MX_CELL(ID, CRT_DTTM, CRT_USER, ENABLE_FLAG, LAST_UPDATE_DTTM, LAST_UPDATE_USER, VERSION, MX_EDGE, MX_PAGEID, MX_PARENT, MX_SOURCE, MX_STYLE, MX_TARGET, MX_VALUE, MX_VERTEX, FK_MX_GRAPH_ID) VALUES ('ff808181725b20fa01725b2208a00123', parsedatetime('26-05-2020 00:00:01.00', 'dd-MM-yyyy hh:mm:ss.SS'), 'admin', 1, parsedatetime('26-05-2020 00:00:01.00', 'dd-MM-yyyy hh:mm:ss.SS'), 'admin', 0, NULL, '0', NULL, NULL, NULL, NULL, NULL, NULL, 'ff808181725b20fa01725b2208a00122');
INSERT INTO MX_CELL(ID, CRT_DTTM, CRT_USER, ENABLE_FLAG, LAST_UPDATE_DTTM, LAST_UPDATE_USER, VERSION, MX_EDGE, MX_PAGEID, MX_PARENT, MX_SOURCE, MX_STYLE, MX_TARGET, MX_VALUE, MX_VERTEX, FK_MX_GRAPH_ID) VALUES ('ff808181725b20fa01725b2208a00124', parsedatetime('26-05-2020 00:00:01.00', 'dd-MM-yyyy hh:mm:ss.SS'), 'admin', 1, parsedatetime('26-05-2020 00:00:01.00', 'dd-MM-yyyy hh:mm:ss.SS'), 'admin', 0, NULL, '1', '0', NULL, NULL, NULL, NULL, NULL, 'ff808181725b20fa01725b2208a00122');
INSERT INTO MX_CELL(ID, CRT_DTTM, CRT_USER, ENABLE_FLAG, LAST_UPDATE_DTTM, LAST_UPDATE_USER, VERSION, MX_EDGE, MX_PAGEID, MX_PARENT, MX_SOURCE, MX_STYLE, MX_TARGET, MX_VALUE, MX_VERTEX, FK_MX_GRAPH_ID) VALUES ('ff808181725b20fa01725b2208a20140', parsedatetime('26-05-2020 00:00:01.00', 'dd-MM-yyyy hh:mm:ss.SS'), 'admin', 1, parsedatetime('26-05-2020 00:00:01.00', 'dd-MM-yyyy hh:mm:ss.SS'), 'admin', 0, NULL, '0', NULL, NULL, NULL, NULL, NULL, NULL, 'ff808181725b20fa01725b2208a2013f');
INSERT INTO MX_CELL(ID, CRT_DTTM, CRT_USER, ENABLE_FLAG, LAST_UPDATE_DTTM, LAST_UPDATE_USER, VERSION, MX_EDGE, MX_PAGEID, MX_PARENT, MX_SOURCE, MX_STYLE, MX_TARGET, MX_VALUE, MX_VERTEX, FK_MX_GRAPH_ID) VALUES ('ff808181725b20fa01725b2208a20141', parsedatetime('26-05-2020 00:00:01.00', 'dd-MM-yyyy hh:mm:ss.SS'), 'admin', 1, parsedatetime('26-05-2020 00:00:01.00', 'dd-MM-yyyy hh:mm:ss.SS'), 'admin', 0, NULL, '1', '0', NULL, NULL, NULL, NULL, NULL, 'ff808181725b20fa01725b2208a2013f');
INSERT INTO MX_CELL(ID, CRT_DTTM, CRT_USER, ENABLE_FLAG, LAST_UPDATE_DTTM, LAST_UPDATE_USER, VERSION, MX_EDGE, MX_PAGEID, MX_PARENT, MX_SOURCE, MX_STYLE, MX_TARGET, MX_VALUE, MX_VERTEX, FK_MX_GRAPH_ID) VALUES ('ff808181725b20fa01725b2208a20142', parsedatetime('26-05-2020 00:00:01.00', 'dd-MM-yyyy hh:mm:ss.SS'), 'admin', 1, parsedatetime('26-05-2020 00:00:01.00', 'dd-MM-yyyy hh:mm:ss.SS'), 'admin', 0, '1', '43', '1', '20', 'edgeStyle=orthogonalEdgeStyle;rounded=0;orthogonalLoop=1;jettySize=auto;html=1;', '22', NULL, NULL, 'ff808181725b20fa01725b2208a2013f');
INSERT INTO MX_CELL(ID, CRT_DTTM, CRT_USER, ENABLE_FLAG, LAST_UPDATE_DTTM, LAST_UPDATE_USER, VERSION, MX_EDGE, MX_PAGEID, MX_PARENT, MX_SOURCE, MX_STYLE, MX_TARGET, MX_VALUE, MX_VERTEX, FK_MX_GRAPH_ID) VALUES ('ff808181725b20fa01725b2208a20144', parsedatetime('26-05-2020 00:00:01.00', 'dd-MM-yyyy hh:mm:ss.SS'), 'admin', 1, parsedatetime('26-05-2020 00:00:01.00', 'dd-MM-yyyy hh:mm:ss.SS'), 'admin', 0, NULL, '11', '1', NULL, 'image;html=1;labelBackgroundColor=#ffffff00;image=/piflow-web/images/MockData_128x128.png', NULL, 'MockData7', '1', 'ff808181725b20fa01725b2208a2013f');
INSERT INTO MX_CELL(ID, CRT_DTTM, CRT_USER, ENABLE_FLAG, LAST_UPDATE_DTTM, LAST_UPDATE_USER, VERSION, MX_EDGE, MX_PAGEID, MX_PARENT, MX_SOURCE, MX_STYLE, MX_TARGET, MX_VALUE, MX_VERTEX, FK_MX_GRAPH_ID) VALUES ('ff808181725b20fa01725b2208a20146', parsedatetime('26-05-2020 00:00:01.00', 'dd-MM-yyyy hh:mm:ss.SS'), 'admin', 1, parsedatetime('26-05-2020 00:00:01.00', 'dd-MM-yyyy hh:mm:ss.SS'), 'admin', 0, NULL, '22', '1', NULL, 'image;html=1;labelBackgroundColor=#ffffff00;image=/piflow-web/images/SelectField_128x128.png', NULL, 'SelectField18', '1', 'ff808181725b20fa01725b2208a2013f');
INSERT INTO MX_CELL(ID, CRT_DTTM, CRT_USER, ENABLE_FLAG, LAST_UPDATE_DTTM, LAST_UPDATE_USER, VERSION, MX_EDGE, MX_PAGEID, MX_PARENT, MX_SOURCE, MX_STYLE, MX_TARGET, MX_VALUE, MX_VERTEX, FK_MX_GRAPH_ID) VALUES ('ff808181725b20fa01725b2208a20148', parsedatetime('26-05-2020 00:00:01.00', 'dd-MM-yyyy hh:mm:ss.SS'), 'admin', 1, parsedatetime('26-05-2020 00:00:01.00', 'dd-MM-yyyy hh:mm:ss.SS'), 'admin', 0, NULL, '6', '1', NULL, 'image;html=1;labelBackgroundColor=#ffffff00;image=/piflow-web/images/MockData_128x128.png', NULL, 'MockData', '1', 'ff808181725b20fa01725b2208a2013f');
INSERT INTO MX_CELL(ID, CRT_DTTM, CRT_USER, ENABLE_FLAG, LAST_UPDATE_DTTM, LAST_UPDATE_USER, VERSION, MX_EDGE, MX_PAGEID, MX_PARENT, MX_SOURCE, MX_STYLE, MX_TARGET, MX_VALUE, MX_VERTEX, FK_MX_GRAPH_ID) VALUES ('ff808181725b20fa01725b2208a2014a', parsedatetime('26-05-2020 00:00:01.00', 'dd-MM-yyyy hh:mm:ss.SS'), 'admin', 1, parsedatetime('26-05-2020 00:00:01.00', 'dd-MM-yyyy hh:mm:ss.SS'), 'admin', 0, NULL, '28', '1', NULL, 'text;html=1;align=center;verticalAlign=middle;resizable=0;points=[];autosize=1;', NULL, '选择数据：<span style=\"font-size: 13.3333px\">title, author, age</span>', '1', 'ff808181725b20fa01725b2208a2013f');
INSERT INTO MX_CELL(ID, CRT_DTTM, CRT_USER, ENABLE_FLAG, LAST_UPDATE_DTTM, LAST_UPDATE_USER, VERSION, MX_EDGE, MX_PAGEID, MX_PARENT, MX_SOURCE, MX_STYLE, MX_TARGET, MX_VALUE, MX_VERTEX, FK_MX_GRAPH_ID) VALUES ('ff808181725b20fa01725b2208a7014c', parsedatetime('26-05-2020 00:00:01.00', 'dd-MM-yyyy hh:mm:ss.SS'), 'admin', 1, parsedatetime('26-05-2020 00:00:01.00', 'dd-MM-yyyy hh:mm:ss.SS'), 'admin', 0, NULL, '15', '1', NULL, 'image;html=1;labelBackgroundColor=#ffffff00;image=/piflow-web/images/SelectField_128x128.png', NULL, 'SelectField', '1', 'ff808181725b20fa01725b2208a2013f');
INSERT INTO MX_CELL(ID, CRT_DTTM, CRT_USER, ENABLE_FLAG, LAST_UPDATE_DTTM, LAST_UPDATE_USER, VERSION, MX_EDGE, MX_PAGEID, MX_PARENT, MX_SOURCE, MX_STYLE, MX_TARGET, MX_VALUE, MX_VERTEX, FK_MX_GRAPH_ID) VALUES ('ff808181725b20fa01725b2208a7014e', parsedatetime('26-05-2020 00:00:01.00', 'dd-MM-yyyy hh:mm:ss.SS'), 'admin', 1, parsedatetime('26-05-2020 00:00:01.00', 'dd-MM-yyyy hh:mm:ss.SS'), 'admin', 0, '1', '40', '1', '6', 'edgeStyle=orthogonalEdgeStyle;rounded=0;orthogonalLoop=1;jettySize=auto;html=1;', '17', NULL, NULL, 'ff808181725b20fa01725b2208a2013f');
INSERT INTO MX_CELL(ID, CRT_DTTM, CRT_USER, ENABLE_FLAG, LAST_UPDATE_DTTM, LAST_UPDATE_USER, VERSION, MX_EDGE, MX_PAGEID, MX_PARENT, MX_SOURCE, MX_STYLE, MX_TARGET, MX_VALUE, MX_VERTEX, FK_MX_GRAPH_ID) VALUES ('ff808181725b20fa01725b2208a70150', parsedatetime('26-05-2020 00:00:01.00', 'dd-MM-yyyy hh:mm:ss.SS'), 'admin', 1, parsedatetime('26-05-2020 00:00:01.00', 'dd-MM-yyyy hh:mm:ss.SS'), 'admin', 0, '1', '39', '1', '11', 'edgeStyle=orthogonalEdgeStyle;rounded=0;orthogonalLoop=1;jettySize=auto;html=1;', '15', NULL, NULL, 'ff808181725b20fa01725b2208a2013f');
INSERT INTO MX_CELL(ID, CRT_DTTM, CRT_USER, ENABLE_FLAG, LAST_UPDATE_DTTM, LAST_UPDATE_USER, VERSION, MX_EDGE, MX_PAGEID, MX_PARENT, MX_SOURCE, MX_STYLE, MX_TARGET, MX_VALUE, MX_VERTEX, FK_MX_GRAPH_ID) VALUES ('ff808181725b20fa01725b2208a80152', parsedatetime('26-05-2020 00:00:01.00', 'dd-MM-yyyy hh:mm:ss.SS'), 'admin', 1, parsedatetime('26-05-2020 00:00:01.00', 'dd-MM-yyyy hh:mm:ss.SS'), 'admin', 0, '1', '42', '1', '17', 'edgeStyle=orthogonalEdgeStyle;rounded=0;orthogonalLoop=1;jettySize=auto;html=1;', '20', NULL, NULL, 'ff808181725b20fa01725b2208a2013f');
INSERT INTO MX_CELL(ID, CRT_DTTM, CRT_USER, ENABLE_FLAG, LAST_UPDATE_DTTM, LAST_UPDATE_USER, VERSION, MX_EDGE, MX_PAGEID, MX_PARENT, MX_SOURCE, MX_STYLE, MX_TARGET, MX_VALUE, MX_VERTEX, FK_MX_GRAPH_ID) VALUES ('ff808181725b20fa01725b2208a80154', parsedatetime('26-05-2020 00:00:01.00', 'dd-MM-yyyy hh:mm:ss.SS'), 'admin', 1, parsedatetime('26-05-2020 00:00:01.00', 'dd-MM-yyyy hh:mm:ss.SS'), 'admin', 0, '1', '41', '1', '15', 'edgeStyle=orthogonalEdgeStyle;rounded=0;orthogonalLoop=1;jettySize=auto;html=1;entryX=0.5;entryY=0;entryDx=0;entryDy=0;', '17', NULL, NULL, 'ff808181725b20fa01725b2208a2013f');
INSERT INTO MX_CELL(ID, CRT_DTTM, CRT_USER, ENABLE_FLAG, LAST_UPDATE_DTTM, LAST_UPDATE_USER, VERSION, MX_EDGE, MX_PAGEID, MX_PARENT, MX_SOURCE, MX_STYLE, MX_TARGET, MX_VALUE, MX_VERTEX, FK_MX_GRAPH_ID) VALUES ('ff808181725b20fa01725b2208a80156', parsedatetime('26-05-2020 00:00:01.00', 'dd-MM-yyyy hh:mm:ss.SS'), 'admin', 1, parsedatetime('26-05-2020 00:00:01.00', 'dd-MM-yyyy hh:mm:ss.SS'), 'admin', 0, NULL, '30', '1', NULL, 'text;html=1;align=center;verticalAlign=middle;resizable=0;points=[];autosize=1;', NULL, '分流', '1', 'ff808181725b20fa01725b2208a2013f');
INSERT INTO MX_CELL(ID, CRT_DTTM, CRT_USER, ENABLE_FLAG, LAST_UPDATE_DTTM, LAST_UPDATE_USER, VERSION, MX_EDGE, MX_PAGEID, MX_PARENT, MX_SOURCE, MX_STYLE, MX_TARGET, MX_VALUE, MX_VERTEX, FK_MX_GRAPH_ID) VALUES ('ff808181725b20fa01725b2208a80158', parsedatetime('26-05-2020 00:00:01.00', 'dd-MM-yyyy hh:mm:ss.SS'), 'admin', 1, parsedatetime('26-05-2020 00:00:01.00', 'dd-MM-yyyy hh:mm:ss.SS'), 'admin', 0, NULL, '14', '1', NULL, 'text;html=1;align=center;verticalAlign=middle;resizable=0;points=[];autosize=1;', NULL, '模拟生成数据：title, author, age, gender', '1', 'ff808181725b20fa01725b2208a2013f');
INSERT INTO MX_CELL(ID, CRT_DTTM, CRT_USER, ENABLE_FLAG, LAST_UPDATE_DTTM, LAST_UPDATE_USER, VERSION, MX_EDGE, MX_PAGEID, MX_PARENT, MX_SOURCE, MX_STYLE, MX_TARGET, MX_VALUE, MX_VERTEX, FK_MX_GRAPH_ID) VALUES ('ff808181725b20fa01725b2208a8015a', parsedatetime('26-05-2020 00:00:01.00', 'dd-MM-yyyy hh:mm:ss.SS'), 'admin', 1, parsedatetime('26-05-2020 00:00:01.00', 'dd-MM-yyyy hh:mm:ss.SS'), 'admin', 0, '1', '44', '1', '20', 'edgeStyle=orthogonalEdgeStyle;rounded=0;orthogonalLoop=1;jettySize=auto;html=1;', '26', NULL, NULL, 'ff808181725b20fa01725b2208a2013f');
INSERT INTO MX_CELL(ID, CRT_DTTM, CRT_USER, ENABLE_FLAG, LAST_UPDATE_DTTM, LAST_UPDATE_USER, VERSION, MX_EDGE, MX_PAGEID, MX_PARENT, MX_SOURCE, MX_STYLE, MX_TARGET, MX_VALUE, MX_VERTEX, FK_MX_GRAPH_ID) VALUES ('ff808181725b20fa01725b2208a8015c', parsedatetime('26-05-2020 00:00:01.00', 'dd-MM-yyyy hh:mm:ss.SS'), 'admin', 1, parsedatetime('26-05-2020 00:00:01.00', 'dd-MM-yyyy hh:mm:ss.SS'), 'admin', 0, NULL, '20', '1', NULL, 'image;html=1;labelBackgroundColor=#ffffff00;image=/piflow-web/images/Fork_128x128.png', NULL, 'Fork', '1', 'ff808181725b20fa01725b2208a2013f');
INSERT INTO MX_CELL(ID, CRT_DTTM, CRT_USER, ENABLE_FLAG, LAST_UPDATE_DTTM, LAST_UPDATE_USER, VERSION, MX_EDGE, MX_PAGEID, MX_PARENT, MX_SOURCE, MX_STYLE, MX_TARGET, MX_VALUE, MX_VERTEX, FK_MX_GRAPH_ID) VALUES ('ff808181725b20fa01725b2208a8015e', parsedatetime('26-05-2020 00:00:01.00', 'dd-MM-yyyy hh:mm:ss.SS'), 'admin', 1, parsedatetime('26-05-2020 00:00:01.00', 'dd-MM-yyyy hh:mm:ss.SS'), 'admin', 0, NULL, '9', '1', NULL, 'text;html=1;align=center;verticalAlign=middle;resizable=0;points=[];autosize=1;', NULL, '模拟测试数据：<span style=\"font-size: 13.3333px\">title, author, age</span>', '1', 'ff808181725b20fa01725b2208a2013f');
INSERT INTO MX_CELL(ID, CRT_DTTM, CRT_USER, ENABLE_FLAG, LAST_UPDATE_DTTM, LAST_UPDATE_USER, VERSION, MX_EDGE, MX_PAGEID, MX_PARENT, MX_SOURCE, MX_STYLE, MX_TARGET, MX_VALUE, MX_VERTEX, FK_MX_GRAPH_ID) VALUES ('ff808181725b20fa01725b2208a80160', parsedatetime('26-05-2020 00:00:01.00', 'dd-MM-yyyy hh:mm:ss.SS'), 'admin', 1, parsedatetime('26-05-2020 00:00:01.00', 'dd-MM-yyyy hh:mm:ss.SS'), 'admin', 0, '1', '45', '1', '20', 'edgeStyle=orthogonalEdgeStyle;rounded=0;orthogonalLoop=1;jettySize=auto;html=1;', '24', NULL, NULL, 'ff808181725b20fa01725b2208a2013f');
INSERT INTO MX_CELL(ID, CRT_DTTM, CRT_USER, ENABLE_FLAG, LAST_UPDATE_DTTM, LAST_UPDATE_USER, VERSION, MX_EDGE, MX_PAGEID, MX_PARENT, MX_SOURCE, MX_STYLE, MX_TARGET, MX_VALUE, MX_VERTEX, FK_MX_GRAPH_ID) VALUES ('ff808181725b20fa01725b2208a80162', parsedatetime('26-05-2020 00:00:01.00', 'dd-MM-yyyy hh:mm:ss.SS'), 'admin', 1, parsedatetime('26-05-2020 00:00:01.00', 'dd-MM-yyyy hh:mm:ss.SS'), 'admin', 0, NULL, '26', '1', NULL, 'image;html=1;labelBackgroundColor=#ffffff00;image=/piflow-web/images/SelectField_128x128.png', NULL, 'SelectField22', '1', 'ff808181725b20fa01725b2208a2013f');
INSERT INTO MX_CELL(ID, CRT_DTTM, CRT_USER, ENABLE_FLAG, LAST_UPDATE_DTTM, LAST_UPDATE_USER, VERSION, MX_EDGE, MX_PAGEID, MX_PARENT, MX_SOURCE, MX_STYLE, MX_TARGET, MX_VALUE, MX_VERTEX, FK_MX_GRAPH_ID) VALUES ('ff808181725b20fa01725b2208a80164', parsedatetime('26-05-2020 00:00:01.00', 'dd-MM-yyyy hh:mm:ss.SS'), 'admin', 1, parsedatetime('26-05-2020 00:00:01.00', 'dd-MM-yyyy hh:mm:ss.SS'), 'admin', 0, NULL, '24', '1', NULL, 'image;html=1;labelBackgroundColor=#ffffff00;image=/piflow-web/images/SelectField_128x128.png', NULL, 'SelectField20', '1', 'ff808181725b20fa01725b2208a2013f');
INSERT INTO MX_CELL(ID, CRT_DTTM, CRT_USER, ENABLE_FLAG, LAST_UPDATE_DTTM, LAST_UPDATE_USER, VERSION, MX_EDGE, MX_PAGEID, MX_PARENT, MX_SOURCE, MX_STYLE, MX_TARGET, MX_VALUE, MX_VERTEX, FK_MX_GRAPH_ID) VALUES ('ff808181725b20fa01725b2208a80166', parsedatetime('26-05-2020 00:00:01.00', 'dd-MM-yyyy hh:mm:ss.SS'), 'admin', 1, parsedatetime('26-05-2020 00:00:01.00', 'dd-MM-yyyy hh:mm:ss.SS'), 'admin', 0, NULL, '29', '1', NULL, 'text;html=1;align=center;verticalAlign=middle;resizable=0;points=[];autosize=1;', NULL, '合流', '1', 'ff808181725b20fa01725b2208a2013f');
INSERT INTO MX_CELL(ID, CRT_DTTM, CRT_USER, ENABLE_FLAG, LAST_UPDATE_DTTM, LAST_UPDATE_USER, VERSION, MX_EDGE, MX_PAGEID, MX_PARENT, MX_SOURCE, MX_STYLE, MX_TARGET, MX_VALUE, MX_VERTEX, FK_MX_GRAPH_ID) VALUES ('ff808181725b20fa01725b2208a90168', parsedatetime('26-05-2020 00:00:01.00', 'dd-MM-yyyy hh:mm:ss.SS'), 'admin', 1, parsedatetime('26-05-2020 00:00:01.00', 'dd-MM-yyyy hh:mm:ss.SS'), 'admin', 0, NULL, '17', '1', NULL, 'image;html=1;labelBackgroundColor=#ffffff00;image=/piflow-web/images/Merge_128x128.png', NULL, 'Merge', '1', 'ff808181725b20fa01725b2208a2013f');
INSERT INTO MX_CELL(ID, CRT_DTTM, CRT_USER, ENABLE_FLAG, LAST_UPDATE_DTTM, LAST_UPDATE_USER, VERSION, MX_EDGE, MX_PAGEID, MX_PARENT, MX_SOURCE, MX_STYLE, MX_TARGET, MX_VALUE, MX_VERTEX, FK_MX_GRAPH_ID) VALUES ('ff808181725b20fa01725b2208af0185', parsedatetime('26-05-2020 00:00:01.00', 'dd-MM-yyyy hh:mm:ss.SS'), 'admin', 1, parsedatetime('26-05-2020 00:00:01.00', 'dd-MM-yyyy hh:mm:ss.SS'), 'admin', 0, NULL, '0', NULL, NULL, NULL, NULL, NULL, NULL, 'ff808181725b20fa01725b2208af0184');
INSERT INTO MX_CELL(ID, CRT_DTTM, CRT_USER, ENABLE_FLAG, LAST_UPDATE_DTTM, LAST_UPDATE_USER, VERSION, MX_EDGE, MX_PAGEID, MX_PARENT, MX_SOURCE, MX_STYLE, MX_TARGET, MX_VALUE, MX_VERTEX, FK_MX_GRAPH_ID) VALUES ('ff808181725b20fa01725b2208af0186', parsedatetime('26-05-2020 00:00:01.00', 'dd-MM-yyyy hh:mm:ss.SS'), 'admin', 1, parsedatetime('26-05-2020 00:00:01.00', 'dd-MM-yyyy hh:mm:ss.SS'), 'admin', 0, NULL, '1', '0', NULL, NULL, NULL, NULL, NULL, 'ff808181725b20fa01725b2208af0184');
INSERT INTO MX_CELL(ID, CRT_DTTM, CRT_USER, ENABLE_FLAG, LAST_UPDATE_DTTM, LAST_UPDATE_USER, VERSION, MX_EDGE, MX_PAGEID, MX_PARENT, MX_SOURCE, MX_STYLE, MX_TARGET, MX_VALUE, MX_VERTEX, FK_MX_GRAPH_ID) VALUES ('ff808181725b20fa01725b2208af0187', parsedatetime('26-05-2020 00:00:01.00', 'dd-MM-yyyy hh:mm:ss.SS'), 'admin', 1, parsedatetime('26-05-2020 00:00:01.00', 'dd-MM-yyyy hh:mm:ss.SS'), 'admin', 0, '1', '43', '1', '20', 'edgeStyle=orthogonalEdgeStyle;rounded=0;orthogonalLoop=1;jettySize=auto;html=1;', '22', NULL, NULL, 'ff808181725b20fa01725b2208af0184');
INSERT INTO MX_CELL(ID, CRT_DTTM, CRT_USER, ENABLE_FLAG, LAST_UPDATE_DTTM, LAST_UPDATE_USER, VERSION, MX_EDGE, MX_PAGEID, MX_PARENT, MX_SOURCE, MX_STYLE, MX_TARGET, MX_VALUE, MX_VERTEX, FK_MX_GRAPH_ID) VALUES ('ff808181725b20fa01725b2208af0189', parsedatetime('26-05-2020 00:00:01.00', 'dd-MM-yyyy hh:mm:ss.SS'), 'admin', 1, parsedatetime('26-05-2020 00:00:01.00', 'dd-MM-yyyy hh:mm:ss.SS'), 'admin', 0, NULL, '11', '1', NULL, 'image;html=1;labelBackgroundColor=#ffffff00;image=/piflow-web/images/MockData_128x128.png', NULL, 'MockData7', '1', 'ff808181725b20fa01725b2208af0184');
INSERT INTO MX_CELL(ID, CRT_DTTM, CRT_USER, ENABLE_FLAG, LAST_UPDATE_DTTM, LAST_UPDATE_USER, VERSION, MX_EDGE, MX_PAGEID, MX_PARENT, MX_SOURCE, MX_STYLE, MX_TARGET, MX_VALUE, MX_VERTEX, FK_MX_GRAPH_ID) VALUES ('ff808181725b20fa01725b2208af018b', parsedatetime('26-05-2020 00:00:01.00', 'dd-MM-yyyy hh:mm:ss.SS'), 'admin', 1, parsedatetime('26-05-2020 00:00:01.00', 'dd-MM-yyyy hh:mm:ss.SS'), 'admin', 0, NULL, '22', '1', NULL, 'image;html=1;labelBackgroundColor=#ffffff00;image=/piflow-web/images/SelectField_128x128.png', NULL, 'SelectField18', '1', 'ff808181725b20fa01725b2208af0184');
INSERT INTO MX_CELL(ID, CRT_DTTM, CRT_USER, ENABLE_FLAG, LAST_UPDATE_DTTM, LAST_UPDATE_USER, VERSION, MX_EDGE, MX_PAGEID, MX_PARENT, MX_SOURCE, MX_STYLE, MX_TARGET, MX_VALUE, MX_VERTEX, FK_MX_GRAPH_ID) VALUES ('ff808181725b20fa01725b2208af018d', parsedatetime('26-05-2020 00:00:01.00', 'dd-MM-yyyy hh:mm:ss.SS'), 'admin', 1, parsedatetime('26-05-2020 00:00:01.00', 'dd-MM-yyyy hh:mm:ss.SS'), 'admin', 0, NULL, '6', '1', NULL, 'image;html=1;labelBackgroundColor=#ffffff00;image=/piflow-web/images/MockData_128x128.png', NULL, 'MockData', '1', 'ff808181725b20fa01725b2208af0184');
INSERT INTO MX_CELL(ID, CRT_DTTM, CRT_USER, ENABLE_FLAG, LAST_UPDATE_DTTM, LAST_UPDATE_USER, VERSION, MX_EDGE, MX_PAGEID, MX_PARENT, MX_SOURCE, MX_STYLE, MX_TARGET, MX_VALUE, MX_VERTEX, FK_MX_GRAPH_ID) VALUES ('ff808181725b20fa01725b2208af018f', parsedatetime('26-05-2020 00:00:01.00', 'dd-MM-yyyy hh:mm:ss.SS'), 'admin', 1, parsedatetime('26-05-2020 00:00:01.00', 'dd-MM-yyyy hh:mm:ss.SS'), 'admin', 0, NULL, '28', '1', NULL, 'text;html=1;align=center;verticalAlign=middle;resizable=0;points=[];autosize=1;', NULL, '选择数据：<span style=\"font-size: 13.3333px\">title, author, age</span>', '1', 'ff808181725b20fa01725b2208af0184');
INSERT INTO MX_CELL(ID, CRT_DTTM, CRT_USER, ENABLE_FLAG, LAST_UPDATE_DTTM, LAST_UPDATE_USER, VERSION, MX_EDGE, MX_PAGEID, MX_PARENT, MX_SOURCE, MX_STYLE, MX_TARGET, MX_VALUE, MX_VERTEX, FK_MX_GRAPH_ID) VALUES ('ff808181725b20fa01725b2208af0191', parsedatetime('26-05-2020 00:00:01.00', 'dd-MM-yyyy hh:mm:ss.SS'), 'admin', 1, parsedatetime('26-05-2020 00:00:01.00', 'dd-MM-yyyy hh:mm:ss.SS'), 'admin', 0, NULL, '15', '1', NULL, 'image;html=1;labelBackgroundColor=#ffffff00;image=/piflow-web/images/SelectField_128x128.png', NULL, 'SelectField', '1', 'ff808181725b20fa01725b2208af0184');
INSERT INTO MX_CELL(ID, CRT_DTTM, CRT_USER, ENABLE_FLAG, LAST_UPDATE_DTTM, LAST_UPDATE_USER, VERSION, MX_EDGE, MX_PAGEID, MX_PARENT, MX_SOURCE, MX_STYLE, MX_TARGET, MX_VALUE, MX_VERTEX, FK_MX_GRAPH_ID) VALUES ('ff808181725b20fa01725b2208af0193', parsedatetime('26-05-2020 00:00:01.00', 'dd-MM-yyyy hh:mm:ss.SS'), 'admin', 1, parsedatetime('26-05-2020 00:00:01.00', 'dd-MM-yyyy hh:mm:ss.SS'), 'admin', 0, '1', '40', '1', '6', 'edgeStyle=orthogonalEdgeStyle;rounded=0;orthogonalLoop=1;jettySize=auto;html=1;', '17', NULL, NULL, 'ff808181725b20fa01725b2208af0184');
INSERT INTO MX_CELL(ID, CRT_DTTM, CRT_USER, ENABLE_FLAG, LAST_UPDATE_DTTM, LAST_UPDATE_USER, VERSION, MX_EDGE, MX_PAGEID, MX_PARENT, MX_SOURCE, MX_STYLE, MX_TARGET, MX_VALUE, MX_VERTEX, FK_MX_GRAPH_ID) VALUES ('ff808181725b20fa01725b2208af0195', parsedatetime('26-05-2020 00:00:01.00', 'dd-MM-yyyy hh:mm:ss.SS'), 'admin', 1, parsedatetime('26-05-2020 00:00:01.00', 'dd-MM-yyyy hh:mm:ss.SS'), 'admin', 0, '1', '39', '1', '11', 'edgeStyle=orthogonalEdgeStyle;rounded=0;orthogonalLoop=1;jettySize=auto;html=1;', '15', NULL, NULL, 'ff808181725b20fa01725b2208af0184');
INSERT INTO MX_CELL(ID, CRT_DTTM, CRT_USER, ENABLE_FLAG, LAST_UPDATE_DTTM, LAST_UPDATE_USER, VERSION, MX_EDGE, MX_PAGEID, MX_PARENT, MX_SOURCE, MX_STYLE, MX_TARGET, MX_VALUE, MX_VERTEX, FK_MX_GRAPH_ID) VALUES ('ff808181725b20fa01725b2208af0197', parsedatetime('26-05-2020 00:00:01.00', 'dd-MM-yyyy hh:mm:ss.SS'), 'admin', 1, parsedatetime('26-05-2020 00:00:01.00', 'dd-MM-yyyy hh:mm:ss.SS'), 'admin', 0, '1', '42', '1', '17', 'edgeStyle=orthogonalEdgeStyle;rounded=0;orthogonalLoop=1;jettySize=auto;html=1;', '20', NULL, NULL, 'ff808181725b20fa01725b2208af0184');
INSERT INTO MX_CELL(ID, CRT_DTTM, CRT_USER, ENABLE_FLAG, LAST_UPDATE_DTTM, LAST_UPDATE_USER, VERSION, MX_EDGE, MX_PAGEID, MX_PARENT, MX_SOURCE, MX_STYLE, MX_TARGET, MX_VALUE, MX_VERTEX, FK_MX_GRAPH_ID) VALUES ('ff808181725b20fa01725b2208af0199', parsedatetime('26-05-2020 00:00:01.00', 'dd-MM-yyyy hh:mm:ss.SS'), 'admin', 1, parsedatetime('26-05-2020 00:00:01.00', 'dd-MM-yyyy hh:mm:ss.SS'), 'admin', 0, '1', '41', '1', '15', 'edgeStyle=orthogonalEdgeStyle;rounded=0;orthogonalLoop=1;jettySize=auto;html=1;entryX=0.5;entryY=0;entryDx=0;entryDy=0;', '17', NULL, NULL, 'ff808181725b20fa01725b2208af0184');
INSERT INTO MX_CELL(ID, CRT_DTTM, CRT_USER, ENABLE_FLAG, LAST_UPDATE_DTTM, LAST_UPDATE_USER, VERSION, MX_EDGE, MX_PAGEID, MX_PARENT, MX_SOURCE, MX_STYLE, MX_TARGET, MX_VALUE, MX_VERTEX, FK_MX_GRAPH_ID) VALUES ('ff808181725b20fa01725b2208af019b', parsedatetime('26-05-2020 00:00:01.00', 'dd-MM-yyyy hh:mm:ss.SS'), 'admin', 1, parsedatetime('26-05-2020 00:00:01.00', 'dd-MM-yyyy hh:mm:ss.SS'), 'admin', 0, NULL, '30', '1', NULL, 'text;html=1;align=center;verticalAlign=middle;resizable=0;points=[];autosize=1;', NULL, '分流', '1', 'ff808181725b20fa01725b2208af0184');
INSERT INTO MX_CELL(ID, CRT_DTTM, CRT_USER, ENABLE_FLAG, LAST_UPDATE_DTTM, LAST_UPDATE_USER, VERSION, MX_EDGE, MX_PAGEID, MX_PARENT, MX_SOURCE, MX_STYLE, MX_TARGET, MX_VALUE, MX_VERTEX, FK_MX_GRAPH_ID) VALUES ('ff808181725b20fa01725b2208af019d', parsedatetime('26-05-2020 00:00:01.00', 'dd-MM-yyyy hh:mm:ss.SS'), 'admin', 1, parsedatetime('26-05-2020 00:00:01.00', 'dd-MM-yyyy hh:mm:ss.SS'), 'admin', 0, NULL, '14', '1', NULL, 'text;html=1;align=center;verticalAlign=middle;resizable=0;points=[];autosize=1;', NULL, '模拟生成数据：title, author, age, gender', '1', 'ff808181725b20fa01725b2208af0184');
INSERT INTO MX_CELL(ID, CRT_DTTM, CRT_USER, ENABLE_FLAG, LAST_UPDATE_DTTM, LAST_UPDATE_USER, VERSION, MX_EDGE, MX_PAGEID, MX_PARENT, MX_SOURCE, MX_STYLE, MX_TARGET, MX_VALUE, MX_VERTEX, FK_MX_GRAPH_ID) VALUES ('ff808181725b20fa01725b2208b0019f', parsedatetime('26-05-2020 00:00:01.00', 'dd-MM-yyyy hh:mm:ss.SS'), 'admin', 1, parsedatetime('26-05-2020 00:00:01.00', 'dd-MM-yyyy hh:mm:ss.SS'), 'admin', 0, '1', '44', '1', '20', 'edgeStyle=orthogonalEdgeStyle;rounded=0;orthogonalLoop=1;jettySize=auto;html=1;', '26', NULL, NULL, 'ff808181725b20fa01725b2208af0184');
INSERT INTO MX_CELL(ID, CRT_DTTM, CRT_USER, ENABLE_FLAG, LAST_UPDATE_DTTM, LAST_UPDATE_USER, VERSION, MX_EDGE, MX_PAGEID, MX_PARENT, MX_SOURCE, MX_STYLE, MX_TARGET, MX_VALUE, MX_VERTEX, FK_MX_GRAPH_ID) VALUES ('ff808181725b20fa01725b2208b001a1', parsedatetime('26-05-2020 00:00:01.00', 'dd-MM-yyyy hh:mm:ss.SS'), 'admin', 1, parsedatetime('26-05-2020 00:00:01.00', 'dd-MM-yyyy hh:mm:ss.SS'), 'admin', 0, NULL, '20', '1', NULL, 'image;html=1;labelBackgroundColor=#ffffff00;image=/piflow-web/images/Fork_128x128.png', NULL, 'Fork', '1', 'ff808181725b20fa01725b2208af0184');
INSERT INTO MX_CELL(ID, CRT_DTTM, CRT_USER, ENABLE_FLAG, LAST_UPDATE_DTTM, LAST_UPDATE_USER, VERSION, MX_EDGE, MX_PAGEID, MX_PARENT, MX_SOURCE, MX_STYLE, MX_TARGET, MX_VALUE, MX_VERTEX, FK_MX_GRAPH_ID) VALUES ('ff808181725b20fa01725b2208b001a3', parsedatetime('26-05-2020 00:00:01.00', 'dd-MM-yyyy hh:mm:ss.SS'), 'admin', 1, parsedatetime('26-05-2020 00:00:01.00', 'dd-MM-yyyy hh:mm:ss.SS'), 'admin', 0, NULL, '9', '1', NULL, 'text;html=1;align=center;verticalAlign=middle;resizable=0;points=[];autosize=1;', NULL, '模拟测试数据：<span style=\"font-size: 13.3333px\">title, author, age</span>', '1', 'ff808181725b20fa01725b2208af0184');
INSERT INTO MX_CELL(ID, CRT_DTTM, CRT_USER, ENABLE_FLAG, LAST_UPDATE_DTTM, LAST_UPDATE_USER, VERSION, MX_EDGE, MX_PAGEID, MX_PARENT, MX_SOURCE, MX_STYLE, MX_TARGET, MX_VALUE, MX_VERTEX, FK_MX_GRAPH_ID) VALUES ('ff808181725b20fa01725b2208b001a5', parsedatetime('26-05-2020 00:00:01.00', 'dd-MM-yyyy hh:mm:ss.SS'), 'admin', 1, parsedatetime('26-05-2020 00:00:01.00', 'dd-MM-yyyy hh:mm:ss.SS'), 'admin', 0, '1', '45', '1', '20', 'edgeStyle=orthogonalEdgeStyle;rounded=0;orthogonalLoop=1;jettySize=auto;html=1;', '24', NULL, NULL, 'ff808181725b20fa01725b2208af0184');
INSERT INTO MX_CELL(ID, CRT_DTTM, CRT_USER, ENABLE_FLAG, LAST_UPDATE_DTTM, LAST_UPDATE_USER, VERSION, MX_EDGE, MX_PAGEID, MX_PARENT, MX_SOURCE, MX_STYLE, MX_TARGET, MX_VALUE, MX_VERTEX, FK_MX_GRAPH_ID) VALUES ('ff808181725b20fa01725b2208b001a7', parsedatetime('26-05-2020 00:00:01.00', 'dd-MM-yyyy hh:mm:ss.SS'), 'admin', 1, parsedatetime('26-05-2020 00:00:01.00', 'dd-MM-yyyy hh:mm:ss.SS'), 'admin', 0, NULL, '26', '1', NULL, 'image;html=1;labelBackgroundColor=#ffffff00;image=/piflow-web/images/SelectField_128x128.png', NULL, 'SelectField22', '1', 'ff808181725b20fa01725b2208af0184');
INSERT INTO MX_CELL(ID, CRT_DTTM, CRT_USER, ENABLE_FLAG, LAST_UPDATE_DTTM, LAST_UPDATE_USER, VERSION, MX_EDGE, MX_PAGEID, MX_PARENT, MX_SOURCE, MX_STYLE, MX_TARGET, MX_VALUE, MX_VERTEX, FK_MX_GRAPH_ID) VALUES ('ff808181725b20fa01725b2208b001a9', parsedatetime('26-05-2020 00:00:01.00', 'dd-MM-yyyy hh:mm:ss.SS'), 'admin', 1, parsedatetime('26-05-2020 00:00:01.00', 'dd-MM-yyyy hh:mm:ss.SS'), 'admin', 0, NULL, '24', '1', NULL, 'image;html=1;labelBackgroundColor=#ffffff00;image=/piflow-web/images/SelectField_128x128.png', NULL, 'SelectField20', '1', 'ff808181725b20fa01725b2208af0184');
INSERT INTO MX_CELL(ID, CRT_DTTM, CRT_USER, ENABLE_FLAG, LAST_UPDATE_DTTM, LAST_UPDATE_USER, VERSION, MX_EDGE, MX_PAGEID, MX_PARENT, MX_SOURCE, MX_STYLE, MX_TARGET, MX_VALUE, MX_VERTEX, FK_MX_GRAPH_ID) VALUES ('ff808181725b20fa01725b2208b001ab', parsedatetime('26-05-2020 00:00:01.00', 'dd-MM-yyyy hh:mm:ss.SS'), 'admin', 1, parsedatetime('26-05-2020 00:00:01.00', 'dd-MM-yyyy hh:mm:ss.SS'), 'admin', 0, NULL, '29', '1', NULL, 'text;html=1;align=center;verticalAlign=middle;resizable=0;points=[];autosize=1;', NULL, '合流', '1', 'ff808181725b20fa01725b2208af0184');
INSERT INTO MX_CELL(ID, CRT_DTTM, CRT_USER, ENABLE_FLAG, LAST_UPDATE_DTTM, LAST_UPDATE_USER, VERSION, MX_EDGE, MX_PAGEID, MX_PARENT, MX_SOURCE, MX_STYLE, MX_TARGET, MX_VALUE, MX_VERTEX, FK_MX_GRAPH_ID) VALUES ('ff808181725b20fa01725b2208b001ad', parsedatetime('26-05-2020 00:00:01.00', 'dd-MM-yyyy hh:mm:ss.SS'), 'admin', 1, parsedatetime('26-05-2020 00:00:01.00', 'dd-MM-yyyy hh:mm:ss.SS'), 'admin', 0, NULL, '17', '1', NULL, 'image;html=1;labelBackgroundColor=#ffffff00;image=/piflow-web/images/Merge_128x128.png', NULL, 'Merge', '1', 'ff808181725b20fa01725b2208af0184');
INSERT INTO MX_CELL(ID, CRT_DTTM, CRT_USER, ENABLE_FLAG, LAST_UPDATE_DTTM, LAST_UPDATE_USER, VERSION, MX_EDGE, MX_PAGEID, MX_PARENT, MX_SOURCE, MX_STYLE, MX_TARGET, MX_VALUE, MX_VERTEX, FK_MX_GRAPH_ID) VALUES ('ff808181725b20fa01725b2208b101ca', parsedatetime('26-05-2020 00:00:01.00', 'dd-MM-yyyy hh:mm:ss.SS'), 'admin', 1, parsedatetime('26-05-2020 00:00:01.00', 'dd-MM-yyyy hh:mm:ss.SS'), 'admin', 0, NULL, '0', NULL, NULL, NULL, NULL, NULL, NULL, 'ff808181725b20fa01725b2208b101c9');
INSERT INTO MX_CELL(ID, CRT_DTTM, CRT_USER, ENABLE_FLAG, LAST_UPDATE_DTTM, LAST_UPDATE_USER, VERSION, MX_EDGE, MX_PAGEID, MX_PARENT, MX_SOURCE, MX_STYLE, MX_TARGET, MX_VALUE, MX_VERTEX, FK_MX_GRAPH_ID) VALUES ('ff808181725b20fa01725b2208b101cb', parsedatetime('26-05-2020 00:00:01.00', 'dd-MM-yyyy hh:mm:ss.SS'), 'admin', 1, parsedatetime('26-05-2020 00:00:01.00', 'dd-MM-yyyy hh:mm:ss.SS'), 'admin', 0, NULL, '1', '0', NULL, NULL, NULL, NULL, NULL, 'ff808181725b20fa01725b2208b101c9');
INSERT INTO MX_CELL(ID, CRT_DTTM, CRT_USER, ENABLE_FLAG, LAST_UPDATE_DTTM, LAST_UPDATE_USER, VERSION, MX_EDGE, MX_PAGEID, MX_PARENT, MX_SOURCE, MX_STYLE, MX_TARGET, MX_VALUE, MX_VERTEX, FK_MX_GRAPH_ID) VALUES ('ff808181725b20fa01725b2208b101cc', parsedatetime('26-05-2020 00:00:01.00', 'dd-MM-yyyy hh:mm:ss.SS'), 'admin', 1, parsedatetime('26-05-2020 00:00:01.00', 'dd-MM-yyyy hh:mm:ss.SS'), 'admin', 0, '1', '43', '1', '20', 'edgeStyle=orthogonalEdgeStyle;rounded=0;orthogonalLoop=1;jettySize=auto;html=1;', '22', NULL, NULL, 'ff808181725b20fa01725b2208b101c9');
INSERT INTO MX_CELL(ID, CRT_DTTM, CRT_USER, ENABLE_FLAG, LAST_UPDATE_DTTM, LAST_UPDATE_USER, VERSION, MX_EDGE, MX_PAGEID, MX_PARENT, MX_SOURCE, MX_STYLE, MX_TARGET, MX_VALUE, MX_VERTEX, FK_MX_GRAPH_ID) VALUES ('ff808181725b20fa01725b2208b101ce', parsedatetime('26-05-2020 00:00:01.00', 'dd-MM-yyyy hh:mm:ss.SS'), 'admin', 1, parsedatetime('26-05-2020 00:00:01.00', 'dd-MM-yyyy hh:mm:ss.SS'), 'admin', 0, NULL, '11', '1', NULL, 'image;html=1;labelBackgroundColor=#ffffff00;image=/piflow-web/images/MockData_128x128.png', NULL, 'MockData7', '1', 'ff808181725b20fa01725b2208b101c9');
INSERT INTO MX_CELL(ID, CRT_DTTM, CRT_USER, ENABLE_FLAG, LAST_UPDATE_DTTM, LAST_UPDATE_USER, VERSION, MX_EDGE, MX_PAGEID, MX_PARENT, MX_SOURCE, MX_STYLE, MX_TARGET, MX_VALUE, MX_VERTEX, FK_MX_GRAPH_ID) VALUES ('ff808181725b20fa01725b2208b101d0', parsedatetime('26-05-2020 00:00:01.00', 'dd-MM-yyyy hh:mm:ss.SS'), 'admin', 1, parsedatetime('26-05-2020 00:00:01.00', 'dd-MM-yyyy hh:mm:ss.SS'), 'admin', 0, NULL, '22', '1', NULL, 'image;html=1;labelBackgroundColor=#ffffff00;image=/piflow-web/images/SelectField_128x128.png', NULL, 'SelectField18', '1', 'ff808181725b20fa01725b2208b101c9');
INSERT INTO MX_CELL(ID, CRT_DTTM, CRT_USER, ENABLE_FLAG, LAST_UPDATE_DTTM, LAST_UPDATE_USER, VERSION, MX_EDGE, MX_PAGEID, MX_PARENT, MX_SOURCE, MX_STYLE, MX_TARGET, MX_VALUE, MX_VERTEX, FK_MX_GRAPH_ID) VALUES ('ff808181725b20fa01725b2208b101d2', parsedatetime('26-05-2020 00:00:01.00', 'dd-MM-yyyy hh:mm:ss.SS'), 'admin', 1, parsedatetime('26-05-2020 00:00:01.00', 'dd-MM-yyyy hh:mm:ss.SS'), 'admin', 0, NULL, '6', '1', NULL, 'image;html=1;labelBackgroundColor=#ffffff00;image=/piflow-web/images/MockData_128x128.png', NULL, 'MockData', '1', 'ff808181725b20fa01725b2208b101c9');
INSERT INTO MX_CELL(ID, CRT_DTTM, CRT_USER, ENABLE_FLAG, LAST_UPDATE_DTTM, LAST_UPDATE_USER, VERSION, MX_EDGE, MX_PAGEID, MX_PARENT, MX_SOURCE, MX_STYLE, MX_TARGET, MX_VALUE, MX_VERTEX, FK_MX_GRAPH_ID) VALUES ('ff808181725b20fa01725b2208b501d4', parsedatetime('26-05-2020 00:00:01.00', 'dd-MM-yyyy hh:mm:ss.SS'), 'admin', 1, parsedatetime('26-05-2020 00:00:01.00', 'dd-MM-yyyy hh:mm:ss.SS'), 'admin', 0, NULL, '28', '1', NULL, 'text;html=1;align=center;verticalAlign=middle;resizable=0;points=[];autosize=1;', NULL, '选择数据：<span style=\"font-size: 13.3333px\">title, author, age</span>', '1', 'ff808181725b20fa01725b2208b101c9');
INSERT INTO MX_CELL(ID, CRT_DTTM, CRT_USER, ENABLE_FLAG, LAST_UPDATE_DTTM, LAST_UPDATE_USER, VERSION, MX_EDGE, MX_PAGEID, MX_PARENT, MX_SOURCE, MX_STYLE, MX_TARGET, MX_VALUE, MX_VERTEX, FK_MX_GRAPH_ID) VALUES ('ff808181725b20fa01725b2208b501d6', parsedatetime('26-05-2020 00:00:01.00', 'dd-MM-yyyy hh:mm:ss.SS'), 'admin', 1, parsedatetime('26-05-2020 00:00:01.00', 'dd-MM-yyyy hh:mm:ss.SS'), 'admin', 0, NULL, '15', '1', NULL, 'image;html=1;labelBackgroundColor=#ffffff00;image=/piflow-web/images/SelectField_128x128.png', NULL, 'SelectField', '1', 'ff808181725b20fa01725b2208b101c9');
INSERT INTO MX_CELL(ID, CRT_DTTM, CRT_USER, ENABLE_FLAG, LAST_UPDATE_DTTM, LAST_UPDATE_USER, VERSION, MX_EDGE, MX_PAGEID, MX_PARENT, MX_SOURCE, MX_STYLE, MX_TARGET, MX_VALUE, MX_VERTEX, FK_MX_GRAPH_ID) VALUES ('ff808181725b20fa01725b2208b501d8', parsedatetime('26-05-2020 00:00:01.00', 'dd-MM-yyyy hh:mm:ss.SS'), 'admin', 1, parsedatetime('26-05-2020 00:00:01.00', 'dd-MM-yyyy hh:mm:ss.SS'), 'admin', 0, '1', '40', '1', '6', 'edgeStyle=orthogonalEdgeStyle;rounded=0;orthogonalLoop=1;jettySize=auto;html=1;', '17', NULL, NULL, 'ff808181725b20fa01725b2208b101c9');
INSERT INTO MX_CELL(ID, CRT_DTTM, CRT_USER, ENABLE_FLAG, LAST_UPDATE_DTTM, LAST_UPDATE_USER, VERSION, MX_EDGE, MX_PAGEID, MX_PARENT, MX_SOURCE, MX_STYLE, MX_TARGET, MX_VALUE, MX_VERTEX, FK_MX_GRAPH_ID) VALUES ('ff808181725b20fa01725b2208b601da', parsedatetime('26-05-2020 00:00:01.00', 'dd-MM-yyyy hh:mm:ss.SS'), 'admin', 1, parsedatetime('26-05-2020 00:00:01.00', 'dd-MM-yyyy hh:mm:ss.SS'), 'admin', 0, '1', '39', '1', '11', 'edgeStyle=orthogonalEdgeStyle;rounded=0;orthogonalLoop=1;jettySize=auto;html=1;', '15', NULL, NULL, 'ff808181725b20fa01725b2208b101c9');
INSERT INTO MX_CELL(ID, CRT_DTTM, CRT_USER, ENABLE_FLAG, LAST_UPDATE_DTTM, LAST_UPDATE_USER, VERSION, MX_EDGE, MX_PAGEID, MX_PARENT, MX_SOURCE, MX_STYLE, MX_TARGET, MX_VALUE, MX_VERTEX, FK_MX_GRAPH_ID) VALUES ('ff808181725b20fa01725b2208b601dc', parsedatetime('26-05-2020 00:00:01.00', 'dd-MM-yyyy hh:mm:ss.SS'), 'admin', 1, parsedatetime('26-05-2020 00:00:01.00', 'dd-MM-yyyy hh:mm:ss.SS'), 'admin', 0, '1', '42', '1', '17', 'edgeStyle=orthogonalEdgeStyle;rounded=0;orthogonalLoop=1;jettySize=auto;html=1;', '20', NULL, NULL, 'ff808181725b20fa01725b2208b101c9');
INSERT INTO MX_CELL(ID, CRT_DTTM, CRT_USER, ENABLE_FLAG, LAST_UPDATE_DTTM, LAST_UPDATE_USER, VERSION, MX_EDGE, MX_PAGEID, MX_PARENT, MX_SOURCE, MX_STYLE, MX_TARGET, MX_VALUE, MX_VERTEX, FK_MX_GRAPH_ID) VALUES ('ff808181725b20fa01725b2208b601de', parsedatetime('26-05-2020 00:00:01.00', 'dd-MM-yyyy hh:mm:ss.SS'), 'admin', 1, parsedatetime('26-05-2020 00:00:01.00', 'dd-MM-yyyy hh:mm:ss.SS'), 'admin', 0, '1', '41', '1', '15', 'edgeStyle=orthogonalEdgeStyle;rounded=0;orthogonalLoop=1;jettySize=auto;html=1;entryX=0.5;entryY=0;entryDx=0;entryDy=0;', '17', NULL, NULL, 'ff808181725b20fa01725b2208b101c9');
INSERT INTO MX_CELL(ID, CRT_DTTM, CRT_USER, ENABLE_FLAG, LAST_UPDATE_DTTM, LAST_UPDATE_USER, VERSION, MX_EDGE, MX_PAGEID, MX_PARENT, MX_SOURCE, MX_STYLE, MX_TARGET, MX_VALUE, MX_VERTEX, FK_MX_GRAPH_ID) VALUES ('ff808181725b20fa01725b2208b601e0', parsedatetime('26-05-2020 00:00:01.00', 'dd-MM-yyyy hh:mm:ss.SS'), 'admin', 1, parsedatetime('26-05-2020 00:00:01.00', 'dd-MM-yyyy hh:mm:ss.SS'), 'admin', 0, NULL, '30', '1', NULL, 'text;html=1;align=center;verticalAlign=middle;resizable=0;points=[];autosize=1;', NULL, '分流', '1', 'ff808181725b20fa01725b2208b101c9');
INSERT INTO MX_CELL(ID, CRT_DTTM, CRT_USER, ENABLE_FLAG, LAST_UPDATE_DTTM, LAST_UPDATE_USER, VERSION, MX_EDGE, MX_PAGEID, MX_PARENT, MX_SOURCE, MX_STYLE, MX_TARGET, MX_VALUE, MX_VERTEX, FK_MX_GRAPH_ID) VALUES ('ff808181725b20fa01725b2208b601e2', parsedatetime('26-05-2020 00:00:01.00', 'dd-MM-yyyy hh:mm:ss.SS'), 'admin', 1, parsedatetime('26-05-2020 00:00:01.00', 'dd-MM-yyyy hh:mm:ss.SS'), 'admin', 0, NULL, '14', '1', NULL, 'text;html=1;align=center;verticalAlign=middle;resizable=0;points=[];autosize=1;', NULL, '模拟生成数据：title, author, age, gender', '1', 'ff808181725b20fa01725b2208b101c9');
INSERT INTO MX_CELL(ID, CRT_DTTM, CRT_USER, ENABLE_FLAG, LAST_UPDATE_DTTM, LAST_UPDATE_USER, VERSION, MX_EDGE, MX_PAGEID, MX_PARENT, MX_SOURCE, MX_STYLE, MX_TARGET, MX_VALUE, MX_VERTEX, FK_MX_GRAPH_ID) VALUES ('ff808181725b20fa01725b2208b601e4', parsedatetime('26-05-2020 00:00:01.00', 'dd-MM-yyyy hh:mm:ss.SS'), 'admin', 1, parsedatetime('26-05-2020 00:00:01.00', 'dd-MM-yyyy hh:mm:ss.SS'), 'admin', 0, '1', '44', '1', '20', 'edgeStyle=orthogonalEdgeStyle;rounded=0;orthogonalLoop=1;jettySize=auto;html=1;', '26', NULL, NULL, 'ff808181725b20fa01725b2208b101c9');
INSERT INTO MX_CELL(ID, CRT_DTTM, CRT_USER, ENABLE_FLAG, LAST_UPDATE_DTTM, LAST_UPDATE_USER, VERSION, MX_EDGE, MX_PAGEID, MX_PARENT, MX_SOURCE, MX_STYLE, MX_TARGET, MX_VALUE, MX_VERTEX, FK_MX_GRAPH_ID) VALUES ('ff808181725b20fa01725b2208b601e6', parsedatetime('26-05-2020 00:00:01.00', 'dd-MM-yyyy hh:mm:ss.SS'), 'admin', 1, parsedatetime('26-05-2020 00:00:01.00', 'dd-MM-yyyy hh:mm:ss.SS'), 'admin', 0, NULL, '20', '1', NULL, 'image;html=1;labelBackgroundColor=#ffffff00;image=/piflow-web/images/Fork_128x128.png', NULL, 'Fork', '1', 'ff808181725b20fa01725b2208b101c9');
INSERT INTO MX_CELL(ID, CRT_DTTM, CRT_USER, ENABLE_FLAG, LAST_UPDATE_DTTM, LAST_UPDATE_USER, VERSION, MX_EDGE, MX_PAGEID, MX_PARENT, MX_SOURCE, MX_STYLE, MX_TARGET, MX_VALUE, MX_VERTEX, FK_MX_GRAPH_ID) VALUES ('ff808181725b20fa01725b2208b601e8', parsedatetime('26-05-2020 00:00:01.00', 'dd-MM-yyyy hh:mm:ss.SS'), 'admin', 1, parsedatetime('26-05-2020 00:00:01.00', 'dd-MM-yyyy hh:mm:ss.SS'), 'admin', 0, NULL, '9', '1', NULL, 'text;html=1;align=center;verticalAlign=middle;resizable=0;points=[];autosize=1;', NULL, '模拟测试数据：<span style=\"font-size: 13.3333px\">title, author, age</span>', '1', 'ff808181725b20fa01725b2208b101c9');
INSERT INTO MX_CELL(ID, CRT_DTTM, CRT_USER, ENABLE_FLAG, LAST_UPDATE_DTTM, LAST_UPDATE_USER, VERSION, MX_EDGE, MX_PAGEID, MX_PARENT, MX_SOURCE, MX_STYLE, MX_TARGET, MX_VALUE, MX_VERTEX, FK_MX_GRAPH_ID) VALUES ('ff808181725b20fa01725b2208b601ea', parsedatetime('26-05-2020 00:00:01.00', 'dd-MM-yyyy hh:mm:ss.SS'), 'admin', 1, parsedatetime('26-05-2020 00:00:01.00', 'dd-MM-yyyy hh:mm:ss.SS'), 'admin', 0, '1', '45', '1', '20', 'edgeStyle=orthogonalEdgeStyle;rounded=0;orthogonalLoop=1;jettySize=auto;html=1;', '24', NULL, NULL, 'ff808181725b20fa01725b2208b101c9');
INSERT INTO MX_CELL(ID, CRT_DTTM, CRT_USER, ENABLE_FLAG, LAST_UPDATE_DTTM, LAST_UPDATE_USER, VERSION, MX_EDGE, MX_PAGEID, MX_PARENT, MX_SOURCE, MX_STYLE, MX_TARGET, MX_VALUE, MX_VERTEX, FK_MX_GRAPH_ID) VALUES ('ff808181725b20fa01725b2208b601ec', parsedatetime('26-05-2020 00:00:01.00', 'dd-MM-yyyy hh:mm:ss.SS'), 'admin', 1, parsedatetime('26-05-2020 00:00:01.00', 'dd-MM-yyyy hh:mm:ss.SS'), 'admin', 0, NULL, '26', '1', NULL, 'image;html=1;labelBackgroundColor=#ffffff00;image=/piflow-web/images/SelectField_128x128.png', NULL, 'SelectField22', '1', 'ff808181725b20fa01725b2208b101c9');
INSERT INTO MX_CELL(ID, CRT_DTTM, CRT_USER, ENABLE_FLAG, LAST_UPDATE_DTTM, LAST_UPDATE_USER, VERSION, MX_EDGE, MX_PAGEID, MX_PARENT, MX_SOURCE, MX_STYLE, MX_TARGET, MX_VALUE, MX_VERTEX, FK_MX_GRAPH_ID) VALUES ('ff808181725b20fa01725b2208b601ee', parsedatetime('26-05-2020 00:00:01.00', 'dd-MM-yyyy hh:mm:ss.SS'), 'admin', 1, parsedatetime('26-05-2020 00:00:01.00', 'dd-MM-yyyy hh:mm:ss.SS'), 'admin', 0, NULL, '24', '1', NULL, 'image;html=1;labelBackgroundColor=#ffffff00;image=/piflow-web/images/SelectField_128x128.png', NULL, 'SelectField20', '1', 'ff808181725b20fa01725b2208b101c9');
INSERT INTO MX_CELL(ID, CRT_DTTM, CRT_USER, ENABLE_FLAG, LAST_UPDATE_DTTM, LAST_UPDATE_USER, VERSION, MX_EDGE, MX_PAGEID, MX_PARENT, MX_SOURCE, MX_STYLE, MX_TARGET, MX_VALUE, MX_VERTEX, FK_MX_GRAPH_ID) VALUES ('ff808181725b20fa01725b2208b601f0', parsedatetime('26-05-2020 00:00:01.00', 'dd-MM-yyyy hh:mm:ss.SS'), 'admin', 1, parsedatetime('26-05-2020 00:00:01.00', 'dd-MM-yyyy hh:mm:ss.SS'), 'admin', 0, NULL, '29', '1', NULL, 'text;html=1;align=center;verticalAlign=middle;resizable=0;points=[];autosize=1;', NULL, '合流', '1', 'ff808181725b20fa01725b2208b101c9');
INSERT INTO MX_CELL(ID, CRT_DTTM, CRT_USER, ENABLE_FLAG, LAST_UPDATE_DTTM, LAST_UPDATE_USER, VERSION, MX_EDGE, MX_PAGEID, MX_PARENT, MX_SOURCE, MX_STYLE, MX_TARGET, MX_VALUE, MX_VERTEX, FK_MX_GRAPH_ID) VALUES ('ff808181725b20fa01725b2208b601f2', parsedatetime('26-05-2020 00:00:01.00', 'dd-MM-yyyy hh:mm:ss.SS'), 'admin', 1, parsedatetime('26-05-2020 00:00:01.00', 'dd-MM-yyyy hh:mm:ss.SS'), 'admin', 0, NULL, '17', '1', NULL, 'image;html=1;labelBackgroundColor=#ffffff00;image=/piflow-web/images/Merge_128x128.png', NULL, 'Merge', '1', 'ff808181725b20fa01725b2208b101c9');
INSERT INTO MX_CELL(ID, CRT_DTTM, CRT_USER, ENABLE_FLAG, LAST_UPDATE_DTTM, LAST_UPDATE_USER, VERSION, MX_EDGE, MX_PAGEID, MX_PARENT, MX_SOURCE, MX_STYLE, MX_TARGET, MX_VALUE, MX_VERTEX, FK_MX_GRAPH_ID) VALUES ('ff808181725b20fa01725b2208bf01f4', parsedatetime('26-05-2020 00:00:01.00', 'dd-MM-yyyy hh:mm:ss.SS'), 'admin', 1, parsedatetime('26-05-2020 00:00:01.00', 'dd-MM-yyyy hh:mm:ss.SS'), 'admin', 0, NULL, '0', NULL, NULL, NULL, NULL, NULL, NULL, 'ff808181725b20fa01725b21da2e0002');
INSERT INTO MX_CELL(ID, CRT_DTTM, CRT_USER, ENABLE_FLAG, LAST_UPDATE_DTTM, LAST_UPDATE_USER, VERSION, MX_EDGE, MX_PAGEID, MX_PARENT, MX_SOURCE, MX_STYLE, MX_TARGET, MX_VALUE, MX_VERTEX, FK_MX_GRAPH_ID) VALUES ('ff808181725b20fa01725b2208bf01f5', parsedatetime('26-05-2020 00:00:01.00', 'dd-MM-yyyy hh:mm:ss.SS'), 'admin', 1, parsedatetime('26-05-2020 00:00:01.00', 'dd-MM-yyyy hh:mm:ss.SS'), 'admin', 0, NULL, '1', '0', NULL, NULL, NULL, NULL, NULL, 'ff808181725b20fa01725b21da2e0002');
INSERT INTO MX_CELL(ID, CRT_DTTM, CRT_USER, ENABLE_FLAG, LAST_UPDATE_DTTM, LAST_UPDATE_USER, VERSION, MX_EDGE, MX_PAGEID, MX_PARENT, MX_SOURCE, MX_STYLE, MX_TARGET, MX_VALUE, MX_VERTEX, FK_MX_GRAPH_ID) VALUES ('ff808181725b20fa01725b2208bf01f6', parsedatetime('26-05-2020 00:00:01.00', 'dd-MM-yyyy hh:mm:ss.SS'), 'admin', 1, parsedatetime('26-05-2020 00:00:01.00', 'dd-MM-yyyy hh:mm:ss.SS'), 'admin', 0, NULL, '17', '1', NULL, 'text;html=1;strokeColor=none;fillColor=none;align=center;verticalAlign=middle;whiteSpace=wrap;rounded=0;labelBackgroundColor=#ffffff00;', NULL, '人员数据融合', '1', 'ff808181725b20fa01725b21da2e0002');
INSERT INTO MX_CELL(ID, CRT_DTTM, CRT_USER, ENABLE_FLAG, LAST_UPDATE_DTTM, LAST_UPDATE_USER, VERSION, MX_EDGE, MX_PAGEID, MX_PARENT, MX_SOURCE, MX_STYLE, MX_TARGET, MX_VALUE, MX_VERTEX, FK_MX_GRAPH_ID) VALUES ('ff808181725b20fa01725b2208bf01f8', parsedatetime('26-05-2020 00:00:01.00', 'dd-MM-yyyy hh:mm:ss.SS'), 'admin', 1, parsedatetime('26-05-2020 00:00:01.00', 'dd-MM-yyyy hh:mm:ss.SS'), 'admin', 0, NULL, '32', '1', NULL, 'image;html=1;labelBackgroundColor=#ffffff00;image=http://10.0.88.23:6001/piflow-web/img/task/task7.png;', NULL, 'flow_7', '1', 'ff808181725b20fa01725b21da2e0002');
INSERT INTO MX_CELL(ID, CRT_DTTM, CRT_USER, ENABLE_FLAG, LAST_UPDATE_DTTM, LAST_UPDATE_USER, VERSION, MX_EDGE, MX_PAGEID, MX_PARENT, MX_SOURCE, MX_STYLE, MX_TARGET, MX_VALUE, MX_VERTEX, FK_MX_GRAPH_ID) VALUES ('ff808181725b20fa01725b2208bf01fa', parsedatetime('26-05-2020 00:00:01.00', 'dd-MM-yyyy hh:mm:ss.SS'), 'admin', 1, parsedatetime('26-05-2020 00:00:01.00', 'dd-MM-yyyy hh:mm:ss.SS'), 'admin', 0, '1', '35', '1', '21', 'edgeStyle=entityRelationEdgeStyle;rounded=0;orthogonalLoop=1;jettySize=auto;html=1;', '34', NULL, NULL, 'ff808181725b20fa01725b21da2e0002');
INSERT INTO MX_CELL(ID, CRT_DTTM, CRT_USER, ENABLE_FLAG, LAST_UPDATE_DTTM, LAST_UPDATE_USER, VERSION, MX_EDGE, MX_PAGEID, MX_PARENT, MX_SOURCE, MX_STYLE, MX_TARGET, MX_VALUE, MX_VERTEX, FK_MX_GRAPH_ID) VALUES ('ff808181725b20fa01725b2208bf01fc', parsedatetime('26-05-2020 00:00:01.00', 'dd-MM-yyyy hh:mm:ss.SS'), 'admin', 1, parsedatetime('26-05-2020 00:00:01.00', 'dd-MM-yyyy hh:mm:ss.SS'), 'admin', 0, '1', '10', '1', '5', 'edgeStyle=entityRelationEdgeStyle;rounded=0;orthogonalLoop=1;jettySize=auto;html=1;', '9', NULL, NULL, 'ff808181725b20fa01725b21da2e0002');
INSERT INTO MX_CELL(ID, CRT_DTTM, CRT_USER, ENABLE_FLAG, LAST_UPDATE_DTTM, LAST_UPDATE_USER, VERSION, MX_EDGE, MX_PAGEID, MX_PARENT, MX_SOURCE, MX_STYLE, MX_TARGET, MX_VALUE, MX_VERTEX, FK_MX_GRAPH_ID) VALUES ('ff808181725b20fa01725b2208bf01fe', parsedatetime('26-05-2020 00:00:01.00', 'dd-MM-yyyy hh:mm:ss.SS'), 'admin', 1, parsedatetime('26-05-2020 00:00:01.00', 'dd-MM-yyyy hh:mm:ss.SS'), 'admin', 0, '1', '13', '1', '9', 'edgeStyle=entityRelationEdgeStyle;rounded=0;orthogonalLoop=1;jettySize=auto;html=1;', '12', NULL, NULL, 'ff808181725b20fa01725b21da2e0002');
INSERT INTO MX_CELL(ID, CRT_DTTM, CRT_USER, ENABLE_FLAG, LAST_UPDATE_DTTM, LAST_UPDATE_USER, VERSION, MX_EDGE, MX_PAGEID, MX_PARENT, MX_SOURCE, MX_STYLE, MX_TARGET, MX_VALUE, MX_VERTEX, FK_MX_GRAPH_ID) VALUES ('ff808181725b20fa01725b2208c30200', parsedatetime('26-05-2020 00:00:01.00', 'dd-MM-yyyy hh:mm:ss.SS'), 'admin', 1, parsedatetime('26-05-2020 00:00:01.00', 'dd-MM-yyyy hh:mm:ss.SS'), 'admin', 0, '1', '11', '1', '6', 'edgeStyle=entityRelationEdgeStyle;rounded=0;orthogonalLoop=1;jettySize=auto;html=1;', '9', NULL, NULL, 'ff808181725b20fa01725b21da2e0002');
INSERT INTO MX_CELL(ID, CRT_DTTM, CRT_USER, ENABLE_FLAG, LAST_UPDATE_DTTM, LAST_UPDATE_USER, VERSION, MX_EDGE, MX_PAGEID, MX_PARENT, MX_SOURCE, MX_STYLE, MX_TARGET, MX_VALUE, MX_VERTEX, FK_MX_GRAPH_ID) VALUES ('ff808181725b20fa01725b2208cb0202', parsedatetime('26-05-2020 00:00:01.00', 'dd-MM-yyyy hh:mm:ss.SS'), 'admin', 1, parsedatetime('26-05-2020 00:00:01.00', 'dd-MM-yyyy hh:mm:ss.SS'), 'admin', 0, NULL, '9', '1', NULL, 'image;html=1;labelBackgroundColor=#ffffff00;image=http://10.0.88.23:6001/piflow-web/img/group/group3.png;', NULL, 'g2', '1', 'ff808181725b20fa01725b21da2e0002');
INSERT INTO MX_CELL(ID, CRT_DTTM, CRT_USER, ENABLE_FLAG, LAST_UPDATE_DTTM, LAST_UPDATE_USER, VERSION, MX_EDGE, MX_PAGEID, MX_PARENT, MX_SOURCE, MX_STYLE, MX_TARGET, MX_VALUE, MX_VERTEX, FK_MX_GRAPH_ID) VALUES ('ff808181725b20fa01725b2208cb0204', parsedatetime('26-05-2020 00:00:01.00', 'dd-MM-yyyy hh:mm:ss.SS'), 'admin', 1, parsedatetime('26-05-2020 00:00:01.00', 'dd-MM-yyyy hh:mm:ss.SS'), 'admin', 0, NULL, '21', '1', NULL, 'image;html=1;labelBackgroundColor=#ffffff00;image=http://10.0.88.23:6001/piflow-web/img/group/group2.png;', NULL, 'g_other', '1', 'ff808181725b20fa01725b21da2e0002');
INSERT INTO MX_CELL(ID, CRT_DTTM, CRT_USER, ENABLE_FLAG, LAST_UPDATE_DTTM, LAST_UPDATE_USER, VERSION, MX_EDGE, MX_PAGEID, MX_PARENT, MX_SOURCE, MX_STYLE, MX_TARGET, MX_VALUE, MX_VERTEX, FK_MX_GRAPH_ID) VALUES ('ff808181725b20fa01725b2208cb0206', parsedatetime('26-05-2020 00:00:01.00', 'dd-MM-yyyy hh:mm:ss.SS'), 'admin', 1, parsedatetime('26-05-2020 00:00:01.00', 'dd-MM-yyyy hh:mm:ss.SS'), 'admin', 0, NULL, '12', '1', NULL, 'image;html=1;labelBackgroundColor=#ffffff00;image=http://10.0.88.23:6001/piflow-web/img/task/task4.png;', NULL, 'f6', '1', 'ff808181725b20fa01725b21da2e0002');
INSERT INTO MX_CELL(ID, CRT_DTTM, CRT_USER, ENABLE_FLAG, LAST_UPDATE_DTTM, LAST_UPDATE_USER, VERSION, MX_EDGE, MX_PAGEID, MX_PARENT, MX_SOURCE, MX_STYLE, MX_TARGET, MX_VALUE, MX_VERTEX, FK_MX_GRAPH_ID) VALUES ('ff808181725b20fa01725b2208cb0208', parsedatetime('26-05-2020 00:00:01.00', 'dd-MM-yyyy hh:mm:ss.SS'), 'admin', 1, parsedatetime('26-05-2020 00:00:01.00', 'dd-MM-yyyy hh:mm:ss.SS'), 'admin', 0, NULL, '27', '1', NULL, 'image;html=1;labelBackgroundColor=#ffffff00;image=http://10.0.88.23:6001/piflow-web/img/task/task2.png;', NULL, 'prepare_flow', '1', 'ff808181725b20fa01725b21da2e0002');
INSERT INTO MX_CELL(ID, CRT_DTTM, CRT_USER, ENABLE_FLAG, LAST_UPDATE_DTTM, LAST_UPDATE_USER, VERSION, MX_EDGE, MX_PAGEID, MX_PARENT, MX_SOURCE, MX_STYLE, MX_TARGET, MX_VALUE, MX_VERTEX, FK_MX_GRAPH_ID) VALUES ('ff808181725b20fa01725b2208cb020a', parsedatetime('26-05-2020 00:00:01.00', 'dd-MM-yyyy hh:mm:ss.SS'), 'admin', 1, parsedatetime('26-05-2020 00:00:01.00', 'dd-MM-yyyy hh:mm:ss.SS'), 'admin', 0, NULL, '30', '1', NULL, 'image;html=1;labelBackgroundColor=#ffffff00;image=http://10.0.88.23:6001/piflow-web/img/group/group7.png;', NULL, 'group_show', '1', 'ff808181725b20fa01725b21da2e0002');
INSERT INTO MX_CELL(ID, CRT_DTTM, CRT_USER, ENABLE_FLAG, LAST_UPDATE_DTTM, LAST_UPDATE_USER, VERSION, MX_EDGE, MX_PAGEID, MX_PARENT, MX_SOURCE, MX_STYLE, MX_TARGET, MX_VALUE, MX_VERTEX, FK_MX_GRAPH_ID) VALUES ('ff808181725b20fa01725b2208cb020c', parsedatetime('26-05-2020 00:00:01.00', 'dd-MM-yyyy hh:mm:ss.SS'), 'admin', 1, parsedatetime('26-05-2020 00:00:01.00', 'dd-MM-yyyy hh:mm:ss.SS'), 'admin', 0, '1', '33', '1', '21', 'edgeStyle=entityRelationEdgeStyle;rounded=0;orthogonalLoop=1;jettySize=auto;html=1;entryX=0;entryY=0.5;entryDx=0;entryDy=0;', '32', NULL, NULL, 'ff808181725b20fa01725b21da2e0002');
INSERT INTO MX_CELL(ID, CRT_DTTM, CRT_USER, ENABLE_FLAG, LAST_UPDATE_DTTM, LAST_UPDATE_USER, VERSION, MX_EDGE, MX_PAGEID, MX_PARENT, MX_SOURCE, MX_STYLE, MX_TARGET, MX_VALUE, MX_VERTEX, FK_MX_GRAPH_ID) VALUES ('ff808181725b20fa01725b2208cb020e', parsedatetime('26-05-2020 00:00:01.00', 'dd-MM-yyyy hh:mm:ss.SS'), 'admin', 1, parsedatetime('26-05-2020 00:00:01.00', 'dd-MM-yyyy hh:mm:ss.SS'), 'admin', 0, NULL, '20', '1', NULL, 'text;html=1;strokeColor=none;fillColor=none;align=center;verticalAlign=middle;whiteSpace=wrap;rounded=0;labelBackgroundColor=#ffffff00;', NULL, '该<span style=\"font-size: 13.3333px\">组主要进行采集工作</span>', '1', 'ff808181725b20fa01725b21da2e0002');
INSERT INTO MX_CELL(ID, CRT_DTTM, CRT_USER, ENABLE_FLAG, LAST_UPDATE_DTTM, LAST_UPDATE_USER, VERSION, MX_EDGE, MX_PAGEID, MX_PARENT, MX_SOURCE, MX_STYLE, MX_TARGET, MX_VALUE, MX_VERTEX, FK_MX_GRAPH_ID) VALUES ('ff808181725b20fa01725b2208cb0210', parsedatetime('26-05-2020 00:00:01.00', 'dd-MM-yyyy hh:mm:ss.SS'), 'admin', 1, parsedatetime('26-05-2020 00:00:01.00', 'dd-MM-yyyy hh:mm:ss.SS'), 'admin', 0, '1', '8', '1', '4', 'edgeStyle=entityRelationEdgeStyle;rounded=0;orthogonalLoop=1;jettySize=auto;html=1;entryX=0;entryY=0.5;entryDx=0;entryDy=0;', '6', NULL, NULL, 'ff808181725b20fa01725b21da2e0002');
INSERT INTO MX_CELL(ID, CRT_DTTM, CRT_USER, ENABLE_FLAG, LAST_UPDATE_DTTM, LAST_UPDATE_USER, VERSION, MX_EDGE, MX_PAGEID, MX_PARENT, MX_SOURCE, MX_STYLE, MX_TARGET, MX_VALUE, MX_VERTEX, FK_MX_GRAPH_ID) VALUES ('ff808181725b20fa01725b2208cb0212', parsedatetime('26-05-2020 00:00:01.00', 'dd-MM-yyyy hh:mm:ss.SS'), 'admin', 1, parsedatetime('26-05-2020 00:00:01.00', 'dd-MM-yyyy hh:mm:ss.SS'), 'admin', 0, NULL, '6', '1', NULL, 'image;html=1;labelBackgroundColor=#ffffff00;image=/piflow-web/img/flow.png', NULL, 'flow_merge_person', '1', 'ff808181725b20fa01725b21da2e0002');
INSERT INTO MX_CELL(ID, CRT_DTTM, CRT_USER, ENABLE_FLAG, LAST_UPDATE_DTTM, LAST_UPDATE_USER, VERSION, MX_EDGE, MX_PAGEID, MX_PARENT, MX_SOURCE, MX_STYLE, MX_TARGET, MX_VALUE, MX_VERTEX, FK_MX_GRAPH_ID) VALUES ('ff808181725b20fa01725b2208cb0214', parsedatetime('26-05-2020 00:00:01.00', 'dd-MM-yyyy hh:mm:ss.SS'), 'admin', 1, parsedatetime('26-05-2020 00:00:01.00', 'dd-MM-yyyy hh:mm:ss.SS'), 'admin', 0, NULL, '25', '1', NULL, 'image;html=1;labelBackgroundColor=#ffffff00;image=/piflow-web/img/group.png', NULL, 'prepare_group', '1', 'ff808181725b20fa01725b21da2e0002');
INSERT INTO MX_CELL(ID, CRT_DTTM, CRT_USER, ENABLE_FLAG, LAST_UPDATE_DTTM, LAST_UPDATE_USER, VERSION, MX_EDGE, MX_PAGEID, MX_PARENT, MX_SOURCE, MX_STYLE, MX_TARGET, MX_VALUE, MX_VERTEX, FK_MX_GRAPH_ID) VALUES ('ff808181725b20fa01725b2208cb0216', parsedatetime('26-05-2020 00:00:01.00', 'dd-MM-yyyy hh:mm:ss.SS'), 'admin', 1, parsedatetime('26-05-2020 00:00:01.00', 'dd-MM-yyyy hh:mm:ss.SS'), 'admin', 0, NULL, '4', '1', NULL, 'image;html=1;labelBackgroundColor=#ffffff00;image=http://10.0.88.23:6001/piflow-web/img/group/group1.png;', NULL, 'group_collect', '1', 'ff808181725b20fa01725b21da2e0002');
INSERT INTO MX_CELL(ID, CRT_DTTM, CRT_USER, ENABLE_FLAG, LAST_UPDATE_DTTM, LAST_UPDATE_USER, VERSION, MX_EDGE, MX_PAGEID, MX_PARENT, MX_SOURCE, MX_STYLE, MX_TARGET, MX_VALUE, MX_VERTEX, FK_MX_GRAPH_ID) VALUES ('ff808181725b20fa01725b2208cb0218', parsedatetime('26-05-2020 00:00:01.00', 'dd-MM-yyyy hh:mm:ss.SS'), 'admin', 1, parsedatetime('26-05-2020 00:00:01.00', 'dd-MM-yyyy hh:mm:ss.SS'), 'admin', 0, '1', '28', '1', '25', 'edgeStyle=entityRelationEdgeStyle;rounded=0;orthogonalLoop=1;jettySize=auto;html=1;entryX=0;entryY=0.5;entryDx=0;entryDy=0;', '27', NULL, NULL, 'ff808181725b20fa01725b21da2e0002');
INSERT INTO MX_CELL(ID, CRT_DTTM, CRT_USER, ENABLE_FLAG, LAST_UPDATE_DTTM, LAST_UPDATE_USER, VERSION, MX_EDGE, MX_PAGEID, MX_PARENT, MX_SOURCE, MX_STYLE, MX_TARGET, MX_VALUE, MX_VERTEX, FK_MX_GRAPH_ID) VALUES ('ff808181725b20fa01725b2208cb021a', parsedatetime('26-05-2020 00:00:01.00', 'dd-MM-yyyy hh:mm:ss.SS'), 'admin', 1, parsedatetime('26-05-2020 00:00:01.00', 'dd-MM-yyyy hh:mm:ss.SS'), 'admin', 0, '1', '7', '1', '4', 'edgeStyle=entityRelationEdgeStyle;rounded=0;orthogonalLoop=1;jettySize=auto;html=1;entryX=0;entryY=0.5;entryDx=0;entryDy=0;', '5', NULL, NULL, 'ff808181725b20fa01725b21da2e0002');
INSERT INTO MX_CELL(ID, CRT_DTTM, CRT_USER, ENABLE_FLAG, LAST_UPDATE_DTTM, LAST_UPDATE_USER, VERSION, MX_EDGE, MX_PAGEID, MX_PARENT, MX_SOURCE, MX_STYLE, MX_TARGET, MX_VALUE, MX_VERTEX, FK_MX_GRAPH_ID) VALUES ('ff808181725b20fa01725b2208cb021c', parsedatetime('26-05-2020 00:00:01.00', 'dd-MM-yyyy hh:mm:ss.SS'), 'admin', 1, parsedatetime('26-05-2020 00:00:01.00', 'dd-MM-yyyy hh:mm:ss.SS'), 'admin', 0, '1', '31', '1', '21', 'rounded=0;orthogonalLoop=1;jettySize=auto;html=1;entryX=0.5;entryY=0;entryDx=0;entryDy=0;', '30', NULL, NULL, 'ff808181725b20fa01725b21da2e0002');
INSERT INTO MX_CELL(ID, CRT_DTTM, CRT_USER, ENABLE_FLAG, LAST_UPDATE_DTTM, LAST_UPDATE_USER, VERSION, MX_EDGE, MX_PAGEID, MX_PARENT, MX_SOURCE, MX_STYLE, MX_TARGET, MX_VALUE, MX_VERTEX, FK_MX_GRAPH_ID) VALUES ('ff808181725b20fa01725b2208cb021e', parsedatetime('26-05-2020 00:00:01.00', 'dd-MM-yyyy hh:mm:ss.SS'), 'admin', 1, parsedatetime('26-05-2020 00:00:01.00', 'dd-MM-yyyy hh:mm:ss.SS'), 'admin', 0, NULL, '34', '1', NULL, 'image;html=1;labelBackgroundColor=#ffffff00;image=http://10.0.88.23:6001/piflow-web/img/task/task3.png;', NULL, 'flow8', '1', 'ff808181725b20fa01725b21da2e0002');
INSERT INTO MX_CELL(ID, CRT_DTTM, CRT_USER, ENABLE_FLAG, LAST_UPDATE_DTTM, LAST_UPDATE_USER, VERSION, MX_EDGE, MX_PAGEID, MX_PARENT, MX_SOURCE, MX_STYLE, MX_TARGET, MX_VALUE, MX_VERTEX, FK_MX_GRAPH_ID) VALUES ('ff808181725b20fa01725b2208cb0220', parsedatetime('26-05-2020 00:00:01.00', 'dd-MM-yyyy hh:mm:ss.SS'), 'admin', 1, parsedatetime('26-05-2020 00:00:01.00', 'dd-MM-yyyy hh:mm:ss.SS'), 'admin', 0, NULL, '5', '1', NULL, 'image;html=1;labelBackgroundColor=#ffffff00;image=http://10.0.88.23:6001/piflow-web/img/task/task6.png;', NULL, 'flow_merge_product', '1', 'ff808181725b20fa01725b21da2e0002');
INSERT INTO MX_CELL(ID, CRT_DTTM, CRT_USER, ENABLE_FLAG, LAST_UPDATE_DTTM, LAST_UPDATE_USER, VERSION, MX_EDGE, MX_PAGEID, MX_PARENT, MX_SOURCE, MX_STYLE, MX_TARGET, MX_VALUE, MX_VERTEX, FK_MX_GRAPH_ID) VALUES ('ff808181725b20fa01725b2208cb0222', parsedatetime('26-05-2020 00:00:01.00', 'dd-MM-yyyy hh:mm:ss.SS'), 'admin', 1, parsedatetime('26-05-2020 00:00:01.00', 'dd-MM-yyyy hh:mm:ss.SS'), 'admin', 0, NULL, '18', '1', NULL, 'text;html=1;strokeColor=none;fillColor=none;align=center;verticalAlign=middle;whiteSpace=wrap;rounded=0;labelBackgroundColor=#ffffff00;', NULL, '知识图库构建', '1', 'ff808181725b20fa01725b21da2e0002');
INSERT INTO MX_CELL(ID, CRT_DTTM, CRT_USER, ENABLE_FLAG, LAST_UPDATE_DTTM, LAST_UPDATE_USER, VERSION, MX_EDGE, MX_PAGEID, MX_PARENT, MX_SOURCE, MX_STYLE, MX_TARGET, MX_VALUE, MX_VERTEX, FK_MX_GRAPH_ID) VALUES ('ff808181725b20fa01725b2208cb0224', parsedatetime('26-05-2020 00:00:01.00', 'dd-MM-yyyy hh:mm:ss.SS'), 'admin', 1, parsedatetime('26-05-2020 00:00:01.00', 'dd-MM-yyyy hh:mm:ss.SS'), 'admin', 0, NULL, '16', '1', NULL, 'text;html=1;strokeColor=none;fillColor=none;align=center;verticalAlign=middle;whiteSpace=wrap;rounded=0;labelBackgroundColor=#ffffff00;', NULL, '成果数据融合', '1', 'ff808181725b20fa01725b21da2e0002');
INSERT INTO MX_CELL(ID, CRT_DTTM, CRT_USER, ENABLE_FLAG, LAST_UPDATE_DTTM, LAST_UPDATE_USER, VERSION, MX_EDGE, MX_PAGEID, MX_PARENT, MX_SOURCE, MX_STYLE, MX_TARGET, MX_VALUE, MX_VERTEX, FK_MX_GRAPH_ID) VALUES ('ff808181725b20fa01725b2208cb0226', parsedatetime('26-05-2020 00:00:01.00', 'dd-MM-yyyy hh:mm:ss.SS'), 'admin', 1, parsedatetime('26-05-2020 00:00:01.00', 'dd-MM-yyyy hh:mm:ss.SS'), 'admin', 0, '1', '26', '1', '25', 'edgeStyle=entityRelationEdgeStyle;rounded=0;orthogonalLoop=1;jettySize=auto;html=1;', '4', NULL, NULL, 'ff808181725b20fa01725b21da2e0002');
INSERT INTO MX_CELL(ID, CRT_DTTM, CRT_USER, ENABLE_FLAG, LAST_UPDATE_DTTM, LAST_UPDATE_USER, VERSION, MX_EDGE, MX_PAGEID, MX_PARENT, MX_SOURCE, MX_STYLE, MX_TARGET, MX_VALUE, MX_VERTEX, FK_MX_GRAPH_ID) VALUES ('ff808181725b20fa01725b2208cb0228', parsedatetime('26-05-2020 00:00:01.00', 'dd-MM-yyyy hh:mm:ss.SS'), 'admin', 1, parsedatetime('26-05-2020 00:00:01.00', 'dd-MM-yyyy hh:mm:ss.SS'), 'admin', 0, NULL, '19', '1', NULL, 'text;html=1;strokeColor=none;fillColor=none;align=center;verticalAlign=middle;whiteSpace=wrap;rounded=0;labelBackgroundColor=#ffffff00;', NULL, '可视化分析', '1', 'ff808181725b20fa01725b21da2e0002');
INSERT INTO MX_CELL(ID, CRT_DTTM, CRT_USER, ENABLE_FLAG, LAST_UPDATE_DTTM, LAST_UPDATE_USER, VERSION, MX_EDGE, MX_PAGEID, MX_PARENT, MX_SOURCE, MX_STYLE, MX_TARGET, MX_VALUE, MX_VERTEX, FK_MX_GRAPH_ID) VALUES ('ff808181725b20fa01725b2208cb022a', parsedatetime('26-05-2020 00:00:01.00', 'dd-MM-yyyy hh:mm:ss.SS'), 'admin', 1, parsedatetime('26-05-2020 00:00:01.00', 'dd-MM-yyyy hh:mm:ss.SS'), 'admin', 0, '1', '29', '1', '27', 'edgeStyle=entityRelationEdgeStyle;rounded=0;orthogonalLoop=1;jettySize=auto;html=1;entryX=0;entryY=0.5;entryDx=0;entryDy=0;', '21', NULL, NULL, 'ff808181725b20fa01725b21da2e0002');

INSERT INTO MX_GEOMETRY(ID, CRT_DTTM, CRT_USER, ENABLE_FLAG, LAST_UPDATE_DTTM, LAST_UPDATE_USER, VERSION, MX_AS, MX_HEIGHT, MX_RELATIVE, MX_WIDTH, MX_X, MX_Y, FK_MX_CELL_ID) VALUES ('ff808181725b20fa01725b220861002f', parsedatetime('26-05-2020 00:00:01.00', 'dd-MM-yyyy hh:mm:ss.SS'), 'admin', 1, parsedatetime('26-05-2020 00:00:01.00', 'dd-MM-yyyy hh:mm:ss.SS'), 'admin', 0, 'geometry', NULL, '1', NULL, NULL, NULL, 'ff808181725b20fa01725b220861002e');
INSERT INTO MX_GEOMETRY(ID, CRT_DTTM, CRT_USER, ENABLE_FLAG, LAST_UPDATE_DTTM, LAST_UPDATE_USER, VERSION, MX_AS, MX_HEIGHT, MX_RELATIVE, MX_WIDTH, MX_X, MX_Y, FK_MX_CELL_ID) VALUES ('ff808181725b20fa01725b2208610031', parsedatetime('26-05-2020 00:00:01.00', 'dd-MM-yyyy hh:mm:ss.SS'), 'admin', 1, parsedatetime('26-05-2020 00:00:01.00', 'dd-MM-yyyy hh:mm:ss.SS'), 'admin', 0, 'geometry', '66', NULL, '66', '476', '234', 'ff808181725b20fa01725b2208610030');
INSERT INTO MX_GEOMETRY(ID, CRT_DTTM, CRT_USER, ENABLE_FLAG, LAST_UPDATE_DTTM, LAST_UPDATE_USER, VERSION, MX_AS, MX_HEIGHT, MX_RELATIVE, MX_WIDTH, MX_X, MX_Y, FK_MX_CELL_ID) VALUES ('ff808181725b20fa01725b2208630033', parsedatetime('26-05-2020 00:00:01.00', 'dd-MM-yyyy hh:mm:ss.SS'), 'admin', 1, parsedatetime('26-05-2020 00:00:01.00', 'dd-MM-yyyy hh:mm:ss.SS'), 'admin', 0, 'geometry', '66', NULL, '66', '190', '840', 'ff808181725b20fa01725b2208630032');
INSERT INTO MX_GEOMETRY(ID, CRT_DTTM, CRT_USER, ENABLE_FLAG, LAST_UPDATE_DTTM, LAST_UPDATE_USER, VERSION, MX_AS, MX_HEIGHT, MX_RELATIVE, MX_WIDTH, MX_X, MX_Y, FK_MX_CELL_ID) VALUES ('ff808181725b20fa01725b2208640035', parsedatetime('26-05-2020 00:00:01.00', 'dd-MM-yyyy hh:mm:ss.SS'), 'admin', 1, parsedatetime('26-05-2020 00:00:01.00', 'dd-MM-yyyy hh:mm:ss.SS'), 'admin', 0, 'geometry', '66', NULL, '66', '220', '394', 'ff808181725b20fa01725b2208630034');
INSERT INTO MX_GEOMETRY(ID, CRT_DTTM, CRT_USER, ENABLE_FLAG, LAST_UPDATE_DTTM, LAST_UPDATE_USER, VERSION, MX_AS, MX_HEIGHT, MX_RELATIVE, MX_WIDTH, MX_X, MX_Y, FK_MX_CELL_ID) VALUES ('ff808181725b20fa01725b2208640037', parsedatetime('26-05-2020 00:00:01.00', 'dd-MM-yyyy hh:mm:ss.SS'), 'admin', 1, parsedatetime('26-05-2020 00:00:01.00', 'dd-MM-yyyy hh:mm:ss.SS'), 'admin', 0, 'geometry', '20', NULL, '180', '560', '417', 'ff808181725b20fa01725b2208640036');
INSERT INTO MX_GEOMETRY(ID, CRT_DTTM, CRT_USER, ENABLE_FLAG, LAST_UPDATE_DTTM, LAST_UPDATE_USER, VERSION, MX_AS, MX_HEIGHT, MX_RELATIVE, MX_WIDTH, MX_X, MX_Y, FK_MX_CELL_ID) VALUES ('ff808181725b20fa01725b2208640039', parsedatetime('26-05-2020 00:00:01.00', 'dd-MM-yyyy hh:mm:ss.SS'), 'admin', 1, parsedatetime('26-05-2020 00:00:01.00', 'dd-MM-yyyy hh:mm:ss.SS'), 'admin', 0, 'geometry', '66', NULL, '66', '476', '394', 'ff808181725b20fa01725b2208640038');
INSERT INTO MX_GEOMETRY(ID, CRT_DTTM, CRT_USER, ENABLE_FLAG, LAST_UPDATE_DTTM, LAST_UPDATE_USER, VERSION, MX_AS, MX_HEIGHT, MX_RELATIVE, MX_WIDTH, MX_X, MX_Y, FK_MX_CELL_ID) VALUES ('ff808181725b20fa01725b220865003b', parsedatetime('26-05-2020 00:00:01.00', 'dd-MM-yyyy hh:mm:ss.SS'), 'admin', 1, parsedatetime('26-05-2020 00:00:01.00', 'dd-MM-yyyy hh:mm:ss.SS'), 'admin', 0, 'geometry', NULL, '1', NULL, NULL, NULL, 'ff808181725b20fa01725b220865003a');
INSERT INTO MX_GEOMETRY(ID, CRT_DTTM, CRT_USER, ENABLE_FLAG, LAST_UPDATE_DTTM, LAST_UPDATE_USER, VERSION, MX_AS, MX_HEIGHT, MX_RELATIVE, MX_WIDTH, MX_X, MX_Y, FK_MX_CELL_ID) VALUES ('ff808181725b20fa01725b220866003d', parsedatetime('26-05-2020 00:00:01.00', 'dd-MM-yyyy hh:mm:ss.SS'), 'admin', 1, parsedatetime('26-05-2020 00:00:01.00', 'dd-MM-yyyy hh:mm:ss.SS'), 'admin', 0, 'geometry', NULL, '1', NULL, NULL, NULL, 'ff808181725b20fa01725b220865003c');
INSERT INTO MX_GEOMETRY(ID, CRT_DTTM, CRT_USER, ENABLE_FLAG, LAST_UPDATE_DTTM, LAST_UPDATE_USER, VERSION, MX_AS, MX_HEIGHT, MX_RELATIVE, MX_WIDTH, MX_X, MX_Y, FK_MX_CELL_ID) VALUES ('ff808181725b20fa01725b220866003f', parsedatetime('26-05-2020 00:00:01.00', 'dd-MM-yyyy hh:mm:ss.SS'), 'admin', 1, parsedatetime('26-05-2020 00:00:01.00', 'dd-MM-yyyy hh:mm:ss.SS'), 'admin', 0, 'geometry', NULL, '1', NULL, NULL, NULL, 'ff808181725b20fa01725b220866003e');
INSERT INTO MX_GEOMETRY(ID, CRT_DTTM, CRT_USER, ENABLE_FLAG, LAST_UPDATE_DTTM, LAST_UPDATE_USER, VERSION, MX_AS, MX_HEIGHT, MX_RELATIVE, MX_WIDTH, MX_X, MX_Y, FK_MX_CELL_ID) VALUES ('ff808181725b20fa01725b2208660041', parsedatetime('26-05-2020 00:00:01.00', 'dd-MM-yyyy hh:mm:ss.SS'), 'admin', 1, parsedatetime('26-05-2020 00:00:01.00', 'dd-MM-yyyy hh:mm:ss.SS'), 'admin', 0, 'geometry', NULL, '1', NULL, NULL, NULL, 'ff808181725b20fa01725b2208660040');
INSERT INTO MX_GEOMETRY(ID, CRT_DTTM, CRT_USER, ENABLE_FLAG, LAST_UPDATE_DTTM, LAST_UPDATE_USER, VERSION, MX_AS, MX_HEIGHT, MX_RELATIVE, MX_WIDTH, MX_X, MX_Y, FK_MX_CELL_ID) VALUES ('ff808181725b20fa01725b2208680043', parsedatetime('26-05-2020 00:00:01.00', 'dd-MM-yyyy hh:mm:ss.SS'), 'admin', 1, parsedatetime('26-05-2020 00:00:01.00', 'dd-MM-yyyy hh:mm:ss.SS'), 'admin', 0, 'geometry', '20', NULL, '40', '435', '735', 'ff808181725b20fa01725b2208680042');
INSERT INTO MX_GEOMETRY(ID, CRT_DTTM, CRT_USER, ENABLE_FLAG, LAST_UPDATE_DTTM, LAST_UPDATE_USER, VERSION, MX_AS, MX_HEIGHT, MX_RELATIVE, MX_WIDTH, MX_X, MX_Y, FK_MX_CELL_ID) VALUES ('ff808181725b20fa01725b2208680045', parsedatetime('26-05-2020 00:00:01.00', 'dd-MM-yyyy hh:mm:ss.SS'), 'admin', 1, parsedatetime('26-05-2020 00:00:01.00', 'dd-MM-yyyy hh:mm:ss.SS'), 'admin', 0, 'geometry', '20', NULL, '250', '460', '200', 'ff808181725b20fa01725b2208680044');
INSERT INTO MX_GEOMETRY(ID, CRT_DTTM, CRT_USER, ENABLE_FLAG, LAST_UPDATE_DTTM, LAST_UPDATE_USER, VERSION, MX_AS, MX_HEIGHT, MX_RELATIVE, MX_WIDTH, MX_X, MX_Y, FK_MX_CELL_ID) VALUES ('ff808181725b20fa01725b2208690047', parsedatetime('26-05-2020 00:00:01.00', 'dd-MM-yyyy hh:mm:ss.SS'), 'admin', 1, parsedatetime('26-05-2020 00:00:01.00', 'dd-MM-yyyy hh:mm:ss.SS'), 'admin', 0, 'geometry', NULL, '1', NULL, NULL, NULL, 'ff808181725b20fa01725b2208680046');
INSERT INTO MX_GEOMETRY(ID, CRT_DTTM, CRT_USER, ENABLE_FLAG, LAST_UPDATE_DTTM, LAST_UPDATE_USER, VERSION, MX_AS, MX_HEIGHT, MX_RELATIVE, MX_WIDTH, MX_X, MX_Y, FK_MX_CELL_ID) VALUES ('ff808181725b20fa01725b2208690049', parsedatetime('26-05-2020 00:00:01.00', 'dd-MM-yyyy hh:mm:ss.SS'), 'admin', 1, parsedatetime('26-05-2020 00:00:01.00', 'dd-MM-yyyy hh:mm:ss.SS'), 'admin', 0, 'geometry', '66', NULL, '66', '360', '730', 'ff808181725b20fa01725b2208690048');
INSERT INTO MX_GEOMETRY(ID, CRT_DTTM, CRT_USER, ENABLE_FLAG, LAST_UPDATE_DTTM, LAST_UPDATE_USER, VERSION, MX_AS, MX_HEIGHT, MX_RELATIVE, MX_WIDTH, MX_X, MX_Y, FK_MX_CELL_ID) VALUES ('ff808181725b20fa01725b220869004b', parsedatetime('26-05-2020 00:00:01.00', 'dd-MM-yyyy hh:mm:ss.SS'), 'admin', 1, parsedatetime('26-05-2020 00:00:01.00', 'dd-MM-yyyy hh:mm:ss.SS'), 'admin', 0, 'geometry', '20', NULL, '200', '153', '360', 'ff808181725b20fa01725b220869004a');
INSERT INTO MX_GEOMETRY(ID, CRT_DTTM, CRT_USER, ENABLE_FLAG, LAST_UPDATE_DTTM, LAST_UPDATE_USER, VERSION, MX_AS, MX_HEIGHT, MX_RELATIVE, MX_WIDTH, MX_X, MX_Y, FK_MX_CELL_ID) VALUES ('ff808181725b20fa01725b22086a004d', parsedatetime('26-05-2020 00:00:01.00', 'dd-MM-yyyy hh:mm:ss.SS'), 'admin', 1, parsedatetime('26-05-2020 00:00:01.00', 'dd-MM-yyyy hh:mm:ss.SS'), 'admin', 0, 'geometry', NULL, '1', NULL, NULL, NULL, 'ff808181725b20fa01725b220869004c');
INSERT INTO MX_GEOMETRY(ID, CRT_DTTM, CRT_USER, ENABLE_FLAG, LAST_UPDATE_DTTM, LAST_UPDATE_USER, VERSION, MX_AS, MX_HEIGHT, MX_RELATIVE, MX_WIDTH, MX_X, MX_Y, FK_MX_CELL_ID) VALUES ('ff808181725b20fa01725b22086b004f', parsedatetime('26-05-2020 00:00:01.00', 'dd-MM-yyyy hh:mm:ss.SS'), 'admin', 1, parsedatetime('26-05-2020 00:00:01.00', 'dd-MM-yyyy hh:mm:ss.SS'), 'admin', 0, 'geometry', '66', NULL, '66', '360', '840', 'ff808181725b20fa01725b22086a004e');
INSERT INTO MX_GEOMETRY(ID, CRT_DTTM, CRT_USER, ENABLE_FLAG, LAST_UPDATE_DTTM, LAST_UPDATE_USER, VERSION, MX_AS, MX_HEIGHT, MX_RELATIVE, MX_WIDTH, MX_X, MX_Y, FK_MX_CELL_ID) VALUES ('ff808181725b20fa01725b22086b0051', parsedatetime('26-05-2020 00:00:01.00', 'dd-MM-yyyy hh:mm:ss.SS'), 'admin', 1, parsedatetime('26-05-2020 00:00:01.00', 'dd-MM-yyyy hh:mm:ss.SS'), 'admin', 0, 'geometry', '66', NULL, '66', '529', '840', 'ff808181725b20fa01725b22086b0050');
INSERT INTO MX_GEOMETRY(ID, CRT_DTTM, CRT_USER, ENABLE_FLAG, LAST_UPDATE_DTTM, LAST_UPDATE_USER, VERSION, MX_AS, MX_HEIGHT, MX_RELATIVE, MX_WIDTH, MX_X, MX_Y, FK_MX_CELL_ID) VALUES ('ff808181725b20fa01725b22086c0053', parsedatetime('26-05-2020 00:00:01.00', 'dd-MM-yyyy hh:mm:ss.SS'), 'admin', 1, parsedatetime('26-05-2020 00:00:01.00', 'dd-MM-yyyy hh:mm:ss.SS'), 'admin', 0, 'geometry', '20', NULL, '40', '435', '601', 'ff808181725b20fa01725b22086c0052');
INSERT INTO MX_GEOMETRY(ID, CRT_DTTM, CRT_USER, ENABLE_FLAG, LAST_UPDATE_DTTM, LAST_UPDATE_USER, VERSION, MX_AS, MX_HEIGHT, MX_RELATIVE, MX_WIDTH, MX_X, MX_Y, FK_MX_CELL_ID) VALUES ('ff808181725b20fa01725b22086d0055', parsedatetime('26-05-2020 00:00:01.00', 'dd-MM-yyyy hh:mm:ss.SS'), 'admin', 1, parsedatetime('26-05-2020 00:00:01.00', 'dd-MM-yyyy hh:mm:ss.SS'), 'admin', 0, 'geometry', '66', NULL, '66', '360', '570', 'ff808181725b20fa01725b22086c0054');
INSERT INTO MX_GEOMETRY(ID, CRT_DTTM, CRT_USER, ENABLE_FLAG, LAST_UPDATE_DTTM, LAST_UPDATE_USER, VERSION, MX_AS, MX_HEIGHT, MX_RELATIVE, MX_WIDTH, MX_X, MX_Y, FK_MX_CELL_ID) VALUES ('ff808181725b20fa01725b22086f0061', parsedatetime('26-05-2020 00:00:01.00', 'dd-MM-yyyy hh:mm:ss.SS'), 'admin', 1, parsedatetime('26-05-2020 00:00:01.00', 'dd-MM-yyyy hh:mm:ss.SS'), 'admin', 0, 'geometry', '66', NULL, '66', '370', '500', 'ff808181725b20fa01725b22086f0060');
INSERT INTO MX_GEOMETRY(ID, CRT_DTTM, CRT_USER, ENABLE_FLAG, LAST_UPDATE_DTTM, LAST_UPDATE_USER, VERSION, MX_AS, MX_HEIGHT, MX_RELATIVE, MX_WIDTH, MX_X, MX_Y, FK_MX_CELL_ID) VALUES ('ff808181725b20fa01725b2208700063', parsedatetime('26-05-2020 00:00:01.00', 'dd-MM-yyyy hh:mm:ss.SS'), 'admin', 1, parsedatetime('26-05-2020 00:00:01.00', 'dd-MM-yyyy hh:mm:ss.SS'), 'admin', 0, 'geometry', '66', NULL, '66', '370', '290', 'ff808181725b20fa01725b2208700062');
INSERT INTO MX_GEOMETRY(ID, CRT_DTTM, CRT_USER, ENABLE_FLAG, LAST_UPDATE_DTTM, LAST_UPDATE_USER, VERSION, MX_AS, MX_HEIGHT, MX_RELATIVE, MX_WIDTH, MX_X, MX_Y, FK_MX_CELL_ID) VALUES ('ff808181725b20fa01725b2208700065', parsedatetime('26-05-2020 00:00:01.00', 'dd-MM-yyyy hh:mm:ss.SS'), 'admin', 1, parsedatetime('26-05-2020 00:00:01.00', 'dd-MM-yyyy hh:mm:ss.SS'), 'admin', 0, 'geometry', NULL, '1', NULL, NULL, NULL, 'ff808181725b20fa01725b2208700064');
INSERT INTO MX_GEOMETRY(ID, CRT_DTTM, CRT_USER, ENABLE_FLAG, LAST_UPDATE_DTTM, LAST_UPDATE_USER, VERSION, MX_AS, MX_HEIGHT, MX_RELATIVE, MX_WIDTH, MX_X, MX_Y, FK_MX_CELL_ID) VALUES ('ff808181725b20fa01725b2208700068', parsedatetime('26-05-2020 00:00:01.00', 'dd-MM-yyyy hh:mm:ss.SS'), 'admin', 1, parsedatetime('26-05-2020 00:00:01.00', 'dd-MM-yyyy hh:mm:ss.SS'), 'admin', 0, 'geometry', '66', NULL, '66', '450', '450', 'ff808181725b20fa01725b2208700067');
INSERT INTO MX_GEOMETRY(ID, CRT_DTTM, CRT_USER, ENABLE_FLAG, LAST_UPDATE_DTTM, LAST_UPDATE_USER, VERSION, MX_AS, MX_HEIGHT, MX_RELATIVE, MX_WIDTH, MX_X, MX_Y, FK_MX_CELL_ID) VALUES ('ff808181725b20fa01725b220871006a', parsedatetime('26-05-2020 00:00:01.00', 'dd-MM-yyyy hh:mm:ss.SS'), 'admin', 1, parsedatetime('26-05-2020 00:00:01.00', 'dd-MM-yyyy hh:mm:ss.SS'), 'admin', 0, 'geometry', '66', NULL, '66', '220', '450', 'ff808181725b20fa01725b2208710069');
INSERT INTO MX_GEOMETRY(ID, CRT_DTTM, CRT_USER, ENABLE_FLAG, LAST_UPDATE_DTTM, LAST_UPDATE_USER, VERSION, MX_AS, MX_HEIGHT, MX_RELATIVE, MX_WIDTH, MX_X, MX_Y, FK_MX_CELL_ID) VALUES ('ff808181725b20fa01725b220871006c', parsedatetime('26-05-2020 00:00:01.00', 'dd-MM-yyyy hh:mm:ss.SS'), 'admin', 1, parsedatetime('26-05-2020 00:00:01.00', 'dd-MM-yyyy hh:mm:ss.SS'), 'admin', 0, 'geometry', NULL, '1', NULL, NULL, NULL, 'ff808181725b20fa01725b220871006b');
INSERT INTO MX_GEOMETRY(ID, CRT_DTTM, CRT_USER, ENABLE_FLAG, LAST_UPDATE_DTTM, LAST_UPDATE_USER, VERSION, MX_AS, MX_HEIGHT, MX_RELATIVE, MX_WIDTH, MX_X, MX_Y, FK_MX_CELL_ID) VALUES ('ff808181725b20fa01725b22087a007c', parsedatetime('26-05-2020 00:00:01.00', 'dd-MM-yyyy hh:mm:ss.SS'), 'admin', 1, parsedatetime('26-05-2020 00:00:01.00', 'dd-MM-yyyy hh:mm:ss.SS'), 'admin', 0, 'geometry', '66', NULL, '66', '370', '440', 'ff808181725b20fa01725b22087a007b');
INSERT INTO MX_GEOMETRY(ID, CRT_DTTM, CRT_USER, ENABLE_FLAG, LAST_UPDATE_DTTM, LAST_UPDATE_USER, VERSION, MX_AS, MX_HEIGHT, MX_RELATIVE, MX_WIDTH, MX_X, MX_Y, FK_MX_CELL_ID) VALUES ('ff808181725b20fa01725b22087a007e', parsedatetime('26-05-2020 00:00:01.00', 'dd-MM-yyyy hh:mm:ss.SS'), 'admin', 1, parsedatetime('26-05-2020 00:00:01.00', 'dd-MM-yyyy hh:mm:ss.SS'), 'admin', 0, 'geometry', '66', NULL, '66', '370', '230', 'ff808181725b20fa01725b22087a007d');
INSERT INTO MX_GEOMETRY(ID, CRT_DTTM, CRT_USER, ENABLE_FLAG, LAST_UPDATE_DTTM, LAST_UPDATE_USER, VERSION, MX_AS, MX_HEIGHT, MX_RELATIVE, MX_WIDTH, MX_X, MX_Y, FK_MX_CELL_ID) VALUES ('ff808181725b20fa01725b22087b0080', parsedatetime('26-05-2020 00:00:01.00', 'dd-MM-yyyy hh:mm:ss.SS'), 'admin', 1, parsedatetime('26-05-2020 00:00:01.00', 'dd-MM-yyyy hh:mm:ss.SS'), 'admin', 0, 'geometry', NULL, '1', NULL, NULL, NULL, 'ff808181725b20fa01725b22087a007f');
INSERT INTO MX_GEOMETRY(ID, CRT_DTTM, CRT_USER, ENABLE_FLAG, LAST_UPDATE_DTTM, LAST_UPDATE_USER, VERSION, MX_AS, MX_HEIGHT, MX_RELATIVE, MX_WIDTH, MX_X, MX_Y, FK_MX_CELL_ID) VALUES ('ff808181725b20fa01725b22087c008c', parsedatetime('26-05-2020 00:00:01.00', 'dd-MM-yyyy hh:mm:ss.SS'), 'admin', 1, parsedatetime('26-05-2020 00:00:01.00', 'dd-MM-yyyy hh:mm:ss.SS'), 'admin', 0, 'geometry', '66', NULL, '66', '370', '460', 'ff808181725b20fa01725b22087c008b');
INSERT INTO MX_GEOMETRY(ID, CRT_DTTM, CRT_USER, ENABLE_FLAG, LAST_UPDATE_DTTM, LAST_UPDATE_USER, VERSION, MX_AS, MX_HEIGHT, MX_RELATIVE, MX_WIDTH, MX_X, MX_Y, FK_MX_CELL_ID) VALUES ('ff808181725b20fa01725b22087c008e', parsedatetime('26-05-2020 00:00:01.00', 'dd-MM-yyyy hh:mm:ss.SS'), 'admin', 1, parsedatetime('26-05-2020 00:00:01.00', 'dd-MM-yyyy hh:mm:ss.SS'), 'admin', 0, 'geometry', '66', NULL, '66', '370', '230', 'ff808181725b20fa01725b22087c008d');
INSERT INTO MX_GEOMETRY(ID, CRT_DTTM, CRT_USER, ENABLE_FLAG, LAST_UPDATE_DTTM, LAST_UPDATE_USER, VERSION, MX_AS, MX_HEIGHT, MX_RELATIVE, MX_WIDTH, MX_X, MX_Y, FK_MX_CELL_ID) VALUES ('ff808181725b20fa01725b22087c0090', parsedatetime('26-05-2020 00:00:01.00', 'dd-MM-yyyy hh:mm:ss.SS'), 'admin', 1, parsedatetime('26-05-2020 00:00:01.00', 'dd-MM-yyyy hh:mm:ss.SS'), 'admin', 0, 'geometry', NULL, '1', NULL, NULL, NULL, 'ff808181725b20fa01725b22087c008f');
INSERT INTO MX_GEOMETRY(ID, CRT_DTTM, CRT_USER, ENABLE_FLAG, LAST_UPDATE_DTTM, LAST_UPDATE_USER, VERSION, MX_AS, MX_HEIGHT, MX_RELATIVE, MX_WIDTH, MX_X, MX_Y, FK_MX_CELL_ID) VALUES ('ff808181725b20fa01725b22087c0092', parsedatetime('26-05-2020 00:00:01.00', 'dd-MM-yyyy hh:mm:ss.SS'), 'admin', 1, parsedatetime('26-05-2020 00:00:01.00', 'dd-MM-yyyy hh:mm:ss.SS'), 'admin', 0, 'geometry', '20', NULL, '100', '470', '300', 'ff808181725b20fa01725b22087c0091');
INSERT INTO MX_GEOMETRY(ID, CRT_DTTM, CRT_USER, ENABLE_FLAG, LAST_UPDATE_DTTM, LAST_UPDATE_USER, VERSION, MX_AS, MX_HEIGHT, MX_RELATIVE, MX_WIDTH, MX_X, MX_Y, FK_MX_CELL_ID) VALUES ('ff808181725b20fa01725b22087c0095', parsedatetime('26-05-2020 00:00:01.00', 'dd-MM-yyyy hh:mm:ss.SS'), 'admin', 1, parsedatetime('26-05-2020 00:00:01.00', 'dd-MM-yyyy hh:mm:ss.SS'), 'admin', 0, 'geometry', '30', NULL, '122', '398', '378', 'ff808181725b20fa01725b22087c0094');
INSERT INTO MX_GEOMETRY(ID, CRT_DTTM, CRT_USER, ENABLE_FLAG, LAST_UPDATE_DTTM, LAST_UPDATE_USER, VERSION, MX_AS, MX_HEIGHT, MX_RELATIVE, MX_WIDTH, MX_X, MX_Y, FK_MX_CELL_ID) VALUES ('ff808181725b20fa01725b22087c0097', parsedatetime('26-05-2020 00:00:01.00', 'dd-MM-yyyy hh:mm:ss.SS'), 'admin', 1, parsedatetime('26-05-2020 00:00:01.00', 'dd-MM-yyyy hh:mm:ss.SS'), 'admin', 0, 'geometry', '30', NULL, '130', '398', '569', 'ff808181725b20fa01725b22087c0096');
INSERT INTO MX_GEOMETRY(ID, CRT_DTTM, CRT_USER, ENABLE_FLAG, LAST_UPDATE_DTTM, LAST_UPDATE_USER, VERSION, MX_AS, MX_HEIGHT, MX_RELATIVE, MX_WIDTH, MX_X, MX_Y, FK_MX_CELL_ID) VALUES ('ff808181725b20fa01725b22087d0099', parsedatetime('26-05-2020 00:00:01.00', 'dd-MM-yyyy hh:mm:ss.SS'), 'admin', 1, parsedatetime('26-05-2020 00:00:01.00', 'dd-MM-yyyy hh:mm:ss.SS'), 'admin', 0, 'geometry', '66', NULL, '66', '260', '551', 'ff808181725b20fa01725b22087c0098');
INSERT INTO MX_GEOMETRY(ID, CRT_DTTM, CRT_USER, ENABLE_FLAG, LAST_UPDATE_DTTM, LAST_UPDATE_USER, VERSION, MX_AS, MX_HEIGHT, MX_RELATIVE, MX_WIDTH, MX_X, MX_Y, FK_MX_CELL_ID) VALUES ('ff808181725b20fa01725b22087d009b', parsedatetime('26-05-2020 00:00:01.00', 'dd-MM-yyyy hh:mm:ss.SS'), 'admin', 1, parsedatetime('26-05-2020 00:00:01.00', 'dd-MM-yyyy hh:mm:ss.SS'), 'admin', 0, 'geometry', '66', NULL, '66', '260', '360', 'ff808181725b20fa01725b22087d009a');
INSERT INTO MX_GEOMETRY(ID, CRT_DTTM, CRT_USER, ENABLE_FLAG, LAST_UPDATE_DTTM, LAST_UPDATE_USER, VERSION, MX_AS, MX_HEIGHT, MX_RELATIVE, MX_WIDTH, MX_X, MX_Y, FK_MX_CELL_ID) VALUES ('ff808181725b20fa01725b22088900be', parsedatetime('26-05-2020 00:00:01.00', 'dd-MM-yyyy hh:mm:ss.SS'), 'admin', 1, parsedatetime('26-05-2020 00:00:01.00', 'dd-MM-yyyy hh:mm:ss.SS'), 'admin', 0, 'geometry', '20', NULL, '180', '560', '417', 'ff808181725b20fa01725b22088900bd');
INSERT INTO MX_GEOMETRY(ID, CRT_DTTM, CRT_USER, ENABLE_FLAG, LAST_UPDATE_DTTM, LAST_UPDATE_USER, VERSION, MX_AS, MX_HEIGHT, MX_RELATIVE, MX_WIDTH, MX_X, MX_Y, FK_MX_CELL_ID) VALUES ('ff808181725b20fa01725b22088900c0', parsedatetime('26-05-2020 00:00:01.00', 'dd-MM-yyyy hh:mm:ss.SS'), 'admin', 1, parsedatetime('26-05-2020 00:00:01.00', 'dd-MM-yyyy hh:mm:ss.SS'), 'admin', 0, 'geometry', '66', NULL, '66', '360', '570', 'ff808181725b20fa01725b22088900bf');
INSERT INTO MX_GEOMETRY(ID, CRT_DTTM, CRT_USER, ENABLE_FLAG, LAST_UPDATE_DTTM, LAST_UPDATE_USER, VERSION, MX_AS, MX_HEIGHT, MX_RELATIVE, MX_WIDTH, MX_X, MX_Y, FK_MX_CELL_ID) VALUES ('ff808181725b20fa01725b22088a00c2', parsedatetime('26-05-2020 00:00:01.00', 'dd-MM-yyyy hh:mm:ss.SS'), 'admin', 1, parsedatetime('26-05-2020 00:00:01.00', 'dd-MM-yyyy hh:mm:ss.SS'), 'admin', 0, 'geometry', '20', NULL, '200', '153', '360', 'ff808181725b20fa01725b22088a00c1');
INSERT INTO MX_GEOMETRY(ID, CRT_DTTM, CRT_USER, ENABLE_FLAG, LAST_UPDATE_DTTM, LAST_UPDATE_USER, VERSION, MX_AS, MX_HEIGHT, MX_RELATIVE, MX_WIDTH, MX_X, MX_Y, FK_MX_CELL_ID) VALUES ('ff808181725b20fa01725b22088b00c4', parsedatetime('26-05-2020 00:00:01.00', 'dd-MM-yyyy hh:mm:ss.SS'), 'admin', 1, parsedatetime('26-05-2020 00:00:01.00', 'dd-MM-yyyy hh:mm:ss.SS'), 'admin', 0, 'geometry', '20', NULL, '250', '460', '200', 'ff808181725b20fa01725b22088a00c3');
INSERT INTO MX_GEOMETRY(ID, CRT_DTTM, CRT_USER, ENABLE_FLAG, LAST_UPDATE_DTTM, LAST_UPDATE_USER, VERSION, MX_AS, MX_HEIGHT, MX_RELATIVE, MX_WIDTH, MX_X, MX_Y, FK_MX_CELL_ID) VALUES ('ff808181725b20fa01725b22088b00c6', parsedatetime('26-05-2020 00:00:01.00', 'dd-MM-yyyy hh:mm:ss.SS'), 'admin', 1, parsedatetime('26-05-2020 00:00:01.00', 'dd-MM-yyyy hh:mm:ss.SS'), 'admin', 0, 'geometry', '20', NULL, '40', '435', '601', 'ff808181725b20fa01725b22088b00c5');
INSERT INTO MX_GEOMETRY(ID, CRT_DTTM, CRT_USER, ENABLE_FLAG, LAST_UPDATE_DTTM, LAST_UPDATE_USER, VERSION, MX_AS, MX_HEIGHT, MX_RELATIVE, MX_WIDTH, MX_X, MX_Y, FK_MX_CELL_ID) VALUES ('ff808181725b20fa01725b22088b00c8', parsedatetime('26-05-2020 00:00:01.00', 'dd-MM-yyyy hh:mm:ss.SS'), 'admin', 1, parsedatetime('26-05-2020 00:00:01.00', 'dd-MM-yyyy hh:mm:ss.SS'), 'admin', 0, 'geometry', '20', NULL, '40', '435', '735', 'ff808181725b20fa01725b22088b00c7');
INSERT INTO MX_GEOMETRY(ID, CRT_DTTM, CRT_USER, ENABLE_FLAG, LAST_UPDATE_DTTM, LAST_UPDATE_USER, VERSION, MX_AS, MX_HEIGHT, MX_RELATIVE, MX_WIDTH, MX_X, MX_Y, FK_MX_CELL_ID) VALUES ('ff808181725b20fa01725b22088b00ca', parsedatetime('26-05-2020 00:00:01.00', 'dd-MM-yyyy hh:mm:ss.SS'), 'admin', 1, parsedatetime('26-05-2020 00:00:01.00', 'dd-MM-yyyy hh:mm:ss.SS'), 'admin', 0, 'geometry', '66', NULL, '66', '529', '840', 'ff808181725b20fa01725b22088b00c9');
INSERT INTO MX_GEOMETRY(ID, CRT_DTTM, CRT_USER, ENABLE_FLAG, LAST_UPDATE_DTTM, LAST_UPDATE_USER, VERSION, MX_AS, MX_HEIGHT, MX_RELATIVE, MX_WIDTH, MX_X, MX_Y, FK_MX_CELL_ID) VALUES ('ff808181725b20fa01725b22088b00cc', parsedatetime('26-05-2020 00:00:01.00', 'dd-MM-yyyy hh:mm:ss.SS'), 'admin', 1, parsedatetime('26-05-2020 00:00:01.00', 'dd-MM-yyyy hh:mm:ss.SS'), 'admin', 0, 'geometry', '66', NULL, '66', '190', '840', 'ff808181725b20fa01725b22088b00cb');
INSERT INTO MX_GEOMETRY(ID, CRT_DTTM, CRT_USER, ENABLE_FLAG, LAST_UPDATE_DTTM, LAST_UPDATE_USER, VERSION, MX_AS, MX_HEIGHT, MX_RELATIVE, MX_WIDTH, MX_X, MX_Y, FK_MX_CELL_ID) VALUES ('ff808181725b20fa01725b22088b00ce', parsedatetime('26-05-2020 00:00:01.00', 'dd-MM-yyyy hh:mm:ss.SS'), 'admin', 1, parsedatetime('26-05-2020 00:00:01.00', 'dd-MM-yyyy hh:mm:ss.SS'), 'admin', 0, 'geometry', NULL, '1', NULL, NULL, NULL, 'ff808181725b20fa01725b22088b00cd');
INSERT INTO MX_GEOMETRY(ID, CRT_DTTM, CRT_USER, ENABLE_FLAG, LAST_UPDATE_DTTM, LAST_UPDATE_USER, VERSION, MX_AS, MX_HEIGHT, MX_RELATIVE, MX_WIDTH, MX_X, MX_Y, FK_MX_CELL_ID) VALUES ('ff808181725b20fa01725b22089000d0', parsedatetime('26-05-2020 00:00:01.00', 'dd-MM-yyyy hh:mm:ss.SS'), 'admin', 1, parsedatetime('26-05-2020 00:00:01.00', 'dd-MM-yyyy hh:mm:ss.SS'), 'admin', 0, 'geometry', NULL, '1', NULL, NULL, NULL, 'ff808181725b20fa01725b22088b00cf');
INSERT INTO MX_GEOMETRY(ID, CRT_DTTM, CRT_USER, ENABLE_FLAG, LAST_UPDATE_DTTM, LAST_UPDATE_USER, VERSION, MX_AS, MX_HEIGHT, MX_RELATIVE, MX_WIDTH, MX_X, MX_Y, FK_MX_CELL_ID) VALUES ('ff808181725b20fa01725b22089000d2', parsedatetime('26-05-2020 00:00:01.00', 'dd-MM-yyyy hh:mm:ss.SS'), 'admin', 1, parsedatetime('26-05-2020 00:00:01.00', 'dd-MM-yyyy hh:mm:ss.SS'), 'admin', 0, 'geometry', NULL, '1', NULL, NULL, NULL, 'ff808181725b20fa01725b22089000d1');
INSERT INTO MX_GEOMETRY(ID, CRT_DTTM, CRT_USER, ENABLE_FLAG, LAST_UPDATE_DTTM, LAST_UPDATE_USER, VERSION, MX_AS, MX_HEIGHT, MX_RELATIVE, MX_WIDTH, MX_X, MX_Y, FK_MX_CELL_ID) VALUES ('ff808181725b20fa01725b22089000d4', parsedatetime('26-05-2020 00:00:01.00', 'dd-MM-yyyy hh:mm:ss.SS'), 'admin', 1, parsedatetime('26-05-2020 00:00:01.00', 'dd-MM-yyyy hh:mm:ss.SS'), 'admin', 0, 'geometry', '66', NULL, '66', '360', '840', 'ff808181725b20fa01725b22089000d3');
INSERT INTO MX_GEOMETRY(ID, CRT_DTTM, CRT_USER, ENABLE_FLAG, LAST_UPDATE_DTTM, LAST_UPDATE_USER, VERSION, MX_AS, MX_HEIGHT, MX_RELATIVE, MX_WIDTH, MX_X, MX_Y, FK_MX_CELL_ID) VALUES ('ff808181725b20fa01725b22089000d6', parsedatetime('26-05-2020 00:00:01.00', 'dd-MM-yyyy hh:mm:ss.SS'), 'admin', 1, parsedatetime('26-05-2020 00:00:01.00', 'dd-MM-yyyy hh:mm:ss.SS'), 'admin', 0, 'geometry', NULL, '1', NULL, NULL, NULL, 'ff808181725b20fa01725b22089000d5');
INSERT INTO MX_GEOMETRY(ID, CRT_DTTM, CRT_USER, ENABLE_FLAG, LAST_UPDATE_DTTM, LAST_UPDATE_USER, VERSION, MX_AS, MX_HEIGHT, MX_RELATIVE, MX_WIDTH, MX_X, MX_Y, FK_MX_CELL_ID) VALUES ('ff808181725b20fa01725b22089000d8', parsedatetime('26-05-2020 00:00:01.00', 'dd-MM-yyyy hh:mm:ss.SS'), 'admin', 1, parsedatetime('26-05-2020 00:00:01.00', 'dd-MM-yyyy hh:mm:ss.SS'), 'admin', 0, 'geometry', '20', NULL, '80', '610', '870', 'ff808181725b20fa01725b22089000d7');
INSERT INTO MX_GEOMETRY(ID, CRT_DTTM, CRT_USER, ENABLE_FLAG, LAST_UPDATE_DTTM, LAST_UPDATE_USER, VERSION, MX_AS, MX_HEIGHT, MX_RELATIVE, MX_WIDTH, MX_X, MX_Y, FK_MX_CELL_ID) VALUES ('ff808181725b20fa01725b22089100da', parsedatetime('26-05-2020 00:00:01.00', 'dd-MM-yyyy hh:mm:ss.SS'), 'admin', 1, parsedatetime('26-05-2020 00:00:01.00', 'dd-MM-yyyy hh:mm:ss.SS'), 'admin', 0, 'geometry', '66', NULL, '66', '476', '234', 'ff808181725b20fa01725b22089100d9');
INSERT INTO MX_GEOMETRY(ID, CRT_DTTM, CRT_USER, ENABLE_FLAG, LAST_UPDATE_DTTM, LAST_UPDATE_USER, VERSION, MX_AS, MX_HEIGHT, MX_RELATIVE, MX_WIDTH, MX_X, MX_Y, FK_MX_CELL_ID) VALUES ('ff808181725b20fa01725b22089100dc', parsedatetime('26-05-2020 00:00:01.00', 'dd-MM-yyyy hh:mm:ss.SS'), 'admin', 1, parsedatetime('26-05-2020 00:00:01.00', 'dd-MM-yyyy hh:mm:ss.SS'), 'admin', 0, 'geometry', NULL, '1', NULL, NULL, NULL, 'ff808181725b20fa01725b22089100db');
INSERT INTO MX_GEOMETRY(ID, CRT_DTTM, CRT_USER, ENABLE_FLAG, LAST_UPDATE_DTTM, LAST_UPDATE_USER, VERSION, MX_AS, MX_HEIGHT, MX_RELATIVE, MX_WIDTH, MX_X, MX_Y, FK_MX_CELL_ID) VALUES ('ff808181725b20fa01725b22089100de', parsedatetime('26-05-2020 00:00:01.00', 'dd-MM-yyyy hh:mm:ss.SS'), 'admin', 1, parsedatetime('26-05-2020 00:00:01.00', 'dd-MM-yyyy hh:mm:ss.SS'), 'admin', 0, 'geometry', '20', NULL, '90', '426', '870', 'ff808181725b20fa01725b22089100dd');
INSERT INTO MX_GEOMETRY(ID, CRT_DTTM, CRT_USER, ENABLE_FLAG, LAST_UPDATE_DTTM, LAST_UPDATE_USER, VERSION, MX_AS, MX_HEIGHT, MX_RELATIVE, MX_WIDTH, MX_X, MX_Y, FK_MX_CELL_ID) VALUES ('ff808181725b20fa01725b22089100e0', parsedatetime('26-05-2020 00:00:01.00', 'dd-MM-yyyy hh:mm:ss.SS'), 'admin', 1, parsedatetime('26-05-2020 00:00:01.00', 'dd-MM-yyyy hh:mm:ss.SS'), 'admin', 0, 'geometry', NULL, '1', NULL, NULL, NULL, 'ff808181725b20fa01725b22089100df');
INSERT INTO MX_GEOMETRY(ID, CRT_DTTM, CRT_USER, ENABLE_FLAG, LAST_UPDATE_DTTM, LAST_UPDATE_USER, VERSION, MX_AS, MX_HEIGHT, MX_RELATIVE, MX_WIDTH, MX_X, MX_Y, FK_MX_CELL_ID) VALUES ('ff808181725b20fa01725b22089200e2', parsedatetime('26-05-2020 00:00:01.00', 'dd-MM-yyyy hh:mm:ss.SS'), 'admin', 1, parsedatetime('26-05-2020 00:00:01.00', 'dd-MM-yyyy hh:mm:ss.SS'), 'admin', 0, 'geometry', '20', NULL, '80', '260', '870', 'ff808181725b20fa01725b22089200e1');
INSERT INTO MX_GEOMETRY(ID, CRT_DTTM, CRT_USER, ENABLE_FLAG, LAST_UPDATE_DTTM, LAST_UPDATE_USER, VERSION, MX_AS, MX_HEIGHT, MX_RELATIVE, MX_WIDTH, MX_X, MX_Y, FK_MX_CELL_ID) VALUES ('ff808181725b20fa01725b22089200e4', parsedatetime('26-05-2020 00:00:01.00', 'dd-MM-yyyy hh:mm:ss.SS'), 'admin', 1, parsedatetime('26-05-2020 00:00:01.00', 'dd-MM-yyyy hh:mm:ss.SS'), 'admin', 0, 'geometry', '66', NULL, '66', '220', '394', 'ff808181725b20fa01725b22089200e3');
INSERT INTO MX_GEOMETRY(ID, CRT_DTTM, CRT_USER, ENABLE_FLAG, LAST_UPDATE_DTTM, LAST_UPDATE_USER, VERSION, MX_AS, MX_HEIGHT, MX_RELATIVE, MX_WIDTH, MX_X, MX_Y, FK_MX_CELL_ID) VALUES ('ff808181725b20fa01725b22089300e6', parsedatetime('26-05-2020 00:00:01.00', 'dd-MM-yyyy hh:mm:ss.SS'), 'admin', 1, parsedatetime('26-05-2020 00:00:01.00', 'dd-MM-yyyy hh:mm:ss.SS'), 'admin', 0, 'geometry', NULL, '1', NULL, NULL, NULL, 'ff808181725b20fa01725b22089300e5');
INSERT INTO MX_GEOMETRY(ID, CRT_DTTM, CRT_USER, ENABLE_FLAG, LAST_UPDATE_DTTM, LAST_UPDATE_USER, VERSION, MX_AS, MX_HEIGHT, MX_RELATIVE, MX_WIDTH, MX_X, MX_Y, FK_MX_CELL_ID) VALUES ('ff808181725b20fa01725b22089300e8', parsedatetime('26-05-2020 00:00:01.00', 'dd-MM-yyyy hh:mm:ss.SS'), 'admin', 1, parsedatetime('26-05-2020 00:00:01.00', 'dd-MM-yyyy hh:mm:ss.SS'), 'admin', 0, 'geometry', '66', NULL, '66', '476', '394', 'ff808181725b20fa01725b22089300e7');
INSERT INTO MX_GEOMETRY(ID, CRT_DTTM, CRT_USER, ENABLE_FLAG, LAST_UPDATE_DTTM, LAST_UPDATE_USER, VERSION, MX_AS, MX_HEIGHT, MX_RELATIVE, MX_WIDTH, MX_X, MX_Y, FK_MX_CELL_ID) VALUES ('ff808181725b20fa01725b22089300ea', parsedatetime('26-05-2020 00:00:01.00', 'dd-MM-yyyy hh:mm:ss.SS'), 'admin', 1, parsedatetime('26-05-2020 00:00:01.00', 'dd-MM-yyyy hh:mm:ss.SS'), 'admin', 0, 'geometry', '66', NULL, '66', '360', '730', 'ff808181725b20fa01725b22089300e9');
INSERT INTO MX_GEOMETRY(ID, CRT_DTTM, CRT_USER, ENABLE_FLAG, LAST_UPDATE_DTTM, LAST_UPDATE_USER, VERSION, MX_AS, MX_HEIGHT, MX_RELATIVE, MX_WIDTH, MX_X, MX_Y, FK_MX_CELL_ID) VALUES ('ff808181725b20fa01725b22089600f6', parsedatetime('26-05-2020 00:00:01.00', 'dd-MM-yyyy hh:mm:ss.SS'), 'admin', 1, parsedatetime('26-05-2020 00:00:01.00', 'dd-MM-yyyy hh:mm:ss.SS'), 'admin', 0, 'geometry', '66', NULL, '66', '370', '430', 'ff808181725b20fa01725b22089500f5');
INSERT INTO MX_GEOMETRY(ID, CRT_DTTM, CRT_USER, ENABLE_FLAG, LAST_UPDATE_DTTM, LAST_UPDATE_USER, VERSION, MX_AS, MX_HEIGHT, MX_RELATIVE, MX_WIDTH, MX_X, MX_Y, FK_MX_CELL_ID) VALUES ('ff808181725b20fa01725b22089900f8', parsedatetime('26-05-2020 00:00:01.00', 'dd-MM-yyyy hh:mm:ss.SS'), 'admin', 1, parsedatetime('26-05-2020 00:00:01.00', 'dd-MM-yyyy hh:mm:ss.SS'), 'admin', 0, 'geometry', '66', NULL, '66', '370', '230', 'ff808181725b20fa01725b22089800f7');
INSERT INTO MX_GEOMETRY(ID, CRT_DTTM, CRT_USER, ENABLE_FLAG, LAST_UPDATE_DTTM, LAST_UPDATE_USER, VERSION, MX_AS, MX_HEIGHT, MX_RELATIVE, MX_WIDTH, MX_X, MX_Y, FK_MX_CELL_ID) VALUES ('ff808181725b20fa01725b22089900fa', parsedatetime('26-05-2020 00:00:01.00', 'dd-MM-yyyy hh:mm:ss.SS'), 'admin', 1, parsedatetime('26-05-2020 00:00:01.00', 'dd-MM-yyyy hh:mm:ss.SS'), 'admin', 0, 'geometry', NULL, '1', NULL, NULL, NULL, 'ff808181725b20fa01725b22089900f9');
INSERT INTO MX_GEOMETRY(ID, CRT_DTTM, CRT_USER, ENABLE_FLAG, LAST_UPDATE_DTTM, LAST_UPDATE_USER, VERSION, MX_AS, MX_HEIGHT, MX_RELATIVE, MX_WIDTH, MX_X, MX_Y, FK_MX_CELL_ID) VALUES ('ff808181725b20fa01725b22089900fd', parsedatetime('26-05-2020 00:00:01.00', 'dd-MM-yyyy hh:mm:ss.SS'), 'admin', 1, parsedatetime('26-05-2020 00:00:01.00', 'dd-MM-yyyy hh:mm:ss.SS'), 'admin', 0, 'geometry', '40', NULL, '124', '416', '190', 'ff808181725b20fa01725b22089900fc');
INSERT INTO MX_GEOMETRY(ID, CRT_DTTM, CRT_USER, ENABLE_FLAG, LAST_UPDATE_DTTM, LAST_UPDATE_USER, VERSION, MX_AS, MX_HEIGHT, MX_RELATIVE, MX_WIDTH, MX_X, MX_Y, FK_MX_CELL_ID) VALUES ('ff808181725b20fa01725b22089a00ff', parsedatetime('26-05-2020 00:00:01.00', 'dd-MM-yyyy hh:mm:ss.SS'), 'admin', 1, parsedatetime('26-05-2020 00:00:01.00', 'dd-MM-yyyy hh:mm:ss.SS'), 'admin', 0, 'geometry', '30', NULL, '90', '416', '396', 'ff808181725b20fa01725b22089a00fe');
INSERT INTO MX_GEOMETRY(ID, CRT_DTTM, CRT_USER, ENABLE_FLAG, LAST_UPDATE_DTTM, LAST_UPDATE_USER, VERSION, MX_AS, MX_HEIGHT, MX_RELATIVE, MX_WIDTH, MX_X, MX_Y, FK_MX_CELL_ID) VALUES ('ff808181725b20fa01725b22089a0101', parsedatetime('26-05-2020 00:00:01.00', 'dd-MM-yyyy hh:mm:ss.SS'), 'admin', 1, parsedatetime('26-05-2020 00:00:01.00', 'dd-MM-yyyy hh:mm:ss.SS'), 'admin', 0, 'geometry', '66', NULL, '66', '160', '330', 'ff808181725b20fa01725b22089a0100');
INSERT INTO MX_GEOMETRY(ID, CRT_DTTM, CRT_USER, ENABLE_FLAG, LAST_UPDATE_DTTM, LAST_UPDATE_USER, VERSION, MX_AS, MX_HEIGHT, MX_RELATIVE, MX_WIDTH, MX_X, MX_Y, FK_MX_CELL_ID) VALUES ('ff808181725b20fa01725b22089a0103', parsedatetime('26-05-2020 00:00:01.00', 'dd-MM-yyyy hh:mm:ss.SS'), 'admin', 1, parsedatetime('26-05-2020 00:00:01.00', 'dd-MM-yyyy hh:mm:ss.SS'), 'admin', 0, 'geometry', '66', NULL, '66', '416', '440', 'ff808181725b20fa01725b22089a0102');
INSERT INTO MX_GEOMETRY(ID, CRT_DTTM, CRT_USER, ENABLE_FLAG, LAST_UPDATE_DTTM, LAST_UPDATE_USER, VERSION, MX_AS, MX_HEIGHT, MX_RELATIVE, MX_WIDTH, MX_X, MX_Y, FK_MX_CELL_ID) VALUES ('ff808181725b20fa01725b22089a0105', parsedatetime('26-05-2020 00:00:01.00', 'dd-MM-yyyy hh:mm:ss.SS'), 'admin', 1, parsedatetime('26-05-2020 00:00:01.00', 'dd-MM-yyyy hh:mm:ss.SS'), 'admin', 0, 'geometry', NULL, '1', NULL, NULL, NULL, 'ff808181725b20fa01725b22089a0104');
INSERT INTO MX_GEOMETRY(ID, CRT_DTTM, CRT_USER, ENABLE_FLAG, LAST_UPDATE_DTTM, LAST_UPDATE_USER, VERSION, MX_AS, MX_HEIGHT, MX_RELATIVE, MX_WIDTH, MX_X, MX_Y, FK_MX_CELL_ID) VALUES ('ff808181725b20fa01725b22089a0107', parsedatetime('26-05-2020 00:00:01.00', 'dd-MM-yyyy hh:mm:ss.SS'), 'admin', 1, parsedatetime('26-05-2020 00:00:01.00', 'dd-MM-yyyy hh:mm:ss.SS'), 'admin', 0, 'geometry', '66', NULL, '66', '416', '240', 'ff808181725b20fa01725b22089a0106');
INSERT INTO MX_GEOMETRY(ID, CRT_DTTM, CRT_USER, ENABLE_FLAG, LAST_UPDATE_DTTM, LAST_UPDATE_USER, VERSION, MX_AS, MX_HEIGHT, MX_RELATIVE, MX_WIDTH, MX_X, MX_Y, FK_MX_CELL_ID) VALUES ('ff808181725b20fa01725b22089a0109', parsedatetime('26-05-2020 00:00:01.00', 'dd-MM-yyyy hh:mm:ss.SS'), 'admin', 1, parsedatetime('26-05-2020 00:00:01.00', 'dd-MM-yyyy hh:mm:ss.SS'), 'admin', 0, 'geometry', NULL, '1', NULL, NULL, NULL, 'ff808181725b20fa01725b22089a0108');
INSERT INTO MX_GEOMETRY(ID, CRT_DTTM, CRT_USER, ENABLE_FLAG, LAST_UPDATE_DTTM, LAST_UPDATE_USER, VERSION, MX_AS, MX_HEIGHT, MX_RELATIVE, MX_WIDTH, MX_X, MX_Y, FK_MX_CELL_ID) VALUES ('ff808181725b20fa01725b22089a010b', parsedatetime('26-05-2020 00:00:01.00', 'dd-MM-yyyy hh:mm:ss.SS'), 'admin', 1, parsedatetime('26-05-2020 00:00:01.00', 'dd-MM-yyyy hh:mm:ss.SS'), 'admin', 0, 'geometry', '30', NULL, '70', '158', '300', 'ff808181725b20fa01725b22089a010a');
INSERT INTO MX_GEOMETRY(ID, CRT_DTTM, CRT_USER, ENABLE_FLAG, LAST_UPDATE_DTTM, LAST_UPDATE_USER, VERSION, MX_AS, MX_HEIGHT, MX_RELATIVE, MX_WIDTH, MX_X, MX_Y, FK_MX_CELL_ID) VALUES ('ff808181725b20fa01725b2208a20143', parsedatetime('26-05-2020 00:00:01.00', 'dd-MM-yyyy hh:mm:ss.SS'), 'admin', 1, parsedatetime('26-05-2020 00:00:01.00', 'dd-MM-yyyy hh:mm:ss.SS'), 'admin', 0, 'geometry', NULL, '1', NULL, NULL, NULL, 'ff808181725b20fa01725b2208a20142');
INSERT INTO MX_GEOMETRY(ID, CRT_DTTM, CRT_USER, ENABLE_FLAG, LAST_UPDATE_DTTM, LAST_UPDATE_USER, VERSION, MX_AS, MX_HEIGHT, MX_RELATIVE, MX_WIDTH, MX_X, MX_Y, FK_MX_CELL_ID) VALUES ('ff808181725b20fa01725b2208a20145', parsedatetime('26-05-2020 00:00:01.00', 'dd-MM-yyyy hh:mm:ss.SS'), 'admin', 1, parsedatetime('26-05-2020 00:00:01.00', 'dd-MM-yyyy hh:mm:ss.SS'), 'admin', 0, 'geometry', '66', NULL, '66', '476', '234', 'ff808181725b20fa01725b2208a20144');
INSERT INTO MX_GEOMETRY(ID, CRT_DTTM, CRT_USER, ENABLE_FLAG, LAST_UPDATE_DTTM, LAST_UPDATE_USER, VERSION, MX_AS, MX_HEIGHT, MX_RELATIVE, MX_WIDTH, MX_X, MX_Y, FK_MX_CELL_ID) VALUES ('ff808181725b20fa01725b2208a20147', parsedatetime('26-05-2020 00:00:01.00', 'dd-MM-yyyy hh:mm:ss.SS'), 'admin', 1, parsedatetime('26-05-2020 00:00:01.00', 'dd-MM-yyyy hh:mm:ss.SS'), 'admin', 0, 'geometry', '66', NULL, '66', '190', '840', 'ff808181725b20fa01725b2208a20146');
INSERT INTO MX_GEOMETRY(ID, CRT_DTTM, CRT_USER, ENABLE_FLAG, LAST_UPDATE_DTTM, LAST_UPDATE_USER, VERSION, MX_AS, MX_HEIGHT, MX_RELATIVE, MX_WIDTH, MX_X, MX_Y, FK_MX_CELL_ID) VALUES ('ff808181725b20fa01725b2208a20149', parsedatetime('26-05-2020 00:00:01.00', 'dd-MM-yyyy hh:mm:ss.SS'), 'admin', 1, parsedatetime('26-05-2020 00:00:01.00', 'dd-MM-yyyy hh:mm:ss.SS'), 'admin', 0, 'geometry', '66', NULL, '66', '220', '394', 'ff808181725b20fa01725b2208a20148');
INSERT INTO MX_GEOMETRY(ID, CRT_DTTM, CRT_USER, ENABLE_FLAG, LAST_UPDATE_DTTM, LAST_UPDATE_USER, VERSION, MX_AS, MX_HEIGHT, MX_RELATIVE, MX_WIDTH, MX_X, MX_Y, FK_MX_CELL_ID) VALUES ('ff808181725b20fa01725b2208a2014b', parsedatetime('26-05-2020 00:00:01.00', 'dd-MM-yyyy hh:mm:ss.SS'), 'admin', 1, parsedatetime('26-05-2020 00:00:01.00', 'dd-MM-yyyy hh:mm:ss.SS'), 'admin', 0, 'geometry', '20', NULL, '180', '560', '417', 'ff808181725b20fa01725b2208a2014a');
INSERT INTO MX_GEOMETRY(ID, CRT_DTTM, CRT_USER, ENABLE_FLAG, LAST_UPDATE_DTTM, LAST_UPDATE_USER, VERSION, MX_AS, MX_HEIGHT, MX_RELATIVE, MX_WIDTH, MX_X, MX_Y, FK_MX_CELL_ID) VALUES ('ff808181725b20fa01725b2208a7014d', parsedatetime('26-05-2020 00:00:01.00', 'dd-MM-yyyy hh:mm:ss.SS'), 'admin', 1, parsedatetime('26-05-2020 00:00:01.00', 'dd-MM-yyyy hh:mm:ss.SS'), 'admin', 0, 'geometry', '66', NULL, '66', '476', '394', 'ff808181725b20fa01725b2208a7014c');
INSERT INTO MX_GEOMETRY(ID, CRT_DTTM, CRT_USER, ENABLE_FLAG, LAST_UPDATE_DTTM, LAST_UPDATE_USER, VERSION, MX_AS, MX_HEIGHT, MX_RELATIVE, MX_WIDTH, MX_X, MX_Y, FK_MX_CELL_ID) VALUES ('ff808181725b20fa01725b2208a7014f', parsedatetime('26-05-2020 00:00:01.00', 'dd-MM-yyyy hh:mm:ss.SS'), 'admin', 1, parsedatetime('26-05-2020 00:00:01.00', 'dd-MM-yyyy hh:mm:ss.SS'), 'admin', 0, 'geometry', NULL, '1', NULL, NULL, NULL, 'ff808181725b20fa01725b2208a7014e');
INSERT INTO MX_GEOMETRY(ID, CRT_DTTM, CRT_USER, ENABLE_FLAG, LAST_UPDATE_DTTM, LAST_UPDATE_USER, VERSION, MX_AS, MX_HEIGHT, MX_RELATIVE, MX_WIDTH, MX_X, MX_Y, FK_MX_CELL_ID) VALUES ('ff808181725b20fa01725b2208a70151', parsedatetime('26-05-2020 00:00:01.00', 'dd-MM-yyyy hh:mm:ss.SS'), 'admin', 1, parsedatetime('26-05-2020 00:00:01.00', 'dd-MM-yyyy hh:mm:ss.SS'), 'admin', 0, 'geometry', NULL, '1', NULL, NULL, NULL, 'ff808181725b20fa01725b2208a70150');
INSERT INTO MX_GEOMETRY(ID, CRT_DTTM, CRT_USER, ENABLE_FLAG, LAST_UPDATE_DTTM, LAST_UPDATE_USER, VERSION, MX_AS, MX_HEIGHT, MX_RELATIVE, MX_WIDTH, MX_X, MX_Y, FK_MX_CELL_ID) VALUES ('ff808181725b20fa01725b2208a80153', parsedatetime('26-05-2020 00:00:01.00', 'dd-MM-yyyy hh:mm:ss.SS'), 'admin', 1, parsedatetime('26-05-2020 00:00:01.00', 'dd-MM-yyyy hh:mm:ss.SS'), 'admin', 0, 'geometry', NULL, '1', NULL, NULL, NULL, 'ff808181725b20fa01725b2208a80152');
INSERT INTO MX_GEOMETRY(ID, CRT_DTTM, CRT_USER, ENABLE_FLAG, LAST_UPDATE_DTTM, LAST_UPDATE_USER, VERSION, MX_AS, MX_HEIGHT, MX_RELATIVE, MX_WIDTH, MX_X, MX_Y, FK_MX_CELL_ID) VALUES ('ff808181725b20fa01725b2208a80155', parsedatetime('26-05-2020 00:00:01.00', 'dd-MM-yyyy hh:mm:ss.SS'), 'admin', 1, parsedatetime('26-05-2020 00:00:01.00', 'dd-MM-yyyy hh:mm:ss.SS'), 'admin', 0, 'geometry', NULL, '1', NULL, NULL, NULL, 'ff808181725b20fa01725b2208a80154');
INSERT INTO MX_GEOMETRY(ID, CRT_DTTM, CRT_USER, ENABLE_FLAG, LAST_UPDATE_DTTM, LAST_UPDATE_USER, VERSION, MX_AS, MX_HEIGHT, MX_RELATIVE, MX_WIDTH, MX_X, MX_Y, FK_MX_CELL_ID) VALUES ('ff808181725b20fa01725b2208a80157', parsedatetime('26-05-2020 00:00:01.00', 'dd-MM-yyyy hh:mm:ss.SS'), 'admin', 1, parsedatetime('26-05-2020 00:00:01.00', 'dd-MM-yyyy hh:mm:ss.SS'), 'admin', 0, 'geometry', '20', NULL, '40', '435', '735', 'ff808181725b20fa01725b2208a80156');
INSERT INTO MX_GEOMETRY(ID, CRT_DTTM, CRT_USER, ENABLE_FLAG, LAST_UPDATE_DTTM, LAST_UPDATE_USER, VERSION, MX_AS, MX_HEIGHT, MX_RELATIVE, MX_WIDTH, MX_X, MX_Y, FK_MX_CELL_ID) VALUES ('ff808181725b20fa01725b2208a80159', parsedatetime('26-05-2020 00:00:01.00', 'dd-MM-yyyy hh:mm:ss.SS'), 'admin', 1, parsedatetime('26-05-2020 00:00:01.00', 'dd-MM-yyyy hh:mm:ss.SS'), 'admin', 0, 'geometry', '20', NULL, '250', '460', '200', 'ff808181725b20fa01725b2208a80158');
INSERT INTO MX_GEOMETRY(ID, CRT_DTTM, CRT_USER, ENABLE_FLAG, LAST_UPDATE_DTTM, LAST_UPDATE_USER, VERSION, MX_AS, MX_HEIGHT, MX_RELATIVE, MX_WIDTH, MX_X, MX_Y, FK_MX_CELL_ID) VALUES ('ff808181725b20fa01725b2208a8015b', parsedatetime('26-05-2020 00:00:01.00', 'dd-MM-yyyy hh:mm:ss.SS'), 'admin', 1, parsedatetime('26-05-2020 00:00:01.00', 'dd-MM-yyyy hh:mm:ss.SS'), 'admin', 0, 'geometry', NULL, '1', NULL, NULL, NULL, 'ff808181725b20fa01725b2208a8015a');
INSERT INTO MX_GEOMETRY(ID, CRT_DTTM, CRT_USER, ENABLE_FLAG, LAST_UPDATE_DTTM, LAST_UPDATE_USER, VERSION, MX_AS, MX_HEIGHT, MX_RELATIVE, MX_WIDTH, MX_X, MX_Y, FK_MX_CELL_ID) VALUES ('ff808181725b20fa01725b2208a8015d', parsedatetime('26-05-2020 00:00:01.00', 'dd-MM-yyyy hh:mm:ss.SS'), 'admin', 1, parsedatetime('26-05-2020 00:00:01.00', 'dd-MM-yyyy hh:mm:ss.SS'), 'admin', 0, 'geometry', '66', NULL, '66', '360', '730', 'ff808181725b20fa01725b2208a8015c');
INSERT INTO MX_GEOMETRY(ID, CRT_DTTM, CRT_USER, ENABLE_FLAG, LAST_UPDATE_DTTM, LAST_UPDATE_USER, VERSION, MX_AS, MX_HEIGHT, MX_RELATIVE, MX_WIDTH, MX_X, MX_Y, FK_MX_CELL_ID) VALUES ('ff808181725b20fa01725b2208a8015f', parsedatetime('26-05-2020 00:00:01.00', 'dd-MM-yyyy hh:mm:ss.SS'), 'admin', 1, parsedatetime('26-05-2020 00:00:01.00', 'dd-MM-yyyy hh:mm:ss.SS'), 'admin', 0, 'geometry', '20', NULL, '200', '153', '360', 'ff808181725b20fa01725b2208a8015e');
INSERT INTO MX_GEOMETRY(ID, CRT_DTTM, CRT_USER, ENABLE_FLAG, LAST_UPDATE_DTTM, LAST_UPDATE_USER, VERSION, MX_AS, MX_HEIGHT, MX_RELATIVE, MX_WIDTH, MX_X, MX_Y, FK_MX_CELL_ID) VALUES ('ff808181725b20fa01725b2208a80161', parsedatetime('26-05-2020 00:00:01.00', 'dd-MM-yyyy hh:mm:ss.SS'), 'admin', 1, parsedatetime('26-05-2020 00:00:01.00', 'dd-MM-yyyy hh:mm:ss.SS'), 'admin', 0, 'geometry', NULL, '1', NULL, NULL, NULL, 'ff808181725b20fa01725b2208a80160');
INSERT INTO MX_GEOMETRY(ID, CRT_DTTM, CRT_USER, ENABLE_FLAG, LAST_UPDATE_DTTM, LAST_UPDATE_USER, VERSION, MX_AS, MX_HEIGHT, MX_RELATIVE, MX_WIDTH, MX_X, MX_Y, FK_MX_CELL_ID) VALUES ('ff808181725b20fa01725b2208a80163', parsedatetime('26-05-2020 00:00:01.00', 'dd-MM-yyyy hh:mm:ss.SS'), 'admin', 1, parsedatetime('26-05-2020 00:00:01.00', 'dd-MM-yyyy hh:mm:ss.SS'), 'admin', 0, 'geometry', '66', NULL, '66', '360', '840', 'ff808181725b20fa01725b2208a80162');
INSERT INTO MX_GEOMETRY(ID, CRT_DTTM, CRT_USER, ENABLE_FLAG, LAST_UPDATE_DTTM, LAST_UPDATE_USER, VERSION, MX_AS, MX_HEIGHT, MX_RELATIVE, MX_WIDTH, MX_X, MX_Y, FK_MX_CELL_ID) VALUES ('ff808181725b20fa01725b2208a80165', parsedatetime('26-05-2020 00:00:01.00', 'dd-MM-yyyy hh:mm:ss.SS'), 'admin', 1, parsedatetime('26-05-2020 00:00:01.00', 'dd-MM-yyyy hh:mm:ss.SS'), 'admin', 0, 'geometry', '66', NULL, '66', '529', '840', 'ff808181725b20fa01725b2208a80164');
INSERT INTO MX_GEOMETRY(ID, CRT_DTTM, CRT_USER, ENABLE_FLAG, LAST_UPDATE_DTTM, LAST_UPDATE_USER, VERSION, MX_AS, MX_HEIGHT, MX_RELATIVE, MX_WIDTH, MX_X, MX_Y, FK_MX_CELL_ID) VALUES ('ff808181725b20fa01725b2208a80167', parsedatetime('26-05-2020 00:00:01.00', 'dd-MM-yyyy hh:mm:ss.SS'), 'admin', 1, parsedatetime('26-05-2020 00:00:01.00', 'dd-MM-yyyy hh:mm:ss.SS'), 'admin', 0, 'geometry', '20', NULL, '40', '435', '601', 'ff808181725b20fa01725b2208a80166');
INSERT INTO MX_GEOMETRY(ID, CRT_DTTM, CRT_USER, ENABLE_FLAG, LAST_UPDATE_DTTM, LAST_UPDATE_USER, VERSION, MX_AS, MX_HEIGHT, MX_RELATIVE, MX_WIDTH, MX_X, MX_Y, FK_MX_CELL_ID) VALUES ('ff808181725b20fa01725b2208a90169', parsedatetime('26-05-2020 00:00:01.00', 'dd-MM-yyyy hh:mm:ss.SS'), 'admin', 1, parsedatetime('26-05-2020 00:00:01.00', 'dd-MM-yyyy hh:mm:ss.SS'), 'admin', 0, 'geometry', '66', NULL, '66', '360', '570', 'ff808181725b20fa01725b2208a90168');
INSERT INTO MX_GEOMETRY(ID, CRT_DTTM, CRT_USER, ENABLE_FLAG, LAST_UPDATE_DTTM, LAST_UPDATE_USER, VERSION, MX_AS, MX_HEIGHT, MX_RELATIVE, MX_WIDTH, MX_X, MX_Y, FK_MX_CELL_ID) VALUES ('ff808181725b20fa01725b2208af0188', parsedatetime('26-05-2020 00:00:01.00', 'dd-MM-yyyy hh:mm:ss.SS'), 'admin', 1, parsedatetime('26-05-2020 00:00:01.00', 'dd-MM-yyyy hh:mm:ss.SS'), 'admin', 0, 'geometry', NULL, '1', NULL, NULL, NULL, 'ff808181725b20fa01725b2208af0187');
INSERT INTO MX_GEOMETRY(ID, CRT_DTTM, CRT_USER, ENABLE_FLAG, LAST_UPDATE_DTTM, LAST_UPDATE_USER, VERSION, MX_AS, MX_HEIGHT, MX_RELATIVE, MX_WIDTH, MX_X, MX_Y, FK_MX_CELL_ID) VALUES ('ff808181725b20fa01725b2208af018a', parsedatetime('26-05-2020 00:00:01.00', 'dd-MM-yyyy hh:mm:ss.SS'), 'admin', 1, parsedatetime('26-05-2020 00:00:01.00', 'dd-MM-yyyy hh:mm:ss.SS'), 'admin', 0, 'geometry', '66', NULL, '66', '476', '234', 'ff808181725b20fa01725b2208af0189');
INSERT INTO MX_GEOMETRY(ID, CRT_DTTM, CRT_USER, ENABLE_FLAG, LAST_UPDATE_DTTM, LAST_UPDATE_USER, VERSION, MX_AS, MX_HEIGHT, MX_RELATIVE, MX_WIDTH, MX_X, MX_Y, FK_MX_CELL_ID) VALUES ('ff808181725b20fa01725b2208af018c', parsedatetime('26-05-2020 00:00:01.00', 'dd-MM-yyyy hh:mm:ss.SS'), 'admin', 1, parsedatetime('26-05-2020 00:00:01.00', 'dd-MM-yyyy hh:mm:ss.SS'), 'admin', 0, 'geometry', '66', NULL, '66', '190', '840', 'ff808181725b20fa01725b2208af018b');
INSERT INTO MX_GEOMETRY(ID, CRT_DTTM, CRT_USER, ENABLE_FLAG, LAST_UPDATE_DTTM, LAST_UPDATE_USER, VERSION, MX_AS, MX_HEIGHT, MX_RELATIVE, MX_WIDTH, MX_X, MX_Y, FK_MX_CELL_ID) VALUES ('ff808181725b20fa01725b2208af018e', parsedatetime('26-05-2020 00:00:01.00', 'dd-MM-yyyy hh:mm:ss.SS'), 'admin', 1, parsedatetime('26-05-2020 00:00:01.00', 'dd-MM-yyyy hh:mm:ss.SS'), 'admin', 0, 'geometry', '66', NULL, '66', '220', '394', 'ff808181725b20fa01725b2208af018d');
INSERT INTO MX_GEOMETRY(ID, CRT_DTTM, CRT_USER, ENABLE_FLAG, LAST_UPDATE_DTTM, LAST_UPDATE_USER, VERSION, MX_AS, MX_HEIGHT, MX_RELATIVE, MX_WIDTH, MX_X, MX_Y, FK_MX_CELL_ID) VALUES ('ff808181725b20fa01725b2208af0190', parsedatetime('26-05-2020 00:00:01.00', 'dd-MM-yyyy hh:mm:ss.SS'), 'admin', 1, parsedatetime('26-05-2020 00:00:01.00', 'dd-MM-yyyy hh:mm:ss.SS'), 'admin', 0, 'geometry', '20', NULL, '180', '560', '417', 'ff808181725b20fa01725b2208af018f');
INSERT INTO MX_GEOMETRY(ID, CRT_DTTM, CRT_USER, ENABLE_FLAG, LAST_UPDATE_DTTM, LAST_UPDATE_USER, VERSION, MX_AS, MX_HEIGHT, MX_RELATIVE, MX_WIDTH, MX_X, MX_Y, FK_MX_CELL_ID) VALUES ('ff808181725b20fa01725b2208af0192', parsedatetime('26-05-2020 00:00:01.00', 'dd-MM-yyyy hh:mm:ss.SS'), 'admin', 1, parsedatetime('26-05-2020 00:00:01.00', 'dd-MM-yyyy hh:mm:ss.SS'), 'admin', 0, 'geometry', '66', NULL, '66', '476', '394', 'ff808181725b20fa01725b2208af0191');
INSERT INTO MX_GEOMETRY(ID, CRT_DTTM, CRT_USER, ENABLE_FLAG, LAST_UPDATE_DTTM, LAST_UPDATE_USER, VERSION, MX_AS, MX_HEIGHT, MX_RELATIVE, MX_WIDTH, MX_X, MX_Y, FK_MX_CELL_ID) VALUES ('ff808181725b20fa01725b2208af0194', parsedatetime('26-05-2020 00:00:01.00', 'dd-MM-yyyy hh:mm:ss.SS'), 'admin', 1, parsedatetime('26-05-2020 00:00:01.00', 'dd-MM-yyyy hh:mm:ss.SS'), 'admin', 0, 'geometry', NULL, '1', NULL, NULL, NULL, 'ff808181725b20fa01725b2208af0193');
INSERT INTO MX_GEOMETRY(ID, CRT_DTTM, CRT_USER, ENABLE_FLAG, LAST_UPDATE_DTTM, LAST_UPDATE_USER, VERSION, MX_AS, MX_HEIGHT, MX_RELATIVE, MX_WIDTH, MX_X, MX_Y, FK_MX_CELL_ID) VALUES ('ff808181725b20fa01725b2208af0196', parsedatetime('26-05-2020 00:00:01.00', 'dd-MM-yyyy hh:mm:ss.SS'), 'admin', 1, parsedatetime('26-05-2020 00:00:01.00', 'dd-MM-yyyy hh:mm:ss.SS'), 'admin', 0, 'geometry', NULL, '1', NULL, NULL, NULL, 'ff808181725b20fa01725b2208af0195');
INSERT INTO MX_GEOMETRY(ID, CRT_DTTM, CRT_USER, ENABLE_FLAG, LAST_UPDATE_DTTM, LAST_UPDATE_USER, VERSION, MX_AS, MX_HEIGHT, MX_RELATIVE, MX_WIDTH, MX_X, MX_Y, FK_MX_CELL_ID) VALUES ('ff808181725b20fa01725b2208af0198', parsedatetime('26-05-2020 00:00:01.00', 'dd-MM-yyyy hh:mm:ss.SS'), 'admin', 1, parsedatetime('26-05-2020 00:00:01.00', 'dd-MM-yyyy hh:mm:ss.SS'), 'admin', 0, 'geometry', NULL, '1', NULL, NULL, NULL, 'ff808181725b20fa01725b2208af0197');
INSERT INTO MX_GEOMETRY(ID, CRT_DTTM, CRT_USER, ENABLE_FLAG, LAST_UPDATE_DTTM, LAST_UPDATE_USER, VERSION, MX_AS, MX_HEIGHT, MX_RELATIVE, MX_WIDTH, MX_X, MX_Y, FK_MX_CELL_ID) VALUES ('ff808181725b20fa01725b2208af019a', parsedatetime('26-05-2020 00:00:01.00', 'dd-MM-yyyy hh:mm:ss.SS'), 'admin', 1, parsedatetime('26-05-2020 00:00:01.00', 'dd-MM-yyyy hh:mm:ss.SS'), 'admin', 0, 'geometry', NULL, '1', NULL, NULL, NULL, 'ff808181725b20fa01725b2208af0199');
INSERT INTO MX_GEOMETRY(ID, CRT_DTTM, CRT_USER, ENABLE_FLAG, LAST_UPDATE_DTTM, LAST_UPDATE_USER, VERSION, MX_AS, MX_HEIGHT, MX_RELATIVE, MX_WIDTH, MX_X, MX_Y, FK_MX_CELL_ID) VALUES ('ff808181725b20fa01725b2208af019c', parsedatetime('26-05-2020 00:00:01.00', 'dd-MM-yyyy hh:mm:ss.SS'), 'admin', 1, parsedatetime('26-05-2020 00:00:01.00', 'dd-MM-yyyy hh:mm:ss.SS'), 'admin', 0, 'geometry', '20', NULL, '40', '435', '735', 'ff808181725b20fa01725b2208af019b');
INSERT INTO MX_GEOMETRY(ID, CRT_DTTM, CRT_USER, ENABLE_FLAG, LAST_UPDATE_DTTM, LAST_UPDATE_USER, VERSION, MX_AS, MX_HEIGHT, MX_RELATIVE, MX_WIDTH, MX_X, MX_Y, FK_MX_CELL_ID) VALUES ('ff808181725b20fa01725b2208af019e', parsedatetime('26-05-2020 00:00:01.00', 'dd-MM-yyyy hh:mm:ss.SS'), 'admin', 1, parsedatetime('26-05-2020 00:00:01.00', 'dd-MM-yyyy hh:mm:ss.SS'), 'admin', 0, 'geometry', '20', NULL, '250', '460', '200', 'ff808181725b20fa01725b2208af019d');
INSERT INTO MX_GEOMETRY(ID, CRT_DTTM, CRT_USER, ENABLE_FLAG, LAST_UPDATE_DTTM, LAST_UPDATE_USER, VERSION, MX_AS, MX_HEIGHT, MX_RELATIVE, MX_WIDTH, MX_X, MX_Y, FK_MX_CELL_ID) VALUES ('ff808181725b20fa01725b2208b001a0', parsedatetime('26-05-2020 00:00:01.00', 'dd-MM-yyyy hh:mm:ss.SS'), 'admin', 1, parsedatetime('26-05-2020 00:00:01.00', 'dd-MM-yyyy hh:mm:ss.SS'), 'admin', 0, 'geometry', NULL, '1', NULL, NULL, NULL, 'ff808181725b20fa01725b2208b0019f');
INSERT INTO MX_GEOMETRY(ID, CRT_DTTM, CRT_USER, ENABLE_FLAG, LAST_UPDATE_DTTM, LAST_UPDATE_USER, VERSION, MX_AS, MX_HEIGHT, MX_RELATIVE, MX_WIDTH, MX_X, MX_Y, FK_MX_CELL_ID) VALUES ('ff808181725b20fa01725b2208b001a2', parsedatetime('26-05-2020 00:00:01.00', 'dd-MM-yyyy hh:mm:ss.SS'), 'admin', 1, parsedatetime('26-05-2020 00:00:01.00', 'dd-MM-yyyy hh:mm:ss.SS'), 'admin', 0, 'geometry', '66', NULL, '66', '360', '730', 'ff808181725b20fa01725b2208b001a1');
INSERT INTO MX_GEOMETRY(ID, CRT_DTTM, CRT_USER, ENABLE_FLAG, LAST_UPDATE_DTTM, LAST_UPDATE_USER, VERSION, MX_AS, MX_HEIGHT, MX_RELATIVE, MX_WIDTH, MX_X, MX_Y, FK_MX_CELL_ID) VALUES ('ff808181725b20fa01725b2208b001a4', parsedatetime('26-05-2020 00:00:01.00', 'dd-MM-yyyy hh:mm:ss.SS'), 'admin', 1, parsedatetime('26-05-2020 00:00:01.00', 'dd-MM-yyyy hh:mm:ss.SS'), 'admin', 0, 'geometry', '20', NULL, '200', '153', '360', 'ff808181725b20fa01725b2208b001a3');
INSERT INTO MX_GEOMETRY(ID, CRT_DTTM, CRT_USER, ENABLE_FLAG, LAST_UPDATE_DTTM, LAST_UPDATE_USER, VERSION, MX_AS, MX_HEIGHT, MX_RELATIVE, MX_WIDTH, MX_X, MX_Y, FK_MX_CELL_ID) VALUES ('ff808181725b20fa01725b2208b001a6', parsedatetime('26-05-2020 00:00:01.00', 'dd-MM-yyyy hh:mm:ss.SS'), 'admin', 1, parsedatetime('26-05-2020 00:00:01.00', 'dd-MM-yyyy hh:mm:ss.SS'), 'admin', 0, 'geometry', NULL, '1', NULL, NULL, NULL, 'ff808181725b20fa01725b2208b001a5');
INSERT INTO MX_GEOMETRY(ID, CRT_DTTM, CRT_USER, ENABLE_FLAG, LAST_UPDATE_DTTM, LAST_UPDATE_USER, VERSION, MX_AS, MX_HEIGHT, MX_RELATIVE, MX_WIDTH, MX_X, MX_Y, FK_MX_CELL_ID) VALUES ('ff808181725b20fa01725b2208b001a8', parsedatetime('26-05-2020 00:00:01.00', 'dd-MM-yyyy hh:mm:ss.SS'), 'admin', 1, parsedatetime('26-05-2020 00:00:01.00', 'dd-MM-yyyy hh:mm:ss.SS'), 'admin', 0, 'geometry', '66', NULL, '66', '360', '840', 'ff808181725b20fa01725b2208b001a7');
INSERT INTO MX_GEOMETRY(ID, CRT_DTTM, CRT_USER, ENABLE_FLAG, LAST_UPDATE_DTTM, LAST_UPDATE_USER, VERSION, MX_AS, MX_HEIGHT, MX_RELATIVE, MX_WIDTH, MX_X, MX_Y, FK_MX_CELL_ID) VALUES ('ff808181725b20fa01725b2208b001aa', parsedatetime('26-05-2020 00:00:01.00', 'dd-MM-yyyy hh:mm:ss.SS'), 'admin', 1, parsedatetime('26-05-2020 00:00:01.00', 'dd-MM-yyyy hh:mm:ss.SS'), 'admin', 0, 'geometry', '66', NULL, '66', '529', '840', 'ff808181725b20fa01725b2208b001a9');
INSERT INTO MX_GEOMETRY(ID, CRT_DTTM, CRT_USER, ENABLE_FLAG, LAST_UPDATE_DTTM, LAST_UPDATE_USER, VERSION, MX_AS, MX_HEIGHT, MX_RELATIVE, MX_WIDTH, MX_X, MX_Y, FK_MX_CELL_ID) VALUES ('ff808181725b20fa01725b2208b001ac', parsedatetime('26-05-2020 00:00:01.00', 'dd-MM-yyyy hh:mm:ss.SS'), 'admin', 1, parsedatetime('26-05-2020 00:00:01.00', 'dd-MM-yyyy hh:mm:ss.SS'), 'admin', 0, 'geometry', '20', NULL, '40', '435', '601', 'ff808181725b20fa01725b2208b001ab');
INSERT INTO MX_GEOMETRY(ID, CRT_DTTM, CRT_USER, ENABLE_FLAG, LAST_UPDATE_DTTM, LAST_UPDATE_USER, VERSION, MX_AS, MX_HEIGHT, MX_RELATIVE, MX_WIDTH, MX_X, MX_Y, FK_MX_CELL_ID) VALUES ('ff808181725b20fa01725b2208b001ae', parsedatetime('26-05-2020 00:00:01.00', 'dd-MM-yyyy hh:mm:ss.SS'), 'admin', 1, parsedatetime('26-05-2020 00:00:01.00', 'dd-MM-yyyy hh:mm:ss.SS'), 'admin', 0, 'geometry', '66', NULL, '66', '360', '570', 'ff808181725b20fa01725b2208b001ad');
INSERT INTO MX_GEOMETRY(ID, CRT_DTTM, CRT_USER, ENABLE_FLAG, LAST_UPDATE_DTTM, LAST_UPDATE_USER, VERSION, MX_AS, MX_HEIGHT, MX_RELATIVE, MX_WIDTH, MX_X, MX_Y, FK_MX_CELL_ID) VALUES ('ff808181725b20fa01725b2208b101cd', parsedatetime('26-05-2020 00:00:01.00', 'dd-MM-yyyy hh:mm:ss.SS'), 'admin', 1, parsedatetime('26-05-2020 00:00:01.00', 'dd-MM-yyyy hh:mm:ss.SS'), 'admin', 0, 'geometry', NULL, '1', NULL, NULL, NULL, 'ff808181725b20fa01725b2208b101cc');
INSERT INTO MX_GEOMETRY(ID, CRT_DTTM, CRT_USER, ENABLE_FLAG, LAST_UPDATE_DTTM, LAST_UPDATE_USER, VERSION, MX_AS, MX_HEIGHT, MX_RELATIVE, MX_WIDTH, MX_X, MX_Y, FK_MX_CELL_ID) VALUES ('ff808181725b20fa01725b2208b101cf', parsedatetime('26-05-2020 00:00:01.00', 'dd-MM-yyyy hh:mm:ss.SS'), 'admin', 1, parsedatetime('26-05-2020 00:00:01.00', 'dd-MM-yyyy hh:mm:ss.SS'), 'admin', 0, 'geometry', '66', NULL, '66', '476', '234', 'ff808181725b20fa01725b2208b101ce');
INSERT INTO MX_GEOMETRY(ID, CRT_DTTM, CRT_USER, ENABLE_FLAG, LAST_UPDATE_DTTM, LAST_UPDATE_USER, VERSION, MX_AS, MX_HEIGHT, MX_RELATIVE, MX_WIDTH, MX_X, MX_Y, FK_MX_CELL_ID) VALUES ('ff808181725b20fa01725b2208b101d1', parsedatetime('26-05-2020 00:00:01.00', 'dd-MM-yyyy hh:mm:ss.SS'), 'admin', 1, parsedatetime('26-05-2020 00:00:01.00', 'dd-MM-yyyy hh:mm:ss.SS'), 'admin', 0, 'geometry', '66', NULL, '66', '190', '840', 'ff808181725b20fa01725b2208b101d0');
INSERT INTO MX_GEOMETRY(ID, CRT_DTTM, CRT_USER, ENABLE_FLAG, LAST_UPDATE_DTTM, LAST_UPDATE_USER, VERSION, MX_AS, MX_HEIGHT, MX_RELATIVE, MX_WIDTH, MX_X, MX_Y, FK_MX_CELL_ID) VALUES ('ff808181725b20fa01725b2208b101d3', parsedatetime('26-05-2020 00:00:01.00', 'dd-MM-yyyy hh:mm:ss.SS'), 'admin', 1, parsedatetime('26-05-2020 00:00:01.00', 'dd-MM-yyyy hh:mm:ss.SS'), 'admin', 0, 'geometry', '66', NULL, '66', '220', '394', 'ff808181725b20fa01725b2208b101d2');
INSERT INTO MX_GEOMETRY(ID, CRT_DTTM, CRT_USER, ENABLE_FLAG, LAST_UPDATE_DTTM, LAST_UPDATE_USER, VERSION, MX_AS, MX_HEIGHT, MX_RELATIVE, MX_WIDTH, MX_X, MX_Y, FK_MX_CELL_ID) VALUES ('ff808181725b20fa01725b2208b501d5', parsedatetime('26-05-2020 00:00:01.00', 'dd-MM-yyyy hh:mm:ss.SS'), 'admin', 1, parsedatetime('26-05-2020 00:00:01.00', 'dd-MM-yyyy hh:mm:ss.SS'), 'admin', 0, 'geometry', '20', NULL, '180', '560', '417', 'ff808181725b20fa01725b2208b501d4');
INSERT INTO MX_GEOMETRY(ID, CRT_DTTM, CRT_USER, ENABLE_FLAG, LAST_UPDATE_DTTM, LAST_UPDATE_USER, VERSION, MX_AS, MX_HEIGHT, MX_RELATIVE, MX_WIDTH, MX_X, MX_Y, FK_MX_CELL_ID) VALUES ('ff808181725b20fa01725b2208b501d7', parsedatetime('26-05-2020 00:00:01.00', 'dd-MM-yyyy hh:mm:ss.SS'), 'admin', 1, parsedatetime('26-05-2020 00:00:01.00', 'dd-MM-yyyy hh:mm:ss.SS'), 'admin', 0, 'geometry', '66', NULL, '66', '476', '394', 'ff808181725b20fa01725b2208b501d6');
INSERT INTO MX_GEOMETRY(ID, CRT_DTTM, CRT_USER, ENABLE_FLAG, LAST_UPDATE_DTTM, LAST_UPDATE_USER, VERSION, MX_AS, MX_HEIGHT, MX_RELATIVE, MX_WIDTH, MX_X, MX_Y, FK_MX_CELL_ID) VALUES ('ff808181725b20fa01725b2208b601d9', parsedatetime('26-05-2020 00:00:01.00', 'dd-MM-yyyy hh:mm:ss.SS'), 'admin', 1, parsedatetime('26-05-2020 00:00:01.00', 'dd-MM-yyyy hh:mm:ss.SS'), 'admin', 0, 'geometry', NULL, '1', NULL, NULL, NULL, 'ff808181725b20fa01725b2208b501d8');
INSERT INTO MX_GEOMETRY(ID, CRT_DTTM, CRT_USER, ENABLE_FLAG, LAST_UPDATE_DTTM, LAST_UPDATE_USER, VERSION, MX_AS, MX_HEIGHT, MX_RELATIVE, MX_WIDTH, MX_X, MX_Y, FK_MX_CELL_ID) VALUES ('ff808181725b20fa01725b2208b601db', parsedatetime('26-05-2020 00:00:01.00', 'dd-MM-yyyy hh:mm:ss.SS'), 'admin', 1, parsedatetime('26-05-2020 00:00:01.00', 'dd-MM-yyyy hh:mm:ss.SS'), 'admin', 0, 'geometry', NULL, '1', NULL, NULL, NULL, 'ff808181725b20fa01725b2208b601da');
INSERT INTO MX_GEOMETRY(ID, CRT_DTTM, CRT_USER, ENABLE_FLAG, LAST_UPDATE_DTTM, LAST_UPDATE_USER, VERSION, MX_AS, MX_HEIGHT, MX_RELATIVE, MX_WIDTH, MX_X, MX_Y, FK_MX_CELL_ID) VALUES ('ff808181725b20fa01725b2208b601dd', parsedatetime('26-05-2020 00:00:01.00', 'dd-MM-yyyy hh:mm:ss.SS'), 'admin', 1, parsedatetime('26-05-2020 00:00:01.00', 'dd-MM-yyyy hh:mm:ss.SS'), 'admin', 0, 'geometry', NULL, '1', NULL, NULL, NULL, 'ff808181725b20fa01725b2208b601dc');
INSERT INTO MX_GEOMETRY(ID, CRT_DTTM, CRT_USER, ENABLE_FLAG, LAST_UPDATE_DTTM, LAST_UPDATE_USER, VERSION, MX_AS, MX_HEIGHT, MX_RELATIVE, MX_WIDTH, MX_X, MX_Y, FK_MX_CELL_ID) VALUES ('ff808181725b20fa01725b2208b601df', parsedatetime('26-05-2020 00:00:01.00', 'dd-MM-yyyy hh:mm:ss.SS'), 'admin', 1, parsedatetime('26-05-2020 00:00:01.00', 'dd-MM-yyyy hh:mm:ss.SS'), 'admin', 0, 'geometry', NULL, '1', NULL, NULL, NULL, 'ff808181725b20fa01725b2208b601de');
INSERT INTO MX_GEOMETRY(ID, CRT_DTTM, CRT_USER, ENABLE_FLAG, LAST_UPDATE_DTTM, LAST_UPDATE_USER, VERSION, MX_AS, MX_HEIGHT, MX_RELATIVE, MX_WIDTH, MX_X, MX_Y, FK_MX_CELL_ID) VALUES ('ff808181725b20fa01725b2208b601e1', parsedatetime('26-05-2020 00:00:01.00', 'dd-MM-yyyy hh:mm:ss.SS'), 'admin', 1, parsedatetime('26-05-2020 00:00:01.00', 'dd-MM-yyyy hh:mm:ss.SS'), 'admin', 0, 'geometry', '20', NULL, '40', '435', '735', 'ff808181725b20fa01725b2208b601e0');
INSERT INTO MX_GEOMETRY(ID, CRT_DTTM, CRT_USER, ENABLE_FLAG, LAST_UPDATE_DTTM, LAST_UPDATE_USER, VERSION, MX_AS, MX_HEIGHT, MX_RELATIVE, MX_WIDTH, MX_X, MX_Y, FK_MX_CELL_ID) VALUES ('ff808181725b20fa01725b2208b601e3', parsedatetime('26-05-2020 00:00:01.00', 'dd-MM-yyyy hh:mm:ss.SS'), 'admin', 1, parsedatetime('26-05-2020 00:00:01.00', 'dd-MM-yyyy hh:mm:ss.SS'), 'admin', 0, 'geometry', '20', NULL, '250', '460', '200', 'ff808181725b20fa01725b2208b601e2');
INSERT INTO MX_GEOMETRY(ID, CRT_DTTM, CRT_USER, ENABLE_FLAG, LAST_UPDATE_DTTM, LAST_UPDATE_USER, VERSION, MX_AS, MX_HEIGHT, MX_RELATIVE, MX_WIDTH, MX_X, MX_Y, FK_MX_CELL_ID) VALUES ('ff808181725b20fa01725b2208b601e5', parsedatetime('26-05-2020 00:00:01.00', 'dd-MM-yyyy hh:mm:ss.SS'), 'admin', 1, parsedatetime('26-05-2020 00:00:01.00', 'dd-MM-yyyy hh:mm:ss.SS'), 'admin', 0, 'geometry', NULL, '1', NULL, NULL, NULL, 'ff808181725b20fa01725b2208b601e4');
INSERT INTO MX_GEOMETRY(ID, CRT_DTTM, CRT_USER, ENABLE_FLAG, LAST_UPDATE_DTTM, LAST_UPDATE_USER, VERSION, MX_AS, MX_HEIGHT, MX_RELATIVE, MX_WIDTH, MX_X, MX_Y, FK_MX_CELL_ID) VALUES ('ff808181725b20fa01725b2208b601e7', parsedatetime('26-05-2020 00:00:01.00', 'dd-MM-yyyy hh:mm:ss.SS'), 'admin', 1, parsedatetime('26-05-2020 00:00:01.00', 'dd-MM-yyyy hh:mm:ss.SS'), 'admin', 0, 'geometry', '66', NULL, '66', '360', '730', 'ff808181725b20fa01725b2208b601e6');
INSERT INTO MX_GEOMETRY(ID, CRT_DTTM, CRT_USER, ENABLE_FLAG, LAST_UPDATE_DTTM, LAST_UPDATE_USER, VERSION, MX_AS, MX_HEIGHT, MX_RELATIVE, MX_WIDTH, MX_X, MX_Y, FK_MX_CELL_ID) VALUES ('ff808181725b20fa01725b2208b601e9', parsedatetime('26-05-2020 00:00:01.00', 'dd-MM-yyyy hh:mm:ss.SS'), 'admin', 1, parsedatetime('26-05-2020 00:00:01.00', 'dd-MM-yyyy hh:mm:ss.SS'), 'admin', 0, 'geometry', '20', NULL, '200', '153', '360', 'ff808181725b20fa01725b2208b601e8');
INSERT INTO MX_GEOMETRY(ID, CRT_DTTM, CRT_USER, ENABLE_FLAG, LAST_UPDATE_DTTM, LAST_UPDATE_USER, VERSION, MX_AS, MX_HEIGHT, MX_RELATIVE, MX_WIDTH, MX_X, MX_Y, FK_MX_CELL_ID) VALUES ('ff808181725b20fa01725b2208b601eb', parsedatetime('26-05-2020 00:00:01.00', 'dd-MM-yyyy hh:mm:ss.SS'), 'admin', 1, parsedatetime('26-05-2020 00:00:01.00', 'dd-MM-yyyy hh:mm:ss.SS'), 'admin', 0, 'geometry', NULL, '1', NULL, NULL, NULL, 'ff808181725b20fa01725b2208b601ea');
INSERT INTO MX_GEOMETRY(ID, CRT_DTTM, CRT_USER, ENABLE_FLAG, LAST_UPDATE_DTTM, LAST_UPDATE_USER, VERSION, MX_AS, MX_HEIGHT, MX_RELATIVE, MX_WIDTH, MX_X, MX_Y, FK_MX_CELL_ID) VALUES ('ff808181725b20fa01725b2208b601ed', parsedatetime('26-05-2020 00:00:01.00', 'dd-MM-yyyy hh:mm:ss.SS'), 'admin', 1, parsedatetime('26-05-2020 00:00:01.00', 'dd-MM-yyyy hh:mm:ss.SS'), 'admin', 0, 'geometry', '66', NULL, '66', '360', '840', 'ff808181725b20fa01725b2208b601ec');
INSERT INTO MX_GEOMETRY(ID, CRT_DTTM, CRT_USER, ENABLE_FLAG, LAST_UPDATE_DTTM, LAST_UPDATE_USER, VERSION, MX_AS, MX_HEIGHT, MX_RELATIVE, MX_WIDTH, MX_X, MX_Y, FK_MX_CELL_ID) VALUES ('ff808181725b20fa01725b2208b601ef', parsedatetime('26-05-2020 00:00:01.00', 'dd-MM-yyyy hh:mm:ss.SS'), 'admin', 1, parsedatetime('26-05-2020 00:00:01.00', 'dd-MM-yyyy hh:mm:ss.SS'), 'admin', 0, 'geometry', '66', NULL, '66', '529', '840', 'ff808181725b20fa01725b2208b601ee');
INSERT INTO MX_GEOMETRY(ID, CRT_DTTM, CRT_USER, ENABLE_FLAG, LAST_UPDATE_DTTM, LAST_UPDATE_USER, VERSION, MX_AS, MX_HEIGHT, MX_RELATIVE, MX_WIDTH, MX_X, MX_Y, FK_MX_CELL_ID) VALUES ('ff808181725b20fa01725b2208b601f1', parsedatetime('26-05-2020 00:00:01.00', 'dd-MM-yyyy hh:mm:ss.SS'), 'admin', 1, parsedatetime('26-05-2020 00:00:01.00', 'dd-MM-yyyy hh:mm:ss.SS'), 'admin', 0, 'geometry', '20', NULL, '40', '435', '601', 'ff808181725b20fa01725b2208b601f0');
INSERT INTO MX_GEOMETRY(ID, CRT_DTTM, CRT_USER, ENABLE_FLAG, LAST_UPDATE_DTTM, LAST_UPDATE_USER, VERSION, MX_AS, MX_HEIGHT, MX_RELATIVE, MX_WIDTH, MX_X, MX_Y, FK_MX_CELL_ID) VALUES ('ff808181725b20fa01725b2208b601f3', parsedatetime('26-05-2020 00:00:01.00', 'dd-MM-yyyy hh:mm:ss.SS'), 'admin', 1, parsedatetime('26-05-2020 00:00:01.00', 'dd-MM-yyyy hh:mm:ss.SS'), 'admin', 0, 'geometry', '66', NULL, '66', '360', '570', 'ff808181725b20fa01725b2208b601f2');
INSERT INTO MX_GEOMETRY(ID, CRT_DTTM, CRT_USER, ENABLE_FLAG, LAST_UPDATE_DTTM, LAST_UPDATE_USER, VERSION, MX_AS, MX_HEIGHT, MX_RELATIVE, MX_WIDTH, MX_X, MX_Y, FK_MX_CELL_ID) VALUES ('ff808181725b20fa01725b2208bf01f7', parsedatetime('26-05-2020 00:00:01.00', 'dd-MM-yyyy hh:mm:ss.SS'), 'admin', 1, parsedatetime('26-05-2020 00:00:01.00', 'dd-MM-yyyy hh:mm:ss.SS'), 'admin', 0, 'geometry', '30', NULL, '80', '-90', '270', 'ff808181725b20fa01725b2208bf01f6');
INSERT INTO MX_GEOMETRY(ID, CRT_DTTM, CRT_USER, ENABLE_FLAG, LAST_UPDATE_DTTM, LAST_UPDATE_USER, VERSION, MX_AS, MX_HEIGHT, MX_RELATIVE, MX_WIDTH, MX_X, MX_Y, FK_MX_CELL_ID) VALUES ('ff808181725b20fa01725b2208bf01f9', parsedatetime('26-05-2020 00:00:01.00', 'dd-MM-yyyy hh:mm:ss.SS'), 'admin', 1, parsedatetime('26-05-2020 00:00:01.00', 'dd-MM-yyyy hh:mm:ss.SS'), 'admin', 0, 'geometry', '66', NULL, '66', '200', '366', 'ff808181725b20fa01725b2208bf01f8');
INSERT INTO MX_GEOMETRY(ID, CRT_DTTM, CRT_USER, ENABLE_FLAG, LAST_UPDATE_DTTM, LAST_UPDATE_USER, VERSION, MX_AS, MX_HEIGHT, MX_RELATIVE, MX_WIDTH, MX_X, MX_Y, FK_MX_CELL_ID) VALUES ('ff808181725b20fa01725b2208bf01fb', parsedatetime('26-05-2020 00:00:01.00', 'dd-MM-yyyy hh:mm:ss.SS'), 'admin', 1, parsedatetime('26-05-2020 00:00:01.00', 'dd-MM-yyyy hh:mm:ss.SS'), 'admin', 0, 'geometry', NULL, '1', NULL, NULL, NULL, 'ff808181725b20fa01725b2208bf01fa');
INSERT INTO MX_GEOMETRY(ID, CRT_DTTM, CRT_USER, ENABLE_FLAG, LAST_UPDATE_DTTM, LAST_UPDATE_USER, VERSION, MX_AS, MX_HEIGHT, MX_RELATIVE, MX_WIDTH, MX_X, MX_Y, FK_MX_CELL_ID) VALUES ('ff808181725b20fa01725b2208bf01fd', parsedatetime('26-05-2020 00:00:01.00', 'dd-MM-yyyy hh:mm:ss.SS'), 'admin', 1, parsedatetime('26-05-2020 00:00:01.00', 'dd-MM-yyyy hh:mm:ss.SS'), 'admin', 0, 'geometry', NULL, '1', NULL, NULL, NULL, 'ff808181725b20fa01725b2208bf01fc');
INSERT INTO MX_GEOMETRY(ID, CRT_DTTM, CRT_USER, ENABLE_FLAG, LAST_UPDATE_DTTM, LAST_UPDATE_USER, VERSION, MX_AS, MX_HEIGHT, MX_RELATIVE, MX_WIDTH, MX_X, MX_Y, FK_MX_CELL_ID) VALUES ('ff808181725b20fa01725b2208c201ff', parsedatetime('26-05-2020 00:00:01.00', 'dd-MM-yyyy hh:mm:ss.SS'), 'admin', 1, parsedatetime('26-05-2020 00:00:01.00', 'dd-MM-yyyy hh:mm:ss.SS'), 'admin', 0, 'geometry', NULL, '1', NULL, NULL, NULL, 'ff808181725b20fa01725b2208bf01fe');
INSERT INTO MX_GEOMETRY(ID, CRT_DTTM, CRT_USER, ENABLE_FLAG, LAST_UPDATE_DTTM, LAST_UPDATE_USER, VERSION, MX_AS, MX_HEIGHT, MX_RELATIVE, MX_WIDTH, MX_X, MX_Y, FK_MX_CELL_ID) VALUES ('ff808181725b20fa01725b2208ca0201', parsedatetime('26-05-2020 00:00:01.00', 'dd-MM-yyyy hh:mm:ss.SS'), 'admin', 1, parsedatetime('26-05-2020 00:00:01.00', 'dd-MM-yyyy hh:mm:ss.SS'), 'admin', 0, 'geometry', NULL, '1', NULL, NULL, NULL, 'ff808181725b20fa01725b2208c30200');
INSERT INTO MX_GEOMETRY(ID, CRT_DTTM, CRT_USER, ENABLE_FLAG, LAST_UPDATE_DTTM, LAST_UPDATE_USER, VERSION, MX_AS, MX_HEIGHT, MX_RELATIVE, MX_WIDTH, MX_X, MX_Y, FK_MX_CELL_ID) VALUES ('ff808181725b20fa01725b2208cb0203', parsedatetime('26-05-2020 00:00:01.00', 'dd-MM-yyyy hh:mm:ss.SS'), 'admin', 1, parsedatetime('26-05-2020 00:00:01.00', 'dd-MM-yyyy hh:mm:ss.SS'), 'admin', 0, 'geometry', '66', NULL, '66', '200', '200', 'ff808181725b20fa01725b2208cb0202');
INSERT INTO MX_GEOMETRY(ID, CRT_DTTM, CRT_USER, ENABLE_FLAG, LAST_UPDATE_DTTM, LAST_UPDATE_USER, VERSION, MX_AS, MX_HEIGHT, MX_RELATIVE, MX_WIDTH, MX_X, MX_Y, FK_MX_CELL_ID) VALUES ('ff808181725b20fa01725b2208cb0205', parsedatetime('26-05-2020 00:00:01.00', 'dd-MM-yyyy hh:mm:ss.SS'), 'admin', 1, parsedatetime('26-05-2020 00:00:01.00', 'dd-MM-yyyy hh:mm:ss.SS'), 'admin', 0, 'geometry', '66', NULL, '66', '-83', '440', 'ff808181725b20fa01725b2208cb0204');
INSERT INTO MX_GEOMETRY(ID, CRT_DTTM, CRT_USER, ENABLE_FLAG, LAST_UPDATE_DTTM, LAST_UPDATE_USER, VERSION, MX_AS, MX_HEIGHT, MX_RELATIVE, MX_WIDTH, MX_X, MX_Y, FK_MX_CELL_ID) VALUES ('ff808181725b20fa01725b2208cb0207', parsedatetime('26-05-2020 00:00:01.00', 'dd-MM-yyyy hh:mm:ss.SS'), 'admin', 1, parsedatetime('26-05-2020 00:00:01.00', 'dd-MM-yyyy hh:mm:ss.SS'), 'admin', 0, 'geometry', '66', NULL, '66', '432', '200', 'ff808181725b20fa01725b2208cb0206');
INSERT INTO MX_GEOMETRY(ID, CRT_DTTM, CRT_USER, ENABLE_FLAG, LAST_UPDATE_DTTM, LAST_UPDATE_USER, VERSION, MX_AS, MX_HEIGHT, MX_RELATIVE, MX_WIDTH, MX_X, MX_Y, FK_MX_CELL_ID) VALUES ('ff808181725b20fa01725b2208cb0209', parsedatetime('26-05-2020 00:00:01.00', 'dd-MM-yyyy hh:mm:ss.SS'), 'admin', 1, parsedatetime('26-05-2020 00:00:01.00', 'dd-MM-yyyy hh:mm:ss.SS'), 'admin', 0, 'geometry', '66', NULL, '66', '-348', '440', 'ff808181725b20fa01725b2208cb0208');
INSERT INTO MX_GEOMETRY(ID, CRT_DTTM, CRT_USER, ENABLE_FLAG, LAST_UPDATE_DTTM, LAST_UPDATE_USER, VERSION, MX_AS, MX_HEIGHT, MX_RELATIVE, MX_WIDTH, MX_X, MX_Y, FK_MX_CELL_ID) VALUES ('ff808181725b20fa01725b2208cb020b', parsedatetime('26-05-2020 00:00:01.00', 'dd-MM-yyyy hh:mm:ss.SS'), 'admin', 1, parsedatetime('26-05-2020 00:00:01.00', 'dd-MM-yyyy hh:mm:ss.SS'), 'admin', 0, 'geometry', '66', NULL, '66', '-83', '600', 'ff808181725b20fa01725b2208cb020a');
INSERT INTO MX_GEOMETRY(ID, CRT_DTTM, CRT_USER, ENABLE_FLAG, LAST_UPDATE_DTTM, LAST_UPDATE_USER, VERSION, MX_AS, MX_HEIGHT, MX_RELATIVE, MX_WIDTH, MX_X, MX_Y, FK_MX_CELL_ID) VALUES ('ff808181725b20fa01725b2208cb020d', parsedatetime('26-05-2020 00:00:01.00', 'dd-MM-yyyy hh:mm:ss.SS'), 'admin', 1, parsedatetime('26-05-2020 00:00:01.00', 'dd-MM-yyyy hh:mm:ss.SS'), 'admin', 0, 'geometry', NULL, '1', NULL, NULL, NULL, 'ff808181725b20fa01725b2208cb020c');
INSERT INTO MX_GEOMETRY(ID, CRT_DTTM, CRT_USER, ENABLE_FLAG, LAST_UPDATE_DTTM, LAST_UPDATE_USER, VERSION, MX_AS, MX_HEIGHT, MX_RELATIVE, MX_WIDTH, MX_X, MX_Y, FK_MX_CELL_ID) VALUES ('ff808181725b20fa01725b2208cb020f', parsedatetime('26-05-2020 00:00:01.00', 'dd-MM-yyyy hh:mm:ss.SS'), 'admin', 1, parsedatetime('26-05-2020 00:00:01.00', 'dd-MM-yyyy hh:mm:ss.SS'), 'admin', 0, 'geometry', '30', NULL, '70', '-350', '130', 'ff808181725b20fa01725b2208cb020e');
INSERT INTO MX_GEOMETRY(ID, CRT_DTTM, CRT_USER, ENABLE_FLAG, LAST_UPDATE_DTTM, LAST_UPDATE_USER, VERSION, MX_AS, MX_HEIGHT, MX_RELATIVE, MX_WIDTH, MX_X, MX_Y, FK_MX_CELL_ID) VALUES ('ff808181725b20fa01725b2208cb0211', parsedatetime('26-05-2020 00:00:01.00', 'dd-MM-yyyy hh:mm:ss.SS'), 'admin', 1, parsedatetime('26-05-2020 00:00:01.00', 'dd-MM-yyyy hh:mm:ss.SS'), 'admin', 0, 'geometry', NULL, '1', NULL, NULL, NULL, 'ff808181725b20fa01725b2208cb0210');
INSERT INTO MX_GEOMETRY(ID, CRT_DTTM, CRT_USER, ENABLE_FLAG, LAST_UPDATE_DTTM, LAST_UPDATE_USER, VERSION, MX_AS, MX_HEIGHT, MX_RELATIVE, MX_WIDTH, MX_X, MX_Y, FK_MX_CELL_ID) VALUES ('ff808181725b20fa01725b2208cb0213', parsedatetime('26-05-2020 00:00:01.00', 'dd-MM-yyyy hh:mm:ss.SS'), 'admin', 1, parsedatetime('26-05-2020 00:00:01.00', 'dd-MM-yyyy hh:mm:ss.SS'), 'admin', 0, 'geometry', '66', NULL, '66', '-83', '300', 'ff808181725b20fa01725b2208cb0212');
INSERT INTO MX_GEOMETRY(ID, CRT_DTTM, CRT_USER, ENABLE_FLAG, LAST_UPDATE_DTTM, LAST_UPDATE_USER, VERSION, MX_AS, MX_HEIGHT, MX_RELATIVE, MX_WIDTH, MX_X, MX_Y, FK_MX_CELL_ID) VALUES ('ff808181725b20fa01725b2208cb0215', parsedatetime('26-05-2020 00:00:01.00', 'dd-MM-yyyy hh:mm:ss.SS'), 'admin', 1, parsedatetime('26-05-2020 00:00:01.00', 'dd-MM-yyyy hh:mm:ss.SS'), 'admin', 0, 'geometry', '66', NULL, '66', '-560', '290', 'ff808181725b20fa01725b2208cb0214');
INSERT INTO MX_GEOMETRY(ID, CRT_DTTM, CRT_USER, ENABLE_FLAG, LAST_UPDATE_DTTM, LAST_UPDATE_USER, VERSION, MX_AS, MX_HEIGHT, MX_RELATIVE, MX_WIDTH, MX_X, MX_Y, FK_MX_CELL_ID) VALUES ('ff808181725b20fa01725b2208cb0217', parsedatetime('26-05-2020 00:00:01.00', 'dd-MM-yyyy hh:mm:ss.SS'), 'admin', 1, parsedatetime('26-05-2020 00:00:01.00', 'dd-MM-yyyy hh:mm:ss.SS'), 'admin', 0, 'geometry', '66', NULL, '66', '-350', '190', 'ff808181725b20fa01725b2208cb0216');
INSERT INTO MX_GEOMETRY(ID, CRT_DTTM, CRT_USER, ENABLE_FLAG, LAST_UPDATE_DTTM, LAST_UPDATE_USER, VERSION, MX_AS, MX_HEIGHT, MX_RELATIVE, MX_WIDTH, MX_X, MX_Y, FK_MX_CELL_ID) VALUES ('ff808181725b20fa01725b2208cb0219', parsedatetime('26-05-2020 00:00:01.00', 'dd-MM-yyyy hh:mm:ss.SS'), 'admin', 1, parsedatetime('26-05-2020 00:00:01.00', 'dd-MM-yyyy hh:mm:ss.SS'), 'admin', 0, 'geometry', NULL, '1', NULL, NULL, NULL, 'ff808181725b20fa01725b2208cb0218');
INSERT INTO MX_GEOMETRY(ID, CRT_DTTM, CRT_USER, ENABLE_FLAG, LAST_UPDATE_DTTM, LAST_UPDATE_USER, VERSION, MX_AS, MX_HEIGHT, MX_RELATIVE, MX_WIDTH, MX_X, MX_Y, FK_MX_CELL_ID) VALUES ('ff808181725b20fa01725b2208cb021b', parsedatetime('26-05-2020 00:00:01.00', 'dd-MM-yyyy hh:mm:ss.SS'), 'admin', 1, parsedatetime('26-05-2020 00:00:01.00', 'dd-MM-yyyy hh:mm:ss.SS'), 'admin', 0, 'geometry', NULL, '1', NULL, NULL, NULL, 'ff808181725b20fa01725b2208cb021a');
INSERT INTO MX_GEOMETRY(ID, CRT_DTTM, CRT_USER, ENABLE_FLAG, LAST_UPDATE_DTTM, LAST_UPDATE_USER, VERSION, MX_AS, MX_HEIGHT, MX_RELATIVE, MX_WIDTH, MX_X, MX_Y, FK_MX_CELL_ID) VALUES ('ff808181725b20fa01725b2208cb021d', parsedatetime('26-05-2020 00:00:01.00', 'dd-MM-yyyy hh:mm:ss.SS'), 'admin', 1, parsedatetime('26-05-2020 00:00:01.00', 'dd-MM-yyyy hh:mm:ss.SS'), 'admin', 0, 'geometry', NULL, '1', NULL, NULL, NULL, 'ff808181725b20fa01725b2208cb021c');
INSERT INTO MX_GEOMETRY(ID, CRT_DTTM, CRT_USER, ENABLE_FLAG, LAST_UPDATE_DTTM, LAST_UPDATE_USER, VERSION, MX_AS, MX_HEIGHT, MX_RELATIVE, MX_WIDTH, MX_X, MX_Y, FK_MX_CELL_ID) VALUES ('ff808181725b20fa01725b2208cb021f', parsedatetime('26-05-2020 00:00:01.00', 'dd-MM-yyyy hh:mm:ss.SS'), 'admin', 1, parsedatetime('26-05-2020 00:00:01.00', 'dd-MM-yyyy hh:mm:ss.SS'), 'admin', 0, 'geometry', '66', NULL, '66', '200', '506', 'ff808181725b20fa01725b2208cb021e');
INSERT INTO MX_GEOMETRY(ID, CRT_DTTM, CRT_USER, ENABLE_FLAG, LAST_UPDATE_DTTM, LAST_UPDATE_USER, VERSION, MX_AS, MX_HEIGHT, MX_RELATIVE, MX_WIDTH, MX_X, MX_Y, FK_MX_CELL_ID) VALUES ('ff808181725b20fa01725b2208cb0221', parsedatetime('26-05-2020 00:00:01.00', 'dd-MM-yyyy hh:mm:ss.SS'), 'admin', 1, parsedatetime('26-05-2020 00:00:01.00', 'dd-MM-yyyy hh:mm:ss.SS'), 'admin', 0, 'geometry', '66', NULL, '66', '-83', '90', 'ff808181725b20fa01725b2208cb0220');
INSERT INTO MX_GEOMETRY(ID, CRT_DTTM, CRT_USER, ENABLE_FLAG, LAST_UPDATE_DTTM, LAST_UPDATE_USER, VERSION, MX_AS, MX_HEIGHT, MX_RELATIVE, MX_WIDTH, MX_X, MX_Y, FK_MX_CELL_ID) VALUES ('ff808181725b20fa01725b2208cb0223', parsedatetime('26-05-2020 00:00:01.00', 'dd-MM-yyyy hh:mm:ss.SS'), 'admin', 1, parsedatetime('26-05-2020 00:00:01.00', 'dd-MM-yyyy hh:mm:ss.SS'), 'admin', 0, 'geometry', '30', NULL, '80', '193', '156', 'ff808181725b20fa01725b2208cb0222');
INSERT INTO MX_GEOMETRY(ID, CRT_DTTM, CRT_USER, ENABLE_FLAG, LAST_UPDATE_DTTM, LAST_UPDATE_USER, VERSION, MX_AS, MX_HEIGHT, MX_RELATIVE, MX_WIDTH, MX_X, MX_Y, FK_MX_CELL_ID) VALUES ('ff808181725b20fa01725b2208cb0225', parsedatetime('26-05-2020 00:00:01.00', 'dd-MM-yyyy hh:mm:ss.SS'), 'admin', 1, parsedatetime('26-05-2020 00:00:01.00', 'dd-MM-yyyy hh:mm:ss.SS'), 'admin', 0, 'geometry', '30', NULL, '80', '-90', '40', 'ff808181725b20fa01725b2208cb0224');
INSERT INTO MX_GEOMETRY(ID, CRT_DTTM, CRT_USER, ENABLE_FLAG, LAST_UPDATE_DTTM, LAST_UPDATE_USER, VERSION, MX_AS, MX_HEIGHT, MX_RELATIVE, MX_WIDTH, MX_X, MX_Y, FK_MX_CELL_ID) VALUES ('ff808181725b20fa01725b2208cb0227', parsedatetime('26-05-2020 00:00:01.00', 'dd-MM-yyyy hh:mm:ss.SS'), 'admin', 1, parsedatetime('26-05-2020 00:00:01.00', 'dd-MM-yyyy hh:mm:ss.SS'), 'admin', 0, 'geometry', NULL, '1', NULL, NULL, NULL, 'ff808181725b20fa01725b2208cb0226');
INSERT INTO MX_GEOMETRY(ID, CRT_DTTM, CRT_USER, ENABLE_FLAG, LAST_UPDATE_DTTM, LAST_UPDATE_USER, VERSION, MX_AS, MX_HEIGHT, MX_RELATIVE, MX_WIDTH, MX_X, MX_Y, FK_MX_CELL_ID) VALUES ('ff808181725b20fa01725b2208cb0229', parsedatetime('26-05-2020 00:00:01.00', 'dd-MM-yyyy hh:mm:ss.SS'), 'admin', 1, parsedatetime('26-05-2020 00:00:01.00', 'dd-MM-yyyy hh:mm:ss.SS'), 'admin', 0, 'geometry', '30', NULL, '70', '430', '156', 'ff808181725b20fa01725b2208cb0228');
INSERT INTO MX_GEOMETRY(ID, CRT_DTTM, CRT_USER, ENABLE_FLAG, LAST_UPDATE_DTTM, LAST_UPDATE_USER, VERSION, MX_AS, MX_HEIGHT, MX_RELATIVE, MX_WIDTH, MX_X, MX_Y, FK_MX_CELL_ID) VALUES ('ff808181725b20fa01725b2208cb022b', parsedatetime('26-05-2020 00:00:01.00', 'dd-MM-yyyy hh:mm:ss.SS'), 'admin', 1, parsedatetime('26-05-2020 00:00:01.00', 'dd-MM-yyyy hh:mm:ss.SS'), 'admin', 0, 'geometry', NULL, '1', NULL, NULL, NULL, 'ff808181725b20fa01725b2208cb022a');



