
INSERT INTO FLOW(ID, CRT_DTTM, CRT_USER, ENABLE_FLAG, LAST_UPDATE_DTTM, LAST_UPDATE_USER, VERSION, DESCRIPTION, DRIVER_MEMORY, EXECUTOR_CORES, EXECUTOR_MEMORY, EXECUTOR_NUMBER, IS_EXAMPLE, NAME, UUID, PAGE_ID, FK_FLOW_GROUP_ID) VALUES ('0641076d5ae840c09d2be5b71fw00001', parsedatetime('26-05-2020 00:00:01.00', 'dd-MM-yyyy hh:mm:ss.SS'), 'admin', 1, parsedatetime('26-05-2020 00:00:01.00', 'dd-MM-yyyy hh:mm:ss.SS'), 'admin', 0, 'FlowExample', '1g', '1', '1g', '1', 1, 'FlowExample', '0641076d5ae840c09d2be5b71fw00001', NULL, NULL);

INSERT INTO FLOW_PATH(ID, CRT_DTTM, CRT_USER, ENABLE_FLAG, LAST_UPDATE_DTTM, LAST_UPDATE_USER, VERSION, LINE_FROM, LINE_INPORT, LINE_OUTPORT, PAGE_ID, LINE_TO, FK_FLOW_ID, FILTER_CONDITION) VALUES ('ff808181725050fe01725071796d01f7', parsedatetime('26-05-2020 00:00:01.00', 'dd-MM-yyyy hh:mm:ss.SS'), 'admin', 1, parsedatetime('26-05-2020 00:00:01.00', 'dd-MM-yyyy hh:mm:ss.SS'), 'admin', 0, '18', NULL, 'out3', '43', '22', '0641076d5ae840c09d2be5b71fw00001', NULL);
INSERT INTO FLOW_PATH(ID, CRT_DTTM, CRT_USER, ENABLE_FLAG, LAST_UPDATE_DTTM, LAST_UPDATE_USER, VERSION, LINE_FROM, LINE_INPORT, LINE_OUTPORT, PAGE_ID, LINE_TO, FK_FLOW_ID, FILTER_CONDITION) VALUES ('ff808181725050fe01725071796e01f8', parsedatetime('26-05-2020 00:00:01.00', 'dd-MM-yyyy hh:mm:ss.SS'), 'admin', 1, parsedatetime('26-05-2020 00:00:01.00', 'dd-MM-yyyy hh:mm:ss.SS'), 'admin', 0, '18', NULL, 'out2', '42', '24', '0641076d5ae840c09d2be5b71fw00001', NULL);
INSERT INTO FLOW_PATH(ID, CRT_DTTM, CRT_USER, ENABLE_FLAG, LAST_UPDATE_DTTM, LAST_UPDATE_USER, VERSION, LINE_FROM, LINE_INPORT, LINE_OUTPORT, PAGE_ID, LINE_TO, FK_FLOW_ID, FILTER_CONDITION) VALUES ('ff808181725050fe01725071796e01f9', parsedatetime('26-05-2020 00:00:01.00', 'dd-MM-yyyy hh:mm:ss.SS'), 'admin', 1, parsedatetime('26-05-2020 00:00:01.00', 'dd-MM-yyyy hh:mm:ss.SS'), 'admin', 0, '18', NULL, 'out1', '41', '20', '0641076d5ae840c09d2be5b71fw00001', NULL);
INSERT INTO FLOW_PATH(ID, CRT_DTTM, CRT_USER, ENABLE_FLAG, LAST_UPDATE_DTTM, LAST_UPDATE_USER, VERSION, LINE_FROM, LINE_INPORT, LINE_OUTPORT, PAGE_ID, LINE_TO, FK_FLOW_ID, FILTER_CONDITION) VALUES ('ff808181725050fe01725071796e01fa', parsedatetime('26-05-2020 00:00:01.00', 'dd-MM-yyyy hh:mm:ss.SS'), 'admin', 1, parsedatetime('26-05-2020 00:00:01.00', 'dd-MM-yyyy hh:mm:ss.SS'), 'admin', 0, '15', NULL, NULL, '40', '18', '0641076d5ae840c09d2be5b71fw00001', NULL);
INSERT INTO FLOW_PATH(ID, CRT_DTTM, CRT_USER, ENABLE_FLAG, LAST_UPDATE_DTTM, LAST_UPDATE_USER, VERSION, LINE_FROM, LINE_INPORT, LINE_OUTPORT, PAGE_ID, LINE_TO, FK_FLOW_ID, FILTER_CONDITION) VALUES ('ff808181725050fe01725071796e01fb', parsedatetime('26-05-2020 00:00:01.00', 'dd-MM-yyyy hh:mm:ss.SS'), 'admin', 1, parsedatetime('26-05-2020 00:00:01.00', 'dd-MM-yyyy hh:mm:ss.SS'), 'admin', 0, '13', 'data2', NULL, '39', '15', '0641076d5ae840c09d2be5b71fw00001', NULL);
INSERT INTO FLOW_PATH(ID, CRT_DTTM, CRT_USER, ENABLE_FLAG, LAST_UPDATE_DTTM, LAST_UPDATE_USER, VERSION, LINE_FROM, LINE_INPORT, LINE_OUTPORT, PAGE_ID, LINE_TO, FK_FLOW_ID, FILTER_CONDITION) VALUES ('ff808181725050fe01725071796e01fc', parsedatetime('26-05-2020 00:00:01.00', 'dd-MM-yyyy hh:mm:ss.SS'), 'admin', 1, parsedatetime('26-05-2020 00:00:01.00', 'dd-MM-yyyy hh:mm:ss.SS'), 'admin', 0, '4', 'data1', NULL, '38', '15', '0641076d5ae840c09d2be5b71fw00001', NULL);
INSERT INTO FLOW_PATH(ID, CRT_DTTM, CRT_USER, ENABLE_FLAG, LAST_UPDATE_DTTM, LAST_UPDATE_USER, VERSION, LINE_FROM, LINE_INPORT, LINE_OUTPORT, PAGE_ID, LINE_TO, FK_FLOW_ID, FILTER_CONDITION) VALUES ('ff808181725050fe01725071796e01fd', parsedatetime('26-05-2020 00:00:01.00', 'dd-MM-yyyy hh:mm:ss.SS'), 'admin', 1, parsedatetime('26-05-2020 00:00:01.00', 'dd-MM-yyyy hh:mm:ss.SS'), 'admin', 0, '9', NULL, NULL, '37', '13', '0641076d5ae840c09d2be5b71fw00001', NULL);

INSERT INTO FLOW_STOPS(ID, CRT_DTTM, CRT_USER, ENABLE_FLAG, LAST_UPDATE_DTTM, LAST_UPDATE_USER, VERSION, BUNDEL, DESCRIPTION, GROUPS, IN_PORT_TYPE, INPORTS, IS_CHECKPOINT, NAME, OUT_PORT_TYPE, OUTPORTS, OWNER, PAGE_ID, START_TIME, STATE, STOP_TIME, FK_FLOW_ID, IS_CUSTOMIZED, FK_DATA_SOURCE_ID) VALUES ('ff808181725050fe01725071796e01fe', parsedatetime('26-05-2020 00:00:01.00', 'dd-MM-yyyy hh:mm:ss.SS'), 'admin', 1, parsedatetime('26-05-2020 00:00:01.00', 'dd-MM-yyyy hh:mm:ss.SS'), 'admin', 0, 'cn.piflow.bundle.common.Merge', 'Merge data into one stop', 'Common', 'ANY', 'Any', 1, 'Merge', 'DEFAULT', 'Default', 'xjzhu@cnic.cn', '15', NULL, NULL, NULL, '0641076d5ae840c09d2be5b71fw00001', 0, NULL);
INSERT INTO FLOW_STOPS(ID, CRT_DTTM, CRT_USER, ENABLE_FLAG, LAST_UPDATE_DTTM, LAST_UPDATE_USER, VERSION, BUNDEL, DESCRIPTION, GROUPS, IN_PORT_TYPE, INPORTS, IS_CHECKPOINT, NAME, OUT_PORT_TYPE, OUTPORTS, OWNER, PAGE_ID, START_TIME, STATE, STOP_TIME, FK_FLOW_ID, IS_CUSTOMIZED, FK_DATA_SOURCE_ID) VALUES ('ff808181725050fe01725071796e0200', parsedatetime('26-05-2020 00:00:01.00', 'dd-MM-yyyy hh:mm:ss.SS'), 'admin', 1, parsedatetime('26-05-2020 00:00:01.00', 'dd-MM-yyyy hh:mm:ss.SS'), 'admin', 0, 'cn.piflow.bundle.common.Fork', 'Forking data to different stops', 'Common', 'DEFAULT', 'Default', 1, 'Fork', 'ANY', 'Any', 'xjzhu@cnic.cn', '18', NULL, NULL, NULL, '0641076d5ae840c09d2be5b71fw00001', 0, NULL);
INSERT INTO FLOW_STOPS(ID, CRT_DTTM, CRT_USER, ENABLE_FLAG, LAST_UPDATE_DTTM, LAST_UPDATE_USER, VERSION, BUNDEL, DESCRIPTION, GROUPS, IN_PORT_TYPE, INPORTS, IS_CHECKPOINT, NAME, OUT_PORT_TYPE, OUTPORTS, OWNER, PAGE_ID, START_TIME, STATE, STOP_TIME, FK_FLOW_ID, IS_CUSTOMIZED, FK_DATA_SOURCE_ID) VALUES ('ff808181725050fe01725071796e0202', parsedatetime('26-05-2020 00:00:01.00', 'dd-MM-yyyy hh:mm:ss.SS'), 'admin', 1, parsedatetime('26-05-2020 00:00:01.00', 'dd-MM-yyyy hh:mm:ss.SS'), 'admin', 0, 'cn.piflow.bundle.common.SelectField', 'Select data column', 'Common', 'DEFAULT', 'Default', 1, 'SelectField22', 'DEFAULT', 'Default', 'xjzhu@cnic.cn', '24', NULL, NULL, NULL, '0641076d5ae840c09d2be5b71fw00001', 0, NULL);
INSERT INTO FLOW_STOPS(ID, CRT_DTTM, CRT_USER, ENABLE_FLAG, LAST_UPDATE_DTTM, LAST_UPDATE_USER, VERSION, BUNDEL, DESCRIPTION, GROUPS, IN_PORT_TYPE, INPORTS, IS_CHECKPOINT, NAME, OUT_PORT_TYPE, OUTPORTS, OWNER, PAGE_ID, START_TIME, STATE, STOP_TIME, FK_FLOW_ID, IS_CUSTOMIZED, FK_DATA_SOURCE_ID) VALUES ('ff808181725050fe01725071796e0204', parsedatetime('26-05-2020 00:00:01.00', 'dd-MM-yyyy hh:mm:ss.SS'), 'admin', 1, parsedatetime('26-05-2020 00:00:01.00', 'dd-MM-yyyy hh:mm:ss.SS'), 'admin', 0, 'cn.piflow.bundle.common.SelectField', 'Select data column', 'Common', 'DEFAULT', 'Default', 1, 'SelectField20', 'DEFAULT', 'Default', 'xjzhu@cnic.cn', '22', NULL, NULL, NULL, '0641076d5ae840c09d2be5b71fw00001', 0, NULL);
INSERT INTO FLOW_STOPS(ID, CRT_DTTM, CRT_USER, ENABLE_FLAG, LAST_UPDATE_DTTM, LAST_UPDATE_USER, VERSION, BUNDEL, DESCRIPTION, GROUPS, IN_PORT_TYPE, INPORTS, IS_CHECKPOINT, NAME, OUT_PORT_TYPE, OUTPORTS, OWNER, PAGE_ID, START_TIME, STATE, STOP_TIME, FK_FLOW_ID, IS_CUSTOMIZED, FK_DATA_SOURCE_ID) VALUES ('ff808181725050fe01725071796e0206', parsedatetime('26-05-2020 00:00:01.00', 'dd-MM-yyyy hh:mm:ss.SS'), 'admin', 1, parsedatetime('26-05-2020 00:00:01.00', 'dd-MM-yyyy hh:mm:ss.SS'), 'admin', 0, 'cn.piflow.bundle.common.SelectField', 'Select data column', 'Common', 'DEFAULT', 'Default', 1, 'SelectField18', 'DEFAULT', 'Default', 'xjzhu@cnic.cn', '20', NULL, NULL, NULL, '0641076d5ae840c09d2be5b71fw00001', 0, NULL);
INSERT INTO FLOW_STOPS(ID, CRT_DTTM, CRT_USER, ENABLE_FLAG, LAST_UPDATE_DTTM, LAST_UPDATE_USER, VERSION, BUNDEL, DESCRIPTION, GROUPS, IN_PORT_TYPE, INPORTS, IS_CHECKPOINT, NAME, OUT_PORT_TYPE, OUTPORTS, OWNER, PAGE_ID, START_TIME, STATE, STOP_TIME, FK_FLOW_ID, IS_CUSTOMIZED, FK_DATA_SOURCE_ID) VALUES ('ff808181725050fe01725071796e0208', parsedatetime('26-05-2020 00:00:01.00', 'dd-MM-yyyy hh:mm:ss.SS'), 'admin', 1, parsedatetime('26-05-2020 00:00:01.00', 'dd-MM-yyyy hh:mm:ss.SS'), 'admin', 0, 'cn.piflow.bundle.common.SelectField', 'Select data column', 'Common', 'DEFAULT', 'Default', 1, 'SelectField', 'DEFAULT', 'Default', 'xjzhu@cnic.cn', '13', NULL, NULL, NULL, '0641076d5ae840c09d2be5b71fw00001', 0, NULL);
INSERT INTO FLOW_STOPS(ID, CRT_DTTM, CRT_USER, ENABLE_FLAG, LAST_UPDATE_DTTM, LAST_UPDATE_USER, VERSION, BUNDEL, DESCRIPTION, GROUPS, IN_PORT_TYPE, INPORTS, IS_CHECKPOINT, NAME, OUT_PORT_TYPE, OUTPORTS, OWNER, PAGE_ID, START_TIME, STATE, STOP_TIME, FK_FLOW_ID, IS_CUSTOMIZED, FK_DATA_SOURCE_ID) VALUES ('ff808181725050fe01725071796f020a', parsedatetime('26-05-2020 00:00:01.00', 'dd-MM-yyyy hh:mm:ss.SS'), 'admin', 1, parsedatetime('26-05-2020 00:00:01.00', 'dd-MM-yyyy hh:mm:ss.SS'), 'admin', 0, 'cn.piflow.bundle.common.MockData', 'Mock dataframe.', 'Common', 'DEFAULT', 'Default', 1, 'MockData7', 'DEFAULT', 'Default', 'xjzhu@cnic.cn', '9', NULL, NULL, NULL, '0641076d5ae840c09d2be5b71fw00001', 0, NULL);
INSERT INTO FLOW_STOPS(ID, CRT_DTTM, CRT_USER, ENABLE_FLAG, LAST_UPDATE_DTTM, LAST_UPDATE_USER, VERSION, BUNDEL, DESCRIPTION, GROUPS, IN_PORT_TYPE, INPORTS, IS_CHECKPOINT, NAME, OUT_PORT_TYPE, OUTPORTS, OWNER, PAGE_ID, START_TIME, STATE, STOP_TIME, FK_FLOW_ID, IS_CUSTOMIZED, FK_DATA_SOURCE_ID) VALUES ('ff808181725050fe01725071796f020d', parsedatetime('26-05-2020 00:00:01.00', 'dd-MM-yyyy hh:mm:ss.SS'), 'admin', 1, parsedatetime('26-05-2020 00:00:01.00', 'dd-MM-yyyy hh:mm:ss.SS'), 'admin', 0, 'cn.piflow.bundle.common.MockData', 'Mock dataframe.', 'Common', 'DEFAULT', 'Default', 1, 'MockData', 'DEFAULT', 'Default', 'xjzhu@cnic.cn', '4', NULL, NULL, NULL, '0641076d5ae840c09d2be5b71fw00001', 0, NULL);

INSERT INTO FLOW_STOPS_PROPERTY(ID, CRT_DTTM, CRT_USER, ENABLE_FLAG, LAST_UPDATE_DTTM, LAST_UPDATE_USER, VERSION, `allowable_values`, `custom_value`, `description`, `display_name`, `is_select`, `name`, `property_required`, `property_sensitive`, `fk_stops_id`, `is_locked`, `property_sort`, `is_old_data`) VALUES ('ff808181725050fe01725071796e01ff', parsedatetime('26-05-2020 00:00:01.00', 'dd-MM-yyyy hh:mm:ss.SS'), 'admin', 1, parsedatetime('26-05-2020 00:00:01.00', 'dd-MM-yyyy hh:mm:ss.SS'), 'admin', 0, '[\"\"]', 'data2,data1,data2', 'Inports string are separated by commas', 'Inports', 0, 'inports', 1, 0, 'ff808181725050fe01725071796e01fe', 0, NULL, 0);
INSERT INTO FLOW_STOPS_PROPERTY(ID, CRT_DTTM, CRT_USER, ENABLE_FLAG, LAST_UPDATE_DTTM, LAST_UPDATE_USER, VERSION, `allowable_values`, `custom_value`, `description`, `display_name`, `is_select`, `name`, `property_required`, `property_sensitive`, `fk_stops_id`, `is_locked`, `property_sort`, `is_old_data`) VALUES ('ff808181725050fe01725071796e0201', parsedatetime('26-05-2020 00:00:01.00', 'dd-MM-yyyy hh:mm:ss.SS'), 'admin', 1, parsedatetime('26-05-2020 00:00:01.00', 'dd-MM-yyyy hh:mm:ss.SS'), 'admin', 0, '[\"\"]', 'out1,out3,out1,out2,out3', 'Output ports string with comma', 'outports', 0, 'outports', 1, 0, 'ff808181725050fe01725071796e0200', 0, NULL, 0);
INSERT INTO FLOW_STOPS_PROPERTY(ID, CRT_DTTM, CRT_USER, ENABLE_FLAG, LAST_UPDATE_DTTM, LAST_UPDATE_USER, VERSION, `allowable_values`, `custom_value`, `description`, `display_name`, `is_select`, `name`, `property_required`, `property_sensitive`, `fk_stops_id`, `is_locked`, `property_sort`, `is_old_data`) VALUES ('ff808181725050fe01725071796e0203', parsedatetime('26-05-2020 00:00:01.00', 'dd-MM-yyyy hh:mm:ss.SS'), 'admin', 1, parsedatetime('26-05-2020 00:00:01.00', 'dd-MM-yyyy hh:mm:ss.SS'), 'admin', 0, '[\"\"]', 'author', 'Select the column you want,multiple columns separated by commas', 'ColumnNames', 0, 'columnNames', 1, 0, 'ff808181725050fe01725071796e0202', 0, NULL, 0);
INSERT INTO FLOW_STOPS_PROPERTY(ID, CRT_DTTM, CRT_USER, ENABLE_FLAG, LAST_UPDATE_DTTM, LAST_UPDATE_USER, VERSION, `allowable_values`, `custom_value`, `description`, `display_name`, `is_select`, `name`, `property_required`, `property_sensitive`, `fk_stops_id`, `is_locked`, `property_sort`, `is_old_data`) VALUES ('ff808181725050fe01725071796e0205', parsedatetime('26-05-2020 00:00:01.00', 'dd-MM-yyyy hh:mm:ss.SS'), 'admin', 1, parsedatetime('26-05-2020 00:00:01.00', 'dd-MM-yyyy hh:mm:ss.SS'), 'admin', 0, '[\"\"]', 'age', 'Select the column you want,multiple columns separated by commas', 'ColumnNames', 0, 'columnNames', 1, 0, 'ff808181725050fe01725071796e0204', 0, NULL, 0);
INSERT INTO FLOW_STOPS_PROPERTY(ID, CRT_DTTM, CRT_USER, ENABLE_FLAG, LAST_UPDATE_DTTM, LAST_UPDATE_USER, VERSION, `allowable_values`, `custom_value`, `description`, `display_name`, `is_select`, `name`, `property_required`, `property_sensitive`, `fk_stops_id`, `is_locked`, `property_sort`, `is_old_data`) VALUES ('ff808181725050fe01725071796e0207', parsedatetime('26-05-2020 00:00:01.00', 'dd-MM-yyyy hh:mm:ss.SS'), 'admin', 1, parsedatetime('26-05-2020 00:00:01.00', 'dd-MM-yyyy hh:mm:ss.SS'), 'admin', 0, '[\"\"]', 'title', 'Select the column you want,multiple columns separated by commas', 'ColumnNames', 0, 'columnNames', 1, 0, 'ff808181725050fe01725071796e0206', 0, NULL, 0);
INSERT INTO FLOW_STOPS_PROPERTY(ID, CRT_DTTM, CRT_USER, ENABLE_FLAG, LAST_UPDATE_DTTM, LAST_UPDATE_USER, VERSION, `allowable_values`, `custom_value`, `description`, `display_name`, `is_select`, `name`, `property_required`, `property_sensitive`, `fk_stops_id`, `is_locked`, `property_sort`, `is_old_data`) VALUES ('ff808181725050fe01725071796e0209', parsedatetime('26-05-2020 00:00:01.00', 'dd-MM-yyyy hh:mm:ss.SS'), 'admin', 1, parsedatetime('26-05-2020 00:00:01.00', 'dd-MM-yyyy hh:mm:ss.SS'), 'admin', 0, '[\"\"]', 'title,author,age', 'Select the column you want,multiple columns separated by commas', 'ColumnNames', 0, 'columnNames', 1, 0, 'ff808181725050fe01725071796e0208', 0, NULL, 0);
INSERT INTO FLOW_STOPS_PROPERTY(ID, CRT_DTTM, CRT_USER, ENABLE_FLAG, LAST_UPDATE_DTTM, LAST_UPDATE_USER, VERSION, `allowable_values`, `custom_value`, `description`, `display_name`, `is_select`, `name`, `property_required`, `property_sensitive`, `fk_stops_id`, `is_locked`, `property_sort`, `is_old_data`) VALUES ('ff808181725050fe01725071796f020b', parsedatetime('26-05-2020 00:00:01.00', 'dd-MM-yyyy hh:mm:ss.SS'), 'admin', 1, parsedatetime('26-05-2020 00:00:01.00', 'dd-MM-yyyy hh:mm:ss.SS'), 'admin', 0, '[\"\"]', '10', 'The count of dataframe', 'Count', 0, 'count', 1, 0, 'ff808181725050fe01725071796f020a', 0, NULL, 0);
INSERT INTO FLOW_STOPS_PROPERTY(ID, CRT_DTTM, CRT_USER, ENABLE_FLAG, LAST_UPDATE_DTTM, LAST_UPDATE_USER, VERSION, `allowable_values`, `custom_value`, `description`, `display_name`, `is_select`, `name`, `property_required`, `property_sensitive`, `fk_stops_id`, `is_locked`, `property_sort`, `is_old_data`) VALUES ('ff808181725050fe01725071796f020c', parsedatetime('26-05-2020 00:00:01.00', 'dd-MM-yyyy hh:mm:ss.SS'), 'admin', 1, parsedatetime('26-05-2020 00:00:01.00', 'dd-MM-yyyy hh:mm:ss.SS'), 'admin', 0, '[\"\"]', 'title:String, author:String, age:Int, gender:String', 'The schema of mock data, format is column:columnType:isNullable. Separate multiple fields with commas. columnType can be String/Int/Long/Float/Double/Boolean. isNullable can be left blank, the default value is false. ', 'Schema', 0, 'schema', 1, 0, 'ff808181725050fe01725071796f020a', 0, NULL, 0);
INSERT INTO FLOW_STOPS_PROPERTY(ID, CRT_DTTM, CRT_USER, ENABLE_FLAG, LAST_UPDATE_DTTM, LAST_UPDATE_USER, VERSION, `allowable_values`, `custom_value`, `description`, `display_name`, `is_select`, `name`, `property_required`, `property_sensitive`, `fk_stops_id`, `is_locked`, `property_sort`, `is_old_data`) VALUES ('ff808181725050fe01725071796f020e', parsedatetime('26-05-2020 00:00:01.00', 'dd-MM-yyyy hh:mm:ss.SS'), 'admin', 1, parsedatetime('26-05-2020 00:00:01.00', 'dd-MM-yyyy hh:mm:ss.SS'), 'admin', 0, '[\"\"]', 'title:String, author:String, age:Int', 'The schema of mock data, format is column:columnType:isNullable. Separate multiple fields with commas. columnType can be String/Int/Long/Float/Double/Boolean. isNullable can be left blank, the default value is false. ', 'Schema', 0, 'schema', 1, 0, 'ff808181725050fe01725071796f020d', 0, NULL, 0);
INSERT INTO FLOW_STOPS_PROPERTY(ID, CRT_DTTM, CRT_USER, ENABLE_FLAG, LAST_UPDATE_DTTM, LAST_UPDATE_USER, VERSION, `allowable_values`, `custom_value`, `description`, `display_name`, `is_select`, `name`, `property_required`, `property_sensitive`, `fk_stops_id`, `is_locked`, `property_sort`, `is_old_data`) VALUES ('ff808181725050fe01725071796f020f', parsedatetime('26-05-2020 00:00:01.00', 'dd-MM-yyyy hh:mm:ss.SS'), 'admin', 1, parsedatetime('26-05-2020 00:00:01.00', 'dd-MM-yyyy hh:mm:ss.SS'), 'admin', 0, '[\"\"]', '10', 'The count of dataframe', 'Count', 0, 'count', 1, 0, 'ff808181725050fe01725071796f020d', 0, NULL, 0);

INSERT INTO MX_GRAPH_MODEL(ID, CRT_DTTM, CRT_USER, ENABLE_FLAG, LAST_UPDATE_DTTM, LAST_UPDATE_USER, VERSION, MX_ARROWS, MX_BACKGROUND, MX_CONNECT, MX_DX, MX_DY, MX_FOLD, MX_GRID, MX_GRIDSIZE, MX_GUIDES, MX_PAGE, MX_PAGEHEIGHT, MX_PAGESCALE, MX_PAGEWIDTH, MX_TOOLTIPS, FK_FLOW_ID, FK_FLOW_GROUP_ID, FK_PROCESS_ID, FK_PROCESS_GROUP_ID) VALUES ('649e9ea8335e4b85bed7d4b6dd1c47d6', parsedatetime('26-05-2020 00:00:01.00', 'dd-MM-yyyy hh:mm:ss.SS'), 'admin', 1, parsedatetime('26-05-2020 00:00:01.00', 'dd-MM-yyyy hh:mm:ss.SS'), 'admin', 1, NULL, NULL, NULL, NULL, NULL, NULL, NULL, NULL, NULL, NULL, NULL, NULL, NULL, NULL, '0641076d5ae840c09d2be5b71fw00001', NULL, NULL, NULL);

INSERT INTO MX_CELL(ID, CRT_DTTM, CRT_USER, ENABLE_FLAG, LAST_UPDATE_DTTM, LAST_UPDATE_USER, VERSION, MX_EDGE, MX_PAGEID, MX_PARENT, MX_SOURCE, MX_STYLE, MX_TARGET, MX_VALUE, MX_VERTEX, FK_MX_GRAPH_ID) VALUES ('ff808181725050fe01725071796f0210', parsedatetime('26-05-2020 00:00:01.00', 'dd-MM-yyyy hh:mm:ss.SS'), 'admin', 1, parsedatetime('26-05-2020 00:00:01.00', 'dd-MM-yyyy hh:mm:ss.SS'), 'admin', 0, NULL, '0', NULL, NULL, NULL, NULL, NULL, NULL, '649e9ea8335e4b85bed7d4b6dd1c47d6');
INSERT INTO MX_CELL(ID, CRT_DTTM, CRT_USER, ENABLE_FLAG, LAST_UPDATE_DTTM, LAST_UPDATE_USER, VERSION, MX_EDGE, MX_PAGEID, MX_PARENT, MX_SOURCE, MX_STYLE, MX_TARGET, MX_VALUE, MX_VERTEX, FK_MX_GRAPH_ID) VALUES ('ff808181725050fe01725071796f0211', parsedatetime('26-05-2020 00:00:01.00', 'dd-MM-yyyy hh:mm:ss.SS'), 'admin', 1, parsedatetime('26-05-2020 00:00:01.00', 'dd-MM-yyyy hh:mm:ss.SS'), 'admin', 0, NULL, '1', '0', NULL, NULL, NULL, NULL, NULL, '649e9ea8335e4b85bed7d4b6dd1c47d6');
INSERT INTO MX_CELL(ID, CRT_DTTM, CRT_USER, ENABLE_FLAG, LAST_UPDATE_DTTM, LAST_UPDATE_USER, VERSION, MX_EDGE, MX_PAGEID, MX_PARENT, MX_SOURCE, MX_STYLE, MX_TARGET, MX_VALUE, MX_VERTEX, FK_MX_GRAPH_ID) VALUES ('ff808181725050fe01725071796f0212', parsedatetime('26-05-2020 00:00:01.00', 'dd-MM-yyyy hh:mm:ss.SS'), 'admin', 1, parsedatetime('26-05-2020 00:00:01.00', 'dd-MM-yyyy hh:mm:ss.SS'), 'admin', 0, '1', '42', '1', '18', 'edgeStyle=orthogonalEdgeStyle;rounded=0;orthogonalLoop=1;jettySize=auto;html=1;', '24', NULL, NULL, '649e9ea8335e4b85bed7d4b6dd1c47d6');
INSERT INTO MX_CELL(ID, CRT_DTTM, CRT_USER, ENABLE_FLAG, LAST_UPDATE_DTTM, LAST_UPDATE_USER, VERSION, MX_EDGE, MX_PAGEID, MX_PARENT, MX_SOURCE, MX_STYLE, MX_TARGET, MX_VALUE, MX_VERTEX, FK_MX_GRAPH_ID) VALUES ('ff808181725050fe01725071796f0214', parsedatetime('26-05-2020 00:00:01.00', 'dd-MM-yyyy hh:mm:ss.SS'), 'admin', 1, parsedatetime('26-05-2020 00:00:01.00', 'dd-MM-yyyy hh:mm:ss.SS'), 'admin', 0, '1', '40', '1', '15', 'edgeStyle=orthogonalEdgeStyle;rounded=0;orthogonalLoop=1;jettySize=auto;html=1;', '18', NULL, NULL, '649e9ea8335e4b85bed7d4b6dd1c47d6');
INSERT INTO MX_CELL(ID, CRT_DTTM, CRT_USER, ENABLE_FLAG, LAST_UPDATE_DTTM, LAST_UPDATE_USER, VERSION, MX_EDGE, MX_PAGEID, MX_PARENT, MX_SOURCE, MX_STYLE, MX_TARGET, MX_VALUE, MX_VERTEX, FK_MX_GRAPH_ID) VALUES ('ff808181725050fe01725071796f0216', parsedatetime('26-05-2020 00:00:01.00', 'dd-MM-yyyy hh:mm:ss.SS'), 'admin', 1, parsedatetime('26-05-2020 00:00:01.00', 'dd-MM-yyyy hh:mm:ss.SS'), 'admin', 0, NULL, '26', '1', NULL, 'text;html=1;align=center;verticalAlign=middle;resizable=0;points=[];autosize=1;', NULL, '选择数据：<span style=\"font-size: 13.3333px\">title, author, age</span>', '1', '649e9ea8335e4b85bed7d4b6dd1c47d6');
INSERT INTO MX_CELL(ID, CRT_DTTM, CRT_USER, ENABLE_FLAG, LAST_UPDATE_DTTM, LAST_UPDATE_USER, VERSION, MX_EDGE, MX_PAGEID, MX_PARENT, MX_SOURCE, MX_STYLE, MX_TARGET, MX_VALUE, MX_VERTEX, FK_MX_GRAPH_ID) VALUES ('ff808181725050fe01725071796f0218', parsedatetime('26-05-2020 00:00:01.00', 'dd-MM-yyyy hh:mm:ss.SS'), 'admin', 1, parsedatetime('26-05-2020 00:00:01.00', 'dd-MM-yyyy hh:mm:ss.SS'), 'admin', 0, NULL, '18', '1', NULL, 'image;html=1;labelBackgroundColor=#ffffff00;image=/piflow-web/images/Fork_128x128.png', NULL, 'Fork', '1', '649e9ea8335e4b85bed7d4b6dd1c47d6');
INSERT INTO MX_CELL(ID, CRT_DTTM, CRT_USER, ENABLE_FLAG, LAST_UPDATE_DTTM, LAST_UPDATE_USER, VERSION, MX_EDGE, MX_PAGEID, MX_PARENT, MX_SOURCE, MX_STYLE, MX_TARGET, MX_VALUE, MX_VERTEX, FK_MX_GRAPH_ID) VALUES ('ff808181725050fe01725071796f021a', parsedatetime('26-05-2020 00:00:01.00', 'dd-MM-yyyy hh:mm:ss.SS'), 'admin', 1, parsedatetime('26-05-2020 00:00:01.00', 'dd-MM-yyyy hh:mm:ss.SS'), 'admin', 0, NULL, '20', '1', NULL, 'image;html=1;labelBackgroundColor=#ffffff00;image=/piflow-web/images/SelectField_128x128.png', NULL, 'SelectField18', '1', '649e9ea8335e4b85bed7d4b6dd1c47d6');
INSERT INTO MX_CELL(ID, CRT_DTTM, CRT_USER, ENABLE_FLAG, LAST_UPDATE_DTTM, LAST_UPDATE_USER, VERSION, MX_EDGE, MX_PAGEID, MX_PARENT, MX_SOURCE, MX_STYLE, MX_TARGET, MX_VALUE, MX_VERTEX, FK_MX_GRAPH_ID) VALUES ('ff808181725050fe01725071796f021c', parsedatetime('26-05-2020 00:00:01.00', 'dd-MM-yyyy hh:mm:ss.SS'), 'admin', 1, parsedatetime('26-05-2020 00:00:01.00', 'dd-MM-yyyy hh:mm:ss.SS'), 'admin', 0, NULL, '13', '1', NULL, 'image;html=1;labelBackgroundColor=#ffffff00;image=/piflow-web/images/SelectField_128x128.png', NULL, 'SelectField', '1', '649e9ea8335e4b85bed7d4b6dd1c47d6');
INSERT INTO MX_CELL(ID, CRT_DTTM, CRT_USER, ENABLE_FLAG, LAST_UPDATE_DTTM, LAST_UPDATE_USER, VERSION, MX_EDGE, MX_PAGEID, MX_PARENT, MX_SOURCE, MX_STYLE, MX_TARGET, MX_VALUE, MX_VERTEX, FK_MX_GRAPH_ID) VALUES ('ff808181725050fe01725071796f021e', parsedatetime('26-05-2020 00:00:01.00', 'dd-MM-yyyy hh:mm:ss.SS'), 'admin', 1, parsedatetime('26-05-2020 00:00:01.00', 'dd-MM-yyyy hh:mm:ss.SS'), 'admin', 0, NULL, '24', '1', NULL, 'image;html=1;labelBackgroundColor=#ffffff00;image=/piflow-web/images/SelectField_128x128.png', NULL, 'SelectField22', '1', '649e9ea8335e4b85bed7d4b6dd1c47d6');
INSERT INTO MX_CELL(ID, CRT_DTTM, CRT_USER, ENABLE_FLAG, LAST_UPDATE_DTTM, LAST_UPDATE_USER, VERSION, MX_EDGE, MX_PAGEID, MX_PARENT, MX_SOURCE, MX_STYLE, MX_TARGET, MX_VALUE, MX_VERTEX, FK_MX_GRAPH_ID) VALUES ('ff808181725050fe01725071796f0220', parsedatetime('26-05-2020 00:00:01.00', 'dd-MM-yyyy hh:mm:ss.SS'), 'admin', 1, parsedatetime('26-05-2020 00:00:01.00', 'dd-MM-yyyy hh:mm:ss.SS'), 'admin', 0, NULL, '15', '1', NULL, 'image;html=1;labelBackgroundColor=#ffffff00;image=/piflow-web/images/Merge_128x128.png', NULL, 'Merge', '1', '649e9ea8335e4b85bed7d4b6dd1c47d6');
INSERT INTO MX_CELL(ID, CRT_DTTM, CRT_USER, ENABLE_FLAG, LAST_UPDATE_DTTM, LAST_UPDATE_USER, VERSION, MX_EDGE, MX_PAGEID, MX_PARENT, MX_SOURCE, MX_STYLE, MX_TARGET, MX_VALUE, MX_VERTEX, FK_MX_GRAPH_ID) VALUES ('ff808181725050fe01725071796f0222', parsedatetime('26-05-2020 00:00:01.00', 'dd-MM-yyyy hh:mm:ss.SS'), 'admin', 1, parsedatetime('26-05-2020 00:00:01.00', 'dd-MM-yyyy hh:mm:ss.SS'), 'admin', 0, NULL, '9', '1', NULL, 'image;html=1;labelBackgroundColor=#ffffff00;image=/piflow-web/images/MockData_128x128.png', NULL, 'MockData7', '1', '649e9ea8335e4b85bed7d4b6dd1c47d6');
INSERT INTO MX_CELL(ID, CRT_DTTM, CRT_USER, ENABLE_FLAG, LAST_UPDATE_DTTM, LAST_UPDATE_USER, VERSION, MX_EDGE, MX_PAGEID, MX_PARENT, MX_SOURCE, MX_STYLE, MX_TARGET, MX_VALUE, MX_VERTEX, FK_MX_GRAPH_ID) VALUES ('ff808181725050fe01725071796f0224', parsedatetime('26-05-2020 00:00:01.00', 'dd-MM-yyyy hh:mm:ss.SS'), 'admin', 1, parsedatetime('26-05-2020 00:00:01.00', 'dd-MM-yyyy hh:mm:ss.SS'), 'admin', 0, NULL, '22', '1', NULL, 'image;html=1;labelBackgroundColor=#ffffff00;image=/piflow-web/images/SelectField_128x128.png', NULL, 'SelectField20', '1', '649e9ea8335e4b85bed7d4b6dd1c47d6');
INSERT INTO MX_CELL(ID, CRT_DTTM, CRT_USER, ENABLE_FLAG, LAST_UPDATE_DTTM, LAST_UPDATE_USER, VERSION, MX_EDGE, MX_PAGEID, MX_PARENT, MX_SOURCE, MX_STYLE, MX_TARGET, MX_VALUE, MX_VERTEX, FK_MX_GRAPH_ID) VALUES ('ff808181725050fe01725071796f0226', parsedatetime('26-05-2020 00:00:01.00', 'dd-MM-yyyy hh:mm:ss.SS'), 'admin', 1, parsedatetime('26-05-2020 00:00:01.00', 'dd-MM-yyyy hh:mm:ss.SS'), 'admin', 0, '1', '41', '1', '18', 'edgeStyle=orthogonalEdgeStyle;rounded=0;orthogonalLoop=1;jettySize=auto;html=1;', '20', NULL, NULL, '649e9ea8335e4b85bed7d4b6dd1c47d6');
INSERT INTO MX_CELL(ID, CRT_DTTM, CRT_USER, ENABLE_FLAG, LAST_UPDATE_DTTM, LAST_UPDATE_USER, VERSION, MX_EDGE, MX_PAGEID, MX_PARENT, MX_SOURCE, MX_STYLE, MX_TARGET, MX_VALUE, MX_VERTEX, FK_MX_GRAPH_ID) VALUES ('ff808181725050fe01725071796f0228', parsedatetime('26-05-2020 00:00:01.00', 'dd-MM-yyyy hh:mm:ss.SS'), 'admin', 1, parsedatetime('26-05-2020 00:00:01.00', 'dd-MM-yyyy hh:mm:ss.SS'), 'admin', 0, '1', '39', '1', '13', 'edgeStyle=orthogonalEdgeStyle;rounded=0;orthogonalLoop=1;jettySize=auto;html=1;entryX=0.5;entryY=0;entryDx=0;entryDy=0;', '15', NULL, NULL, '649e9ea8335e4b85bed7d4b6dd1c47d6');
INSERT INTO MX_CELL(ID, CRT_DTTM, CRT_USER, ENABLE_FLAG, LAST_UPDATE_DTTM, LAST_UPDATE_USER, VERSION, MX_EDGE, MX_PAGEID, MX_PARENT, MX_SOURCE, MX_STYLE, MX_TARGET, MX_VALUE, MX_VERTEX, FK_MX_GRAPH_ID) VALUES ('ff808181725050fe01725071796f022a', parsedatetime('26-05-2020 00:00:01.00', 'dd-MM-yyyy hh:mm:ss.SS'), 'admin', 1, parsedatetime('26-05-2020 00:00:01.00', 'dd-MM-yyyy hh:mm:ss.SS'), 'admin', 0, NULL, '27', '1', NULL, 'text;html=1;align=center;verticalAlign=middle;resizable=0;points=[];autosize=1;', NULL, '合流', '1', '649e9ea8335e4b85bed7d4b6dd1c47d6');
INSERT INTO MX_CELL(ID, CRT_DTTM, CRT_USER, ENABLE_FLAG, LAST_UPDATE_DTTM, LAST_UPDATE_USER, VERSION, MX_EDGE, MX_PAGEID, MX_PARENT, MX_SOURCE, MX_STYLE, MX_TARGET, MX_VALUE, MX_VERTEX, FK_MX_GRAPH_ID) VALUES ('ff808181725050fe01725071796f022c', parsedatetime('26-05-2020 00:00:01.00', 'dd-MM-yyyy hh:mm:ss.SS'), 'admin', 1, parsedatetime('26-05-2020 00:00:01.00', 'dd-MM-yyyy hh:mm:ss.SS'), 'admin', 0, NULL, '7', '1', NULL, 'text;html=1;align=center;verticalAlign=middle;resizable=0;points=[];autosize=1;', NULL, '模拟测试数据：<span style=\"font-size: 13.3333px\">title, author, age</span>', '1', '649e9ea8335e4b85bed7d4b6dd1c47d6');
INSERT INTO MX_CELL(ID, CRT_DTTM, CRT_USER, ENABLE_FLAG, LAST_UPDATE_DTTM, LAST_UPDATE_USER, VERSION, MX_EDGE, MX_PAGEID, MX_PARENT, MX_SOURCE, MX_STYLE, MX_TARGET, MX_VALUE, MX_VERTEX, FK_MX_GRAPH_ID) VALUES ('ff808181725050fe01725071796f022e', parsedatetime('26-05-2020 00:00:01.00', 'dd-MM-yyyy hh:mm:ss.SS'), 'admin', 1, parsedatetime('26-05-2020 00:00:01.00', 'dd-MM-yyyy hh:mm:ss.SS'), 'admin', 0, NULL, '28', '1', NULL, 'text;html=1;align=center;verticalAlign=middle;resizable=0;points=[];autosize=1;', NULL, '分流', '1', '649e9ea8335e4b85bed7d4b6dd1c47d6');
INSERT INTO MX_CELL(ID, CRT_DTTM, CRT_USER, ENABLE_FLAG, LAST_UPDATE_DTTM, LAST_UPDATE_USER, VERSION, MX_EDGE, MX_PAGEID, MX_PARENT, MX_SOURCE, MX_STYLE, MX_TARGET, MX_VALUE, MX_VERTEX, FK_MX_GRAPH_ID) VALUES ('ff808181725050fe01725071796f0230', parsedatetime('26-05-2020 00:00:01.00', 'dd-MM-yyyy hh:mm:ss.SS'), 'admin', 1, parsedatetime('26-05-2020 00:00:01.00', 'dd-MM-yyyy hh:mm:ss.SS'), 'admin', 0, '1', '38', '1', '4', 'edgeStyle=orthogonalEdgeStyle;rounded=0;orthogonalLoop=1;jettySize=auto;html=1;', '15', NULL, NULL, '649e9ea8335e4b85bed7d4b6dd1c47d6');
INSERT INTO MX_CELL(ID, CRT_DTTM, CRT_USER, ENABLE_FLAG, LAST_UPDATE_DTTM, LAST_UPDATE_USER, VERSION, MX_EDGE, MX_PAGEID, MX_PARENT, MX_SOURCE, MX_STYLE, MX_TARGET, MX_VALUE, MX_VERTEX, FK_MX_GRAPH_ID) VALUES ('ff808181725050fe01725071796f0232', parsedatetime('26-05-2020 00:00:01.00', 'dd-MM-yyyy hh:mm:ss.SS'), 'admin', 1, parsedatetime('26-05-2020 00:00:01.00', 'dd-MM-yyyy hh:mm:ss.SS'), 'admin', 0, '1', '43', '1', '18', 'edgeStyle=orthogonalEdgeStyle;rounded=0;orthogonalLoop=1;jettySize=auto;html=1;', '22', NULL, NULL, '649e9ea8335e4b85bed7d4b6dd1c47d6');
INSERT INTO MX_CELL(ID, CRT_DTTM, CRT_USER, ENABLE_FLAG, LAST_UPDATE_DTTM, LAST_UPDATE_USER, VERSION, MX_EDGE, MX_PAGEID, MX_PARENT, MX_SOURCE, MX_STYLE, MX_TARGET, MX_VALUE, MX_VERTEX, FK_MX_GRAPH_ID) VALUES ('ff808181725050fe0172507179700234', parsedatetime('26-05-2020 00:00:01.00', 'dd-MM-yyyy hh:mm:ss.SS'), 'admin', 1, parsedatetime('26-05-2020 00:00:01.00', 'dd-MM-yyyy hh:mm:ss.SS'), 'admin', 0, NULL, '12', '1', NULL, 'text;html=1;align=center;verticalAlign=middle;resizable=0;points=[];autosize=1;', NULL, '模拟生成数据：title, author, age, gender', '1', '649e9ea8335e4b85bed7d4b6dd1c47d6');
INSERT INTO MX_CELL(ID, CRT_DTTM, CRT_USER, ENABLE_FLAG, LAST_UPDATE_DTTM, LAST_UPDATE_USER, VERSION, MX_EDGE, MX_PAGEID, MX_PARENT, MX_SOURCE, MX_STYLE, MX_TARGET, MX_VALUE, MX_VERTEX, FK_MX_GRAPH_ID) VALUES ('ff808181725050fe0172507179700236', parsedatetime('26-05-2020 00:00:01.00', 'dd-MM-yyyy hh:mm:ss.SS'), 'admin', 1, parsedatetime('26-05-2020 00:00:01.00', 'dd-MM-yyyy hh:mm:ss.SS'), 'admin', 0, '1', '37', '1', '9', 'edgeStyle=orthogonalEdgeStyle;rounded=0;orthogonalLoop=1;jettySize=auto;html=1;', '13', NULL, NULL, '649e9ea8335e4b85bed7d4b6dd1c47d6');
INSERT INTO MX_CELL(ID, CRT_DTTM, CRT_USER, ENABLE_FLAG, LAST_UPDATE_DTTM, LAST_UPDATE_USER, VERSION, MX_EDGE, MX_PAGEID, MX_PARENT, MX_SOURCE, MX_STYLE, MX_TARGET, MX_VALUE, MX_VERTEX, FK_MX_GRAPH_ID) VALUES ('ff808181725050fe0172507179700238', parsedatetime('26-05-2020 00:00:01.00', 'dd-MM-yyyy hh:mm:ss.SS'), 'admin', 1, parsedatetime('26-05-2020 00:00:01.00', 'dd-MM-yyyy hh:mm:ss.SS'), 'admin', 0, NULL, '4', '1', NULL, 'image;html=1;labelBackgroundColor=#ffffff00;image=/piflow-web/images/MockData_128x128.png', NULL, 'MockData', '1', '649e9ea8335e4b85bed7d4b6dd1c47d6');

INSERT INTO MX_GEOMETRY(ID, CRT_DTTM, CRT_USER, ENABLE_FLAG, LAST_UPDATE_DTTM, LAST_UPDATE_USER, VERSION, MX_AS, MX_HEIGHT, MX_RELATIVE, MX_WIDTH, MX_X, MX_Y, FK_MX_CELL_ID) VALUES ('ff808181725050fe01725071796f0213', parsedatetime('26-05-2020 00:00:01.00', 'dd-MM-yyyy hh:mm:ss.SS'), 'admin', 1, parsedatetime('26-05-2020 00:00:01.00', 'dd-MM-yyyy hh:mm:ss.SS'), 'admin', 0, 'geometry', NULL, '1', NULL, NULL, NULL, 'ff808181725050fe01725071796f0212');
INSERT INTO MX_GEOMETRY(ID, CRT_DTTM, CRT_USER, ENABLE_FLAG, LAST_UPDATE_DTTM, LAST_UPDATE_USER, VERSION, MX_AS, MX_HEIGHT, MX_RELATIVE, MX_WIDTH, MX_X, MX_Y, FK_MX_CELL_ID) VALUES ('ff808181725050fe01725071796f0215', parsedatetime('26-05-2020 00:00:01.00', 'dd-MM-yyyy hh:mm:ss.SS'), 'admin', 1, parsedatetime('26-05-2020 00:00:01.00', 'dd-MM-yyyy hh:mm:ss.SS'), 'admin', 0, 'geometry', NULL, '1', NULL, NULL, NULL, 'ff808181725050fe01725071796f0214');
INSERT INTO MX_GEOMETRY(ID, CRT_DTTM, CRT_USER, ENABLE_FLAG, LAST_UPDATE_DTTM, LAST_UPDATE_USER, VERSION, MX_AS, MX_HEIGHT, MX_RELATIVE, MX_WIDTH, MX_X, MX_Y, FK_MX_CELL_ID) VALUES ('ff808181725050fe01725071796f0217', parsedatetime('26-05-2020 00:00:01.00', 'dd-MM-yyyy hh:mm:ss.SS'), 'admin', 1, parsedatetime('26-05-2020 00:00:01.00', 'dd-MM-yyyy hh:mm:ss.SS'), 'admin', 0, 'geometry', '20', NULL, '180', '560', '417', 'ff808181725050fe01725071796f0216');
INSERT INTO MX_GEOMETRY(ID, CRT_DTTM, CRT_USER, ENABLE_FLAG, LAST_UPDATE_DTTM, LAST_UPDATE_USER, VERSION, MX_AS, MX_HEIGHT, MX_RELATIVE, MX_WIDTH, MX_X, MX_Y, FK_MX_CELL_ID) VALUES ('ff808181725050fe01725071796f0219', parsedatetime('26-05-2020 00:00:01.00', 'dd-MM-yyyy hh:mm:ss.SS'), 'admin', 1, parsedatetime('26-05-2020 00:00:01.00', 'dd-MM-yyyy hh:mm:ss.SS'), 'admin', 0, 'geometry', '66', NULL, '66', '360', '730', 'ff808181725050fe01725071796f0218');
INSERT INTO MX_GEOMETRY(ID, CRT_DTTM, CRT_USER, ENABLE_FLAG, LAST_UPDATE_DTTM, LAST_UPDATE_USER, VERSION, MX_AS, MX_HEIGHT, MX_RELATIVE, MX_WIDTH, MX_X, MX_Y, FK_MX_CELL_ID) VALUES ('ff808181725050fe01725071796f021b', parsedatetime('26-05-2020 00:00:01.00', 'dd-MM-yyyy hh:mm:ss.SS'), 'admin', 1, parsedatetime('26-05-2020 00:00:01.00', 'dd-MM-yyyy hh:mm:ss.SS'), 'admin', 0, 'geometry', '66', NULL, '66', '190', '840', 'ff808181725050fe01725071796f021a');
INSERT INTO MX_GEOMETRY(ID, CRT_DTTM, CRT_USER, ENABLE_FLAG, LAST_UPDATE_DTTM, LAST_UPDATE_USER, VERSION, MX_AS, MX_HEIGHT, MX_RELATIVE, MX_WIDTH, MX_X, MX_Y, FK_MX_CELL_ID) VALUES ('ff808181725050fe01725071796f021d', parsedatetime('26-05-2020 00:00:01.00', 'dd-MM-yyyy hh:mm:ss.SS'), 'admin', 1, parsedatetime('26-05-2020 00:00:01.00', 'dd-MM-yyyy hh:mm:ss.SS'), 'admin', 0, 'geometry', '66', NULL, '66', '476', '394', 'ff808181725050fe01725071796f021c');
INSERT INTO MX_GEOMETRY(ID, CRT_DTTM, CRT_USER, ENABLE_FLAG, LAST_UPDATE_DTTM, LAST_UPDATE_USER, VERSION, MX_AS, MX_HEIGHT, MX_RELATIVE, MX_WIDTH, MX_X, MX_Y, FK_MX_CELL_ID) VALUES ('ff808181725050fe01725071796f021f', parsedatetime('26-05-2020 00:00:01.00', 'dd-MM-yyyy hh:mm:ss.SS'), 'admin', 1, parsedatetime('26-05-2020 00:00:01.00', 'dd-MM-yyyy hh:mm:ss.SS'), 'admin', 0, 'geometry', '66', NULL, '66', '360', '840', 'ff808181725050fe01725071796f021e');
INSERT INTO MX_GEOMETRY(ID, CRT_DTTM, CRT_USER, ENABLE_FLAG, LAST_UPDATE_DTTM, LAST_UPDATE_USER, VERSION, MX_AS, MX_HEIGHT, MX_RELATIVE, MX_WIDTH, MX_X, MX_Y, FK_MX_CELL_ID) VALUES ('ff808181725050fe01725071796f0221', parsedatetime('26-05-2020 00:00:01.00', 'dd-MM-yyyy hh:mm:ss.SS'), 'admin', 1, parsedatetime('26-05-2020 00:00:01.00', 'dd-MM-yyyy hh:mm:ss.SS'), 'admin', 0, 'geometry', '66', NULL, '66', '360', '570', 'ff808181725050fe01725071796f0220');
INSERT INTO MX_GEOMETRY(ID, CRT_DTTM, CRT_USER, ENABLE_FLAG, LAST_UPDATE_DTTM, LAST_UPDATE_USER, VERSION, MX_AS, MX_HEIGHT, MX_RELATIVE, MX_WIDTH, MX_X, MX_Y, FK_MX_CELL_ID) VALUES ('ff808181725050fe01725071796f0223', parsedatetime('26-05-2020 00:00:01.00', 'dd-MM-yyyy hh:mm:ss.SS'), 'admin', 1, parsedatetime('26-05-2020 00:00:01.00', 'dd-MM-yyyy hh:mm:ss.SS'), 'admin', 0, 'geometry', '66', NULL, '66', '476', '234', 'ff808181725050fe01725071796f0222');
INSERT INTO MX_GEOMETRY(ID, CRT_DTTM, CRT_USER, ENABLE_FLAG, LAST_UPDATE_DTTM, LAST_UPDATE_USER, VERSION, MX_AS, MX_HEIGHT, MX_RELATIVE, MX_WIDTH, MX_X, MX_Y, FK_MX_CELL_ID) VALUES ('ff808181725050fe01725071796f0225', parsedatetime('26-05-2020 00:00:01.00', 'dd-MM-yyyy hh:mm:ss.SS'), 'admin', 1, parsedatetime('26-05-2020 00:00:01.00', 'dd-MM-yyyy hh:mm:ss.SS'), 'admin', 0, 'geometry', '66', NULL, '66', '529', '840', 'ff808181725050fe01725071796f0224');
INSERT INTO MX_GEOMETRY(ID, CRT_DTTM, CRT_USER, ENABLE_FLAG, LAST_UPDATE_DTTM, LAST_UPDATE_USER, VERSION, MX_AS, MX_HEIGHT, MX_RELATIVE, MX_WIDTH, MX_X, MX_Y, FK_MX_CELL_ID) VALUES ('ff808181725050fe01725071796f0227', parsedatetime('26-05-2020 00:00:01.00', 'dd-MM-yyyy hh:mm:ss.SS'), 'admin', 1, parsedatetime('26-05-2020 00:00:01.00', 'dd-MM-yyyy hh:mm:ss.SS'), 'admin', 0, 'geometry', NULL, '1', NULL, NULL, NULL, 'ff808181725050fe01725071796f0226');
INSERT INTO MX_GEOMETRY(ID, CRT_DTTM, CRT_USER, ENABLE_FLAG, LAST_UPDATE_DTTM, LAST_UPDATE_USER, VERSION, MX_AS, MX_HEIGHT, MX_RELATIVE, MX_WIDTH, MX_X, MX_Y, FK_MX_CELL_ID) VALUES ('ff808181725050fe01725071796f0229', parsedatetime('26-05-2020 00:00:01.00', 'dd-MM-yyyy hh:mm:ss.SS'), 'admin', 1, parsedatetime('26-05-2020 00:00:01.00', 'dd-MM-yyyy hh:mm:ss.SS'), 'admin', 0, 'geometry', NULL, '1', NULL, NULL, NULL, 'ff808181725050fe01725071796f0228');
INSERT INTO MX_GEOMETRY(ID, CRT_DTTM, CRT_USER, ENABLE_FLAG, LAST_UPDATE_DTTM, LAST_UPDATE_USER, VERSION, MX_AS, MX_HEIGHT, MX_RELATIVE, MX_WIDTH, MX_X, MX_Y, FK_MX_CELL_ID) VALUES ('ff808181725050fe01725071796f022b', parsedatetime('26-05-2020 00:00:01.00', 'dd-MM-yyyy hh:mm:ss.SS'), 'admin', 1, parsedatetime('26-05-2020 00:00:01.00', 'dd-MM-yyyy hh:mm:ss.SS'), 'admin', 0, 'geometry', '20', NULL, '40', '435', '601', 'ff808181725050fe01725071796f022a');
INSERT INTO MX_GEOMETRY(ID, CRT_DTTM, CRT_USER, ENABLE_FLAG, LAST_UPDATE_DTTM, LAST_UPDATE_USER, VERSION, MX_AS, MX_HEIGHT, MX_RELATIVE, MX_WIDTH, MX_X, MX_Y, FK_MX_CELL_ID) VALUES ('ff808181725050fe01725071796f022d', parsedatetime('26-05-2020 00:00:01.00', 'dd-MM-yyyy hh:mm:ss.SS'), 'admin', 1, parsedatetime('26-05-2020 00:00:01.00', 'dd-MM-yyyy hh:mm:ss.SS'), 'admin', 0, 'geometry', '20', NULL, '200', '153', '360', 'ff808181725050fe01725071796f022c');
INSERT INTO MX_GEOMETRY(ID, CRT_DTTM, CRT_USER, ENABLE_FLAG, LAST_UPDATE_DTTM, LAST_UPDATE_USER, VERSION, MX_AS, MX_HEIGHT, MX_RELATIVE, MX_WIDTH, MX_X, MX_Y, FK_MX_CELL_ID) VALUES ('ff808181725050fe01725071796f022f', parsedatetime('26-05-2020 00:00:01.00', 'dd-MM-yyyy hh:mm:ss.SS'), 'admin', 1, parsedatetime('26-05-2020 00:00:01.00', 'dd-MM-yyyy hh:mm:ss.SS'), 'admin', 0, 'geometry', '20', NULL, '40', '435', '735', 'ff808181725050fe01725071796f022e');
INSERT INTO MX_GEOMETRY(ID, CRT_DTTM, CRT_USER, ENABLE_FLAG, LAST_UPDATE_DTTM, LAST_UPDATE_USER, VERSION, MX_AS, MX_HEIGHT, MX_RELATIVE, MX_WIDTH, MX_X, MX_Y, FK_MX_CELL_ID) VALUES ('ff808181725050fe01725071796f0231', parsedatetime('26-05-2020 00:00:01.00', 'dd-MM-yyyy hh:mm:ss.SS'), 'admin', 1, parsedatetime('26-05-2020 00:00:01.00', 'dd-MM-yyyy hh:mm:ss.SS'), 'admin', 0, 'geometry', NULL, '1', NULL, NULL, NULL, 'ff808181725050fe01725071796f0230');
INSERT INTO MX_GEOMETRY(ID, CRT_DTTM, CRT_USER, ENABLE_FLAG, LAST_UPDATE_DTTM, LAST_UPDATE_USER, VERSION, MX_AS, MX_HEIGHT, MX_RELATIVE, MX_WIDTH, MX_X, MX_Y, FK_MX_CELL_ID) VALUES ('ff808181725050fe01725071796f0233', parsedatetime('26-05-2020 00:00:01.00', 'dd-MM-yyyy hh:mm:ss.SS'), 'admin', 1, parsedatetime('26-05-2020 00:00:01.00', 'dd-MM-yyyy hh:mm:ss.SS'), 'admin', 0, 'geometry', NULL, '1', NULL, NULL, NULL, 'ff808181725050fe01725071796f0232');
INSERT INTO MX_GEOMETRY(ID, CRT_DTTM, CRT_USER, ENABLE_FLAG, LAST_UPDATE_DTTM, LAST_UPDATE_USER, VERSION, MX_AS, MX_HEIGHT, MX_RELATIVE, MX_WIDTH, MX_X, MX_Y, FK_MX_CELL_ID) VALUES ('ff808181725050fe0172507179700235', parsedatetime('26-05-2020 00:00:01.00', 'dd-MM-yyyy hh:mm:ss.SS'), 'admin', 1, parsedatetime('26-05-2020 00:00:01.00', 'dd-MM-yyyy hh:mm:ss.SS'), 'admin', 0, 'geometry', '20', NULL, '230', '490', '210', 'ff808181725050fe0172507179700234');
INSERT INTO MX_GEOMETRY(ID, CRT_DTTM, CRT_USER, ENABLE_FLAG, LAST_UPDATE_DTTM, LAST_UPDATE_USER, VERSION, MX_AS, MX_HEIGHT, MX_RELATIVE, MX_WIDTH, MX_X, MX_Y, FK_MX_CELL_ID) VALUES ('ff808181725050fe0172507179700237', parsedatetime('26-05-2020 00:00:01.00', 'dd-MM-yyyy hh:mm:ss.SS'), 'admin', 1, parsedatetime('26-05-2020 00:00:01.00', 'dd-MM-yyyy hh:mm:ss.SS'), 'admin', 0, 'geometry', NULL, '1', NULL, NULL, NULL, 'ff808181725050fe0172507179700236');
INSERT INTO MX_GEOMETRY(ID, CRT_DTTM, CRT_USER, ENABLE_FLAG, LAST_UPDATE_DTTM, LAST_UPDATE_USER, VERSION, MX_AS, MX_HEIGHT, MX_RELATIVE, MX_WIDTH, MX_X, MX_Y, FK_MX_CELL_ID) VALUES ('ff808181725050fe0172507179700239', parsedatetime('26-05-2020 00:00:01.00', 'dd-MM-yyyy hh:mm:ss.SS'), 'admin', 1, parsedatetime('26-05-2020 00:00:01.00', 'dd-MM-yyyy hh:mm:ss.SS'), 'admin', 0, 'geometry', '66', NULL, '66', '220', '394', 'ff808181725050fe0172507179700238');







INSERT INTO FLOW_GROUP(ID, CRT_DTTM, CRT_USER, ENABLE_FLAG, LAST_UPDATE_DTTM, LAST_UPDATE_USER, VERSION, DESCRIPTION, IS_EXAMPLE, NAME, UUID, PAGE_ID, FK_FLOW_GROUP_ID) VALUES ('ff808181725050fe017250group10002', parsedatetime('26-05-2020 00:00:01.00', 'dd-MM-yyyy hh:mm:ss.SS'), 'admin', 1, parsedatetime('26-05-2020 00:00:01.00', 'dd-MM-yyyy hh:mm:ss.SS'), 'admin', 0, 'GroupExample', 1, 'GroupExample', NULL, NULL, NULL);
INSERT INTO FLOW_GROUP(ID, CRT_DTTM, CRT_USER, ENABLE_FLAG, LAST_UPDATE_DTTM, LAST_UPDATE_USER, VERSION, DESCRIPTION, IS_EXAMPLE, NAME, UUID, PAGE_ID, FK_FLOW_GROUP_ID) VALUES ('ff808181725050fe017250b8d1f6023c', parsedatetime('26-05-2020 00:00:01.00', 'dd-MM-yyyy hh:mm:ss.SS'), 'admin', 1, parsedatetime('26-05-2020 00:00:01.00', 'dd-MM-yyyy hh:mm:ss.SS'), 'admin', 0, 'first group， include f1 and f2', 1, 'group_collect', NULL, '3', 'ff808181725050fe017250group10002');
INSERT INTO FLOW_GROUP(ID, CRT_DTTM, CRT_USER, ENABLE_FLAG, LAST_UPDATE_DTTM, LAST_UPDATE_USER, VERSION, DESCRIPTION, IS_EXAMPLE, NAME, UUID, PAGE_ID, FK_FLOW_GROUP_ID) VALUES ('ff808181725050fe017250b8d1fa02db', parsedatetime('26-05-2020 00:00:01.00', 'dd-MM-yyyy hh:mm:ss.SS'), 'admin', 1, parsedatetime('26-05-2020 00:00:01.00', 'dd-MM-yyyy hh:mm:ss.SS'), 'admin', 0, 'g2， include f5', 1, 'g2', NULL, '8', 'ff808181725050fe017250group10002');
INSERT INTO FLOW_GROUP(ID, CRT_DTTM, CRT_USER, ENABLE_FLAG, LAST_UPDATE_DTTM, LAST_UPDATE_USER, VERSION, DESCRIPTION, IS_EXAMPLE, NAME, UUID, PAGE_ID, FK_FLOW_GROUP_ID) VALUES ('ff808181725050fe017250b8d1f7023d', parsedatetime('26-05-2020 00:00:01.00', 'dd-MM-yyyy hh:mm:ss.SS'), 'admin', 1, parsedatetime('26-05-2020 00:00:01.00', 'dd-MM-yyyy hh:mm:ss.SS'), 'admin', 0, 'innerGroup', 1, 'innerGroup', NULL, '6', 'ff808181725050fe017250b8d1f6023c');

INSERT INTO FLOW_GROUP_PATH(ID, CRT_DTTM, CRT_USER, ENABLE_FLAG, LAST_UPDATE_DTTM, LAST_UPDATE_USER, VERSION, FILTER_CONDITION, LINE_FROM, LINE_INPORT, LINE_OUTPORT, PAGE_ID, LINE_TO, FK_FLOW_GROUP_ID) VALUES ('ff808181725050fe017250b8d1f8026b', parsedatetime('26-05-2020 00:00:01.00', 'dd-MM-yyyy hh:mm:ss.SS'), 'admin', 1, parsedatetime('26-05-2020 00:00:01.00', 'dd-MM-yyyy hh:mm:ss.SS'), 'admin', 0, NULL, '3', NULL, NULL, '7', '6', 'ff808181725050fe017250b8d1f6023c');
INSERT INTO FLOW_GROUP_PATH(ID, CRT_DTTM, CRT_USER, ENABLE_FLAG, LAST_UPDATE_DTTM, LAST_UPDATE_USER, VERSION, FILTER_CONDITION, LINE_FROM, LINE_INPORT, LINE_OUTPORT, PAGE_ID, LINE_TO, FK_FLOW_GROUP_ID) VALUES ('ff808181725050fe017250b8d1f8026c', parsedatetime('26-05-2020 00:00:01.00', 'dd-MM-yyyy hh:mm:ss.SS'), 'admin', 1, parsedatetime('26-05-2020 00:00:01.00', 'dd-MM-yyyy hh:mm:ss.SS'), 'admin', 0, NULL, '3', NULL, NULL, '5', '4', 'ff808181725050fe017250b8d1f6023c');
INSERT INTO FLOW_GROUP_PATH(ID, CRT_DTTM, CRT_USER, ENABLE_FLAG, LAST_UPDATE_DTTM, LAST_UPDATE_USER, VERSION, FILTER_CONDITION, LINE_FROM, LINE_INPORT, LINE_OUTPORT, PAGE_ID, LINE_TO, FK_FLOW_GROUP_ID) VALUES ('ff808181725050fe017250b8d1fa02dc', parsedatetime('26-05-2020 00:00:01.00', 'dd-MM-yyyy hh:mm:ss.SS'), 'admin', 1, parsedatetime('26-05-2020 00:00:01.00', 'dd-MM-yyyy hh:mm:ss.SS'), 'admin', 0, NULL, '3', NULL, NULL, '5', '4', 'ff808181725050fe017250b8d1fa02db');
INSERT INTO FLOW_GROUP_PATH(ID, CRT_DTTM, CRT_USER, ENABLE_FLAG, LAST_UPDATE_DTTM, LAST_UPDATE_USER, VERSION, FILTER_CONDITION, LINE_FROM, LINE_INPORT, LINE_OUTPORT, PAGE_ID, LINE_TO, FK_FLOW_GROUP_ID) VALUES ('ff808181725050fe017250b8d1fc033b', parsedatetime('26-05-2020 00:00:01.00', 'dd-MM-yyyy hh:mm:ss.SS'), 'admin', 1, parsedatetime('26-05-2020 00:00:01.00', 'dd-MM-yyyy hh:mm:ss.SS'), 'admin', 0, NULL, '8', NULL, NULL, '12', '11', 'ff808181725050fe017250group10002');
INSERT INTO FLOW_GROUP_PATH(ID, CRT_DTTM, CRT_USER, ENABLE_FLAG, LAST_UPDATE_DTTM, LAST_UPDATE_USER, VERSION, FILTER_CONDITION, LINE_FROM, LINE_INPORT, LINE_OUTPORT, PAGE_ID, LINE_TO, FK_FLOW_GROUP_ID) VALUES ('ff808181725050fe017250b8d1fc033c', parsedatetime('26-05-2020 00:00:01.00', 'dd-MM-yyyy hh:mm:ss.SS'), 'admin', 1, parsedatetime('26-05-2020 00:00:01.00', 'dd-MM-yyyy hh:mm:ss.SS'), 'admin', 0, NULL, '5', NULL, NULL, '10', '8', 'ff808181725050fe017250group10002');
INSERT INTO FLOW_GROUP_PATH(ID, CRT_DTTM, CRT_USER, ENABLE_FLAG, LAST_UPDATE_DTTM, LAST_UPDATE_USER, VERSION, FILTER_CONDITION, LINE_FROM, LINE_INPORT, LINE_OUTPORT, PAGE_ID, LINE_TO, FK_FLOW_GROUP_ID) VALUES ('ff808181725050fe017250b8d1fc033d', parsedatetime('26-05-2020 00:00:01.00', 'dd-MM-yyyy hh:mm:ss.SS'), 'admin', 1, parsedatetime('26-05-2020 00:00:01.00', 'dd-MM-yyyy hh:mm:ss.SS'), 'admin', 0, NULL, '4', NULL, NULL, '9', '8', 'ff808181725050fe017250group10002');
INSERT INTO FLOW_GROUP_PATH(ID, CRT_DTTM, CRT_USER, ENABLE_FLAG, LAST_UPDATE_DTTM, LAST_UPDATE_USER, VERSION, FILTER_CONDITION, LINE_FROM, LINE_INPORT, LINE_OUTPORT, PAGE_ID, LINE_TO, FK_FLOW_GROUP_ID) VALUES ('ff808181725050fe017250b8d1fc033e', parsedatetime('26-05-2020 00:00:01.00', 'dd-MM-yyyy hh:mm:ss.SS'), 'admin', 1, parsedatetime('26-05-2020 00:00:01.00', 'dd-MM-yyyy hh:mm:ss.SS'), 'admin', 0, NULL, '3', NULL, NULL, '7', '5', 'ff808181725050fe017250group10002');
INSERT INTO FLOW_GROUP_PATH(ID, CRT_DTTM, CRT_USER, ENABLE_FLAG, LAST_UPDATE_DTTM, LAST_UPDATE_USER, VERSION, FILTER_CONDITION, LINE_FROM, LINE_INPORT, LINE_OUTPORT, PAGE_ID, LINE_TO, FK_FLOW_GROUP_ID) VALUES ('ff808181725050fe017250b8d1fc033f', parsedatetime('26-05-2020 00:00:01.00', 'dd-MM-yyyy hh:mm:ss.SS'), 'admin', 1, parsedatetime('26-05-2020 00:00:01.00', 'dd-MM-yyyy hh:mm:ss.SS'), 'admin', 0, NULL, '3', NULL, NULL, '6', '4', 'ff808181725050fe017250group10002');

INSERT INTO FLOW(ID, CRT_DTTM, CRT_USER, ENABLE_FLAG, LAST_UPDATE_DTTM, LAST_UPDATE_USER, VERSION, DESCRIPTION, DRIVER_MEMORY, EXECUTOR_CORES, EXECUTOR_MEMORY, EXECUTOR_NUMBER, IS_EXAMPLE, NAME, UUID, PAGE_ID, FK_FLOW_GROUP_ID) VALUES ('ff808181725050fe017250b8d1f7023e', parsedatetime('26-05-2020 00:00:01.00', 'dd-MM-yyyy hh:mm:ss.SS'), 'admin', 1, parsedatetime('26-05-2020 00:00:01.00', 'dd-MM-yyyy hh:mm:ss.SS'), 'admin', 0, NULL, '1g', '1', '1g', '1', 1, 'CollectConferenceData', NULL, '5', 'ff808181725050fe017250b8d1f7023d');
INSERT INTO FLOW(ID, CRT_DTTM, CRT_USER, ENABLE_FLAG, LAST_UPDATE_DTTM, LAST_UPDATE_USER, VERSION, DESCRIPTION, DRIVER_MEMORY, EXECUTOR_CORES, EXECUTOR_MEMORY, EXECUTOR_NUMBER, IS_EXAMPLE, NAME, UUID, PAGE_ID, FK_FLOW_GROUP_ID) VALUES ('ff808181725050fe017250b8d1f70250', parsedatetime('26-05-2020 00:00:01.00', 'dd-MM-yyyy hh:mm:ss.SS'), 'admin', 1, parsedatetime('26-05-2020 00:00:01.00', 'dd-MM-yyyy hh:mm:ss.SS'), 'admin', 0, 'mock data', '1g', '1', '1g', '1', 1, 'CollectJournalFlow', NULL, '3', 'ff808181725050fe017250b8d1f7023d');
INSERT INTO FLOW(ID, CRT_DTTM, CRT_USER, ENABLE_FLAG, LAST_UPDATE_DTTM, LAST_UPDATE_USER, VERSION, DESCRIPTION, DRIVER_MEMORY, EXECUTOR_CORES, EXECUTOR_MEMORY, EXECUTOR_NUMBER, IS_EXAMPLE, NAME, UUID, PAGE_ID, FK_FLOW_GROUP_ID) VALUES ('ff808181725050fe017250b8d1f8026d', parsedatetime('26-05-2020 00:00:01.00', 'dd-MM-yyyy hh:mm:ss.SS'), 'admin', 1, parsedatetime('26-05-2020 00:00:01.00', 'dd-MM-yyyy hh:mm:ss.SS'), 'admin', 0, 'f2', '1g', '1', '1g', '1', 1, 'f2', NULL, '4', 'ff808181725050fe017250b8d1f6023c');
INSERT INTO FLOW(ID, CRT_DTTM, CRT_USER, ENABLE_FLAG, LAST_UPDATE_DTTM, LAST_UPDATE_USER, VERSION, DESCRIPTION, DRIVER_MEMORY, EXECUTOR_CORES, EXECUTOR_MEMORY, EXECUTOR_NUMBER, IS_EXAMPLE, NAME, UUID, PAGE_ID, FK_FLOW_GROUP_ID) VALUES ('ff808181725050fe017250b8d1f8027d', parsedatetime('26-05-2020 00:00:01.00', 'dd-MM-yyyy hh:mm:ss.SS'), 'admin', 1, parsedatetime('26-05-2020 00:00:01.00', 'dd-MM-yyyy hh:mm:ss.SS'), 'admin', 0, 'f1', '1g', '1', '1g', '1', 1, 'flow_backup', NULL, '3', 'ff808181725050fe017250b8d1f6023c');
INSERT INTO FLOW(ID, CRT_DTTM, CRT_USER, ENABLE_FLAG, LAST_UPDATE_DTTM, LAST_UPDATE_USER, VERSION, DESCRIPTION, DRIVER_MEMORY, EXECUTOR_CORES, EXECUTOR_MEMORY, EXECUTOR_NUMBER, IS_EXAMPLE, NAME, UUID, PAGE_ID, FK_FLOW_GROUP_ID) VALUES ('ff808181725050fe017250b8d1fa02dd', parsedatetime('26-05-2020 00:00:01.00', 'dd-MM-yyyy hh:mm:ss.SS'), 'admin', 1, parsedatetime('26-05-2020 00:00:01.00', 'dd-MM-yyyy hh:mm:ss.SS'), 'admin', 0, 'mock data', '1g', '1', '1g', '1', 1, 'person2Neo4j', NULL, '4', 'ff808181725050fe017250b8d1fa02db');
INSERT INTO FLOW(ID, CRT_DTTM, CRT_USER, ENABLE_FLAG, LAST_UPDATE_DTTM, LAST_UPDATE_USER, VERSION, DESCRIPTION, DRIVER_MEMORY, EXECUTOR_CORES, EXECUTOR_MEMORY, EXECUTOR_NUMBER, IS_EXAMPLE, NAME, UUID, PAGE_ID, FK_FLOW_GROUP_ID) VALUES ('ff808181725050fe017250b8d1fa02ed', parsedatetime('26-05-2020 00:00:01.00', 'dd-MM-yyyy hh:mm:ss.SS'), 'admin', 1, parsedatetime('26-05-2020 00:00:01.00', 'dd-MM-yyyy hh:mm:ss.SS'), 'admin', 0, 'FlowExample', '1g', '1', '1g', '1', 1, 'product2Neo4j', NULL, '3', 'ff808181725050fe017250b8d1fa02db');
INSERT INTO FLOW(ID, CRT_DTTM, CRT_USER, ENABLE_FLAG, LAST_UPDATE_DTTM, LAST_UPDATE_USER, VERSION, DESCRIPTION, DRIVER_MEMORY, EXECUTOR_CORES, EXECUTOR_MEMORY, EXECUTOR_NUMBER, IS_EXAMPLE, NAME, UUID, PAGE_ID, FK_FLOW_GROUP_ID) VALUES ('ff808181725050fe017250b8d1fc0340', parsedatetime('26-05-2020 00:00:01.00', 'dd-MM-yyyy hh:mm:ss.SS'), 'admin', 1, parsedatetime('26-05-2020 00:00:01.00', 'dd-MM-yyyy hh:mm:ss.SS'), 'admin', 0, 'f4', '1g', '1', '1g', '1', 1, 'flow_merge_person', NULL, '5', 'ff808181725050fe017250group10002');
INSERT INTO FLOW(ID, CRT_DTTM, CRT_USER, ENABLE_FLAG, LAST_UPDATE_DTTM, LAST_UPDATE_USER, VERSION, DESCRIPTION, DRIVER_MEMORY, EXECUTOR_CORES, EXECUTOR_MEMORY, EXECUTOR_NUMBER, IS_EXAMPLE, NAME, UUID, PAGE_ID, FK_FLOW_GROUP_ID) VALUES ('ff808181725050fe017250b8d1fd0385', parsedatetime('26-05-2020 00:00:01.00', 'dd-MM-yyyy hh:mm:ss.SS'), 'admin', 1, parsedatetime('26-05-2020 00:00:01.00', 'dd-MM-yyyy hh:mm:ss.SS'), 'admin', 0, 'f3', '1g', '1', '1g', '1', 1, 'flow_merge_product', NULL, '4', 'ff808181725050fe017250group10002');
INSERT INTO FLOW(ID, CRT_DTTM, CRT_USER, ENABLE_FLAG, LAST_UPDATE_DTTM, LAST_UPDATE_USER, VERSION, DESCRIPTION, DRIVER_MEMORY, EXECUTOR_CORES, EXECUTOR_MEMORY, EXECUTOR_NUMBER, IS_EXAMPLE, NAME, UUID, PAGE_ID, FK_FLOW_GROUP_ID) VALUES ('ff808181725050fe017250b8d1ff03ca', parsedatetime('26-05-2020 00:00:01.00', 'dd-MM-yyyy hh:mm:ss.SS'), 'admin', 1, parsedatetime('26-05-2020 00:00:01.00', 'dd-MM-yyyy hh:mm:ss.SS'), 'admin', 0, 'f6', '1g', '1', '1g', '1', 1, 'f6', NULL, '11', 'ff808181725050fe017250group10002');

INSERT INTO FLOW_PATH(ID, CRT_DTTM, CRT_USER, ENABLE_FLAG, LAST_UPDATE_DTTM, LAST_UPDATE_USER, VERSION, LINE_FROM, LINE_INPORT, LINE_OUTPORT, PAGE_ID, LINE_TO, FK_FLOW_ID, FILTER_CONDITION) VALUES ('ff808181725050fe017250b8d1f7023f', parsedatetime('26-05-2020 00:00:01.00', 'dd-MM-yyyy hh:mm:ss.SS'), 'admin', 1, parsedatetime('26-05-2020 00:00:01.00', 'dd-MM-yyyy hh:mm:ss.SS'), 'admin', 0, '5', NULL, NULL, '10', '9', 'ff808181725050fe017250b8d1f7023e', NULL);
INSERT INTO FLOW_PATH(ID, CRT_DTTM, CRT_USER, ENABLE_FLAG, LAST_UPDATE_DTTM, LAST_UPDATE_USER, VERSION, LINE_FROM, LINE_INPORT, LINE_OUTPORT, PAGE_ID, LINE_TO, FK_FLOW_ID, FILTER_CONDITION) VALUES ('ff808181725050fe017250b8d1f70251', parsedatetime('26-05-2020 00:00:01.00', 'dd-MM-yyyy hh:mm:ss.SS'), 'admin', 1, parsedatetime('26-05-2020 00:00:01.00', 'dd-MM-yyyy hh:mm:ss.SS'), 'admin', 0, '4', NULL, NULL, '6', '5', 'ff808181725050fe017250b8d1f70250', NULL);
INSERT INTO FLOW_PATH(ID, CRT_DTTM, CRT_USER, ENABLE_FLAG, LAST_UPDATE_DTTM, LAST_UPDATE_USER, VERSION, LINE_FROM, LINE_INPORT, LINE_OUTPORT, PAGE_ID, LINE_TO, FK_FLOW_ID, FILTER_CONDITION) VALUES ('ff808181725050fe017250b8d1f8026e', parsedatetime('26-05-2020 00:00:01.00', 'dd-MM-yyyy hh:mm:ss.SS'), 'admin', 1, parsedatetime('26-05-2020 00:00:01.00', 'dd-MM-yyyy hh:mm:ss.SS'), 'admin', 0, '5', NULL, NULL, '7', '6', 'ff808181725050fe017250b8d1f8026d', NULL);
INSERT INTO FLOW_PATH(ID, CRT_DTTM, CRT_USER, ENABLE_FLAG, LAST_UPDATE_DTTM, LAST_UPDATE_USER, VERSION, LINE_FROM, LINE_INPORT, LINE_OUTPORT, PAGE_ID, LINE_TO, FK_FLOW_ID, FILTER_CONDITION) VALUES ('ff808181725050fe017250b8d1f8027e', parsedatetime('26-05-2020 00:00:01.00', 'dd-MM-yyyy hh:mm:ss.SS'), 'admin', 1, parsedatetime('26-05-2020 00:00:01.00', 'dd-MM-yyyy hh:mm:ss.SS'), 'admin', 0, '19', NULL, 'out3', '44', '23', 'ff808181725050fe017250b8d1f8027d', NULL);
INSERT INTO FLOW_PATH(ID, CRT_DTTM, CRT_USER, ENABLE_FLAG, LAST_UPDATE_DTTM, LAST_UPDATE_USER, VERSION, LINE_FROM, LINE_INPORT, LINE_OUTPORT, PAGE_ID, LINE_TO, FK_FLOW_ID, FILTER_CONDITION) VALUES ('ff808181725050fe017250b8d1f8027f', parsedatetime('26-05-2020 00:00:01.00', 'dd-MM-yyyy hh:mm:ss.SS'), 'admin', 1, parsedatetime('26-05-2020 00:00:01.00', 'dd-MM-yyyy hh:mm:ss.SS'), 'admin', 0, '19', NULL, 'out2', '43', '25', 'ff808181725050fe017250b8d1f8027d', NULL);
INSERT INTO FLOW_PATH(ID, CRT_DTTM, CRT_USER, ENABLE_FLAG, LAST_UPDATE_DTTM, LAST_UPDATE_USER, VERSION, LINE_FROM, LINE_INPORT, LINE_OUTPORT, PAGE_ID, LINE_TO, FK_FLOW_ID, FILTER_CONDITION) VALUES ('ff808181725050fe017250b8d1f80280', parsedatetime('26-05-2020 00:00:01.00', 'dd-MM-yyyy hh:mm:ss.SS'), 'admin', 1, parsedatetime('26-05-2020 00:00:01.00', 'dd-MM-yyyy hh:mm:ss.SS'), 'admin', 0, '19', NULL, 'out1', '42', '21', 'ff808181725050fe017250b8d1f8027d', NULL);
INSERT INTO FLOW_PATH(ID, CRT_DTTM, CRT_USER, ENABLE_FLAG, LAST_UPDATE_DTTM, LAST_UPDATE_USER, VERSION, LINE_FROM, LINE_INPORT, LINE_OUTPORT, PAGE_ID, LINE_TO, FK_FLOW_ID, FILTER_CONDITION) VALUES ('ff808181725050fe017250b8d1f80281', parsedatetime('26-05-2020 00:00:01.00', 'dd-MM-yyyy hh:mm:ss.SS'), 'admin', 1, parsedatetime('26-05-2020 00:00:01.00', 'dd-MM-yyyy hh:mm:ss.SS'), 'admin', 0, '16', NULL, NULL, '41', '19', 'ff808181725050fe017250b8d1f8027d', NULL);
INSERT INTO FLOW_PATH(ID, CRT_DTTM, CRT_USER, ENABLE_FLAG, LAST_UPDATE_DTTM, LAST_UPDATE_USER, VERSION, LINE_FROM, LINE_INPORT, LINE_OUTPORT, PAGE_ID, LINE_TO, FK_FLOW_ID, FILTER_CONDITION) VALUES ('ff808181725050fe017250b8d1f80282', parsedatetime('26-05-2020 00:00:01.00', 'dd-MM-yyyy hh:mm:ss.SS'), 'admin', 1, parsedatetime('26-05-2020 00:00:01.00', 'dd-MM-yyyy hh:mm:ss.SS'), 'admin', 0, '14', 'data2', NULL, '40', '16', 'ff808181725050fe017250b8d1f8027d', NULL);
INSERT INTO FLOW_PATH(ID, CRT_DTTM, CRT_USER, ENABLE_FLAG, LAST_UPDATE_DTTM, LAST_UPDATE_USER, VERSION, LINE_FROM, LINE_INPORT, LINE_OUTPORT, PAGE_ID, LINE_TO, FK_FLOW_ID, FILTER_CONDITION) VALUES ('ff808181725050fe017250b8d1f80283', parsedatetime('26-05-2020 00:00:01.00', 'dd-MM-yyyy hh:mm:ss.SS'), 'admin', 1, parsedatetime('26-05-2020 00:00:01.00', 'dd-MM-yyyy hh:mm:ss.SS'), 'admin', 0, '5', 'data1', NULL, '39', '16', 'ff808181725050fe017250b8d1f8027d', NULL);
INSERT INTO FLOW_PATH(ID, CRT_DTTM, CRT_USER, ENABLE_FLAG, LAST_UPDATE_DTTM, LAST_UPDATE_USER, VERSION, LINE_FROM, LINE_INPORT, LINE_OUTPORT, PAGE_ID, LINE_TO, FK_FLOW_ID, FILTER_CONDITION) VALUES ('ff808181725050fe017250b8d1f80284', parsedatetime('26-05-2020 00:00:01.00', 'dd-MM-yyyy hh:mm:ss.SS'), 'admin', 1, parsedatetime('26-05-2020 00:00:01.00', 'dd-MM-yyyy hh:mm:ss.SS'), 'admin', 0, '10', NULL, NULL, '38', '14', 'ff808181725050fe017250b8d1f8027d', NULL);
INSERT INTO FLOW_PATH(ID, CRT_DTTM, CRT_USER, ENABLE_FLAG, LAST_UPDATE_DTTM, LAST_UPDATE_USER, VERSION, LINE_FROM, LINE_INPORT, LINE_OUTPORT, PAGE_ID, LINE_TO, FK_FLOW_ID, FILTER_CONDITION) VALUES ('ff808181725050fe017250b8d1fa02de', parsedatetime('26-05-2020 00:00:01.00', 'dd-MM-yyyy hh:mm:ss.SS'), 'admin', 1, parsedatetime('26-05-2020 00:00:01.00', 'dd-MM-yyyy hh:mm:ss.SS'), 'admin', 0, '5', NULL, NULL, '8', '7', 'ff808181725050fe017250b8d1fa02dd', NULL);
INSERT INTO FLOW_PATH(ID, CRT_DTTM, CRT_USER, ENABLE_FLAG, LAST_UPDATE_DTTM, LAST_UPDATE_USER, VERSION, LINE_FROM, LINE_INPORT, LINE_OUTPORT, PAGE_ID, LINE_TO, FK_FLOW_ID, FILTER_CONDITION) VALUES ('ff808181725050fe017250b8d1fa02ee', parsedatetime('26-05-2020 00:00:01.00', 'dd-MM-yyyy hh:mm:ss.SS'), 'admin', 1, parsedatetime('26-05-2020 00:00:01.00', 'dd-MM-yyyy hh:mm:ss.SS'), 'admin', 0, '18', NULL, 'out3', '43', '22', 'ff808181725050fe017250b8d1fa02ed', NULL);
INSERT INTO FLOW_PATH(ID, CRT_DTTM, CRT_USER, ENABLE_FLAG, LAST_UPDATE_DTTM, LAST_UPDATE_USER, VERSION, LINE_FROM, LINE_INPORT, LINE_OUTPORT, PAGE_ID, LINE_TO, FK_FLOW_ID, FILTER_CONDITION) VALUES ('ff808181725050fe017250b8d1fa02ef', parsedatetime('26-05-2020 00:00:01.00', 'dd-MM-yyyy hh:mm:ss.SS'), 'admin', 1, parsedatetime('26-05-2020 00:00:01.00', 'dd-MM-yyyy hh:mm:ss.SS'), 'admin', 0, '18', NULL, 'out2', '42', '24', 'ff808181725050fe017250b8d1fa02ed', NULL);
INSERT INTO FLOW_PATH(ID, CRT_DTTM, CRT_USER, ENABLE_FLAG, LAST_UPDATE_DTTM, LAST_UPDATE_USER, VERSION, LINE_FROM, LINE_INPORT, LINE_OUTPORT, PAGE_ID, LINE_TO, FK_FLOW_ID, FILTER_CONDITION) VALUES ('ff808181725050fe017250b8d1fa02f0', parsedatetime('26-05-2020 00:00:01.00', 'dd-MM-yyyy hh:mm:ss.SS'), 'admin', 1, parsedatetime('26-05-2020 00:00:01.00', 'dd-MM-yyyy hh:mm:ss.SS'), 'admin', 0, '18', NULL, 'out1', '41', '20', 'ff808181725050fe017250b8d1fa02ed', NULL);
INSERT INTO FLOW_PATH(ID, CRT_DTTM, CRT_USER, ENABLE_FLAG, LAST_UPDATE_DTTM, LAST_UPDATE_USER, VERSION, LINE_FROM, LINE_INPORT, LINE_OUTPORT, PAGE_ID, LINE_TO, FK_FLOW_ID, FILTER_CONDITION) VALUES ('ff808181725050fe017250b8d1fa02f1', parsedatetime('26-05-2020 00:00:01.00', 'dd-MM-yyyy hh:mm:ss.SS'), 'admin', 1, parsedatetime('26-05-2020 00:00:01.00', 'dd-MM-yyyy hh:mm:ss.SS'), 'admin', 0, '15', NULL, NULL, '40', '18', 'ff808181725050fe017250b8d1fa02ed', NULL);
INSERT INTO FLOW_PATH(ID, CRT_DTTM, CRT_USER, ENABLE_FLAG, LAST_UPDATE_DTTM, LAST_UPDATE_USER, VERSION, LINE_FROM, LINE_INPORT, LINE_OUTPORT, PAGE_ID, LINE_TO, FK_FLOW_ID, FILTER_CONDITION) VALUES ('ff808181725050fe017250b8d1fa02f2', parsedatetime('26-05-2020 00:00:01.00', 'dd-MM-yyyy hh:mm:ss.SS'), 'admin', 1, parsedatetime('26-05-2020 00:00:01.00', 'dd-MM-yyyy hh:mm:ss.SS'), 'admin', 0, '13', 'data2', NULL, '39', '15', 'ff808181725050fe017250b8d1fa02ed', NULL);
INSERT INTO FLOW_PATH(ID, CRT_DTTM, CRT_USER, ENABLE_FLAG, LAST_UPDATE_DTTM, LAST_UPDATE_USER, VERSION, LINE_FROM, LINE_INPORT, LINE_OUTPORT, PAGE_ID, LINE_TO, FK_FLOW_ID, FILTER_CONDITION) VALUES ('ff808181725050fe017250b8d1fa02f3', parsedatetime('26-05-2020 00:00:01.00', 'dd-MM-yyyy hh:mm:ss.SS'), 'admin', 1, parsedatetime('26-05-2020 00:00:01.00', 'dd-MM-yyyy hh:mm:ss.SS'), 'admin', 0, '4', 'data1', NULL, '38', '15', 'ff808181725050fe017250b8d1fa02ed', NULL);
INSERT INTO FLOW_PATH(ID, CRT_DTTM, CRT_USER, ENABLE_FLAG, LAST_UPDATE_DTTM, LAST_UPDATE_USER, VERSION, LINE_FROM, LINE_INPORT, LINE_OUTPORT, PAGE_ID, LINE_TO, FK_FLOW_ID, FILTER_CONDITION) VALUES ('ff808181725050fe017250b8d1fa02f4', parsedatetime('26-05-2020 00:00:01.00', 'dd-MM-yyyy hh:mm:ss.SS'), 'admin', 1, parsedatetime('26-05-2020 00:00:01.00', 'dd-MM-yyyy hh:mm:ss.SS'), 'admin', 0, '9', NULL, NULL, '37', '13', 'ff808181725050fe017250b8d1fa02ed', NULL);
INSERT INTO FLOW_PATH(ID, CRT_DTTM, CRT_USER, ENABLE_FLAG, LAST_UPDATE_DTTM, LAST_UPDATE_USER, VERSION, LINE_FROM, LINE_INPORT, LINE_OUTPORT, PAGE_ID, LINE_TO, FK_FLOW_ID, FILTER_CONDITION) VALUES ('ff808181725050fe017250b8d1fc0341', parsedatetime('26-05-2020 00:00:01.00', 'dd-MM-yyyy hh:mm:ss.SS'), 'admin', 1, parsedatetime('26-05-2020 00:00:01.00', 'dd-MM-yyyy hh:mm:ss.SS'), 'admin', 0, '19', NULL, 'out3', '44', '23', 'ff808181725050fe017250b8d1fc0340', NULL);
INSERT INTO FLOW_PATH(ID, CRT_DTTM, CRT_USER, ENABLE_FLAG, LAST_UPDATE_DTTM, LAST_UPDATE_USER, VERSION, LINE_FROM, LINE_INPORT, LINE_OUTPORT, PAGE_ID, LINE_TO, FK_FLOW_ID, FILTER_CONDITION) VALUES ('ff808181725050fe017250b8d1fc0342', parsedatetime('26-05-2020 00:00:01.00', 'dd-MM-yyyy hh:mm:ss.SS'), 'admin', 1, parsedatetime('26-05-2020 00:00:01.00', 'dd-MM-yyyy hh:mm:ss.SS'), 'admin', 0, '19', NULL, 'out2', '43', '25', 'ff808181725050fe017250b8d1fc0340', NULL);
INSERT INTO FLOW_PATH(ID, CRT_DTTM, CRT_USER, ENABLE_FLAG, LAST_UPDATE_DTTM, LAST_UPDATE_USER, VERSION, LINE_FROM, LINE_INPORT, LINE_OUTPORT, PAGE_ID, LINE_TO, FK_FLOW_ID, FILTER_CONDITION) VALUES ('ff808181725050fe017250b8d1fc0343', parsedatetime('26-05-2020 00:00:01.00', 'dd-MM-yyyy hh:mm:ss.SS'), 'admin', 1, parsedatetime('26-05-2020 00:00:01.00', 'dd-MM-yyyy hh:mm:ss.SS'), 'admin', 0, '19', NULL, 'out1', '42', '21', 'ff808181725050fe017250b8d1fc0340', NULL);
INSERT INTO FLOW_PATH(ID, CRT_DTTM, CRT_USER, ENABLE_FLAG, LAST_UPDATE_DTTM, LAST_UPDATE_USER, VERSION, LINE_FROM, LINE_INPORT, LINE_OUTPORT, PAGE_ID, LINE_TO, FK_FLOW_ID, FILTER_CONDITION) VALUES ('ff808181725050fe017250b8d1fc0344', parsedatetime('26-05-2020 00:00:01.00', 'dd-MM-yyyy hh:mm:ss.SS'), 'admin', 1, parsedatetime('26-05-2020 00:00:01.00', 'dd-MM-yyyy hh:mm:ss.SS'), 'admin', 0, '16', NULL, NULL, '41', '19', 'ff808181725050fe017250b8d1fc0340', NULL);
INSERT INTO FLOW_PATH(ID, CRT_DTTM, CRT_USER, ENABLE_FLAG, LAST_UPDATE_DTTM, LAST_UPDATE_USER, VERSION, LINE_FROM, LINE_INPORT, LINE_OUTPORT, PAGE_ID, LINE_TO, FK_FLOW_ID, FILTER_CONDITION) VALUES ('ff808181725050fe017250b8d1fc0345', parsedatetime('26-05-2020 00:00:01.00', 'dd-MM-yyyy hh:mm:ss.SS'), 'admin', 1, parsedatetime('26-05-2020 00:00:01.00', 'dd-MM-yyyy hh:mm:ss.SS'), 'admin', 0, '14', 'data2', NULL, '40', '16', 'ff808181725050fe017250b8d1fc0340', NULL);
INSERT INTO FLOW_PATH(ID, CRT_DTTM, CRT_USER, ENABLE_FLAG, LAST_UPDATE_DTTM, LAST_UPDATE_USER, VERSION, LINE_FROM, LINE_INPORT, LINE_OUTPORT, PAGE_ID, LINE_TO, FK_FLOW_ID, FILTER_CONDITION) VALUES ('ff808181725050fe017250b8d1fc0346', parsedatetime('26-05-2020 00:00:01.00', 'dd-MM-yyyy hh:mm:ss.SS'), 'admin', 1, parsedatetime('26-05-2020 00:00:01.00', 'dd-MM-yyyy hh:mm:ss.SS'), 'admin', 0, '5', 'data1', NULL, '39', '16', 'ff808181725050fe017250b8d1fc0340', NULL);
INSERT INTO FLOW_PATH(ID, CRT_DTTM, CRT_USER, ENABLE_FLAG, LAST_UPDATE_DTTM, LAST_UPDATE_USER, VERSION, LINE_FROM, LINE_INPORT, LINE_OUTPORT, PAGE_ID, LINE_TO, FK_FLOW_ID, FILTER_CONDITION) VALUES ('ff808181725050fe017250b8d1fc0347', parsedatetime('26-05-2020 00:00:01.00', 'dd-MM-yyyy hh:mm:ss.SS'), 'admin', 1, parsedatetime('26-05-2020 00:00:01.00', 'dd-MM-yyyy hh:mm:ss.SS'), 'admin', 0, '10', NULL, NULL, '38', '14', 'ff808181725050fe017250b8d1fc0340', NULL);
INSERT INTO FLOW_PATH(ID, CRT_DTTM, CRT_USER, ENABLE_FLAG, LAST_UPDATE_DTTM, LAST_UPDATE_USER, VERSION, LINE_FROM, LINE_INPORT, LINE_OUTPORT, PAGE_ID, LINE_TO, FK_FLOW_ID, FILTER_CONDITION) VALUES ('ff808181725050fe017250b8d1fd0386', parsedatetime('26-05-2020 00:00:01.00', 'dd-MM-yyyy hh:mm:ss.SS'), 'admin', 1, parsedatetime('26-05-2020 00:00:01.00', 'dd-MM-yyyy hh:mm:ss.SS'), 'admin', 0, '19', NULL, 'out3', '44', '23', 'ff808181725050fe017250b8d1fd0385', NULL);
INSERT INTO FLOW_PATH(ID, CRT_DTTM, CRT_USER, ENABLE_FLAG, LAST_UPDATE_DTTM, LAST_UPDATE_USER, VERSION, LINE_FROM, LINE_INPORT, LINE_OUTPORT, PAGE_ID, LINE_TO, FK_FLOW_ID, FILTER_CONDITION) VALUES ('ff808181725050fe017250b8d1fd0387', parsedatetime('26-05-2020 00:00:01.00', 'dd-MM-yyyy hh:mm:ss.SS'), 'admin', 1, parsedatetime('26-05-2020 00:00:01.00', 'dd-MM-yyyy hh:mm:ss.SS'), 'admin', 0, '19', NULL, 'out2', '43', '25', 'ff808181725050fe017250b8d1fd0385', NULL);
INSERT INTO FLOW_PATH(ID, CRT_DTTM, CRT_USER, ENABLE_FLAG, LAST_UPDATE_DTTM, LAST_UPDATE_USER, VERSION, LINE_FROM, LINE_INPORT, LINE_OUTPORT, PAGE_ID, LINE_TO, FK_FLOW_ID, FILTER_CONDITION) VALUES ('ff808181725050fe017250b8d1fd0388', parsedatetime('26-05-2020 00:00:01.00', 'dd-MM-yyyy hh:mm:ss.SS'), 'admin', 1, parsedatetime('26-05-2020 00:00:01.00', 'dd-MM-yyyy hh:mm:ss.SS'), 'admin', 0, '19', NULL, 'out1', '42', '21', 'ff808181725050fe017250b8d1fd0385', NULL);
INSERT INTO FLOW_PATH(ID, CRT_DTTM, CRT_USER, ENABLE_FLAG, LAST_UPDATE_DTTM, LAST_UPDATE_USER, VERSION, LINE_FROM, LINE_INPORT, LINE_OUTPORT, PAGE_ID, LINE_TO, FK_FLOW_ID, FILTER_CONDITION) VALUES ('ff808181725050fe017250b8d1fd0389', parsedatetime('26-05-2020 00:00:01.00', 'dd-MM-yyyy hh:mm:ss.SS'), 'admin', 1, parsedatetime('26-05-2020 00:00:01.00', 'dd-MM-yyyy hh:mm:ss.SS'), 'admin', 0, '16', NULL, NULL, '41', '19', 'ff808181725050fe017250b8d1fd0385', NULL);
INSERT INTO FLOW_PATH(ID, CRT_DTTM, CRT_USER, ENABLE_FLAG, LAST_UPDATE_DTTM, LAST_UPDATE_USER, VERSION, LINE_FROM, LINE_INPORT, LINE_OUTPORT, PAGE_ID, LINE_TO, FK_FLOW_ID, FILTER_CONDITION) VALUES ('ff808181725050fe017250b8d1fd038a', parsedatetime('26-05-2020 00:00:01.00', 'dd-MM-yyyy hh:mm:ss.SS'), 'admin', 1, parsedatetime('26-05-2020 00:00:01.00', 'dd-MM-yyyy hh:mm:ss.SS'), 'admin', 0, '14', 'data2', NULL, '40', '16', 'ff808181725050fe017250b8d1fd0385', NULL);
INSERT INTO FLOW_PATH(ID, CRT_DTTM, CRT_USER, ENABLE_FLAG, LAST_UPDATE_DTTM, LAST_UPDATE_USER, VERSION, LINE_FROM, LINE_INPORT, LINE_OUTPORT, PAGE_ID, LINE_TO, FK_FLOW_ID, FILTER_CONDITION) VALUES ('ff808181725050fe017250b8d1fd038b', parsedatetime('26-05-2020 00:00:01.00', 'dd-MM-yyyy hh:mm:ss.SS'), 'admin', 1, parsedatetime('26-05-2020 00:00:01.00', 'dd-MM-yyyy hh:mm:ss.SS'), 'admin', 0, '5', 'data1', NULL, '39', '16', 'ff808181725050fe017250b8d1fd0385', NULL);
INSERT INTO FLOW_PATH(ID, CRT_DTTM, CRT_USER, ENABLE_FLAG, LAST_UPDATE_DTTM, LAST_UPDATE_USER, VERSION, LINE_FROM, LINE_INPORT, LINE_OUTPORT, PAGE_ID, LINE_TO, FK_FLOW_ID, FILTER_CONDITION) VALUES ('ff808181725050fe017250b8d1fd038c', parsedatetime('26-05-2020 00:00:01.00', 'dd-MM-yyyy hh:mm:ss.SS'), 'admin', 1, parsedatetime('26-05-2020 00:00:01.00', 'dd-MM-yyyy hh:mm:ss.SS'), 'admin', 0, '10', NULL, NULL, '38', '14', 'ff808181725050fe017250b8d1fd0385', NULL);
INSERT INTO FLOW_PATH(ID, CRT_DTTM, CRT_USER, ENABLE_FLAG, LAST_UPDATE_DTTM, LAST_UPDATE_USER, VERSION, LINE_FROM, LINE_INPORT, LINE_OUTPORT, PAGE_ID, LINE_TO, FK_FLOW_ID, FILTER_CONDITION) VALUES ('ff808181725050fe017250b8d1ff03cb', parsedatetime('26-05-2020 00:00:01.00', 'dd-MM-yyyy hh:mm:ss.SS'), 'admin', 1, parsedatetime('26-05-2020 00:00:01.00', 'dd-MM-yyyy hh:mm:ss.SS'), 'admin', 0, '19', NULL, 'out3', '44', '23', 'ff808181725050fe017250b8d1ff03ca', NULL);
INSERT INTO FLOW_PATH(ID, CRT_DTTM, CRT_USER, ENABLE_FLAG, LAST_UPDATE_DTTM, LAST_UPDATE_USER, VERSION, LINE_FROM, LINE_INPORT, LINE_OUTPORT, PAGE_ID, LINE_TO, FK_FLOW_ID, FILTER_CONDITION) VALUES ('ff808181725050fe017250b8d1ff03cc', parsedatetime('26-05-2020 00:00:01.00', 'dd-MM-yyyy hh:mm:ss.SS'), 'admin', 1, parsedatetime('26-05-2020 00:00:01.00', 'dd-MM-yyyy hh:mm:ss.SS'), 'admin', 0, '19', NULL, 'out2', '43', '25', 'ff808181725050fe017250b8d1ff03ca', NULL);
INSERT INTO FLOW_PATH(ID, CRT_DTTM, CRT_USER, ENABLE_FLAG, LAST_UPDATE_DTTM, LAST_UPDATE_USER, VERSION, LINE_FROM, LINE_INPORT, LINE_OUTPORT, PAGE_ID, LINE_TO, FK_FLOW_ID, FILTER_CONDITION) VALUES ('ff808181725050fe017250b8d1ff03cd', parsedatetime('26-05-2020 00:00:01.00', 'dd-MM-yyyy hh:mm:ss.SS'), 'admin', 1, parsedatetime('26-05-2020 00:00:01.00', 'dd-MM-yyyy hh:mm:ss.SS'), 'admin', 0, '19', NULL, 'out1', '42', '21', 'ff808181725050fe017250b8d1ff03ca', NULL);
INSERT INTO FLOW_PATH(ID, CRT_DTTM, CRT_USER, ENABLE_FLAG, LAST_UPDATE_DTTM, LAST_UPDATE_USER, VERSION, LINE_FROM, LINE_INPORT, LINE_OUTPORT, PAGE_ID, LINE_TO, FK_FLOW_ID, FILTER_CONDITION) VALUES ('ff808181725050fe017250b8d1ff03ce', parsedatetime('26-05-2020 00:00:01.00', 'dd-MM-yyyy hh:mm:ss.SS'), 'admin', 1, parsedatetime('26-05-2020 00:00:01.00', 'dd-MM-yyyy hh:mm:ss.SS'), 'admin', 0, '16', NULL, NULL, '41', '19', 'ff808181725050fe017250b8d1ff03ca', NULL);
INSERT INTO FLOW_PATH(ID, CRT_DTTM, CRT_USER, ENABLE_FLAG, LAST_UPDATE_DTTM, LAST_UPDATE_USER, VERSION, LINE_FROM, LINE_INPORT, LINE_OUTPORT, PAGE_ID, LINE_TO, FK_FLOW_ID, FILTER_CONDITION) VALUES ('ff808181725050fe017250b8d1ff03cf', parsedatetime('26-05-2020 00:00:01.00', 'dd-MM-yyyy hh:mm:ss.SS'), 'admin', 1, parsedatetime('26-05-2020 00:00:01.00', 'dd-MM-yyyy hh:mm:ss.SS'), 'admin', 0, '14', 'data2', NULL, '40', '16', 'ff808181725050fe017250b8d1ff03ca', NULL);
INSERT INTO FLOW_PATH(ID, CRT_DTTM, CRT_USER, ENABLE_FLAG, LAST_UPDATE_DTTM, LAST_UPDATE_USER, VERSION, LINE_FROM, LINE_INPORT, LINE_OUTPORT, PAGE_ID, LINE_TO, FK_FLOW_ID, FILTER_CONDITION) VALUES ('ff808181725050fe017250b8d1ff03d0', parsedatetime('26-05-2020 00:00:01.00', 'dd-MM-yyyy hh:mm:ss.SS'), 'admin', 1, parsedatetime('26-05-2020 00:00:01.00', 'dd-MM-yyyy hh:mm:ss.SS'), 'admin', 0, '5', 'data1', NULL, '39', '16', 'ff808181725050fe017250b8d1ff03ca', NULL);
INSERT INTO FLOW_PATH(ID, CRT_DTTM, CRT_USER, ENABLE_FLAG, LAST_UPDATE_DTTM, LAST_UPDATE_USER, VERSION, LINE_FROM, LINE_INPORT, LINE_OUTPORT, PAGE_ID, LINE_TO, FK_FLOW_ID, FILTER_CONDITION) VALUES ('ff808181725050fe017250b8d1ff03d1', parsedatetime('26-05-2020 00:00:01.00', 'dd-MM-yyyy hh:mm:ss.SS'), 'admin', 1, parsedatetime('26-05-2020 00:00:01.00', 'dd-MM-yyyy hh:mm:ss.SS'), 'admin', 0, '10', NULL, NULL, '38', '14', 'ff808181725050fe017250b8d1ff03ca', NULL);


INSERT INTO FLOW_STOPS(ID, CRT_DTTM, CRT_USER, ENABLE_FLAG, LAST_UPDATE_DTTM, LAST_UPDATE_USER, VERSION, BUNDEL, DESCRIPTION, GROUPS, IN_PORT_TYPE, INPORTS, IS_CHECKPOINT, NAME, OUT_PORT_TYPE, OUTPORTS, OWNER, PAGE_ID, START_TIME, STATE, STOP_TIME, FK_FLOW_ID, IS_CUSTOMIZED, FK_DATA_SOURCE_ID) VALUES ('ff808181725050fe017250b8d1f70240', parsedatetime('26-05-2020 00:00:01.00', 'dd-MM-yyyy hh:mm:ss.SS'), 'admin', 1, parsedatetime('26-05-2020 00:00:01.00', 'dd-MM-yyyy hh:mm:ss.SS'), 'admin', 0, 'cn.piflow.bundle.common.SelectField', 'Select data column', 'Common', 'DEFAULT', 'Default', 0, 'SelectField', 'DEFAULT', 'Default', 'xjzhu@cnic.cn', '9', NULL, NULL, NULL, 'ff808181725050fe017250b8d1f7023e', 0, NULL);
INSERT INTO FLOW_STOPS(ID, CRT_DTTM, CRT_USER, ENABLE_FLAG, LAST_UPDATE_DTTM, LAST_UPDATE_USER, VERSION, BUNDEL, DESCRIPTION, GROUPS, IN_PORT_TYPE, INPORTS, IS_CHECKPOINT, NAME, OUT_PORT_TYPE, OUTPORTS, OWNER, PAGE_ID, START_TIME, STATE, STOP_TIME, FK_FLOW_ID, IS_CUSTOMIZED, FK_DATA_SOURCE_ID) VALUES ('ff808181725050fe017250b8d1f70242', parsedatetime('26-05-2020 00:00:01.00', 'dd-MM-yyyy hh:mm:ss.SS'), 'admin', 1, parsedatetime('26-05-2020 00:00:01.00', 'dd-MM-yyyy hh:mm:ss.SS'), 'admin', 0, 'cn.piflow.bundle.common.MockData', 'Mock dataframe.', 'Common', 'DEFAULT', 'Default', 1, 'MockData', 'DEFAULT', 'Default', 'xjzhu@cnic.cn', '5', NULL, NULL, NULL, 'ff808181725050fe017250b8d1f7023e', 0, NULL);
INSERT INTO FLOW_STOPS(ID, CRT_DTTM, CRT_USER, ENABLE_FLAG, LAST_UPDATE_DTTM, LAST_UPDATE_USER, VERSION, BUNDEL, DESCRIPTION, GROUPS, IN_PORT_TYPE, INPORTS, IS_CHECKPOINT, NAME, OUT_PORT_TYPE, OUTPORTS, OWNER, PAGE_ID, START_TIME, STATE, STOP_TIME, FK_FLOW_ID, IS_CUSTOMIZED, FK_DATA_SOURCE_ID) VALUES ('ff808181725050fe017250b8d1f70252', parsedatetime('26-05-2020 00:00:01.00', 'dd-MM-yyyy hh:mm:ss.SS'), 'admin', 1, parsedatetime('26-05-2020 00:00:01.00', 'dd-MM-yyyy hh:mm:ss.SS'), 'admin', 0, 'cn.piflow.bundle.common.SelectField', 'Select data column', 'Common', 'DEFAULT', 'Default', 0, 'SelectField', 'DEFAULT', 'Default', 'xjzhu@cnic.cn', '5', NULL, NULL, NULL, 'ff808181725050fe017250b8d1f70250', 0, NULL);
INSERT INTO FLOW_STOPS(ID, CRT_DTTM, CRT_USER, ENABLE_FLAG, LAST_UPDATE_DTTM, LAST_UPDATE_USER, VERSION, BUNDEL, DESCRIPTION, GROUPS, IN_PORT_TYPE, INPORTS, IS_CHECKPOINT, NAME, OUT_PORT_TYPE, OUTPORTS, OWNER, PAGE_ID, START_TIME, STATE, STOP_TIME, FK_FLOW_ID, IS_CUSTOMIZED, FK_DATA_SOURCE_ID) VALUES ('ff808181725050fe017250b8d1f70254', parsedatetime('26-05-2020 00:00:01.00', 'dd-MM-yyyy hh:mm:ss.SS'), 'admin', 1, parsedatetime('26-05-2020 00:00:01.00', 'dd-MM-yyyy hh:mm:ss.SS'), 'admin', 0, 'cn.piflow.bundle.common.MockData', 'Mock dataframe.', 'Common', 'DEFAULT', 'Default', 0, 'MockData', 'DEFAULT', 'Default', 'xjzhu@cnic.cn', '4', NULL, NULL, NULL, 'ff808181725050fe017250b8d1f70250', 0, NULL);
INSERT INTO FLOW_STOPS(ID, CRT_DTTM, CRT_USER, ENABLE_FLAG, LAST_UPDATE_DTTM, LAST_UPDATE_USER, VERSION, BUNDEL, DESCRIPTION, GROUPS, IN_PORT_TYPE, INPORTS, IS_CHECKPOINT, NAME, OUT_PORT_TYPE, OUTPORTS, OWNER, PAGE_ID, START_TIME, STATE, STOP_TIME, FK_FLOW_ID, IS_CUSTOMIZED, FK_DATA_SOURCE_ID) VALUES ('ff808181725050fe017250b8d1f8026f', parsedatetime('26-05-2020 00:00:01.00', 'dd-MM-yyyy hh:mm:ss.SS'), 'admin', 1, parsedatetime('26-05-2020 00:00:01.00', 'dd-MM-yyyy hh:mm:ss.SS'), 'admin', 0, 'cn.piflow.bundle.common.SelectField', 'Select data column', 'Common', 'DEFAULT', 'Default', 0, 'SelectField', 'DEFAULT', 'Default', 'xjzhu@cnic.cn', '6', NULL, NULL, NULL, 'ff808181725050fe017250b8d1f8026d', 0, NULL);
INSERT INTO FLOW_STOPS(ID, CRT_DTTM, CRT_USER, ENABLE_FLAG, LAST_UPDATE_DTTM, LAST_UPDATE_USER, VERSION, BUNDEL, DESCRIPTION, GROUPS, IN_PORT_TYPE, INPORTS, IS_CHECKPOINT, NAME, OUT_PORT_TYPE, OUTPORTS, OWNER, PAGE_ID, START_TIME, STATE, STOP_TIME, FK_FLOW_ID, IS_CUSTOMIZED, FK_DATA_SOURCE_ID) VALUES ('ff808181725050fe017250b8d1f80271', parsedatetime('26-05-2020 00:00:01.00', 'dd-MM-yyyy hh:mm:ss.SS'), 'admin', 1, parsedatetime('26-05-2020 00:00:01.00', 'dd-MM-yyyy hh:mm:ss.SS'), 'admin', 0, 'cn.piflow.bundle.common.MockData', 'Mock dataframe.', 'Common', 'DEFAULT', 'Default', 1, 'MockData', 'DEFAULT', 'Default', 'xjzhu@cnic.cn', '5', NULL, NULL, NULL, 'ff808181725050fe017250b8d1f8026d', 0, NULL);
INSERT INTO FLOW_STOPS(ID, CRT_DTTM, CRT_USER, ENABLE_FLAG, LAST_UPDATE_DTTM, LAST_UPDATE_USER, VERSION, BUNDEL, DESCRIPTION, GROUPS, IN_PORT_TYPE, INPORTS, IS_CHECKPOINT, NAME, OUT_PORT_TYPE, OUTPORTS, OWNER, PAGE_ID, START_TIME, STATE, STOP_TIME, FK_FLOW_ID, IS_CUSTOMIZED, FK_DATA_SOURCE_ID) VALUES ('ff808181725050fe017250b8d1f80285', parsedatetime('26-05-2020 00:00:01.00', 'dd-MM-yyyy hh:mm:ss.SS'), 'admin', 1, parsedatetime('26-05-2020 00:00:01.00', 'dd-MM-yyyy hh:mm:ss.SS'), 'admin', 0, 'cn.piflow.bundle.common.Merge', 'Merge data into one stop', 'Common', 'ANY', 'Any', 1, 'Merge', 'DEFAULT', 'Default', 'xjzhu@cnic.cn', '16', NULL, NULL, NULL, 'ff808181725050fe017250b8d1f8027d', 0, NULL);
INSERT INTO FLOW_STOPS(ID, CRT_DTTM, CRT_USER, ENABLE_FLAG, LAST_UPDATE_DTTM, LAST_UPDATE_USER, VERSION, BUNDEL, DESCRIPTION, GROUPS, IN_PORT_TYPE, INPORTS, IS_CHECKPOINT, NAME, OUT_PORT_TYPE, OUTPORTS, OWNER, PAGE_ID, START_TIME, STATE, STOP_TIME, FK_FLOW_ID, IS_CUSTOMIZED, FK_DATA_SOURCE_ID) VALUES ('ff808181725050fe017250b8d1f80287', parsedatetime('26-05-2020 00:00:01.00', 'dd-MM-yyyy hh:mm:ss.SS'), 'admin', 1, parsedatetime('26-05-2020 00:00:01.00', 'dd-MM-yyyy hh:mm:ss.SS'), 'admin', 0, 'cn.piflow.bundle.common.Fork', 'Forking data to different stops', 'Common', 'DEFAULT', 'Default', 1, 'Fork', 'ANY', 'Any', 'xjzhu@cnic.cn', '19', NULL, NULL, NULL, 'ff808181725050fe017250b8d1f8027d', 0, NULL);
INSERT INTO FLOW_STOPS(ID, CRT_DTTM, CRT_USER, ENABLE_FLAG, LAST_UPDATE_DTTM, LAST_UPDATE_USER, VERSION, BUNDEL, DESCRIPTION, GROUPS, IN_PORT_TYPE, INPORTS, IS_CHECKPOINT, NAME, OUT_PORT_TYPE, OUTPORTS, OWNER, PAGE_ID, START_TIME, STATE, STOP_TIME, FK_FLOW_ID, IS_CUSTOMIZED, FK_DATA_SOURCE_ID) VALUES ('ff808181725050fe017250b8d1f80289', parsedatetime('26-05-2020 00:00:01.00', 'dd-MM-yyyy hh:mm:ss.SS'), 'admin', 1, parsedatetime('26-05-2020 00:00:01.00', 'dd-MM-yyyy hh:mm:ss.SS'), 'admin', 0, 'cn.piflow.bundle.common.SelectField', 'Select data column', 'Common', 'DEFAULT', 'Default', 1, 'SelectField22', 'DEFAULT', 'Default', 'xjzhu@cnic.cn', '25', NULL, NULL, NULL, 'ff808181725050fe017250b8d1f8027d', 0, NULL);
INSERT INTO FLOW_STOPS(ID, CRT_DTTM, CRT_USER, ENABLE_FLAG, LAST_UPDATE_DTTM, LAST_UPDATE_USER, VERSION, BUNDEL, DESCRIPTION, GROUPS, IN_PORT_TYPE, INPORTS, IS_CHECKPOINT, NAME, OUT_PORT_TYPE, OUTPORTS, OWNER, PAGE_ID, START_TIME, STATE, STOP_TIME, FK_FLOW_ID, IS_CUSTOMIZED, FK_DATA_SOURCE_ID) VALUES ('ff808181725050fe017250b8d1f8028b', parsedatetime('26-05-2020 00:00:01.00', 'dd-MM-yyyy hh:mm:ss.SS'), 'admin', 1, parsedatetime('26-05-2020 00:00:01.00', 'dd-MM-yyyy hh:mm:ss.SS'), 'admin', 0, 'cn.piflow.bundle.common.SelectField', 'Select data column', 'Common', 'DEFAULT', 'Default', 1, 'SelectField20', 'DEFAULT', 'Default', 'xjzhu@cnic.cn', '23', NULL, NULL, NULL, 'ff808181725050fe017250b8d1f8027d', 0, NULL);
INSERT INTO FLOW_STOPS(ID, CRT_DTTM, CRT_USER, ENABLE_FLAG, LAST_UPDATE_DTTM, LAST_UPDATE_USER, VERSION, BUNDEL, DESCRIPTION, GROUPS, IN_PORT_TYPE, INPORTS, IS_CHECKPOINT, NAME, OUT_PORT_TYPE, OUTPORTS, OWNER, PAGE_ID, START_TIME, STATE, STOP_TIME, FK_FLOW_ID, IS_CUSTOMIZED, FK_DATA_SOURCE_ID) VALUES ('ff808181725050fe017250b8d1f8028d', parsedatetime('26-05-2020 00:00:01.00', 'dd-MM-yyyy hh:mm:ss.SS'), 'admin', 1, parsedatetime('26-05-2020 00:00:01.00', 'dd-MM-yyyy hh:mm:ss.SS'), 'admin', 0, 'cn.piflow.bundle.common.SelectField', 'Select data column', 'Common', 'DEFAULT', 'Default', 1, 'SelectField18', 'DEFAULT', 'Default', 'xjzhu@cnic.cn', '21', NULL, NULL, NULL, 'ff808181725050fe017250b8d1f8027d', 0, NULL);
INSERT INTO FLOW_STOPS(ID, CRT_DTTM, CRT_USER, ENABLE_FLAG, LAST_UPDATE_DTTM, LAST_UPDATE_USER, VERSION, BUNDEL, DESCRIPTION, GROUPS, IN_PORT_TYPE, INPORTS, IS_CHECKPOINT, NAME, OUT_PORT_TYPE, OUTPORTS, OWNER, PAGE_ID, START_TIME, STATE, STOP_TIME, FK_FLOW_ID, IS_CUSTOMIZED, FK_DATA_SOURCE_ID) VALUES ('ff808181725050fe017250b8d1f8028f', parsedatetime('26-05-2020 00:00:01.00', 'dd-MM-yyyy hh:mm:ss.SS'), 'admin', 1, parsedatetime('26-05-2020 00:00:01.00', 'dd-MM-yyyy hh:mm:ss.SS'), 'admin', 0, 'cn.piflow.bundle.common.SelectField', 'Select data column', 'Common', 'DEFAULT', 'Default', 1, 'SelectField', 'DEFAULT', 'Default', 'xjzhu@cnic.cn', '14', NULL, NULL, NULL, 'ff808181725050fe017250b8d1f8027d', 0, NULL);
INSERT INTO FLOW_STOPS(ID, CRT_DTTM, CRT_USER, ENABLE_FLAG, LAST_UPDATE_DTTM, LAST_UPDATE_USER, VERSION, BUNDEL, DESCRIPTION, GROUPS, IN_PORT_TYPE, INPORTS, IS_CHECKPOINT, NAME, OUT_PORT_TYPE, OUTPORTS, OWNER, PAGE_ID, START_TIME, STATE, STOP_TIME, FK_FLOW_ID, IS_CUSTOMIZED, FK_DATA_SOURCE_ID) VALUES ('ff808181725050fe017250b8d1f90291', parsedatetime('26-05-2020 00:00:01.00', 'dd-MM-yyyy hh:mm:ss.SS'), 'admin', 1, parsedatetime('26-05-2020 00:00:01.00', 'dd-MM-yyyy hh:mm:ss.SS'), 'admin', 0, 'cn.piflow.bundle.common.MockData', 'Mock dataframe.', 'Common', 'DEFAULT', 'Default', 1, 'MockData7', 'DEFAULT', 'Default', 'xjzhu@cnic.cn', '10', NULL, NULL, NULL, 'ff808181725050fe017250b8d1f8027d', 0, NULL);
INSERT INTO FLOW_STOPS(ID, CRT_DTTM, CRT_USER, ENABLE_FLAG, LAST_UPDATE_DTTM, LAST_UPDATE_USER, VERSION, BUNDEL, DESCRIPTION, GROUPS, IN_PORT_TYPE, INPORTS, IS_CHECKPOINT, NAME, OUT_PORT_TYPE, OUTPORTS, OWNER, PAGE_ID, START_TIME, STATE, STOP_TIME, FK_FLOW_ID, IS_CUSTOMIZED, FK_DATA_SOURCE_ID) VALUES ('ff808181725050fe017250b8d1f90294', parsedatetime('26-05-2020 00:00:01.00', 'dd-MM-yyyy hh:mm:ss.SS'), 'admin', 1, parsedatetime('26-05-2020 00:00:01.00', 'dd-MM-yyyy hh:mm:ss.SS'), 'admin', 0, 'cn.piflow.bundle.common.MockData', 'Mock dataframe.', 'Common', 'DEFAULT', 'Default', 1, 'MockData', 'DEFAULT', 'Default', 'xjzhu@cnic.cn', '5', NULL, NULL, NULL, 'ff808181725050fe017250b8d1f8027d', 0, NULL);
INSERT INTO FLOW_STOPS(ID, CRT_DTTM, CRT_USER, ENABLE_FLAG, LAST_UPDATE_DTTM, LAST_UPDATE_USER, VERSION, BUNDEL, DESCRIPTION, GROUPS, IN_PORT_TYPE, INPORTS, IS_CHECKPOINT, NAME, OUT_PORT_TYPE, OUTPORTS, OWNER, PAGE_ID, START_TIME, STATE, STOP_TIME, FK_FLOW_ID, IS_CUSTOMIZED, FK_DATA_SOURCE_ID) VALUES ('ff808181725050fe017250b8d1fa02df', parsedatetime('26-05-2020 00:00:01.00', 'dd-MM-yyyy hh:mm:ss.SS'), 'admin', 1, parsedatetime('26-05-2020 00:00:01.00', 'dd-MM-yyyy hh:mm:ss.SS'), 'admin', 0, 'cn.piflow.bundle.common.SelectField', 'Select data column', 'Common', 'DEFAULT', 'Default', 0, 'SelectField', 'DEFAULT', 'Default', 'xjzhu@cnic.cn', '7', NULL, NULL, NULL, 'ff808181725050fe017250b8d1fa02dd', 0, NULL);
INSERT INTO FLOW_STOPS(ID, CRT_DTTM, CRT_USER, ENABLE_FLAG, LAST_UPDATE_DTTM, LAST_UPDATE_USER, VERSION, BUNDEL, DESCRIPTION, GROUPS, IN_PORT_TYPE, INPORTS, IS_CHECKPOINT, NAME, OUT_PORT_TYPE, OUTPORTS, OWNER, PAGE_ID, START_TIME, STATE, STOP_TIME, FK_FLOW_ID, IS_CUSTOMIZED, FK_DATA_SOURCE_ID) VALUES ('ff808181725050fe017250b8d1fa02e1', parsedatetime('26-05-2020 00:00:01.00', 'dd-MM-yyyy hh:mm:ss.SS'), 'admin', 1, parsedatetime('26-05-2020 00:00:01.00', 'dd-MM-yyyy hh:mm:ss.SS'), 'admin', 0, 'cn.piflow.bundle.common.MockData', 'Mock dataframe.', 'Common', 'DEFAULT', 'Default', 0, 'MockData', 'DEFAULT', 'Default', 'xjzhu@cnic.cn', '5', NULL, NULL, NULL, 'ff808181725050fe017250b8d1fa02dd', 0, NULL);
INSERT INTO FLOW_STOPS(ID, CRT_DTTM, CRT_USER, ENABLE_FLAG, LAST_UPDATE_DTTM, LAST_UPDATE_USER, VERSION, BUNDEL, DESCRIPTION, GROUPS, IN_PORT_TYPE, INPORTS, IS_CHECKPOINT, NAME, OUT_PORT_TYPE, OUTPORTS, OWNER, PAGE_ID, START_TIME, STATE, STOP_TIME, FK_FLOW_ID, IS_CUSTOMIZED, FK_DATA_SOURCE_ID) VALUES ('ff808181725050fe017250b8d1fa02f5', parsedatetime('26-05-2020 00:00:01.00', 'dd-MM-yyyy hh:mm:ss.SS'), 'admin', 1, parsedatetime('26-05-2020 00:00:01.00', 'dd-MM-yyyy hh:mm:ss.SS'), 'admin', 0, 'cn.piflow.bundle.common.Merge', 'Merge data into one stop', 'Common', 'ANY', 'Any', 0, 'Merge', 'DEFAULT', 'Default', 'xjzhu@cnic.cn', '15', NULL, NULL, NULL, 'ff808181725050fe017250b8d1fa02ed', 0, NULL);
INSERT INTO FLOW_STOPS(ID, CRT_DTTM, CRT_USER, ENABLE_FLAG, LAST_UPDATE_DTTM, LAST_UPDATE_USER, VERSION, BUNDEL, DESCRIPTION, GROUPS, IN_PORT_TYPE, INPORTS, IS_CHECKPOINT, NAME, OUT_PORT_TYPE, OUTPORTS, OWNER, PAGE_ID, START_TIME, STATE, STOP_TIME, FK_FLOW_ID, IS_CUSTOMIZED, FK_DATA_SOURCE_ID) VALUES ('ff808181725050fe017250b8d1fa02f7', parsedatetime('26-05-2020 00:00:01.00', 'dd-MM-yyyy hh:mm:ss.SS'), 'admin', 1, parsedatetime('26-05-2020 00:00:01.00', 'dd-MM-yyyy hh:mm:ss.SS'), 'admin', 0, 'cn.piflow.bundle.common.Fork', 'Forking data to different stops', 'Common', 'DEFAULT', 'Default', 0, 'Fork', 'ANY', 'Any', 'xjzhu@cnic.cn', '18', NULL, NULL, NULL, 'ff808181725050fe017250b8d1fa02ed', 0, NULL);
INSERT INTO FLOW_STOPS(ID, CRT_DTTM, CRT_USER, ENABLE_FLAG, LAST_UPDATE_DTTM, LAST_UPDATE_USER, VERSION, BUNDEL, DESCRIPTION, GROUPS, IN_PORT_TYPE, INPORTS, IS_CHECKPOINT, NAME, OUT_PORT_TYPE, OUTPORTS, OWNER, PAGE_ID, START_TIME, STATE, STOP_TIME, FK_FLOW_ID, IS_CUSTOMIZED, FK_DATA_SOURCE_ID) VALUES ('ff808181725050fe017250b8d1fa02f9', parsedatetime('26-05-2020 00:00:01.00', 'dd-MM-yyyy hh:mm:ss.SS'), 'admin', 1, parsedatetime('26-05-2020 00:00:01.00', 'dd-MM-yyyy hh:mm:ss.SS'), 'admin', 0, 'cn.piflow.bundle.common.SelectField', 'Select data column', 'Common', 'DEFAULT', 'Default', 0, 'SelectField22', 'DEFAULT', 'Default', 'xjzhu@cnic.cn', '24', NULL, NULL, NULL, 'ff808181725050fe017250b8d1fa02ed', 0, NULL);
INSERT INTO FLOW_STOPS(ID, CRT_DTTM, CRT_USER, ENABLE_FLAG, LAST_UPDATE_DTTM, LAST_UPDATE_USER, VERSION, BUNDEL, DESCRIPTION, GROUPS, IN_PORT_TYPE, INPORTS, IS_CHECKPOINT, NAME, OUT_PORT_TYPE, OUTPORTS, OWNER, PAGE_ID, START_TIME, STATE, STOP_TIME, FK_FLOW_ID, IS_CUSTOMIZED, FK_DATA_SOURCE_ID) VALUES ('ff808181725050fe017250b8d1fb02fb', parsedatetime('26-05-2020 00:00:01.00', 'dd-MM-yyyy hh:mm:ss.SS'), 'admin', 1, parsedatetime('26-05-2020 00:00:01.00', 'dd-MM-yyyy hh:mm:ss.SS'), 'admin', 0, 'cn.piflow.bundle.common.SelectField', 'Select data column', 'Common', 'DEFAULT', 'Default', 0, 'SelectField20', 'DEFAULT', 'Default', 'xjzhu@cnic.cn', '22', NULL, NULL, NULL, 'ff808181725050fe017250b8d1fa02ed', 0, NULL);
INSERT INTO FLOW_STOPS(ID, CRT_DTTM, CRT_USER, ENABLE_FLAG, LAST_UPDATE_DTTM, LAST_UPDATE_USER, VERSION, BUNDEL, DESCRIPTION, GROUPS, IN_PORT_TYPE, INPORTS, IS_CHECKPOINT, NAME, OUT_PORT_TYPE, OUTPORTS, OWNER, PAGE_ID, START_TIME, STATE, STOP_TIME, FK_FLOW_ID, IS_CUSTOMIZED, FK_DATA_SOURCE_ID) VALUES ('ff808181725050fe017250b8d1fb02fd', parsedatetime('26-05-2020 00:00:01.00', 'dd-MM-yyyy hh:mm:ss.SS'), 'admin', 1, parsedatetime('26-05-2020 00:00:01.00', 'dd-MM-yyyy hh:mm:ss.SS'), 'admin', 0, 'cn.piflow.bundle.common.SelectField', 'Select data column', 'Common', 'DEFAULT', 'Default', 0, 'SelectField18', 'DEFAULT', 'Default', 'xjzhu@cnic.cn', '20', NULL, NULL, NULL, 'ff808181725050fe017250b8d1fa02ed', 0, NULL);
INSERT INTO FLOW_STOPS(ID, CRT_DTTM, CRT_USER, ENABLE_FLAG, LAST_UPDATE_DTTM, LAST_UPDATE_USER, VERSION, BUNDEL, DESCRIPTION, GROUPS, IN_PORT_TYPE, INPORTS, IS_CHECKPOINT, NAME, OUT_PORT_TYPE, OUTPORTS, OWNER, PAGE_ID, START_TIME, STATE, STOP_TIME, FK_FLOW_ID, IS_CUSTOMIZED, FK_DATA_SOURCE_ID) VALUES ('ff808181725050fe017250b8d1fb02ff', parsedatetime('26-05-2020 00:00:01.00', 'dd-MM-yyyy hh:mm:ss.SS'), 'admin', 1, parsedatetime('26-05-2020 00:00:01.00', 'dd-MM-yyyy hh:mm:ss.SS'), 'admin', 0, 'cn.piflow.bundle.common.SelectField', 'Select data column', 'Common', 'DEFAULT', 'Default', 0, 'SelectField', 'DEFAULT', 'Default', 'xjzhu@cnic.cn', '13', NULL, NULL, NULL, 'ff808181725050fe017250b8d1fa02ed', 0, NULL);
INSERT INTO FLOW_STOPS(ID, CRT_DTTM, CRT_USER, ENABLE_FLAG, LAST_UPDATE_DTTM, LAST_UPDATE_USER, VERSION, BUNDEL, DESCRIPTION, GROUPS, IN_PORT_TYPE, INPORTS, IS_CHECKPOINT, NAME, OUT_PORT_TYPE, OUTPORTS, OWNER, PAGE_ID, START_TIME, STATE, STOP_TIME, FK_FLOW_ID, IS_CUSTOMIZED, FK_DATA_SOURCE_ID) VALUES ('ff808181725050fe017250b8d1fb0301', parsedatetime('26-05-2020 00:00:01.00', 'dd-MM-yyyy hh:mm:ss.SS'), 'admin', 1, parsedatetime('26-05-2020 00:00:01.00', 'dd-MM-yyyy hh:mm:ss.SS'), 'admin', 0, 'cn.piflow.bundle.common.MockData', 'Mock dataframe.', 'Common', 'DEFAULT', 'Default', 0, 'MockData7', 'DEFAULT', 'Default', 'xjzhu@cnic.cn', '9', NULL, NULL, NULL, 'ff808181725050fe017250b8d1fa02ed', 0, NULL);
INSERT INTO FLOW_STOPS(ID, CRT_DTTM, CRT_USER, ENABLE_FLAG, LAST_UPDATE_DTTM, LAST_UPDATE_USER, VERSION, BUNDEL, DESCRIPTION, GROUPS, IN_PORT_TYPE, INPORTS, IS_CHECKPOINT, NAME, OUT_PORT_TYPE, OUTPORTS, OWNER, PAGE_ID, START_TIME, STATE, STOP_TIME, FK_FLOW_ID, IS_CUSTOMIZED, FK_DATA_SOURCE_ID) VALUES ('ff808181725050fe017250b8d1fb0304', parsedatetime('26-05-2020 00:00:01.00', 'dd-MM-yyyy hh:mm:ss.SS'), 'admin', 1, parsedatetime('26-05-2020 00:00:01.00', 'dd-MM-yyyy hh:mm:ss.SS'), 'admin', 0, 'cn.piflow.bundle.common.MockData', 'Mock dataframe.', 'Common', 'DEFAULT', 'Default', 0, 'MockData', 'DEFAULT', 'Default', 'xjzhu@cnic.cn', '4', NULL, NULL, NULL, 'ff808181725050fe017250b8d1fa02ed', 0, NULL);
INSERT INTO FLOW_STOPS(ID, CRT_DTTM, CRT_USER, ENABLE_FLAG, LAST_UPDATE_DTTM, LAST_UPDATE_USER, VERSION, BUNDEL, DESCRIPTION, GROUPS, IN_PORT_TYPE, INPORTS, IS_CHECKPOINT, NAME, OUT_PORT_TYPE, OUTPORTS, OWNER, PAGE_ID, START_TIME, STATE, STOP_TIME, FK_FLOW_ID, IS_CUSTOMIZED, FK_DATA_SOURCE_ID) VALUES ('ff808181725050fe017250b8d1fc0348', parsedatetime('26-05-2020 00:00:01.00', 'dd-MM-yyyy hh:mm:ss.SS'), 'admin', 1, parsedatetime('26-05-2020 00:00:01.00', 'dd-MM-yyyy hh:mm:ss.SS'), 'admin', 0, 'cn.piflow.bundle.common.Merge', 'Merge data into one stop', 'Common', 'ANY', 'Any', 1, 'Merge', 'DEFAULT', 'Default', 'xjzhu@cnic.cn', '16', NULL, NULL, NULL, 'ff808181725050fe017250b8d1fc0340', 0, NULL);
INSERT INTO FLOW_STOPS(ID, CRT_DTTM, CRT_USER, ENABLE_FLAG, LAST_UPDATE_DTTM, LAST_UPDATE_USER, VERSION, BUNDEL, DESCRIPTION, GROUPS, IN_PORT_TYPE, INPORTS, IS_CHECKPOINT, NAME, OUT_PORT_TYPE, OUTPORTS, OWNER, PAGE_ID, START_TIME, STATE, STOP_TIME, FK_FLOW_ID, IS_CUSTOMIZED, FK_DATA_SOURCE_ID) VALUES ('ff808181725050fe017250b8d1fc034a', parsedatetime('26-05-2020 00:00:01.00', 'dd-MM-yyyy hh:mm:ss.SS'), 'admin', 1, parsedatetime('26-05-2020 00:00:01.00', 'dd-MM-yyyy hh:mm:ss.SS'), 'admin', 0, 'cn.piflow.bundle.common.Fork', 'Forking data to different stops', 'Common', 'DEFAULT', 'Default', 1, 'Fork', 'ANY', 'Any', 'xjzhu@cnic.cn', '19', NULL, NULL, NULL, 'ff808181725050fe017250b8d1fc0340', 0, NULL);
INSERT INTO FLOW_STOPS(ID, CRT_DTTM, CRT_USER, ENABLE_FLAG, LAST_UPDATE_DTTM, LAST_UPDATE_USER, VERSION, BUNDEL, DESCRIPTION, GROUPS, IN_PORT_TYPE, INPORTS, IS_CHECKPOINT, NAME, OUT_PORT_TYPE, OUTPORTS, OWNER, PAGE_ID, START_TIME, STATE, STOP_TIME, FK_FLOW_ID, IS_CUSTOMIZED, FK_DATA_SOURCE_ID) VALUES ('ff808181725050fe017250b8d1fc034c', parsedatetime('26-05-2020 00:00:01.00', 'dd-MM-yyyy hh:mm:ss.SS'), 'admin', 1, parsedatetime('26-05-2020 00:00:01.00', 'dd-MM-yyyy hh:mm:ss.SS'), 'admin', 0, 'cn.piflow.bundle.common.SelectField', 'Select data column', 'Common', 'DEFAULT', 'Default', 1, 'SelectField22', 'DEFAULT', 'Default', 'xjzhu@cnic.cn', '25', NULL, NULL, NULL, 'ff808181725050fe017250b8d1fc0340', 0, NULL);
INSERT INTO FLOW_STOPS(ID, CRT_DTTM, CRT_USER, ENABLE_FLAG, LAST_UPDATE_DTTM, LAST_UPDATE_USER, VERSION, BUNDEL, DESCRIPTION, GROUPS, IN_PORT_TYPE, INPORTS, IS_CHECKPOINT, NAME, OUT_PORT_TYPE, OUTPORTS, OWNER, PAGE_ID, START_TIME, STATE, STOP_TIME, FK_FLOW_ID, IS_CUSTOMIZED, FK_DATA_SOURCE_ID) VALUES ('ff808181725050fe017250b8d1fc034e', parsedatetime('26-05-2020 00:00:01.00', 'dd-MM-yyyy hh:mm:ss.SS'), 'admin', 1, parsedatetime('26-05-2020 00:00:01.00', 'dd-MM-yyyy hh:mm:ss.SS'), 'admin', 0, 'cn.piflow.bundle.common.SelectField', 'Select data column', 'Common', 'DEFAULT', 'Default', 1, 'SelectField20', 'DEFAULT', 'Default', 'xjzhu@cnic.cn', '23', NULL, NULL, NULL, 'ff808181725050fe017250b8d1fc0340', 0, NULL);
INSERT INTO FLOW_STOPS(ID, CRT_DTTM, CRT_USER, ENABLE_FLAG, LAST_UPDATE_DTTM, LAST_UPDATE_USER, VERSION, BUNDEL, DESCRIPTION, GROUPS, IN_PORT_TYPE, INPORTS, IS_CHECKPOINT, NAME, OUT_PORT_TYPE, OUTPORTS, OWNER, PAGE_ID, START_TIME, STATE, STOP_TIME, FK_FLOW_ID, IS_CUSTOMIZED, FK_DATA_SOURCE_ID) VALUES ('ff808181725050fe017250b8d1fc0350', parsedatetime('26-05-2020 00:00:01.00', 'dd-MM-yyyy hh:mm:ss.SS'), 'admin', 1, parsedatetime('26-05-2020 00:00:01.00', 'dd-MM-yyyy hh:mm:ss.SS'), 'admin', 0, 'cn.piflow.bundle.common.SelectField', 'Select data column', 'Common', 'DEFAULT', 'Default', 1, 'SelectField18', 'DEFAULT', 'Default', 'xjzhu@cnic.cn', '21', NULL, NULL, NULL, 'ff808181725050fe017250b8d1fc0340', 0, NULL);
INSERT INTO FLOW_STOPS(ID, CRT_DTTM, CRT_USER, ENABLE_FLAG, LAST_UPDATE_DTTM, LAST_UPDATE_USER, VERSION, BUNDEL, DESCRIPTION, GROUPS, IN_PORT_TYPE, INPORTS, IS_CHECKPOINT, NAME, OUT_PORT_TYPE, OUTPORTS, OWNER, PAGE_ID, START_TIME, STATE, STOP_TIME, FK_FLOW_ID, IS_CUSTOMIZED, FK_DATA_SOURCE_ID) VALUES ('ff808181725050fe017250b8d1fc0352', parsedatetime('26-05-2020 00:00:01.00', 'dd-MM-yyyy hh:mm:ss.SS'), 'admin', 1, parsedatetime('26-05-2020 00:00:01.00', 'dd-MM-yyyy hh:mm:ss.SS'), 'admin', 0, 'cn.piflow.bundle.common.SelectField', 'Select data column', 'Common', 'DEFAULT', 'Default', 1, 'SelectField', 'DEFAULT', 'Default', 'xjzhu@cnic.cn', '14', NULL, NULL, NULL, 'ff808181725050fe017250b8d1fc0340', 0, NULL);
INSERT INTO FLOW_STOPS(ID, CRT_DTTM, CRT_USER, ENABLE_FLAG, LAST_UPDATE_DTTM, LAST_UPDATE_USER, VERSION, BUNDEL, DESCRIPTION, GROUPS, IN_PORT_TYPE, INPORTS, IS_CHECKPOINT, NAME, OUT_PORT_TYPE, OUTPORTS, OWNER, PAGE_ID, START_TIME, STATE, STOP_TIME, FK_FLOW_ID, IS_CUSTOMIZED, FK_DATA_SOURCE_ID) VALUES ('ff808181725050fe017250b8d1fc0354', parsedatetime('26-05-2020 00:00:01.00', 'dd-MM-yyyy hh:mm:ss.SS'), 'admin', 1, parsedatetime('26-05-2020 00:00:01.00', 'dd-MM-yyyy hh:mm:ss.SS'), 'admin', 0, 'cn.piflow.bundle.common.MockData', 'Mock dataframe.', 'Common', 'DEFAULT', 'Default', 1, 'MockData7', 'DEFAULT', 'Default', 'xjzhu@cnic.cn', '10', NULL, NULL, NULL, 'ff808181725050fe017250b8d1fc0340', 0, NULL);
INSERT INTO FLOW_STOPS(ID, CRT_DTTM, CRT_USER, ENABLE_FLAG, LAST_UPDATE_DTTM, LAST_UPDATE_USER, VERSION, BUNDEL, DESCRIPTION, GROUPS, IN_PORT_TYPE, INPORTS, IS_CHECKPOINT, NAME, OUT_PORT_TYPE, OUTPORTS, OWNER, PAGE_ID, START_TIME, STATE, STOP_TIME, FK_FLOW_ID, IS_CUSTOMIZED, FK_DATA_SOURCE_ID) VALUES ('ff808181725050fe017250b8d1fc0357', parsedatetime('26-05-2020 00:00:01.00', 'dd-MM-yyyy hh:mm:ss.SS'), 'admin', 1, parsedatetime('26-05-2020 00:00:01.00', 'dd-MM-yyyy hh:mm:ss.SS'), 'admin', 0, 'cn.piflow.bundle.common.MockData', 'Mock dataframe.', 'Common', 'DEFAULT', 'Default', 1, 'MockData', 'DEFAULT', 'Default', 'xjzhu@cnic.cn', '5', NULL, NULL, NULL, 'ff808181725050fe017250b8d1fc0340', 0, NULL);
INSERT INTO FLOW_STOPS(ID, CRT_DTTM, CRT_USER, ENABLE_FLAG, LAST_UPDATE_DTTM, LAST_UPDATE_USER, VERSION, BUNDEL, DESCRIPTION, GROUPS, IN_PORT_TYPE, INPORTS, IS_CHECKPOINT, NAME, OUT_PORT_TYPE, OUTPORTS, OWNER, PAGE_ID, START_TIME, STATE, STOP_TIME, FK_FLOW_ID, IS_CUSTOMIZED, FK_DATA_SOURCE_ID) VALUES ('ff808181725050fe017250b8d1fd038d', parsedatetime('26-05-2020 00:00:01.00', 'dd-MM-yyyy hh:mm:ss.SS'), 'admin', 1, parsedatetime('26-05-2020 00:00:01.00', 'dd-MM-yyyy hh:mm:ss.SS'), 'admin', 0, 'cn.piflow.bundle.common.Merge', 'Merge data into one stop', 'Common', 'ANY', 'Any', 1, 'Merge', 'DEFAULT', 'Default', 'xjzhu@cnic.cn', '16', NULL, NULL, NULL, 'ff808181725050fe017250b8d1fd0385', 0, NULL);
INSERT INTO FLOW_STOPS(ID, CRT_DTTM, CRT_USER, ENABLE_FLAG, LAST_UPDATE_DTTM, LAST_UPDATE_USER, VERSION, BUNDEL, DESCRIPTION, GROUPS, IN_PORT_TYPE, INPORTS, IS_CHECKPOINT, NAME, OUT_PORT_TYPE, OUTPORTS, OWNER, PAGE_ID, START_TIME, STATE, STOP_TIME, FK_FLOW_ID, IS_CUSTOMIZED, FK_DATA_SOURCE_ID) VALUES ('ff808181725050fe017250b8d1fd038f', parsedatetime('26-05-2020 00:00:01.00', 'dd-MM-yyyy hh:mm:ss.SS'), 'admin', 1, parsedatetime('26-05-2020 00:00:01.00', 'dd-MM-yyyy hh:mm:ss.SS'), 'admin', 0, 'cn.piflow.bundle.common.Fork', 'Forking data to different stops', 'Common', 'DEFAULT', 'Default', 1, 'Fork', 'ANY', 'Any', 'xjzhu@cnic.cn', '19', NULL, NULL, NULL, 'ff808181725050fe017250b8d1fd0385', 0, NULL);
INSERT INTO FLOW_STOPS(ID, CRT_DTTM, CRT_USER, ENABLE_FLAG, LAST_UPDATE_DTTM, LAST_UPDATE_USER, VERSION, BUNDEL, DESCRIPTION, GROUPS, IN_PORT_TYPE, INPORTS, IS_CHECKPOINT, NAME, OUT_PORT_TYPE, OUTPORTS, OWNER, PAGE_ID, START_TIME, STATE, STOP_TIME, FK_FLOW_ID, IS_CUSTOMIZED, FK_DATA_SOURCE_ID) VALUES ('ff808181725050fe017250b8d1fd0391', parsedatetime('26-05-2020 00:00:01.00', 'dd-MM-yyyy hh:mm:ss.SS'), 'admin', 1, parsedatetime('26-05-2020 00:00:01.00', 'dd-MM-yyyy hh:mm:ss.SS'), 'admin', 0, 'cn.piflow.bundle.common.SelectField', 'Select data column', 'Common', 'DEFAULT', 'Default', 1, 'SelectField22', 'DEFAULT', 'Default', 'xjzhu@cnic.cn', '25', NULL, NULL, NULL, 'ff808181725050fe017250b8d1fd0385', 0, NULL);
INSERT INTO FLOW_STOPS(ID, CRT_DTTM, CRT_USER, ENABLE_FLAG, LAST_UPDATE_DTTM, LAST_UPDATE_USER, VERSION, BUNDEL, DESCRIPTION, GROUPS, IN_PORT_TYPE, INPORTS, IS_CHECKPOINT, NAME, OUT_PORT_TYPE, OUTPORTS, OWNER, PAGE_ID, START_TIME, STATE, STOP_TIME, FK_FLOW_ID, IS_CUSTOMIZED, FK_DATA_SOURCE_ID) VALUES ('ff808181725050fe017250b8d1fe0393', parsedatetime('26-05-2020 00:00:01.00', 'dd-MM-yyyy hh:mm:ss.SS'), 'admin', 1, parsedatetime('26-05-2020 00:00:01.00', 'dd-MM-yyyy hh:mm:ss.SS'), 'admin', 0, 'cn.piflow.bundle.common.SelectField', 'Select data column', 'Common', 'DEFAULT', 'Default', 1, 'SelectField20', 'DEFAULT', 'Default', 'xjzhu@cnic.cn', '23', NULL, NULL, NULL, 'ff808181725050fe017250b8d1fd0385', 0, NULL);
INSERT INTO FLOW_STOPS(ID, CRT_DTTM, CRT_USER, ENABLE_FLAG, LAST_UPDATE_DTTM, LAST_UPDATE_USER, VERSION, BUNDEL, DESCRIPTION, GROUPS, IN_PORT_TYPE, INPORTS, IS_CHECKPOINT, NAME, OUT_PORT_TYPE, OUTPORTS, OWNER, PAGE_ID, START_TIME, STATE, STOP_TIME, FK_FLOW_ID, IS_CUSTOMIZED, FK_DATA_SOURCE_ID) VALUES ('ff808181725050fe017250b8d1fe0395', parsedatetime('26-05-2020 00:00:01.00', 'dd-MM-yyyy hh:mm:ss.SS'), 'admin', 1, parsedatetime('26-05-2020 00:00:01.00', 'dd-MM-yyyy hh:mm:ss.SS'), 'admin', 0, 'cn.piflow.bundle.common.SelectField', 'Select data column', 'Common', 'DEFAULT', 'Default', 1, 'SelectField18', 'DEFAULT', 'Default', 'xjzhu@cnic.cn', '21', NULL, NULL, NULL, 'ff808181725050fe017250b8d1fd0385', 0, NULL);
INSERT INTO FLOW_STOPS(ID, CRT_DTTM, CRT_USER, ENABLE_FLAG, LAST_UPDATE_DTTM, LAST_UPDATE_USER, VERSION, BUNDEL, DESCRIPTION, GROUPS, IN_PORT_TYPE, INPORTS, IS_CHECKPOINT, NAME, OUT_PORT_TYPE, OUTPORTS, OWNER, PAGE_ID, START_TIME, STATE, STOP_TIME, FK_FLOW_ID, IS_CUSTOMIZED, FK_DATA_SOURCE_ID) VALUES ('ff808181725050fe017250b8d1fe0397', parsedatetime('26-05-2020 00:00:01.00', 'dd-MM-yyyy hh:mm:ss.SS'), 'admin', 1, parsedatetime('26-05-2020 00:00:01.00', 'dd-MM-yyyy hh:mm:ss.SS'), 'admin', 0, 'cn.piflow.bundle.common.SelectField', 'Select data column', 'Common', 'DEFAULT', 'Default', 1, 'SelectField', 'DEFAULT', 'Default', 'xjzhu@cnic.cn', '14', NULL, NULL, NULL, 'ff808181725050fe017250b8d1fd0385', 0, NULL);
INSERT INTO FLOW_STOPS(ID, CRT_DTTM, CRT_USER, ENABLE_FLAG, LAST_UPDATE_DTTM, LAST_UPDATE_USER, VERSION, BUNDEL, DESCRIPTION, GROUPS, IN_PORT_TYPE, INPORTS, IS_CHECKPOINT, NAME, OUT_PORT_TYPE, OUTPORTS, OWNER, PAGE_ID, START_TIME, STATE, STOP_TIME, FK_FLOW_ID, IS_CUSTOMIZED, FK_DATA_SOURCE_ID) VALUES ('ff808181725050fe017250b8d1fe0399', parsedatetime('26-05-2020 00:00:01.00', 'dd-MM-yyyy hh:mm:ss.SS'), 'admin', 1, parsedatetime('26-05-2020 00:00:01.00', 'dd-MM-yyyy hh:mm:ss.SS'), 'admin', 0, 'cn.piflow.bundle.common.MockData', 'Mock dataframe.', 'Common', 'DEFAULT', 'Default', 1, 'MockData7', 'DEFAULT', 'Default', 'xjzhu@cnic.cn', '10', NULL, NULL, NULL, 'ff808181725050fe017250b8d1fd0385', 0, NULL);
INSERT INTO FLOW_STOPS(ID, CRT_DTTM, CRT_USER, ENABLE_FLAG, LAST_UPDATE_DTTM, LAST_UPDATE_USER, VERSION, BUNDEL, DESCRIPTION, GROUPS, IN_PORT_TYPE, INPORTS, IS_CHECKPOINT, NAME, OUT_PORT_TYPE, OUTPORTS, OWNER, PAGE_ID, START_TIME, STATE, STOP_TIME, FK_FLOW_ID, IS_CUSTOMIZED, FK_DATA_SOURCE_ID) VALUES ('ff808181725050fe017250b8d1fe039c', parsedatetime('26-05-2020 00:00:01.00', 'dd-MM-yyyy hh:mm:ss.SS'), 'admin', 1, parsedatetime('26-05-2020 00:00:01.00', 'dd-MM-yyyy hh:mm:ss.SS'), 'admin', 0, 'cn.piflow.bundle.common.MockData', 'Mock dataframe.', 'Common', 'DEFAULT', 'Default', 1, 'MockData', 'DEFAULT', 'Default', 'xjzhu@cnic.cn', '5', NULL, NULL, NULL, 'ff808181725050fe017250b8d1fd0385', 0, NULL);
INSERT INTO FLOW_STOPS(ID, CRT_DTTM, CRT_USER, ENABLE_FLAG, LAST_UPDATE_DTTM, LAST_UPDATE_USER, VERSION, BUNDEL, DESCRIPTION, GROUPS, IN_PORT_TYPE, INPORTS, IS_CHECKPOINT, NAME, OUT_PORT_TYPE, OUTPORTS, OWNER, PAGE_ID, START_TIME, STATE, STOP_TIME, FK_FLOW_ID, IS_CUSTOMIZED, FK_DATA_SOURCE_ID) VALUES ('ff808181725050fe017250b8d1ff03d2', parsedatetime('26-05-2020 00:00:01.00', 'dd-MM-yyyy hh:mm:ss.SS'), 'admin', 1, parsedatetime('26-05-2020 00:00:01.00', 'dd-MM-yyyy hh:mm:ss.SS'), 'admin', 0, 'cn.piflow.bundle.common.Merge', 'Merge data into one stop', 'Common', 'ANY', 'Any', 1, 'Merge', 'DEFAULT', 'Default', 'xjzhu@cnic.cn', '16', NULL, NULL, NULL, 'ff808181725050fe017250b8d1ff03ca', 0, NULL);
INSERT INTO FLOW_STOPS(ID, CRT_DTTM, CRT_USER, ENABLE_FLAG, LAST_UPDATE_DTTM, LAST_UPDATE_USER, VERSION, BUNDEL, DESCRIPTION, GROUPS, IN_PORT_TYPE, INPORTS, IS_CHECKPOINT, NAME, OUT_PORT_TYPE, OUTPORTS, OWNER, PAGE_ID, START_TIME, STATE, STOP_TIME, FK_FLOW_ID, IS_CUSTOMIZED, FK_DATA_SOURCE_ID) VALUES ('ff808181725050fe017250b8d1ff03d4', parsedatetime('26-05-2020 00:00:01.00', 'dd-MM-yyyy hh:mm:ss.SS'), 'admin', 1, parsedatetime('26-05-2020 00:00:01.00', 'dd-MM-yyyy hh:mm:ss.SS'), 'admin', 0, 'cn.piflow.bundle.common.Fork', 'Forking data to different stops', 'Common', 'DEFAULT', 'Default', 1, 'Fork', 'ANY', 'Any', 'xjzhu@cnic.cn', '19', NULL, NULL, NULL, 'ff808181725050fe017250b8d1ff03ca', 0, NULL);
INSERT INTO FLOW_STOPS(ID, CRT_DTTM, CRT_USER, ENABLE_FLAG, LAST_UPDATE_DTTM, LAST_UPDATE_USER, VERSION, BUNDEL, DESCRIPTION, GROUPS, IN_PORT_TYPE, INPORTS, IS_CHECKPOINT, NAME, OUT_PORT_TYPE, OUTPORTS, OWNER, PAGE_ID, START_TIME, STATE, STOP_TIME, FK_FLOW_ID, IS_CUSTOMIZED, FK_DATA_SOURCE_ID) VALUES ('ff808181725050fe017250b8d1ff03d6', parsedatetime('26-05-2020 00:00:01.00', 'dd-MM-yyyy hh:mm:ss.SS'), 'admin', 1, parsedatetime('26-05-2020 00:00:01.00', 'dd-MM-yyyy hh:mm:ss.SS'), 'admin', 0, 'cn.piflow.bundle.common.SelectField', 'Select data column', 'Common', 'DEFAULT', 'Default', 1, 'SelectField22', 'DEFAULT', 'Default', 'xjzhu@cnic.cn', '25', NULL, NULL, NULL, 'ff808181725050fe017250b8d1ff03ca', 0, NULL);
INSERT INTO FLOW_STOPS(ID, CRT_DTTM, CRT_USER, ENABLE_FLAG, LAST_UPDATE_DTTM, LAST_UPDATE_USER, VERSION, BUNDEL, DESCRIPTION, GROUPS, IN_PORT_TYPE, INPORTS, IS_CHECKPOINT, NAME, OUT_PORT_TYPE, OUTPORTS, OWNER, PAGE_ID, START_TIME, STATE, STOP_TIME, FK_FLOW_ID, IS_CUSTOMIZED, FK_DATA_SOURCE_ID) VALUES ('ff808181725050fe017250b8d1ff03d8', parsedatetime('26-05-2020 00:00:01.00', 'dd-MM-yyyy hh:mm:ss.SS'), 'admin', 1, parsedatetime('26-05-2020 00:00:01.00', 'dd-MM-yyyy hh:mm:ss.SS'), 'admin', 0, 'cn.piflow.bundle.common.SelectField', 'Select data column', 'Common', 'DEFAULT', 'Default', 1, 'SelectField20', 'DEFAULT', 'Default', 'xjzhu@cnic.cn', '23', NULL, NULL, NULL, 'ff808181725050fe017250b8d1ff03ca', 0, NULL);
INSERT INTO FLOW_STOPS(ID, CRT_DTTM, CRT_USER, ENABLE_FLAG, LAST_UPDATE_DTTM, LAST_UPDATE_USER, VERSION, BUNDEL, DESCRIPTION, GROUPS, IN_PORT_TYPE, INPORTS, IS_CHECKPOINT, NAME, OUT_PORT_TYPE, OUTPORTS, OWNER, PAGE_ID, START_TIME, STATE, STOP_TIME, FK_FLOW_ID, IS_CUSTOMIZED, FK_DATA_SOURCE_ID) VALUES ('ff808181725050fe017250b8d1ff03da', parsedatetime('26-05-2020 00:00:01.00', 'dd-MM-yyyy hh:mm:ss.SS'), 'admin', 1, parsedatetime('26-05-2020 00:00:01.00', 'dd-MM-yyyy hh:mm:ss.SS'), 'admin', 0, 'cn.piflow.bundle.common.SelectField', 'Select data column', 'Common', 'DEFAULT', 'Default', 1, 'SelectField18', 'DEFAULT', 'Default', 'xjzhu@cnic.cn', '21', NULL, NULL, NULL, 'ff808181725050fe017250b8d1ff03ca', 0, NULL);
INSERT INTO FLOW_STOPS(ID, CRT_DTTM, CRT_USER, ENABLE_FLAG, LAST_UPDATE_DTTM, LAST_UPDATE_USER, VERSION, BUNDEL, DESCRIPTION, GROUPS, IN_PORT_TYPE, INPORTS, IS_CHECKPOINT, NAME, OUT_PORT_TYPE, OUTPORTS, OWNER, PAGE_ID, START_TIME, STATE, STOP_TIME, FK_FLOW_ID, IS_CUSTOMIZED, FK_DATA_SOURCE_ID) VALUES ('ff808181725050fe017250b8d1ff03dc', parsedatetime('26-05-2020 00:00:01.00', 'dd-MM-yyyy hh:mm:ss.SS'), 'admin', 1, parsedatetime('26-05-2020 00:00:01.00', 'dd-MM-yyyy hh:mm:ss.SS'), 'admin', 0, 'cn.piflow.bundle.common.SelectField', 'Select data column', 'Common', 'DEFAULT', 'Default', 1, 'SelectField', 'DEFAULT', 'Default', 'xjzhu@cnic.cn', '14', NULL, NULL, NULL, 'ff808181725050fe017250b8d1ff03ca', 0, NULL);
INSERT INTO FLOW_STOPS(ID, CRT_DTTM, CRT_USER, ENABLE_FLAG, LAST_UPDATE_DTTM, LAST_UPDATE_USER, VERSION, BUNDEL, DESCRIPTION, GROUPS, IN_PORT_TYPE, INPORTS, IS_CHECKPOINT, NAME, OUT_PORT_TYPE, OUTPORTS, OWNER, PAGE_ID, START_TIME, STATE, STOP_TIME, FK_FLOW_ID, IS_CUSTOMIZED, FK_DATA_SOURCE_ID) VALUES ('ff808181725050fe017250b8d1ff03de', parsedatetime('26-05-2020 00:00:01.00', 'dd-MM-yyyy hh:mm:ss.SS'), 'admin', 1, parsedatetime('26-05-2020 00:00:01.00', 'dd-MM-yyyy hh:mm:ss.SS'), 'admin', 0, 'cn.piflow.bundle.common.MockData', 'Mock dataframe.', 'Common', 'DEFAULT', 'Default', 1, 'MockData7', 'DEFAULT', 'Default', 'xjzhu@cnic.cn', '10', NULL, NULL, NULL, 'ff808181725050fe017250b8d1ff03ca', 0, NULL);
INSERT INTO FLOW_STOPS(ID, CRT_DTTM, CRT_USER, ENABLE_FLAG, LAST_UPDATE_DTTM, LAST_UPDATE_USER, VERSION, BUNDEL, DESCRIPTION, GROUPS, IN_PORT_TYPE, INPORTS, IS_CHECKPOINT, NAME, OUT_PORT_TYPE, OUTPORTS, OWNER, PAGE_ID, START_TIME, STATE, STOP_TIME, FK_FLOW_ID, IS_CUSTOMIZED, FK_DATA_SOURCE_ID) VALUES ('ff808181725050fe017250b8d1ff03e1', parsedatetime('26-05-2020 00:00:01.00', 'dd-MM-yyyy hh:mm:ss.SS'), 'admin', 1, parsedatetime('26-05-2020 00:00:01.00', 'dd-MM-yyyy hh:mm:ss.SS'), 'admin', 0, 'cn.piflow.bundle.common.MockData', 'Mock dataframe.', 'Common', 'DEFAULT', 'Default', 1, 'MockData', 'DEFAULT', 'Default', 'xjzhu@cnic.cn', '5', NULL, NULL, NULL, 'ff808181725050fe017250b8d1ff03ca', 0, NULL);

INSERT INTO FLOW_STOPS_PROPERTY(ID, CRT_DTTM, CRT_USER, ENABLE_FLAG, LAST_UPDATE_DTTM, LAST_UPDATE_USER, VERSION, ALLOWABLE_VALUES, CUSTOM_VALUE, DESCRIPTION, DISPLAY_NAME, IS_SELECT, NAME, PROPERTY_REQUIRED, PROPERTY_SENSITIVE, FK_STOPS_ID, IS_LOCKED, PROPERTY_SORT, IS_OLD_DATA) VALUES ('ff808181725050fe017250b8d1f70241', parsedatetime('26-05-2020 00:00:01.00', 'dd-MM-yyyy hh:mm:ss.SS'), 'admin', 1, parsedatetime('26-05-2020 00:00:01.00', 'dd-MM-yyyy hh:mm:ss.SS'), 'admin', 0, '[\"\"]', 'title', 'Select the column you want,multiple columns separated by commas', 'ColumnNames', 0, 'columnNames', 1, 0, 'ff808181725050fe017250b8d1f70240', 0, NULL, 0);
INSERT INTO FLOW_STOPS_PROPERTY(ID, CRT_DTTM, CRT_USER, ENABLE_FLAG, LAST_UPDATE_DTTM, LAST_UPDATE_USER, VERSION, ALLOWABLE_VALUES, CUSTOM_VALUE, DESCRIPTION, DISPLAY_NAME, IS_SELECT, NAME, PROPERTY_REQUIRED, PROPERTY_SENSITIVE, FK_STOPS_ID, IS_LOCKED, PROPERTY_SORT, IS_OLD_DATA) VALUES ('ff808181725050fe017250b8d1f70243', parsedatetime('26-05-2020 00:00:01.00', 'dd-MM-yyyy hh:mm:ss.SS'), 'admin', 1, parsedatetime('26-05-2020 00:00:01.00', 'dd-MM-yyyy hh:mm:ss.SS'), 'admin', 0, '[\"\"]', 'title:String, author:String, age:Int', 'The schema of mock data, format is column:columnType:isNullable. Separate multiple fields with commas. columnType can be String/Int/Long/Float/Double/Boolean. isNullable can be left blank, the default value is false. ', 'Schema', 0, 'schema', 1, 0, 'ff808181725050fe017250b8d1f70242', 0, NULL, 0);
INSERT INTO FLOW_STOPS_PROPERTY(ID, CRT_DTTM, CRT_USER, ENABLE_FLAG, LAST_UPDATE_DTTM, LAST_UPDATE_USER, VERSION, ALLOWABLE_VALUES, CUSTOM_VALUE, DESCRIPTION, DISPLAY_NAME, IS_SELECT, NAME, PROPERTY_REQUIRED, PROPERTY_SENSITIVE, FK_STOPS_ID, IS_LOCKED, PROPERTY_SORT, IS_OLD_DATA) VALUES ('ff808181725050fe017250b8d1f70244', parsedatetime('26-05-2020 00:00:01.00', 'dd-MM-yyyy hh:mm:ss.SS'), 'admin', 1, parsedatetime('26-05-2020 00:00:01.00', 'dd-MM-yyyy hh:mm:ss.SS'), 'admin', 0, '[\"\"]', '10', 'The count of dataframe', 'Count', 0, 'count', 1, 0, 'ff808181725050fe017250b8d1f70242', 0, NULL, 0);
INSERT INTO FLOW_STOPS_PROPERTY(ID, CRT_DTTM, CRT_USER, ENABLE_FLAG, LAST_UPDATE_DTTM, LAST_UPDATE_USER, VERSION, ALLOWABLE_VALUES, CUSTOM_VALUE, DESCRIPTION, DISPLAY_NAME, IS_SELECT, NAME, PROPERTY_REQUIRED, PROPERTY_SENSITIVE, FK_STOPS_ID, IS_LOCKED, PROPERTY_SORT, IS_OLD_DATA) VALUES ('ff808181725050fe017250b8d1f70253', parsedatetime('26-05-2020 00:00:01.00', 'dd-MM-yyyy hh:mm:ss.SS'), 'admin', 1, parsedatetime('26-05-2020 00:00:01.00', 'dd-MM-yyyy hh:mm:ss.SS'), 'admin', 0, '[\"\"]', 'title', 'Select the column you want,multiple columns separated by commas', 'ColumnNames', 0, 'columnNames', 1, 0, 'ff808181725050fe017250b8d1f70252', 0, NULL, 0);
INSERT INTO FLOW_STOPS_PROPERTY(ID, CRT_DTTM, CRT_USER, ENABLE_FLAG, LAST_UPDATE_DTTM, LAST_UPDATE_USER, VERSION, ALLOWABLE_VALUES, CUSTOM_VALUE, DESCRIPTION, DISPLAY_NAME, IS_SELECT, NAME, PROPERTY_REQUIRED, PROPERTY_SENSITIVE, FK_STOPS_ID, IS_LOCKED, PROPERTY_SORT, IS_OLD_DATA) VALUES ('ff808181725050fe017250b8d1f70255', parsedatetime('26-05-2020 00:00:01.00', 'dd-MM-yyyy hh:mm:ss.SS'), 'admin', 1, parsedatetime('26-05-2020 00:00:01.00', 'dd-MM-yyyy hh:mm:ss.SS'), 'admin', 0, '[\"\"]', 'title:String, author:String, age:Int', 'The schema of mock data, format is column:columnType:isNullable. Separate multiple fields with commas. columnType can be String/Int/Long/Float/Double/Boolean. isNullable can be left blank, the default value is false. ', 'Schema', 0, 'schema', 1, 0, 'ff808181725050fe017250b8d1f70254', 0, NULL, 0);
INSERT INTO FLOW_STOPS_PROPERTY(ID, CRT_DTTM, CRT_USER, ENABLE_FLAG, LAST_UPDATE_DTTM, LAST_UPDATE_USER, VERSION, ALLOWABLE_VALUES, CUSTOM_VALUE, DESCRIPTION, DISPLAY_NAME, IS_SELECT, NAME, PROPERTY_REQUIRED, PROPERTY_SENSITIVE, FK_STOPS_ID, IS_LOCKED, PROPERTY_SORT, IS_OLD_DATA) VALUES ('ff808181725050fe017250b8d1f70256', parsedatetime('26-05-2020 00:00:01.00', 'dd-MM-yyyy hh:mm:ss.SS'), 'admin', 1, parsedatetime('26-05-2020 00:00:01.00', 'dd-MM-yyyy hh:mm:ss.SS'), 'admin', 0, '[\"\"]', '10', 'The count of dataframe', 'Count', 0, 'count', 1, 0, 'ff808181725050fe017250b8d1f70254', 0, NULL, 0);
INSERT INTO FLOW_STOPS_PROPERTY(ID, CRT_DTTM, CRT_USER, ENABLE_FLAG, LAST_UPDATE_DTTM, LAST_UPDATE_USER, VERSION, ALLOWABLE_VALUES, CUSTOM_VALUE, DESCRIPTION, DISPLAY_NAME, IS_SELECT, NAME, PROPERTY_REQUIRED, PROPERTY_SENSITIVE, FK_STOPS_ID, IS_LOCKED, PROPERTY_SORT, IS_OLD_DATA) VALUES ('ff808181725050fe017250b8d1f80270', parsedatetime('26-05-2020 00:00:01.00', 'dd-MM-yyyy hh:mm:ss.SS'), 'admin', 1, parsedatetime('26-05-2020 00:00:01.00', 'dd-MM-yyyy hh:mm:ss.SS'), 'admin', 0, '[\"\"]', 'title', 'Select the column you want,multiple columns separated by commas', 'ColumnNames', 0, 'columnNames', 1, 0, 'ff808181725050fe017250b8d1f8026f', 0, NULL, 0);
INSERT INTO FLOW_STOPS_PROPERTY(ID, CRT_DTTM, CRT_USER, ENABLE_FLAG, LAST_UPDATE_DTTM, LAST_UPDATE_USER, VERSION, ALLOWABLE_VALUES, CUSTOM_VALUE, DESCRIPTION, DISPLAY_NAME, IS_SELECT, NAME, PROPERTY_REQUIRED, PROPERTY_SENSITIVE, FK_STOPS_ID, IS_LOCKED, PROPERTY_SORT, IS_OLD_DATA) VALUES ('ff808181725050fe017250b8d1f80272', parsedatetime('26-05-2020 00:00:01.00', 'dd-MM-yyyy hh:mm:ss.SS'), 'admin', 1, parsedatetime('26-05-2020 00:00:01.00', 'dd-MM-yyyy hh:mm:ss.SS'), 'admin', 0, '[\"\"]', 'title:String, author:String, age:Int', 'The schema of mock data, format is column:columnType:isNullable. Separate multiple fields with commas. columnType can be String/Int/Long/Float/Double/Boolean. isNullable can be left blank, the default value is false. ', 'Schema', 0, 'schema', 1, 0, 'ff808181725050fe017250b8d1f80271', 0, NULL, 0);
INSERT INTO FLOW_STOPS_PROPERTY(ID, CRT_DTTM, CRT_USER, ENABLE_FLAG, LAST_UPDATE_DTTM, LAST_UPDATE_USER, VERSION, ALLOWABLE_VALUES, CUSTOM_VALUE, DESCRIPTION, DISPLAY_NAME, IS_SELECT, NAME, PROPERTY_REQUIRED, PROPERTY_SENSITIVE, FK_STOPS_ID, IS_LOCKED, PROPERTY_SORT, IS_OLD_DATA) VALUES ('ff808181725050fe017250b8d1f80273', parsedatetime('26-05-2020 00:00:01.00', 'dd-MM-yyyy hh:mm:ss.SS'), 'admin', 1, parsedatetime('26-05-2020 00:00:01.00', 'dd-MM-yyyy hh:mm:ss.SS'), 'admin', 0, '[\"\"]', '10', 'The count of dataframe', 'Count', 0, 'count', 1, 0, 'ff808181725050fe017250b8d1f80271', 0, NULL, 0);
INSERT INTO FLOW_STOPS_PROPERTY(ID, CRT_DTTM, CRT_USER, ENABLE_FLAG, LAST_UPDATE_DTTM, LAST_UPDATE_USER, VERSION, ALLOWABLE_VALUES, CUSTOM_VALUE, DESCRIPTION, DISPLAY_NAME, IS_SELECT, NAME, PROPERTY_REQUIRED, PROPERTY_SENSITIVE, FK_STOPS_ID, IS_LOCKED, PROPERTY_SORT, IS_OLD_DATA) VALUES ('ff808181725050fe017250b8d1f80286', parsedatetime('26-05-2020 00:00:01.00', 'dd-MM-yyyy hh:mm:ss.SS'), 'admin', 1, parsedatetime('26-05-2020 00:00:01.00', 'dd-MM-yyyy hh:mm:ss.SS'), 'admin', 0, '[\"\"]', 'data2,data1,data2', 'Inports string are separated by commas', 'Inports', 0, 'inports', 1, 0, 'ff808181725050fe017250b8d1f80285', 0, NULL, 0);
INSERT INTO FLOW_STOPS_PROPERTY(ID, CRT_DTTM, CRT_USER, ENABLE_FLAG, LAST_UPDATE_DTTM, LAST_UPDATE_USER, VERSION, ALLOWABLE_VALUES, CUSTOM_VALUE, DESCRIPTION, DISPLAY_NAME, IS_SELECT, NAME, PROPERTY_REQUIRED, PROPERTY_SENSITIVE, FK_STOPS_ID, IS_LOCKED, PROPERTY_SORT, IS_OLD_DATA) VALUES ('ff808181725050fe017250b8d1f80288', parsedatetime('26-05-2020 00:00:01.00', 'dd-MM-yyyy hh:mm:ss.SS'), 'admin', 1, parsedatetime('26-05-2020 00:00:01.00', 'dd-MM-yyyy hh:mm:ss.SS'), 'admin', 0, '[\"\"]', 'out1,out3,out1,out2,out3', 'Output ports string with comma', 'outports', 0, 'outports', 1, 0, 'ff808181725050fe017250b8d1f80287', 0, NULL, 0);
INSERT INTO FLOW_STOPS_PROPERTY(ID, CRT_DTTM, CRT_USER, ENABLE_FLAG, LAST_UPDATE_DTTM, LAST_UPDATE_USER, VERSION, ALLOWABLE_VALUES, CUSTOM_VALUE, DESCRIPTION, DISPLAY_NAME, IS_SELECT, NAME, PROPERTY_REQUIRED, PROPERTY_SENSITIVE, FK_STOPS_ID, IS_LOCKED, PROPERTY_SORT, IS_OLD_DATA) VALUES ('ff808181725050fe017250b8d1f8028a', parsedatetime('26-05-2020 00:00:01.00', 'dd-MM-yyyy hh:mm:ss.SS'), 'admin', 1, parsedatetime('26-05-2020 00:00:01.00', 'dd-MM-yyyy hh:mm:ss.SS'), 'admin', 0, '[\"\"]', 'author', 'Select the column you want,multiple columns separated by commas', 'ColumnNames', 0, 'columnNames', 1, 0, 'ff808181725050fe017250b8d1f80289', 0, NULL, 0);
INSERT INTO FLOW_STOPS_PROPERTY(ID, CRT_DTTM, CRT_USER, ENABLE_FLAG, LAST_UPDATE_DTTM, LAST_UPDATE_USER, VERSION, ALLOWABLE_VALUES, CUSTOM_VALUE, DESCRIPTION, DISPLAY_NAME, IS_SELECT, NAME, PROPERTY_REQUIRED, PROPERTY_SENSITIVE, FK_STOPS_ID, IS_LOCKED, PROPERTY_SORT, IS_OLD_DATA) VALUES ('ff808181725050fe017250b8d1f8028c', parsedatetime('26-05-2020 00:00:01.00', 'dd-MM-yyyy hh:mm:ss.SS'), 'admin', 1, parsedatetime('26-05-2020 00:00:01.00', 'dd-MM-yyyy hh:mm:ss.SS'), 'admin', 0, '[\"\"]', 'age', 'Select the column you want,multiple columns separated by commas', 'ColumnNames', 0, 'columnNames', 1, 0, 'ff808181725050fe017250b8d1f8028b', 0, NULL, 0);
INSERT INTO FLOW_STOPS_PROPERTY(ID, CRT_DTTM, CRT_USER, ENABLE_FLAG, LAST_UPDATE_DTTM, LAST_UPDATE_USER, VERSION, ALLOWABLE_VALUES, CUSTOM_VALUE, DESCRIPTION, DISPLAY_NAME, IS_SELECT, NAME, PROPERTY_REQUIRED, PROPERTY_SENSITIVE, FK_STOPS_ID, IS_LOCKED, PROPERTY_SORT, IS_OLD_DATA) VALUES ('ff808181725050fe017250b8d1f8028e', parsedatetime('26-05-2020 00:00:01.00', 'dd-MM-yyyy hh:mm:ss.SS'), 'admin', 1, parsedatetime('26-05-2020 00:00:01.00', 'dd-MM-yyyy hh:mm:ss.SS'), 'admin', 0, '[\"\"]', 'title', 'Select the column you want,multiple columns separated by commas', 'ColumnNames', 0, 'columnNames', 1, 0, 'ff808181725050fe017250b8d1f8028d', 0, NULL, 0);
INSERT INTO FLOW_STOPS_PROPERTY(ID, CRT_DTTM, CRT_USER, ENABLE_FLAG, LAST_UPDATE_DTTM, LAST_UPDATE_USER, VERSION, ALLOWABLE_VALUES, CUSTOM_VALUE, DESCRIPTION, DISPLAY_NAME, IS_SELECT, NAME, PROPERTY_REQUIRED, PROPERTY_SENSITIVE, FK_STOPS_ID, IS_LOCKED, PROPERTY_SORT, IS_OLD_DATA) VALUES ('ff808181725050fe017250b8d1f80290', parsedatetime('26-05-2020 00:00:01.00', 'dd-MM-yyyy hh:mm:ss.SS'), 'admin', 1, parsedatetime('26-05-2020 00:00:01.00', 'dd-MM-yyyy hh:mm:ss.SS'), 'admin', 0, '[\"\"]', 'title,author,age', 'Select the column you want,multiple columns separated by commas', 'ColumnNames', 0, 'columnNames', 1, 0, 'ff808181725050fe017250b8d1f8028f', 0, NULL, 0);
INSERT INTO FLOW_STOPS_PROPERTY(ID, CRT_DTTM, CRT_USER, ENABLE_FLAG, LAST_UPDATE_DTTM, LAST_UPDATE_USER, VERSION, ALLOWABLE_VALUES, CUSTOM_VALUE, DESCRIPTION, DISPLAY_NAME, IS_SELECT, NAME, PROPERTY_REQUIRED, PROPERTY_SENSITIVE, FK_STOPS_ID, IS_LOCKED, PROPERTY_SORT, IS_OLD_DATA) VALUES ('ff808181725050fe017250b8d1f90292', parsedatetime('26-05-2020 00:00:01.00', 'dd-MM-yyyy hh:mm:ss.SS'), 'admin', 1, parsedatetime('26-05-2020 00:00:01.00', 'dd-MM-yyyy hh:mm:ss.SS'), 'admin', 0, '[\"\"]', '10', 'The count of dataframe', 'Count', 0, 'count', 1, 0, 'ff808181725050fe017250b8d1f90291', 0, NULL, 0);
INSERT INTO FLOW_STOPS_PROPERTY(ID, CRT_DTTM, CRT_USER, ENABLE_FLAG, LAST_UPDATE_DTTM, LAST_UPDATE_USER, VERSION, ALLOWABLE_VALUES, CUSTOM_VALUE, DESCRIPTION, DISPLAY_NAME, IS_SELECT, NAME, PROPERTY_REQUIRED, PROPERTY_SENSITIVE, FK_STOPS_ID, IS_LOCKED, PROPERTY_SORT, IS_OLD_DATA) VALUES ('ff808181725050fe017250b8d1f90293', parsedatetime('26-05-2020 00:00:01.00', 'dd-MM-yyyy hh:mm:ss.SS'), 'admin', 1, parsedatetime('26-05-2020 00:00:01.00', 'dd-MM-yyyy hh:mm:ss.SS'), 'admin', 0, '[\"\"]', 'title:String, author:String, age:Int, gender:String', 'The schema of mock data, format is column:columnType:isNullable. Separate multiple fields with commas. columnType can be String/Int/Long/Float/Double/Boolean. isNullable can be left blank, the default value is false. ', 'Schema', 0, 'schema', 1, 0, 'ff808181725050fe017250b8d1f90291', 0, NULL, 0);
INSERT INTO FLOW_STOPS_PROPERTY(ID, CRT_DTTM, CRT_USER, ENABLE_FLAG, LAST_UPDATE_DTTM, LAST_UPDATE_USER, VERSION, ALLOWABLE_VALUES, CUSTOM_VALUE, DESCRIPTION, DISPLAY_NAME, IS_SELECT, NAME, PROPERTY_REQUIRED, PROPERTY_SENSITIVE, FK_STOPS_ID, IS_LOCKED, PROPERTY_SORT, IS_OLD_DATA) VALUES ('ff808181725050fe017250b8d1f90295', parsedatetime('26-05-2020 00:00:01.00', 'dd-MM-yyyy hh:mm:ss.SS'), 'admin', 1, parsedatetime('26-05-2020 00:00:01.00', 'dd-MM-yyyy hh:mm:ss.SS'), 'admin', 0, '[\"\"]', 'title:String, author:String, age:Int', 'The schema of mock data, format is column:columnType:isNullable. Separate multiple fields with commas. columnType can be String/Int/Long/Float/Double/Boolean. isNullable can be left blank, the default value is false. ', 'Schema', 0, 'schema', 1, 0, 'ff808181725050fe017250b8d1f90294', 0, NULL, 0);
INSERT INTO FLOW_STOPS_PROPERTY(ID, CRT_DTTM, CRT_USER, ENABLE_FLAG, LAST_UPDATE_DTTM, LAST_UPDATE_USER, VERSION, ALLOWABLE_VALUES, CUSTOM_VALUE, DESCRIPTION, DISPLAY_NAME, IS_SELECT, NAME, PROPERTY_REQUIRED, PROPERTY_SENSITIVE, FK_STOPS_ID, IS_LOCKED, PROPERTY_SORT, IS_OLD_DATA) VALUES ('ff808181725050fe017250b8d1f90296', parsedatetime('26-05-2020 00:00:01.00', 'dd-MM-yyyy hh:mm:ss.SS'), 'admin', 1, parsedatetime('26-05-2020 00:00:01.00', 'dd-MM-yyyy hh:mm:ss.SS'), 'admin', 0, '[\"\"]', '10', 'The count of dataframe', 'Count', 0, 'count', 1, 0, 'ff808181725050fe017250b8d1f90294', 0, NULL, 0);
INSERT INTO FLOW_STOPS_PROPERTY(ID, CRT_DTTM, CRT_USER, ENABLE_FLAG, LAST_UPDATE_DTTM, LAST_UPDATE_USER, VERSION, ALLOWABLE_VALUES, CUSTOM_VALUE, DESCRIPTION, DISPLAY_NAME, IS_SELECT, NAME, PROPERTY_REQUIRED, PROPERTY_SENSITIVE, FK_STOPS_ID, IS_LOCKED, PROPERTY_SORT, IS_OLD_DATA) VALUES ('ff808181725050fe017250b8d1fa02e0', parsedatetime('26-05-2020 00:00:01.00', 'dd-MM-yyyy hh:mm:ss.SS'), 'admin', 1, parsedatetime('26-05-2020 00:00:01.00', 'dd-MM-yyyy hh:mm:ss.SS'), 'admin', 0, '[\"\"]', 'title', 'Select the column you want,multiple columns separated by commas', 'ColumnNames', 0, 'columnNames', 1, 0, 'ff808181725050fe017250b8d1fa02df', 0, NULL, 0);
INSERT INTO FLOW_STOPS_PROPERTY(ID, CRT_DTTM, CRT_USER, ENABLE_FLAG, LAST_UPDATE_DTTM, LAST_UPDATE_USER, VERSION, ALLOWABLE_VALUES, CUSTOM_VALUE, DESCRIPTION, DISPLAY_NAME, IS_SELECT, NAME, PROPERTY_REQUIRED, PROPERTY_SENSITIVE, FK_STOPS_ID, IS_LOCKED, PROPERTY_SORT, IS_OLD_DATA) VALUES ('ff808181725050fe017250b8d1fa02e2', parsedatetime('26-05-2020 00:00:01.00', 'dd-MM-yyyy hh:mm:ss.SS'), 'admin', 1, parsedatetime('26-05-2020 00:00:01.00', 'dd-MM-yyyy hh:mm:ss.SS'), 'admin', 0, '[\"\"]', 'title:String, author:String, age:Int', 'The schema of mock data, format is column:columnType:isNullable. Separate multiple fields with commas. columnType can be String/Int/Long/Float/Double/Boolean. isNullable can be left blank, the default value is false. ', 'Schema', 0, 'schema', 1, 0, 'ff808181725050fe017250b8d1fa02e1', 0, NULL, 0);
INSERT INTO FLOW_STOPS_PROPERTY(ID, CRT_DTTM, CRT_USER, ENABLE_FLAG, LAST_UPDATE_DTTM, LAST_UPDATE_USER, VERSION, ALLOWABLE_VALUES, CUSTOM_VALUE, DESCRIPTION, DISPLAY_NAME, IS_SELECT, NAME, PROPERTY_REQUIRED, PROPERTY_SENSITIVE, FK_STOPS_ID, IS_LOCKED, PROPERTY_SORT, IS_OLD_DATA) VALUES ('ff808181725050fe017250b8d1fa02e3', parsedatetime('26-05-2020 00:00:01.00', 'dd-MM-yyyy hh:mm:ss.SS'), 'admin', 1, parsedatetime('26-05-2020 00:00:01.00', 'dd-MM-yyyy hh:mm:ss.SS'), 'admin', 0, '[\"\"]', '10', 'The count of dataframe', 'Count', 0, 'count', 1, 0, 'ff808181725050fe017250b8d1fa02e1', 0, NULL, 0);
INSERT INTO FLOW_STOPS_PROPERTY(ID, CRT_DTTM, CRT_USER, ENABLE_FLAG, LAST_UPDATE_DTTM, LAST_UPDATE_USER, VERSION, ALLOWABLE_VALUES, CUSTOM_VALUE, DESCRIPTION, DISPLAY_NAME, IS_SELECT, NAME, PROPERTY_REQUIRED, PROPERTY_SENSITIVE, FK_STOPS_ID, IS_LOCKED, PROPERTY_SORT, IS_OLD_DATA) VALUES ('ff808181725050fe017250b8d1fa02f6', parsedatetime('26-05-2020 00:00:01.00', 'dd-MM-yyyy hh:mm:ss.SS'), 'admin', 1, parsedatetime('26-05-2020 00:00:01.00', 'dd-MM-yyyy hh:mm:ss.SS'), 'admin', 0, '[\"\"]', 'data2,data1,data2', 'Inports string are separated by commas', 'Inports', 0, 'inports', 1, 0, 'ff808181725050fe017250b8d1fa02f5', 0, NULL, 0);
INSERT INTO FLOW_STOPS_PROPERTY(ID, CRT_DTTM, CRT_USER, ENABLE_FLAG, LAST_UPDATE_DTTM, LAST_UPDATE_USER, VERSION, ALLOWABLE_VALUES, CUSTOM_VALUE, DESCRIPTION, DISPLAY_NAME, IS_SELECT, NAME, PROPERTY_REQUIRED, PROPERTY_SENSITIVE, FK_STOPS_ID, IS_LOCKED, PROPERTY_SORT, IS_OLD_DATA) VALUES ('ff808181725050fe017250b8d1fa02f8', parsedatetime('26-05-2020 00:00:01.00', 'dd-MM-yyyy hh:mm:ss.SS'), 'admin', 1, parsedatetime('26-05-2020 00:00:01.00', 'dd-MM-yyyy hh:mm:ss.SS'), 'admin', 0, '[\"\"]', 'out1,out3,out1,out2,out3', 'Output ports string with comma', 'outports', 0, 'outports', 1, 0, 'ff808181725050fe017250b8d1fa02f7', 0, NULL, 0);
INSERT INTO FLOW_STOPS_PROPERTY(ID, CRT_DTTM, CRT_USER, ENABLE_FLAG, LAST_UPDATE_DTTM, LAST_UPDATE_USER, VERSION, ALLOWABLE_VALUES, CUSTOM_VALUE, DESCRIPTION, DISPLAY_NAME, IS_SELECT, NAME, PROPERTY_REQUIRED, PROPERTY_SENSITIVE, FK_STOPS_ID, IS_LOCKED, PROPERTY_SORT, IS_OLD_DATA) VALUES ('ff808181725050fe017250b8d1fa02fa', parsedatetime('26-05-2020 00:00:01.00', 'dd-MM-yyyy hh:mm:ss.SS'), 'admin', 1, parsedatetime('26-05-2020 00:00:01.00', 'dd-MM-yyyy hh:mm:ss.SS'), 'admin', 0, '[\"\"]', 'author', 'Select the column you want,multiple columns separated by commas', 'ColumnNames', 0, 'columnNames', 1, 0, 'ff808181725050fe017250b8d1fa02f9', 0, NULL, 0);
INSERT INTO FLOW_STOPS_PROPERTY(ID, CRT_DTTM, CRT_USER, ENABLE_FLAG, LAST_UPDATE_DTTM, LAST_UPDATE_USER, VERSION, ALLOWABLE_VALUES, CUSTOM_VALUE, DESCRIPTION, DISPLAY_NAME, IS_SELECT, NAME, PROPERTY_REQUIRED, PROPERTY_SENSITIVE, FK_STOPS_ID, IS_LOCKED, PROPERTY_SORT, IS_OLD_DATA) VALUES ('ff808181725050fe017250b8d1fb02fc', parsedatetime('26-05-2020 00:00:01.00', 'dd-MM-yyyy hh:mm:ss.SS'), 'admin', 1, parsedatetime('26-05-2020 00:00:01.00', 'dd-MM-yyyy hh:mm:ss.SS'), 'admin', 0, '[\"\"]', 'age', 'Select the column you want,multiple columns separated by commas', 'ColumnNames', 0, 'columnNames', 1, 0, 'ff808181725050fe017250b8d1fb02fb', 0, NULL, 0);
INSERT INTO FLOW_STOPS_PROPERTY(ID, CRT_DTTM, CRT_USER, ENABLE_FLAG, LAST_UPDATE_DTTM, LAST_UPDATE_USER, VERSION, ALLOWABLE_VALUES, CUSTOM_VALUE, DESCRIPTION, DISPLAY_NAME, IS_SELECT, NAME, PROPERTY_REQUIRED, PROPERTY_SENSITIVE, FK_STOPS_ID, IS_LOCKED, PROPERTY_SORT, IS_OLD_DATA) VALUES ('ff808181725050fe017250b8d1fb02fe', parsedatetime('26-05-2020 00:00:01.00', 'dd-MM-yyyy hh:mm:ss.SS'), 'admin', 1, parsedatetime('26-05-2020 00:00:01.00', 'dd-MM-yyyy hh:mm:ss.SS'), 'admin', 0, '[\"\"]', 'title', 'Select the column you want,multiple columns separated by commas', 'ColumnNames', 0, 'columnNames', 1, 0, 'ff808181725050fe017250b8d1fb02fd', 0, NULL, 0);
INSERT INTO FLOW_STOPS_PROPERTY(ID, CRT_DTTM, CRT_USER, ENABLE_FLAG, LAST_UPDATE_DTTM, LAST_UPDATE_USER, VERSION, ALLOWABLE_VALUES, CUSTOM_VALUE, DESCRIPTION, DISPLAY_NAME, IS_SELECT, NAME, PROPERTY_REQUIRED, PROPERTY_SENSITIVE, FK_STOPS_ID, IS_LOCKED, PROPERTY_SORT, IS_OLD_DATA) VALUES ('ff808181725050fe017250b8d1fb0300', parsedatetime('26-05-2020 00:00:01.00', 'dd-MM-yyyy hh:mm:ss.SS'), 'admin', 1, parsedatetime('26-05-2020 00:00:01.00', 'dd-MM-yyyy hh:mm:ss.SS'), 'admin', 0, '[\"\"]', 'title,author,age', 'Select the column you want,multiple columns separated by commas', 'ColumnNames', 0, 'columnNames', 1, 0, 'ff808181725050fe017250b8d1fb02ff', 0, NULL, 0);
INSERT INTO FLOW_STOPS_PROPERTY(ID, CRT_DTTM, CRT_USER, ENABLE_FLAG, LAST_UPDATE_DTTM, LAST_UPDATE_USER, VERSION, ALLOWABLE_VALUES, CUSTOM_VALUE, DESCRIPTION, DISPLAY_NAME, IS_SELECT, NAME, PROPERTY_REQUIRED, PROPERTY_SENSITIVE, FK_STOPS_ID, IS_LOCKED, PROPERTY_SORT, IS_OLD_DATA) VALUES ('ff808181725050fe017250b8d1fb0302', parsedatetime('26-05-2020 00:00:01.00', 'dd-MM-yyyy hh:mm:ss.SS'), 'admin', 1, parsedatetime('26-05-2020 00:00:01.00', 'dd-MM-yyyy hh:mm:ss.SS'), 'admin', 0, '[\"\"]', '10', 'The count of dataframe', 'Count', 0, 'count', 1, 0, 'ff808181725050fe017250b8d1fb0301', 0, NULL, 0);
INSERT INTO FLOW_STOPS_PROPERTY(ID, CRT_DTTM, CRT_USER, ENABLE_FLAG, LAST_UPDATE_DTTM, LAST_UPDATE_USER, VERSION, ALLOWABLE_VALUES, CUSTOM_VALUE, DESCRIPTION, DISPLAY_NAME, IS_SELECT, NAME, PROPERTY_REQUIRED, PROPERTY_SENSITIVE, FK_STOPS_ID, IS_LOCKED, PROPERTY_SORT, IS_OLD_DATA) VALUES ('ff808181725050fe017250b8d1fb0303', parsedatetime('26-05-2020 00:00:01.00', 'dd-MM-yyyy hh:mm:ss.SS'), 'admin', 1, parsedatetime('26-05-2020 00:00:01.00', 'dd-MM-yyyy hh:mm:ss.SS'), 'admin', 0, '[\"\"]', 'title:String, author:String, age:Int, gender:String', 'The schema of mock data, format is column:columnType:isNullable. Separate multiple fields with commas. columnType can be String/Int/Long/Float/Double/Boolean. isNullable can be left blank, the default value is false. ', 'Schema', 0, 'schema', 1, 0, 'ff808181725050fe017250b8d1fb0301', 0, NULL, 0);
INSERT INTO FLOW_STOPS_PROPERTY(ID, CRT_DTTM, CRT_USER, ENABLE_FLAG, LAST_UPDATE_DTTM, LAST_UPDATE_USER, VERSION, ALLOWABLE_VALUES, CUSTOM_VALUE, DESCRIPTION, DISPLAY_NAME, IS_SELECT, NAME, PROPERTY_REQUIRED, PROPERTY_SENSITIVE, FK_STOPS_ID, IS_LOCKED, PROPERTY_SORT, IS_OLD_DATA) VALUES ('ff808181725050fe017250b8d1fb0305', parsedatetime('26-05-2020 00:00:01.00', 'dd-MM-yyyy hh:mm:ss.SS'), 'admin', 1, parsedatetime('26-05-2020 00:00:01.00', 'dd-MM-yyyy hh:mm:ss.SS'), 'admin', 0, '[\"\"]', 'title:String, author:String, age:Int', 'The schema of mock data, format is column:columnType:isNullable. Separate multiple fields with commas. columnType can be String/Int/Long/Float/Double/Boolean. isNullable can be left blank, the default value is false. ', 'Schema', 0, 'schema', 1, 0, 'ff808181725050fe017250b8d1fb0304', 0, NULL, 0);
INSERT INTO FLOW_STOPS_PROPERTY(ID, CRT_DTTM, CRT_USER, ENABLE_FLAG, LAST_UPDATE_DTTM, LAST_UPDATE_USER, VERSION, ALLOWABLE_VALUES, CUSTOM_VALUE, DESCRIPTION, DISPLAY_NAME, IS_SELECT, NAME, PROPERTY_REQUIRED, PROPERTY_SENSITIVE, FK_STOPS_ID, IS_LOCKED, PROPERTY_SORT, IS_OLD_DATA) VALUES ('ff808181725050fe017250b8d1fb0306', parsedatetime('26-05-2020 00:00:01.00', 'dd-MM-yyyy hh:mm:ss.SS'), 'admin', 1, parsedatetime('26-05-2020 00:00:01.00', 'dd-MM-yyyy hh:mm:ss.SS'), 'admin', 0, '[\"\"]', '10', 'The count of dataframe', 'Count', 0, 'count', 1, 0, 'ff808181725050fe017250b8d1fb0304', 0, NULL, 0);
INSERT INTO FLOW_STOPS_PROPERTY(ID, CRT_DTTM, CRT_USER, ENABLE_FLAG, LAST_UPDATE_DTTM, LAST_UPDATE_USER, VERSION, ALLOWABLE_VALUES, CUSTOM_VALUE, DESCRIPTION, DISPLAY_NAME, IS_SELECT, NAME, PROPERTY_REQUIRED, PROPERTY_SENSITIVE, FK_STOPS_ID, IS_LOCKED, PROPERTY_SORT, IS_OLD_DATA) VALUES ('ff808181725050fe017250b8d1fc0349', parsedatetime('26-05-2020 00:00:01.00', 'dd-MM-yyyy hh:mm:ss.SS'), 'admin', 1, parsedatetime('26-05-2020 00:00:01.00', 'dd-MM-yyyy hh:mm:ss.SS'), 'admin', 0, '[\"\"]', 'data2,data1,data2', 'Inports string are separated by commas', 'Inports', 0, 'inports', 1, 0, 'ff808181725050fe017250b8d1fc0348', 0, NULL, 0);
INSERT INTO FLOW_STOPS_PROPERTY(ID, CRT_DTTM, CRT_USER, ENABLE_FLAG, LAST_UPDATE_DTTM, LAST_UPDATE_USER, VERSION, ALLOWABLE_VALUES, CUSTOM_VALUE, DESCRIPTION, DISPLAY_NAME, IS_SELECT, NAME, PROPERTY_REQUIRED, PROPERTY_SENSITIVE, FK_STOPS_ID, IS_LOCKED, PROPERTY_SORT, IS_OLD_DATA) VALUES ('ff808181725050fe017250b8d1fc034b', parsedatetime('26-05-2020 00:00:01.00', 'dd-MM-yyyy hh:mm:ss.SS'), 'admin', 1, parsedatetime('26-05-2020 00:00:01.00', 'dd-MM-yyyy hh:mm:ss.SS'), 'admin', 0, '[\"\"]', 'out1,out3,out1,out2,out3', 'Output ports string with comma', 'outports', 0, 'outports', 1, 0, 'ff808181725050fe017250b8d1fc034a', 0, NULL, 0);
INSERT INTO FLOW_STOPS_PROPERTY(ID, CRT_DTTM, CRT_USER, ENABLE_FLAG, LAST_UPDATE_DTTM, LAST_UPDATE_USER, VERSION, ALLOWABLE_VALUES, CUSTOM_VALUE, DESCRIPTION, DISPLAY_NAME, IS_SELECT, NAME, PROPERTY_REQUIRED, PROPERTY_SENSITIVE, FK_STOPS_ID, IS_LOCKED, PROPERTY_SORT, IS_OLD_DATA) VALUES ('ff808181725050fe017250b8d1fc034d', parsedatetime('26-05-2020 00:00:01.00', 'dd-MM-yyyy hh:mm:ss.SS'), 'admin', 1, parsedatetime('26-05-2020 00:00:01.00', 'dd-MM-yyyy hh:mm:ss.SS'), 'admin', 0, '[\"\"]', 'author', 'Select the column you want,multiple columns separated by commas', 'ColumnNames', 0, 'columnNames', 1, 0, 'ff808181725050fe017250b8d1fc034c', 0, NULL, 0);
INSERT INTO FLOW_STOPS_PROPERTY(ID, CRT_DTTM, CRT_USER, ENABLE_FLAG, LAST_UPDATE_DTTM, LAST_UPDATE_USER, VERSION, ALLOWABLE_VALUES, CUSTOM_VALUE, DESCRIPTION, DISPLAY_NAME, IS_SELECT, NAME, PROPERTY_REQUIRED, PROPERTY_SENSITIVE, FK_STOPS_ID, IS_LOCKED, PROPERTY_SORT, IS_OLD_DATA) VALUES ('ff808181725050fe017250b8d1fc034f', parsedatetime('26-05-2020 00:00:01.00', 'dd-MM-yyyy hh:mm:ss.SS'), 'admin', 1, parsedatetime('26-05-2020 00:00:01.00', 'dd-MM-yyyy hh:mm:ss.SS'), 'admin', 0, '[\"\"]', 'age', 'Select the column you want,multiple columns separated by commas', 'ColumnNames', 0, 'columnNames', 1, 0, 'ff808181725050fe017250b8d1fc034e', 0, NULL, 0);
INSERT INTO FLOW_STOPS_PROPERTY(ID, CRT_DTTM, CRT_USER, ENABLE_FLAG, LAST_UPDATE_DTTM, LAST_UPDATE_USER, VERSION, ALLOWABLE_VALUES, CUSTOM_VALUE, DESCRIPTION, DISPLAY_NAME, IS_SELECT, NAME, PROPERTY_REQUIRED, PROPERTY_SENSITIVE, FK_STOPS_ID, IS_LOCKED, PROPERTY_SORT, IS_OLD_DATA) VALUES ('ff808181725050fe017250b8d1fc0351', parsedatetime('26-05-2020 00:00:01.00', 'dd-MM-yyyy hh:mm:ss.SS'), 'admin', 1, parsedatetime('26-05-2020 00:00:01.00', 'dd-MM-yyyy hh:mm:ss.SS'), 'admin', 0, '[\"\"]', 'title', 'Select the column you want,multiple columns separated by commas', 'ColumnNames', 0, 'columnNames', 1, 0, 'ff808181725050fe017250b8d1fc0350', 0, NULL, 0);
INSERT INTO FLOW_STOPS_PROPERTY(ID, CRT_DTTM, CRT_USER, ENABLE_FLAG, LAST_UPDATE_DTTM, LAST_UPDATE_USER, VERSION, ALLOWABLE_VALUES, CUSTOM_VALUE, DESCRIPTION, DISPLAY_NAME, IS_SELECT, NAME, PROPERTY_REQUIRED, PROPERTY_SENSITIVE, FK_STOPS_ID, IS_LOCKED, PROPERTY_SORT, IS_OLD_DATA) VALUES ('ff808181725050fe017250b8d1fc0353', parsedatetime('26-05-2020 00:00:01.00', 'dd-MM-yyyy hh:mm:ss.SS'), 'admin', 1, parsedatetime('26-05-2020 00:00:01.00', 'dd-MM-yyyy hh:mm:ss.SS'), 'admin', 0, '[\"\"]', 'title,author,age', 'Select the column you want,multiple columns separated by commas', 'ColumnNames', 0, 'columnNames', 1, 0, 'ff808181725050fe017250b8d1fc0352', 0, NULL, 0);
INSERT INTO FLOW_STOPS_PROPERTY(ID, CRT_DTTM, CRT_USER, ENABLE_FLAG, LAST_UPDATE_DTTM, LAST_UPDATE_USER, VERSION, ALLOWABLE_VALUES, CUSTOM_VALUE, DESCRIPTION, DISPLAY_NAME, IS_SELECT, NAME, PROPERTY_REQUIRED, PROPERTY_SENSITIVE, FK_STOPS_ID, IS_LOCKED, PROPERTY_SORT, IS_OLD_DATA) VALUES ('ff808181725050fe017250b8d1fc0355', parsedatetime('26-05-2020 00:00:01.00', 'dd-MM-yyyy hh:mm:ss.SS'), 'admin', 1, parsedatetime('26-05-2020 00:00:01.00', 'dd-MM-yyyy hh:mm:ss.SS'), 'admin', 0, '[\"\"]', '10', 'The count of dataframe', 'Count', 0, 'count', 1, 0, 'ff808181725050fe017250b8d1fc0354', 0, NULL, 0);
INSERT INTO FLOW_STOPS_PROPERTY(ID, CRT_DTTM, CRT_USER, ENABLE_FLAG, LAST_UPDATE_DTTM, LAST_UPDATE_USER, VERSION, ALLOWABLE_VALUES, CUSTOM_VALUE, DESCRIPTION, DISPLAY_NAME, IS_SELECT, NAME, PROPERTY_REQUIRED, PROPERTY_SENSITIVE, FK_STOPS_ID, IS_LOCKED, PROPERTY_SORT, IS_OLD_DATA) VALUES ('ff808181725050fe017250b8d1fc0356', parsedatetime('26-05-2020 00:00:01.00', 'dd-MM-yyyy hh:mm:ss.SS'), 'admin', 1, parsedatetime('26-05-2020 00:00:01.00', 'dd-MM-yyyy hh:mm:ss.SS'), 'admin', 0, '[\"\"]', 'title:String, author:String, age:Int, gender:String', 'The schema of mock data, format is column:columnType:isNullable. Separate multiple fields with commas. columnType can be String/Int/Long/Float/Double/Boolean. isNullable can be left blank, the default value is false. ', 'Schema', 0, 'schema', 1, 0, 'ff808181725050fe017250b8d1fc0354', 0, NULL, 0);
INSERT INTO FLOW_STOPS_PROPERTY(ID, CRT_DTTM, CRT_USER, ENABLE_FLAG, LAST_UPDATE_DTTM, LAST_UPDATE_USER, VERSION, ALLOWABLE_VALUES, CUSTOM_VALUE, DESCRIPTION, DISPLAY_NAME, IS_SELECT, NAME, PROPERTY_REQUIRED, PROPERTY_SENSITIVE, FK_STOPS_ID, IS_LOCKED, PROPERTY_SORT, IS_OLD_DATA) VALUES ('ff808181725050fe017250b8d1fc0358', parsedatetime('26-05-2020 00:00:01.00', 'dd-MM-yyyy hh:mm:ss.SS'), 'admin', 1, parsedatetime('26-05-2020 00:00:01.00', 'dd-MM-yyyy hh:mm:ss.SS'), 'admin', 0, '[\"\"]', 'title:String, author:String, age:Int', 'The schema of mock data, format is column:columnType:isNullable. Separate multiple fields with commas. columnType can be String/Int/Long/Float/Double/Boolean. isNullable can be left blank, the default value is false. ', 'Schema', 0, 'schema', 1, 0, 'ff808181725050fe017250b8d1fc0357', 0, NULL, 0);
INSERT INTO FLOW_STOPS_PROPERTY(ID, CRT_DTTM, CRT_USER, ENABLE_FLAG, LAST_UPDATE_DTTM, LAST_UPDATE_USER, VERSION, ALLOWABLE_VALUES, CUSTOM_VALUE, DESCRIPTION, DISPLAY_NAME, IS_SELECT, NAME, PROPERTY_REQUIRED, PROPERTY_SENSITIVE, FK_STOPS_ID, IS_LOCKED, PROPERTY_SORT, IS_OLD_DATA) VALUES ('ff808181725050fe017250b8d1fc0359', parsedatetime('26-05-2020 00:00:01.00', 'dd-MM-yyyy hh:mm:ss.SS'), 'admin', 1, parsedatetime('26-05-2020 00:00:01.00', 'dd-MM-yyyy hh:mm:ss.SS'), 'admin', 0, '[\"\"]', '10', 'The count of dataframe', 'Count', 0, 'count', 1, 0, 'ff808181725050fe017250b8d1fc0357', 0, NULL, 0);
INSERT INTO FLOW_STOPS_PROPERTY(ID, CRT_DTTM, CRT_USER, ENABLE_FLAG, LAST_UPDATE_DTTM, LAST_UPDATE_USER, VERSION, ALLOWABLE_VALUES, CUSTOM_VALUE, DESCRIPTION, DISPLAY_NAME, IS_SELECT, NAME, PROPERTY_REQUIRED, PROPERTY_SENSITIVE, FK_STOPS_ID, IS_LOCKED, PROPERTY_SORT, IS_OLD_DATA) VALUES ('ff808181725050fe017250b8d1fd038e', parsedatetime('26-05-2020 00:00:01.00', 'dd-MM-yyyy hh:mm:ss.SS'), 'admin', 1, parsedatetime('26-05-2020 00:00:01.00', 'dd-MM-yyyy hh:mm:ss.SS'), 'admin', 0, '[\"\"]', 'data2,data1,data2', 'Inports string are separated by commas', 'Inports', 0, 'inports', 1, 0, 'ff808181725050fe017250b8d1fd038d', 0, NULL, 0);
INSERT INTO FLOW_STOPS_PROPERTY(ID, CRT_DTTM, CRT_USER, ENABLE_FLAG, LAST_UPDATE_DTTM, LAST_UPDATE_USER, VERSION, ALLOWABLE_VALUES, CUSTOM_VALUE, DESCRIPTION, DISPLAY_NAME, IS_SELECT, NAME, PROPERTY_REQUIRED, PROPERTY_SENSITIVE, FK_STOPS_ID, IS_LOCKED, PROPERTY_SORT, IS_OLD_DATA) VALUES ('ff808181725050fe017250b8d1fd0390', parsedatetime('26-05-2020 00:00:01.00', 'dd-MM-yyyy hh:mm:ss.SS'), 'admin', 1, parsedatetime('26-05-2020 00:00:01.00', 'dd-MM-yyyy hh:mm:ss.SS'), 'admin', 0, '[\"\"]', 'out1,out3,out1,out2,out3', 'Output ports string with comma', 'outports', 0, 'outports', 1, 0, 'ff808181725050fe017250b8d1fd038f', 0, NULL, 0);
INSERT INTO FLOW_STOPS_PROPERTY(ID, CRT_DTTM, CRT_USER, ENABLE_FLAG, LAST_UPDATE_DTTM, LAST_UPDATE_USER, VERSION, ALLOWABLE_VALUES, CUSTOM_VALUE, DESCRIPTION, DISPLAY_NAME, IS_SELECT, NAME, PROPERTY_REQUIRED, PROPERTY_SENSITIVE, FK_STOPS_ID, IS_LOCKED, PROPERTY_SORT, IS_OLD_DATA) VALUES ('ff808181725050fe017250b8d1fe0392', parsedatetime('26-05-2020 00:00:01.00', 'dd-MM-yyyy hh:mm:ss.SS'), 'admin', 1, parsedatetime('26-05-2020 00:00:01.00', 'dd-MM-yyyy hh:mm:ss.SS'), 'admin', 0, '[\"\"]', 'author', 'Select the column you want,multiple columns separated by commas', 'ColumnNames', 0, 'columnNames', 1, 0, 'ff808181725050fe017250b8d1fd0391', 0, NULL, 0);
INSERT INTO FLOW_STOPS_PROPERTY(ID, CRT_DTTM, CRT_USER, ENABLE_FLAG, LAST_UPDATE_DTTM, LAST_UPDATE_USER, VERSION, ALLOWABLE_VALUES, CUSTOM_VALUE, DESCRIPTION, DISPLAY_NAME, IS_SELECT, NAME, PROPERTY_REQUIRED, PROPERTY_SENSITIVE, FK_STOPS_ID, IS_LOCKED, PROPERTY_SORT, IS_OLD_DATA) VALUES ('ff808181725050fe017250b8d1fe0394', parsedatetime('26-05-2020 00:00:01.00', 'dd-MM-yyyy hh:mm:ss.SS'), 'admin', 1, parsedatetime('26-05-2020 00:00:01.00', 'dd-MM-yyyy hh:mm:ss.SS'), 'admin', 0, '[\"\"]', 'age', 'Select the column you want,multiple columns separated by commas', 'ColumnNames', 0, 'columnNames', 1, 0, 'ff808181725050fe017250b8d1fe0393', 0, NULL, 0);
INSERT INTO FLOW_STOPS_PROPERTY(ID, CRT_DTTM, CRT_USER, ENABLE_FLAG, LAST_UPDATE_DTTM, LAST_UPDATE_USER, VERSION, ALLOWABLE_VALUES, CUSTOM_VALUE, DESCRIPTION, DISPLAY_NAME, IS_SELECT, NAME, PROPERTY_REQUIRED, PROPERTY_SENSITIVE, FK_STOPS_ID, IS_LOCKED, PROPERTY_SORT, IS_OLD_DATA) VALUES ('ff808181725050fe017250b8d1fe0396', parsedatetime('26-05-2020 00:00:01.00', 'dd-MM-yyyy hh:mm:ss.SS'), 'admin', 1, parsedatetime('26-05-2020 00:00:01.00', 'dd-MM-yyyy hh:mm:ss.SS'), 'admin', 0, '[\"\"]', 'title', 'Select the column you want,multiple columns separated by commas', 'ColumnNames', 0, 'columnNames', 1, 0, 'ff808181725050fe017250b8d1fe0395', 0, NULL, 0);
INSERT INTO FLOW_STOPS_PROPERTY(ID, CRT_DTTM, CRT_USER, ENABLE_FLAG, LAST_UPDATE_DTTM, LAST_UPDATE_USER, VERSION, ALLOWABLE_VALUES, CUSTOM_VALUE, DESCRIPTION, DISPLAY_NAME, IS_SELECT, NAME, PROPERTY_REQUIRED, PROPERTY_SENSITIVE, FK_STOPS_ID, IS_LOCKED, PROPERTY_SORT, IS_OLD_DATA) VALUES ('ff808181725050fe017250b8d1fe0398', parsedatetime('26-05-2020 00:00:01.00', 'dd-MM-yyyy hh:mm:ss.SS'), 'admin', 1, parsedatetime('26-05-2020 00:00:01.00', 'dd-MM-yyyy hh:mm:ss.SS'), 'admin', 0, '[\"\"]', 'title,author,age', 'Select the column you want,multiple columns separated by commas', 'ColumnNames', 0, 'columnNames', 1, 0, 'ff808181725050fe017250b8d1fe0397', 0, NULL, 0);
INSERT INTO FLOW_STOPS_PROPERTY(ID, CRT_DTTM, CRT_USER, ENABLE_FLAG, LAST_UPDATE_DTTM, LAST_UPDATE_USER, VERSION, ALLOWABLE_VALUES, CUSTOM_VALUE, DESCRIPTION, DISPLAY_NAME, IS_SELECT, NAME, PROPERTY_REQUIRED, PROPERTY_SENSITIVE, FK_STOPS_ID, IS_LOCKED, PROPERTY_SORT, IS_OLD_DATA) VALUES ('ff808181725050fe017250b8d1fe039a', parsedatetime('26-05-2020 00:00:01.00', 'dd-MM-yyyy hh:mm:ss.SS'), 'admin', 1, parsedatetime('26-05-2020 00:00:01.00', 'dd-MM-yyyy hh:mm:ss.SS'), 'admin', 0, '[\"\"]', '10', 'The count of dataframe', 'Count', 0, 'count', 1, 0, 'ff808181725050fe017250b8d1fe0399', 0, NULL, 0);
INSERT INTO FLOW_STOPS_PROPERTY(ID, CRT_DTTM, CRT_USER, ENABLE_FLAG, LAST_UPDATE_DTTM, LAST_UPDATE_USER, VERSION, ALLOWABLE_VALUES, CUSTOM_VALUE, DESCRIPTION, DISPLAY_NAME, IS_SELECT, NAME, PROPERTY_REQUIRED, PROPERTY_SENSITIVE, FK_STOPS_ID, IS_LOCKED, PROPERTY_SORT, IS_OLD_DATA) VALUES ('ff808181725050fe017250b8d1fe039b', parsedatetime('26-05-2020 00:00:01.00', 'dd-MM-yyyy hh:mm:ss.SS'), 'admin', 1, parsedatetime('26-05-2020 00:00:01.00', 'dd-MM-yyyy hh:mm:ss.SS'), 'admin', 0, '[\"\"]', 'title:String, author:String, age:Int, gender:String', 'The schema of mock data, format is column:columnType:isNullable. Separate multiple fields with commas. columnType can be String/Int/Long/Float/Double/Boolean. isNullable can be left blank, the default value is false. ', 'Schema', 0, 'schema', 1, 0, 'ff808181725050fe017250b8d1fe0399', 0, NULL, 0);
INSERT INTO FLOW_STOPS_PROPERTY(ID, CRT_DTTM, CRT_USER, ENABLE_FLAG, LAST_UPDATE_DTTM, LAST_UPDATE_USER, VERSION, ALLOWABLE_VALUES, CUSTOM_VALUE, DESCRIPTION, DISPLAY_NAME, IS_SELECT, NAME, PROPERTY_REQUIRED, PROPERTY_SENSITIVE, FK_STOPS_ID, IS_LOCKED, PROPERTY_SORT, IS_OLD_DATA) VALUES ('ff808181725050fe017250b8d1fe039d', parsedatetime('26-05-2020 00:00:01.00', 'dd-MM-yyyy hh:mm:ss.SS'), 'admin', 1, parsedatetime('26-05-2020 00:00:01.00', 'dd-MM-yyyy hh:mm:ss.SS'), 'admin', 0, '[\"\"]', 'title:String, author:String, age:Int', 'The schema of mock data, format is column:columnType:isNullable. Separate multiple fields with commas. columnType can be String/Int/Long/Float/Double/Boolean. isNullable can be left blank, the default value is false. ', 'Schema', 0, 'schema', 1, 0, 'ff808181725050fe017250b8d1fe039c', 0, NULL, 0);
INSERT INTO FLOW_STOPS_PROPERTY(ID, CRT_DTTM, CRT_USER, ENABLE_FLAG, LAST_UPDATE_DTTM, LAST_UPDATE_USER, VERSION, ALLOWABLE_VALUES, CUSTOM_VALUE, DESCRIPTION, DISPLAY_NAME, IS_SELECT, NAME, PROPERTY_REQUIRED, PROPERTY_SENSITIVE, FK_STOPS_ID, IS_LOCKED, PROPERTY_SORT, IS_OLD_DATA) VALUES ('ff808181725050fe017250b8d1fe039e', parsedatetime('26-05-2020 00:00:01.00', 'dd-MM-yyyy hh:mm:ss.SS'), 'admin', 1, parsedatetime('26-05-2020 00:00:01.00', 'dd-MM-yyyy hh:mm:ss.SS'), 'admin', 0, '[\"\"]', '10', 'The count of dataframe', 'Count', 0, 'count', 1, 0, 'ff808181725050fe017250b8d1fe039c', 0, NULL, 0);
INSERT INTO FLOW_STOPS_PROPERTY(ID, CRT_DTTM, CRT_USER, ENABLE_FLAG, LAST_UPDATE_DTTM, LAST_UPDATE_USER, VERSION, ALLOWABLE_VALUES, CUSTOM_VALUE, DESCRIPTION, DISPLAY_NAME, IS_SELECT, NAME, PROPERTY_REQUIRED, PROPERTY_SENSITIVE, FK_STOPS_ID, IS_LOCKED, PROPERTY_SORT, IS_OLD_DATA) VALUES ('ff808181725050fe017250b8d1ff03d3', parsedatetime('26-05-2020 00:00:01.00', 'dd-MM-yyyy hh:mm:ss.SS'), 'admin', 1, parsedatetime('26-05-2020 00:00:01.00', 'dd-MM-yyyy hh:mm:ss.SS'), 'admin', 0, '[\"\"]', 'data2,data1,data2', 'Inports string are separated by commas', 'Inports', 0, 'inports', 1, 0, 'ff808181725050fe017250b8d1ff03d2', 0, NULL, 0);
INSERT INTO FLOW_STOPS_PROPERTY(ID, CRT_DTTM, CRT_USER, ENABLE_FLAG, LAST_UPDATE_DTTM, LAST_UPDATE_USER, VERSION, ALLOWABLE_VALUES, CUSTOM_VALUE, DESCRIPTION, DISPLAY_NAME, IS_SELECT, NAME, PROPERTY_REQUIRED, PROPERTY_SENSITIVE, FK_STOPS_ID, IS_LOCKED, PROPERTY_SORT, IS_OLD_DATA) VALUES ('ff808181725050fe017250b8d1ff03d5', parsedatetime('26-05-2020 00:00:01.00', 'dd-MM-yyyy hh:mm:ss.SS'), 'admin', 1, parsedatetime('26-05-2020 00:00:01.00', 'dd-MM-yyyy hh:mm:ss.SS'), 'admin', 0, '[\"\"]', 'out1,out3,out1,out2,out3', 'Output ports string with comma', 'outports', 0, 'outports', 1, 0, 'ff808181725050fe017250b8d1ff03d4', 0, NULL, 0);
INSERT INTO FLOW_STOPS_PROPERTY(ID, CRT_DTTM, CRT_USER, ENABLE_FLAG, LAST_UPDATE_DTTM, LAST_UPDATE_USER, VERSION, ALLOWABLE_VALUES, CUSTOM_VALUE, DESCRIPTION, DISPLAY_NAME, IS_SELECT, NAME, PROPERTY_REQUIRED, PROPERTY_SENSITIVE, FK_STOPS_ID, IS_LOCKED, PROPERTY_SORT, IS_OLD_DATA) VALUES ('ff808181725050fe017250b8d1ff03d7', parsedatetime('26-05-2020 00:00:01.00', 'dd-MM-yyyy hh:mm:ss.SS'), 'admin', 1, parsedatetime('26-05-2020 00:00:01.00', 'dd-MM-yyyy hh:mm:ss.SS'), 'admin', 0, '[\"\"]', 'author', 'Select the column you want,multiple columns separated by commas', 'ColumnNames', 0, 'columnNames', 1, 0, 'ff808181725050fe017250b8d1ff03d6', 0, NULL, 0);
INSERT INTO FLOW_STOPS_PROPERTY(ID, CRT_DTTM, CRT_USER, ENABLE_FLAG, LAST_UPDATE_DTTM, LAST_UPDATE_USER, VERSION, ALLOWABLE_VALUES, CUSTOM_VALUE, DESCRIPTION, DISPLAY_NAME, IS_SELECT, NAME, PROPERTY_REQUIRED, PROPERTY_SENSITIVE, FK_STOPS_ID, IS_LOCKED, PROPERTY_SORT, IS_OLD_DATA) VALUES ('ff808181725050fe017250b8d1ff03d9', parsedatetime('26-05-2020 00:00:01.00', 'dd-MM-yyyy hh:mm:ss.SS'), 'admin', 1, parsedatetime('26-05-2020 00:00:01.00', 'dd-MM-yyyy hh:mm:ss.SS'), 'admin', 0, '[\"\"]', 'age', 'Select the column you want,multiple columns separated by commas', 'ColumnNames', 0, 'columnNames', 1, 0, 'ff808181725050fe017250b8d1ff03d8', 0, NULL, 0);
INSERT INTO FLOW_STOPS_PROPERTY(ID, CRT_DTTM, CRT_USER, ENABLE_FLAG, LAST_UPDATE_DTTM, LAST_UPDATE_USER, VERSION, ALLOWABLE_VALUES, CUSTOM_VALUE, DESCRIPTION, DISPLAY_NAME, IS_SELECT, NAME, PROPERTY_REQUIRED, PROPERTY_SENSITIVE, FK_STOPS_ID, IS_LOCKED, PROPERTY_SORT, IS_OLD_DATA) VALUES ('ff808181725050fe017250b8d1ff03db', parsedatetime('26-05-2020 00:00:01.00', 'dd-MM-yyyy hh:mm:ss.SS'), 'admin', 1, parsedatetime('26-05-2020 00:00:01.00', 'dd-MM-yyyy hh:mm:ss.SS'), 'admin', 0, '[\"\"]', 'title', 'Select the column you want,multiple columns separated by commas', 'ColumnNames', 0, 'columnNames', 1, 0, 'ff808181725050fe017250b8d1ff03da', 0, NULL, 0);
INSERT INTO FLOW_STOPS_PROPERTY(ID, CRT_DTTM, CRT_USER, ENABLE_FLAG, LAST_UPDATE_DTTM, LAST_UPDATE_USER, VERSION, ALLOWABLE_VALUES, CUSTOM_VALUE, DESCRIPTION, DISPLAY_NAME, IS_SELECT, NAME, PROPERTY_REQUIRED, PROPERTY_SENSITIVE, FK_STOPS_ID, IS_LOCKED, PROPERTY_SORT, IS_OLD_DATA) VALUES ('ff808181725050fe017250b8d1ff03dd', parsedatetime('26-05-2020 00:00:01.00', 'dd-MM-yyyy hh:mm:ss.SS'), 'admin', 1, parsedatetime('26-05-2020 00:00:01.00', 'dd-MM-yyyy hh:mm:ss.SS'), 'admin', 0, '[\"\"]', 'title,author,age', 'Select the column you want,multiple columns separated by commas', 'ColumnNames', 0, 'columnNames', 1, 0, 'ff808181725050fe017250b8d1ff03dc', 0, NULL, 0);
INSERT INTO FLOW_STOPS_PROPERTY(ID, CRT_DTTM, CRT_USER, ENABLE_FLAG, LAST_UPDATE_DTTM, LAST_UPDATE_USER, VERSION, ALLOWABLE_VALUES, CUSTOM_VALUE, DESCRIPTION, DISPLAY_NAME, IS_SELECT, NAME, PROPERTY_REQUIRED, PROPERTY_SENSITIVE, FK_STOPS_ID, IS_LOCKED, PROPERTY_SORT, IS_OLD_DATA) VALUES ('ff808181725050fe017250b8d1ff03df', parsedatetime('26-05-2020 00:00:01.00', 'dd-MM-yyyy hh:mm:ss.SS'), 'admin', 1, parsedatetime('26-05-2020 00:00:01.00', 'dd-MM-yyyy hh:mm:ss.SS'), 'admin', 0, '[\"\"]', '10', 'The count of dataframe', 'Count', 0, 'count', 1, 0, 'ff808181725050fe017250b8d1ff03de', 0, NULL, 0);
INSERT INTO FLOW_STOPS_PROPERTY(ID, CRT_DTTM, CRT_USER, ENABLE_FLAG, LAST_UPDATE_DTTM, LAST_UPDATE_USER, VERSION, ALLOWABLE_VALUES, CUSTOM_VALUE, DESCRIPTION, DISPLAY_NAME, IS_SELECT, NAME, PROPERTY_REQUIRED, PROPERTY_SENSITIVE, FK_STOPS_ID, IS_LOCKED, PROPERTY_SORT, IS_OLD_DATA) VALUES ('ff808181725050fe017250b8d1ff03e0', parsedatetime('26-05-2020 00:00:01.00', 'dd-MM-yyyy hh:mm:ss.SS'), 'admin', 1, parsedatetime('26-05-2020 00:00:01.00', 'dd-MM-yyyy hh:mm:ss.SS'), 'admin', 0, '[\"\"]', 'title:String, author:String, age:Int, gender:String', 'The schema of mock data, format is column:columnType:isNullable. Separate multiple fields with commas. columnType can be String/Int/Long/Float/Double/Boolean. isNullable can be left blank, the default value is false. ', 'Schema', 0, 'schema', 1, 0, 'ff808181725050fe017250b8d1ff03de', 0, NULL, 0);
INSERT INTO FLOW_STOPS_PROPERTY(ID, CRT_DTTM, CRT_USER, ENABLE_FLAG, LAST_UPDATE_DTTM, LAST_UPDATE_USER, VERSION, ALLOWABLE_VALUES, CUSTOM_VALUE, DESCRIPTION, DISPLAY_NAME, IS_SELECT, NAME, PROPERTY_REQUIRED, PROPERTY_SENSITIVE, FK_STOPS_ID, IS_LOCKED, PROPERTY_SORT, IS_OLD_DATA) VALUES ('ff808181725050fe017250b8d1ff03e2', parsedatetime('26-05-2020 00:00:01.00', 'dd-MM-yyyy hh:mm:ss.SS'), 'admin', 1, parsedatetime('26-05-2020 00:00:01.00', 'dd-MM-yyyy hh:mm:ss.SS'), 'admin', 0, '[\"\"]', 'title:String, author:String, age:Int', 'The schema of mock data, format is column:columnType:isNullable. Separate multiple fields with commas. columnType can be String/Int/Long/Float/Double/Boolean. isNullable can be left blank, the default value is false. ', 'Schema', 0, 'schema', 1, 0, 'ff808181725050fe017250b8d1ff03e1', 0, NULL, 0);
INSERT INTO FLOW_STOPS_PROPERTY(ID, CRT_DTTM, CRT_USER, ENABLE_FLAG, LAST_UPDATE_DTTM, LAST_UPDATE_USER, VERSION, ALLOWABLE_VALUES, CUSTOM_VALUE, DESCRIPTION, DISPLAY_NAME, IS_SELECT, NAME, PROPERTY_REQUIRED, PROPERTY_SENSITIVE, FK_STOPS_ID, IS_LOCKED, PROPERTY_SORT, IS_OLD_DATA) VALUES ('ff808181725050fe017250b8d1ff03e3', parsedatetime('26-05-2020 00:00:01.00', 'dd-MM-yyyy hh:mm:ss.SS'), 'admin', 1, parsedatetime('26-05-2020 00:00:01.00', 'dd-MM-yyyy hh:mm:ss.SS'), 'admin', 0, '[\"\"]', '10', 'The count of dataframe', 'Count', 0, 'count', 1, 0, 'ff808181725050fe017250b8d1ff03e1', 0, NULL, 0);

INSERT INTO MX_GRAPH_MODEL(ID, CRT_DTTM, CRT_USER, ENABLE_FLAG, LAST_UPDATE_DTTM, LAST_UPDATE_USER, VERSION, MX_ARROWS, MX_BACKGROUND, MX_CONNECT, MX_DX, MX_DY, MX_FOLD, MX_GRID, MX_GRIDSIZE, MX_GUIDES, MX_PAGE, MX_PAGEHEIGHT, MX_PAGESCALE, MX_PAGEWIDTH, MX_TOOLTIPS, FK_FLOW_ID, FK_FLOW_GROUP_ID, FK_PROCESS_ID, FK_PROCESS_GROUP_ID) VALUES ('ff808181725050fe017250b8ab31023b', parsedatetime('26-05-2020 00:00:01.00', 'dd-MM-yyyy hh:mm:ss.SS'), 'admin', 1, parsedatetime('26-05-2020 00:00:01.00', 'dd-MM-yyyy hh:mm:ss.SS'), 'admin', 0, NULL, NULL, NULL, NULL, NULL, NULL, NULL, NULL, NULL, NULL, NULL, NULL, NULL, NULL, NULL, 'ff808181725050fe017250group10002', NULL, NULL);
INSERT INTO MX_GRAPH_MODEL(ID, CRT_DTTM, CRT_USER, ENABLE_FLAG, LAST_UPDATE_DTTM, LAST_UPDATE_USER, VERSION, MX_ARROWS, MX_BACKGROUND, MX_CONNECT, MX_DX, MX_DY, MX_FOLD, MX_GRID, MX_GRIDSIZE, MX_GUIDES, MX_PAGE, MX_PAGEHEIGHT, MX_PAGESCALE, MX_PAGEWIDTH, MX_TOOLTIPS, FK_FLOW_ID, FK_FLOW_GROUP_ID, FK_PROCESS_ID, FK_PROCESS_GROUP_ID) VALUES ('ff808181725050fe017250b8d1f70245', parsedatetime('26-05-2020 00:00:01.00', 'dd-MM-yyyy hh:mm:ss.SS'), 'admin', 1, parsedatetime('26-05-2020 00:00:01.00', 'dd-MM-yyyy hh:mm:ss.SS'), 'admin', 0, '1', NULL, '1', '1732', '1283', '1', '1', '10', '1', '1', '1169', '1', '827', '1', 'ff808181725050fe017250b8d1f7023e', NULL, NULL, NULL);
INSERT INTO MX_GRAPH_MODEL(ID, CRT_DTTM, CRT_USER, ENABLE_FLAG, LAST_UPDATE_DTTM, LAST_UPDATE_USER, VERSION, MX_ARROWS, MX_BACKGROUND, MX_CONNECT, MX_DX, MX_DY, MX_FOLD, MX_GRID, MX_GRIDSIZE, MX_GUIDES, MX_PAGE, MX_PAGEHEIGHT, MX_PAGESCALE, MX_PAGEWIDTH, MX_TOOLTIPS, FK_FLOW_ID, FK_FLOW_GROUP_ID, FK_PROCESS_ID, FK_PROCESS_GROUP_ID) VALUES ('ff808181725050fe017250b8d1f70257', parsedatetime('26-05-2020 00:00:01.00', 'dd-MM-yyyy hh:mm:ss.SS'), 'admin', 1, parsedatetime('26-05-2020 00:00:01.00', 'dd-MM-yyyy hh:mm:ss.SS'), 'admin', 0, '1', NULL, '1', '1732', '1283', '1', '1', '10', '1', '1', '1169', '1', '827', '1', 'ff808181725050fe017250b8d1f70250', NULL, NULL, NULL);
INSERT INTO MX_GRAPH_MODEL(ID, CRT_DTTM, CRT_USER, ENABLE_FLAG, LAST_UPDATE_DTTM, LAST_UPDATE_USER, VERSION, MX_ARROWS, MX_BACKGROUND, MX_CONNECT, MX_DX, MX_DY, MX_FOLD, MX_GRID, MX_GRIDSIZE, MX_GUIDES, MX_PAGE, MX_PAGEHEIGHT, MX_PAGESCALE, MX_PAGEWIDTH, MX_TOOLTIPS, FK_FLOW_ID, FK_FLOW_GROUP_ID, FK_PROCESS_ID, FK_PROCESS_GROUP_ID) VALUES ('ff808181725050fe017250b8d1f70260', parsedatetime('26-05-2020 00:00:01.00', 'dd-MM-yyyy hh:mm:ss.SS'), 'admin', 1, parsedatetime('26-05-2020 00:00:01.00', 'dd-MM-yyyy hh:mm:ss.SS'), 'admin', 0, '1', NULL, '1', '2036', '1283', '1', '1', '10', '1', '1', '1169', '1', '827', '1', NULL, 'ff808181725050fe017250b8d1f7023d', NULL, NULL);
INSERT INTO MX_GRAPH_MODEL(ID, CRT_DTTM, CRT_USER, ENABLE_FLAG, LAST_UPDATE_DTTM, LAST_UPDATE_USER, VERSION, MX_ARROWS, MX_BACKGROUND, MX_CONNECT, MX_DX, MX_DY, MX_FOLD, MX_GRID, MX_GRIDSIZE, MX_GUIDES, MX_PAGE, MX_PAGEHEIGHT, MX_PAGESCALE, MX_PAGEWIDTH, MX_TOOLTIPS, FK_FLOW_ID, FK_FLOW_GROUP_ID, FK_PROCESS_ID, FK_PROCESS_GROUP_ID) VALUES ('ff808181725050fe017250b8d1f80274', parsedatetime('26-05-2020 00:00:01.00', 'dd-MM-yyyy hh:mm:ss.SS'), 'admin', 1, parsedatetime('26-05-2020 00:00:01.00', 'dd-MM-yyyy hh:mm:ss.SS'), 'admin', 0, '1', NULL, '1', '1732', '1283', '1', '1', '10', '1', '1', '1169', '1', '827', '1', 'ff808181725050fe017250b8d1f8026d', NULL, NULL, NULL);
INSERT INTO MX_GRAPH_MODEL(ID, CRT_DTTM, CRT_USER, ENABLE_FLAG, LAST_UPDATE_DTTM, LAST_UPDATE_USER, VERSION, MX_ARROWS, MX_BACKGROUND, MX_CONNECT, MX_DX, MX_DY, MX_FOLD, MX_GRID, MX_GRIDSIZE, MX_GUIDES, MX_PAGE, MX_PAGEHEIGHT, MX_PAGESCALE, MX_PAGEWIDTH, MX_TOOLTIPS, FK_FLOW_ID, FK_FLOW_GROUP_ID, FK_PROCESS_ID, FK_PROCESS_GROUP_ID) VALUES ('ff808181725050fe017250b8d1f90297', parsedatetime('26-05-2020 00:00:01.00', 'dd-MM-yyyy hh:mm:ss.SS'), 'admin', 1, parsedatetime('26-05-2020 00:00:01.00', 'dd-MM-yyyy hh:mm:ss.SS'), 'admin', 0, '1', NULL, '1', '1732', '1283', '1', '1', '10', '1', '1', '1169', '1', '827', '1', 'ff808181725050fe017250b8d1f8027d', NULL, NULL, NULL);
INSERT INTO MX_GRAPH_MODEL(ID, CRT_DTTM, CRT_USER, ENABLE_FLAG, LAST_UPDATE_DTTM, LAST_UPDATE_USER, VERSION, MX_ARROWS, MX_BACKGROUND, MX_CONNECT, MX_DX, MX_DY, MX_FOLD, MX_GRID, MX_GRIDSIZE, MX_GUIDES, MX_PAGE, MX_PAGEHEIGHT, MX_PAGESCALE, MX_PAGEWIDTH, MX_TOOLTIPS, FK_FLOW_ID, FK_FLOW_GROUP_ID, FK_PROCESS_ID, FK_PROCESS_GROUP_ID) VALUES ('ff808181725050fe017250b8d1f902c8', parsedatetime('26-05-2020 00:00:01.00', 'dd-MM-yyyy hh:mm:ss.SS'), 'admin', 1, parsedatetime('26-05-2020 00:00:01.00', 'dd-MM-yyyy hh:mm:ss.SS'), 'admin', 0, '1', NULL, '1', '2036', '1283', '1', '1', '10', '1', '1', '1169', '1', '827', '1', NULL, 'ff808181725050fe017250b8d1f6023c', NULL, NULL);
INSERT INTO MX_GRAPH_MODEL(ID, CRT_DTTM, CRT_USER, ENABLE_FLAG, LAST_UPDATE_DTTM, LAST_UPDATE_USER, VERSION, MX_ARROWS, MX_BACKGROUND, MX_CONNECT, MX_DX, MX_DY, MX_FOLD, MX_GRID, MX_GRIDSIZE, MX_GUIDES, MX_PAGE, MX_PAGEHEIGHT, MX_PAGESCALE, MX_PAGEWIDTH, MX_TOOLTIPS, FK_FLOW_ID, FK_FLOW_GROUP_ID, FK_PROCESS_ID, FK_PROCESS_GROUP_ID) VALUES ('ff808181725050fe017250b8d1fa02e4', parsedatetime('26-05-2020 00:00:01.00', 'dd-MM-yyyy hh:mm:ss.SS'), 'admin', 1, parsedatetime('26-05-2020 00:00:01.00', 'dd-MM-yyyy hh:mm:ss.SS'), 'admin', 0, '1', NULL, '1', '1732', '1283', '1', '1', '10', '1', '1', '1169', '1', '827', '1', 'ff808181725050fe017250b8d1fa02dd', NULL, NULL, NULL);
INSERT INTO MX_GRAPH_MODEL(ID, CRT_DTTM, CRT_USER, ENABLE_FLAG, LAST_UPDATE_DTTM, LAST_UPDATE_USER, VERSION, MX_ARROWS, MX_BACKGROUND, MX_CONNECT, MX_DX, MX_DY, MX_FOLD, MX_GRID, MX_GRIDSIZE, MX_GUIDES, MX_PAGE, MX_PAGEHEIGHT, MX_PAGESCALE, MX_PAGEWIDTH, MX_TOOLTIPS, FK_FLOW_ID, FK_FLOW_GROUP_ID, FK_PROCESS_ID, FK_PROCESS_GROUP_ID) VALUES ('ff808181725050fe017250b8d1fb0307', parsedatetime('26-05-2020 00:00:01.00', 'dd-MM-yyyy hh:mm:ss.SS'), 'admin', 1, parsedatetime('26-05-2020 00:00:01.00', 'dd-MM-yyyy hh:mm:ss.SS'), 'admin', 0, '1', NULL, '1', '1366', '1283', '1', '1', '10', '1', '1', '1169', '1', '827', '1', 'ff808181725050fe017250b8d1fa02ed', NULL, NULL, NULL);
INSERT INTO MX_GRAPH_MODEL(ID, CRT_DTTM, CRT_USER, ENABLE_FLAG, LAST_UPDATE_DTTM, LAST_UPDATE_USER, VERSION, MX_ARROWS, MX_BACKGROUND, MX_CONNECT, MX_DX, MX_DY, MX_FOLD, MX_GRID, MX_GRIDSIZE, MX_GUIDES, MX_PAGE, MX_PAGEHEIGHT, MX_PAGESCALE, MX_PAGEWIDTH, MX_TOOLTIPS, FK_FLOW_ID, FK_FLOW_GROUP_ID, FK_PROCESS_ID, FK_PROCESS_GROUP_ID) VALUES ('ff808181725050fe017250b8d1fc0332', parsedatetime('26-05-2020 00:00:01.00', 'dd-MM-yyyy hh:mm:ss.SS'), 'admin', 1, parsedatetime('26-05-2020 00:00:01.00', 'dd-MM-yyyy hh:mm:ss.SS'), 'admin', 0, '1', NULL, '1', '2036', '1283', '1', '1', '10', '1', '1', '1169', '1', '827', '1', NULL, 'ff808181725050fe017250b8d1fa02db', NULL, NULL);
INSERT INTO MX_GRAPH_MODEL(ID, CRT_DTTM, CRT_USER, ENABLE_FLAG, LAST_UPDATE_DTTM, LAST_UPDATE_USER, VERSION, MX_ARROWS, MX_BACKGROUND, MX_CONNECT, MX_DX, MX_DY, MX_FOLD, MX_GRID, MX_GRIDSIZE, MX_GUIDES, MX_PAGE, MX_PAGEHEIGHT, MX_PAGESCALE, MX_PAGEWIDTH, MX_TOOLTIPS, FK_FLOW_ID, FK_FLOW_GROUP_ID, FK_PROCESS_ID, FK_PROCESS_GROUP_ID) VALUES ('ff808181725050fe017250b8d1fc035a', parsedatetime('26-05-2020 00:00:01.00', 'dd-MM-yyyy hh:mm:ss.SS'), 'admin', 1, parsedatetime('26-05-2020 00:00:01.00', 'dd-MM-yyyy hh:mm:ss.SS'), 'admin', 0, NULL, NULL, NULL, NULL, NULL, NULL, NULL, NULL, NULL, NULL, NULL, NULL, NULL, NULL, 'ff808181725050fe017250b8d1fc0340', NULL, NULL, NULL);
INSERT INTO MX_GRAPH_MODEL(ID, CRT_DTTM, CRT_USER, ENABLE_FLAG, LAST_UPDATE_DTTM, LAST_UPDATE_USER, VERSION, MX_ARROWS, MX_BACKGROUND, MX_CONNECT, MX_DX, MX_DY, MX_FOLD, MX_GRID, MX_GRIDSIZE, MX_GUIDES, MX_PAGE, MX_PAGEHEIGHT, MX_PAGESCALE, MX_PAGEWIDTH, MX_TOOLTIPS, FK_FLOW_ID, FK_FLOW_GROUP_ID, FK_PROCESS_ID, FK_PROCESS_GROUP_ID) VALUES ('ff808181725050fe017250b8d1fe039f', parsedatetime('26-05-2020 00:00:01.00', 'dd-MM-yyyy hh:mm:ss.SS'), 'admin', 1, parsedatetime('26-05-2020 00:00:01.00', 'dd-MM-yyyy hh:mm:ss.SS'), 'admin', 0, NULL, NULL, NULL, NULL, NULL, NULL, NULL, NULL, NULL, NULL, NULL, NULL, NULL, NULL, 'ff808181725050fe017250b8d1fd0385', NULL, NULL, NULL);
INSERT INTO MX_GRAPH_MODEL(ID, CRT_DTTM, CRT_USER, ENABLE_FLAG, LAST_UPDATE_DTTM, LAST_UPDATE_USER, VERSION, MX_ARROWS, MX_BACKGROUND, MX_CONNECT, MX_DX, MX_DY, MX_FOLD, MX_GRID, MX_GRIDSIZE, MX_GUIDES, MX_PAGE, MX_PAGEHEIGHT, MX_PAGESCALE, MX_PAGEWIDTH, MX_TOOLTIPS, FK_FLOW_ID, FK_FLOW_GROUP_ID, FK_PROCESS_ID, FK_PROCESS_GROUP_ID) VALUES ('ff808181725050fe017250b8d1ff03e4', parsedatetime('26-05-2020 00:00:01.00', 'dd-MM-yyyy hh:mm:ss.SS'), 'admin', 1, parsedatetime('26-05-2020 00:00:01.00', 'dd-MM-yyyy hh:mm:ss.SS'), 'admin', 0, NULL, NULL, NULL, NULL, NULL, NULL, NULL, NULL, NULL, NULL, NULL, NULL, NULL, NULL, 'ff808181725050fe017250b8d1ff03ca', NULL, NULL, NULL);

INSERT INTO MX_CELL(ID, CRT_DTTM, CRT_USER, ENABLE_FLAG, LAST_UPDATE_DTTM, LAST_UPDATE_USER, VERSION, MX_EDGE, MX_PAGEID, MX_PARENT, MX_SOURCE, MX_STYLE, MX_TARGET, MX_VALUE, MX_VERTEX, FK_MX_GRAPH_ID) VALUES ('ff808181725050fe017250b8d1f70246', parsedatetime('26-05-2020 00:00:01.00', 'dd-MM-yyyy hh:mm:ss.SS'), 'admin', 1, parsedatetime('26-05-2020 00:00:01.00', 'dd-MM-yyyy hh:mm:ss.SS'), 'admin', 0, NULL, '0', NULL, NULL, NULL, NULL, NULL, NULL, 'ff808181725050fe017250b8d1f70245');
INSERT INTO MX_CELL(ID, CRT_DTTM, CRT_USER, ENABLE_FLAG, LAST_UPDATE_DTTM, LAST_UPDATE_USER, VERSION, MX_EDGE, MX_PAGEID, MX_PARENT, MX_SOURCE, MX_STYLE, MX_TARGET, MX_VALUE, MX_VERTEX, FK_MX_GRAPH_ID) VALUES ('ff808181725050fe017250b8d1f70247', parsedatetime('26-05-2020 00:00:01.00', 'dd-MM-yyyy hh:mm:ss.SS'), 'admin', 1, parsedatetime('26-05-2020 00:00:01.00', 'dd-MM-yyyy hh:mm:ss.SS'), 'admin', 0, NULL, '1', '0', NULL, NULL, NULL, NULL, NULL, 'ff808181725050fe017250b8d1f70245');
INSERT INTO MX_CELL(ID, CRT_DTTM, CRT_USER, ENABLE_FLAG, LAST_UPDATE_DTTM, LAST_UPDATE_USER, VERSION, MX_EDGE, MX_PAGEID, MX_PARENT, MX_SOURCE, MX_STYLE, MX_TARGET, MX_VALUE, MX_VERTEX, FK_MX_GRAPH_ID) VALUES ('ff808181725050fe017250b8d1f70248', parsedatetime('26-05-2020 00:00:01.00', 'dd-MM-yyyy hh:mm:ss.SS'), 'admin', 1, parsedatetime('26-05-2020 00:00:01.00', 'dd-MM-yyyy hh:mm:ss.SS'), 'admin', 0, '1', '10', '1', '5', 'edgeStyle=orthogonalEdgeStyle;rounded=0;orthogonalLoop=1;jettySize=auto;html=1;', '9', NULL, NULL, 'ff808181725050fe017250b8d1f70245');
INSERT INTO MX_CELL(ID, CRT_DTTM, CRT_USER, ENABLE_FLAG, LAST_UPDATE_DTTM, LAST_UPDATE_USER, VERSION, MX_EDGE, MX_PAGEID, MX_PARENT, MX_SOURCE, MX_STYLE, MX_TARGET, MX_VALUE, MX_VERTEX, FK_MX_GRAPH_ID) VALUES ('ff808181725050fe017250b8d1f7024a', parsedatetime('26-05-2020 00:00:01.00', 'dd-MM-yyyy hh:mm:ss.SS'), 'admin', 1, parsedatetime('26-05-2020 00:00:01.00', 'dd-MM-yyyy hh:mm:ss.SS'), 'admin', 0, NULL, '9', '1', NULL, 'image;html=1;labelBackgroundColor=#ffffff00;image=/piflow-web/images/SelectField_128x128.png', NULL, 'SelectField', '1', 'ff808181725050fe017250b8d1f70245');
INSERT INTO MX_CELL(ID, CRT_DTTM, CRT_USER, ENABLE_FLAG, LAST_UPDATE_DTTM, LAST_UPDATE_USER, VERSION, MX_EDGE, MX_PAGEID, MX_PARENT, MX_SOURCE, MX_STYLE, MX_TARGET, MX_VALUE, MX_VERTEX, FK_MX_GRAPH_ID) VALUES ('ff808181725050fe017250b8d1f7024c', parsedatetime('26-05-2020 00:00:01.00', 'dd-MM-yyyy hh:mm:ss.SS'), 'admin', 1, parsedatetime('26-05-2020 00:00:01.00', 'dd-MM-yyyy hh:mm:ss.SS'), 'admin', 0, NULL, '5', '1', NULL, 'image;html=1;labelBackgroundColor=#ffffff00;image=/piflow-web/images/MockData_128x128.png', NULL, 'MockData', '1', 'ff808181725050fe017250b8d1f70245');
INSERT INTO MX_CELL(ID, CRT_DTTM, CRT_USER, ENABLE_FLAG, LAST_UPDATE_DTTM, LAST_UPDATE_USER, VERSION, MX_EDGE, MX_PAGEID, MX_PARENT, MX_SOURCE, MX_STYLE, MX_TARGET, MX_VALUE, MX_VERTEX, FK_MX_GRAPH_ID) VALUES ('ff808181725050fe017250b8d1f7024e', parsedatetime('26-05-2020 00:00:01.00', 'dd-MM-yyyy hh:mm:ss.SS'), 'admin', 1, parsedatetime('26-05-2020 00:00:01.00', 'dd-MM-yyyy hh:mm:ss.SS'), 'admin', 0, NULL, '8', '1', NULL, 'text;html=1;align=center;verticalAlign=middle;resizable=0;points=[];autosize=1;', NULL, '模拟测试数据', '1', 'ff808181725050fe017250b8d1f70245');
INSERT INTO MX_CELL(ID, CRT_DTTM, CRT_USER, ENABLE_FLAG, LAST_UPDATE_DTTM, LAST_UPDATE_USER, VERSION, MX_EDGE, MX_PAGEID, MX_PARENT, MX_SOURCE, MX_STYLE, MX_TARGET, MX_VALUE, MX_VERTEX, FK_MX_GRAPH_ID) VALUES ('ff808181725050fe017250b8d1f70258', parsedatetime('26-05-2020 00:00:01.00', 'dd-MM-yyyy hh:mm:ss.SS'), 'admin', 1, parsedatetime('26-05-2020 00:00:01.00', 'dd-MM-yyyy hh:mm:ss.SS'), 'admin', 0, NULL, '0', NULL, NULL, NULL, NULL, NULL, NULL, 'ff808181725050fe017250b8d1f70257');
INSERT INTO MX_CELL(ID, CRT_DTTM, CRT_USER, ENABLE_FLAG, LAST_UPDATE_DTTM, LAST_UPDATE_USER, VERSION, MX_EDGE, MX_PAGEID, MX_PARENT, MX_SOURCE, MX_STYLE, MX_TARGET, MX_VALUE, MX_VERTEX, FK_MX_GRAPH_ID) VALUES ('ff808181725050fe017250b8d1f70259', parsedatetime('26-05-2020 00:00:01.00', 'dd-MM-yyyy hh:mm:ss.SS'), 'admin', 1, parsedatetime('26-05-2020 00:00:01.00', 'dd-MM-yyyy hh:mm:ss.SS'), 'admin', 0, NULL, '1', '0', NULL, NULL, NULL, NULL, NULL, 'ff808181725050fe017250b8d1f70257');
INSERT INTO MX_CELL(ID, CRT_DTTM, CRT_USER, ENABLE_FLAG, LAST_UPDATE_DTTM, LAST_UPDATE_USER, VERSION, MX_EDGE, MX_PAGEID, MX_PARENT, MX_SOURCE, MX_STYLE, MX_TARGET, MX_VALUE, MX_VERTEX, FK_MX_GRAPH_ID) VALUES ('ff808181725050fe017250b8d1f7025a', parsedatetime('26-05-2020 00:00:01.00', 'dd-MM-yyyy hh:mm:ss.SS'), 'admin', 1, parsedatetime('26-05-2020 00:00:01.00', 'dd-MM-yyyy hh:mm:ss.SS'), 'admin', 0, '1', '6', '1', '4', 'edgeStyle=orthogonalEdgeStyle;rounded=0;orthogonalLoop=1;jettySize=auto;html=1;', '5', NULL, NULL, 'ff808181725050fe017250b8d1f70257');
INSERT INTO MX_CELL(ID, CRT_DTTM, CRT_USER, ENABLE_FLAG, LAST_UPDATE_DTTM, LAST_UPDATE_USER, VERSION, MX_EDGE, MX_PAGEID, MX_PARENT, MX_SOURCE, MX_STYLE, MX_TARGET, MX_VALUE, MX_VERTEX, FK_MX_GRAPH_ID) VALUES ('ff808181725050fe017250b8d1f7025c', parsedatetime('26-05-2020 00:00:01.00', 'dd-MM-yyyy hh:mm:ss.SS'), 'admin', 1, parsedatetime('26-05-2020 00:00:01.00', 'dd-MM-yyyy hh:mm:ss.SS'), 'admin', 0, NULL, '5', '1', NULL, 'image;html=1;labelBackgroundColor=#ffffff00;image=/piflow-web/images/SelectField_128x128.png', NULL, 'SelectFiel...', '1', 'ff808181725050fe017250b8d1f70257');
INSERT INTO MX_CELL(ID, CRT_DTTM, CRT_USER, ENABLE_FLAG, LAST_UPDATE_DTTM, LAST_UPDATE_USER, VERSION, MX_EDGE, MX_PAGEID, MX_PARENT, MX_SOURCE, MX_STYLE, MX_TARGET, MX_VALUE, MX_VERTEX, FK_MX_GRAPH_ID) VALUES ('ff808181725050fe017250b8d1f7025e', parsedatetime('26-05-2020 00:00:01.00', 'dd-MM-yyyy hh:mm:ss.SS'), 'admin', 1, parsedatetime('26-05-2020 00:00:01.00', 'dd-MM-yyyy hh:mm:ss.SS'), 'admin', 0, NULL, '4', '1', NULL, 'image;html=1;labelBackgroundColor=#ffffff00;image=/piflow-web/images/MockData_128x128.png', NULL, 'MockData', '1', 'ff808181725050fe017250b8d1f70257');
INSERT INTO MX_CELL(ID, CRT_DTTM, CRT_USER, ENABLE_FLAG, LAST_UPDATE_DTTM, LAST_UPDATE_USER, VERSION, MX_EDGE, MX_PAGEID, MX_PARENT, MX_SOURCE, MX_STYLE, MX_TARGET, MX_VALUE, MX_VERTEX, FK_MX_GRAPH_ID) VALUES ('ff808181725050fe017250b8d1f70261', parsedatetime('26-05-2020 00:00:01.00', 'dd-MM-yyyy hh:mm:ss.SS'), 'admin', 1, parsedatetime('26-05-2020 00:00:01.00', 'dd-MM-yyyy hh:mm:ss.SS'), 'admin', 0, NULL, '4', '1', NULL, 'text;html=1;strokeColor=none;fillColor=none;align=center;verticalAlign=middle;whiteSpace=wrap;rounded=0;labelBackgroundColor=#ffffff00;', NULL, '采集期刊数据，内部流水线不具备真实功能', '1', 'ff808181725050fe017250b8d1f70260');
INSERT INTO MX_CELL(ID, CRT_DTTM, CRT_USER, ENABLE_FLAG, LAST_UPDATE_DTTM, LAST_UPDATE_USER, VERSION, MX_EDGE, MX_PAGEID, MX_PARENT, MX_SOURCE, MX_STYLE, MX_TARGET, MX_VALUE, MX_VERTEX, FK_MX_GRAPH_ID) VALUES ('ff808181725050fe017250b8d1f70263', parsedatetime('26-05-2020 00:00:01.00', 'dd-MM-yyyy hh:mm:ss.SS'), 'admin', 1, parsedatetime('26-05-2020 00:00:01.00', 'dd-MM-yyyy hh:mm:ss.SS'), 'admin', 0, NULL, '5', '1', NULL, 'image;html=1;labelBackgroundColor=#ffffff00;image=/piflow-web/img/flow.png', NULL, 'CollectConferenceData', '1', 'ff808181725050fe017250b8d1f70260');
INSERT INTO MX_CELL(ID, CRT_DTTM, CRT_USER, ENABLE_FLAG, LAST_UPDATE_DTTM, LAST_UPDATE_USER, VERSION, MX_EDGE, MX_PAGEID, MX_PARENT, MX_SOURCE, MX_STYLE, MX_TARGET, MX_VALUE, MX_VERTEX, FK_MX_GRAPH_ID) VALUES ('ff808181725050fe017250b8d1f70265', parsedatetime('26-05-2020 00:00:01.00', 'dd-MM-yyyy hh:mm:ss.SS'), 'admin', 1, parsedatetime('26-05-2020 00:00:01.00', 'dd-MM-yyyy hh:mm:ss.SS'), 'admin', 0, NULL, '3', '1', NULL, 'image;html=1;labelBackgroundColor=#ffffff00;image=/piflow-web/img/flow.png', NULL, 'CollectJournalFlow', '1', 'ff808181725050fe017250b8d1f70260');
INSERT INTO MX_CELL(ID, CRT_DTTM, CRT_USER, ENABLE_FLAG, LAST_UPDATE_DTTM, LAST_UPDATE_USER, VERSION, MX_EDGE, MX_PAGEID, MX_PARENT, MX_SOURCE, MX_STYLE, MX_TARGET, MX_VALUE, MX_VERTEX, FK_MX_GRAPH_ID) VALUES ('ff808181725050fe017250b8d1f80267', parsedatetime('26-05-2020 00:00:01.00', 'dd-MM-yyyy hh:mm:ss.SS'), 'admin', 1, parsedatetime('26-05-2020 00:00:01.00', 'dd-MM-yyyy hh:mm:ss.SS'), 'admin', 0, NULL, '6', '1', NULL, 'text;html=1;strokeColor=none;fillColor=none;align=center;verticalAlign=middle;whiteSpace=wrap;rounded=0;labelBackgroundColor=#ffffff00;', NULL, '采集会议论文，<span style=\"font-size: 13.3333px\">内部流水线不具备真实功能</span>', '1', 'ff808181725050fe017250b8d1f70260');
INSERT INTO MX_CELL(ID, CRT_DTTM, CRT_USER, ENABLE_FLAG, LAST_UPDATE_DTTM, LAST_UPDATE_USER, VERSION, MX_EDGE, MX_PAGEID, MX_PARENT, MX_SOURCE, MX_STYLE, MX_TARGET, MX_VALUE, MX_VERTEX, FK_MX_GRAPH_ID) VALUES ('ff808181725050fe017250b8d1f80269', parsedatetime('26-05-2020 00:00:01.00', 'dd-MM-yyyy hh:mm:ss.SS'), 'admin', 1, parsedatetime('26-05-2020 00:00:01.00', 'dd-MM-yyyy hh:mm:ss.SS'), 'admin', 0, NULL, '0', NULL, NULL, NULL, NULL, NULL, NULL, 'ff808181725050fe017250b8d1f70260');
INSERT INTO MX_CELL(ID, CRT_DTTM, CRT_USER, ENABLE_FLAG, LAST_UPDATE_DTTM, LAST_UPDATE_USER, VERSION, MX_EDGE, MX_PAGEID, MX_PARENT, MX_SOURCE, MX_STYLE, MX_TARGET, MX_VALUE, MX_VERTEX, FK_MX_GRAPH_ID) VALUES ('ff808181725050fe017250b8d1f8026a', parsedatetime('26-05-2020 00:00:01.00', 'dd-MM-yyyy hh:mm:ss.SS'), 'admin', 1, parsedatetime('26-05-2020 00:00:01.00', 'dd-MM-yyyy hh:mm:ss.SS'), 'admin', 0, NULL, '1', '0', NULL, NULL, NULL, NULL, NULL, 'ff808181725050fe017250b8d1f70260');
INSERT INTO MX_CELL(ID, CRT_DTTM, CRT_USER, ENABLE_FLAG, LAST_UPDATE_DTTM, LAST_UPDATE_USER, VERSION, MX_EDGE, MX_PAGEID, MX_PARENT, MX_SOURCE, MX_STYLE, MX_TARGET, MX_VALUE, MX_VERTEX, FK_MX_GRAPH_ID) VALUES ('ff808181725050fe017250b8d1f80275', parsedatetime('26-05-2020 00:00:01.00', 'dd-MM-yyyy hh:mm:ss.SS'), 'admin', 1, parsedatetime('26-05-2020 00:00:01.00', 'dd-MM-yyyy hh:mm:ss.SS'), 'admin', 0, NULL, '0', NULL, NULL, NULL, NULL, NULL, NULL, 'ff808181725050fe017250b8d1f80274');
INSERT INTO MX_CELL(ID, CRT_DTTM, CRT_USER, ENABLE_FLAG, LAST_UPDATE_DTTM, LAST_UPDATE_USER, VERSION, MX_EDGE, MX_PAGEID, MX_PARENT, MX_SOURCE, MX_STYLE, MX_TARGET, MX_VALUE, MX_VERTEX, FK_MX_GRAPH_ID) VALUES ('ff808181725050fe017250b8d1f80276', parsedatetime('26-05-2020 00:00:01.00', 'dd-MM-yyyy hh:mm:ss.SS'), 'admin', 1, parsedatetime('26-05-2020 00:00:01.00', 'dd-MM-yyyy hh:mm:ss.SS'), 'admin', 0, NULL, '1', '0', NULL, NULL, NULL, NULL, NULL, 'ff808181725050fe017250b8d1f80274');
INSERT INTO MX_CELL(ID, CRT_DTTM, CRT_USER, ENABLE_FLAG, LAST_UPDATE_DTTM, LAST_UPDATE_USER, VERSION, MX_EDGE, MX_PAGEID, MX_PARENT, MX_SOURCE, MX_STYLE, MX_TARGET, MX_VALUE, MX_VERTEX, FK_MX_GRAPH_ID) VALUES ('ff808181725050fe017250b8d1f80277', parsedatetime('26-05-2020 00:00:01.00', 'dd-MM-yyyy hh:mm:ss.SS'), 'admin', 1, parsedatetime('26-05-2020 00:00:01.00', 'dd-MM-yyyy hh:mm:ss.SS'), 'admin', 0, '1', '7', '1', '5', 'edgeStyle=orthogonalEdgeStyle;rounded=0;orthogonalLoop=1;jettySize=auto;html=1;', '6', NULL, NULL, 'ff808181725050fe017250b8d1f80274');
INSERT INTO MX_CELL(ID, CRT_DTTM, CRT_USER, ENABLE_FLAG, LAST_UPDATE_DTTM, LAST_UPDATE_USER, VERSION, MX_EDGE, MX_PAGEID, MX_PARENT, MX_SOURCE, MX_STYLE, MX_TARGET, MX_VALUE, MX_VERTEX, FK_MX_GRAPH_ID) VALUES ('ff808181725050fe017250b8d1f80279', parsedatetime('26-05-2020 00:00:01.00', 'dd-MM-yyyy hh:mm:ss.SS'), 'admin', 1, parsedatetime('26-05-2020 00:00:01.00', 'dd-MM-yyyy hh:mm:ss.SS'), 'admin', 0, NULL, '6', '1', NULL, 'image;html=1;labelBackgroundColor=#ffffff00;image=/piflow-web/images/SelectField_128x128.png', NULL, 'SelectFiel...', '1', 'ff808181725050fe017250b8d1f80274');
INSERT INTO MX_CELL(ID, CRT_DTTM, CRT_USER, ENABLE_FLAG, LAST_UPDATE_DTTM, LAST_UPDATE_USER, VERSION, MX_EDGE, MX_PAGEID, MX_PARENT, MX_SOURCE, MX_STYLE, MX_TARGET, MX_VALUE, MX_VERTEX, FK_MX_GRAPH_ID) VALUES ('ff808181725050fe017250b8d1f8027b', parsedatetime('26-05-2020 00:00:01.00', 'dd-MM-yyyy hh:mm:ss.SS'), 'admin', 1, parsedatetime('26-05-2020 00:00:01.00', 'dd-MM-yyyy hh:mm:ss.SS'), 'admin', 0, NULL, '5', '1', NULL, 'image;html=1;labelBackgroundColor=#ffffff00;image=/piflow-web/images/MockData_128x128.png', NULL, 'MockData', '1', 'ff808181725050fe017250b8d1f80274');
INSERT INTO MX_CELL(ID, CRT_DTTM, CRT_USER, ENABLE_FLAG, LAST_UPDATE_DTTM, LAST_UPDATE_USER, VERSION, MX_EDGE, MX_PAGEID, MX_PARENT, MX_SOURCE, MX_STYLE, MX_TARGET, MX_VALUE, MX_VERTEX, FK_MX_GRAPH_ID) VALUES ('ff808181725050fe017250b8d1f90298', parsedatetime('26-05-2020 00:00:01.00', 'dd-MM-yyyy hh:mm:ss.SS'), 'admin', 1, parsedatetime('26-05-2020 00:00:01.00', 'dd-MM-yyyy hh:mm:ss.SS'), 'admin', 0, NULL, '0', NULL, NULL, NULL, NULL, NULL, NULL, 'ff808181725050fe017250b8d1f90297');
INSERT INTO MX_CELL(ID, CRT_DTTM, CRT_USER, ENABLE_FLAG, LAST_UPDATE_DTTM, LAST_UPDATE_USER, VERSION, MX_EDGE, MX_PAGEID, MX_PARENT, MX_SOURCE, MX_STYLE, MX_TARGET, MX_VALUE, MX_VERTEX, FK_MX_GRAPH_ID) VALUES ('ff808181725050fe017250b8d1f90299', parsedatetime('26-05-2020 00:00:01.00', 'dd-MM-yyyy hh:mm:ss.SS'), 'admin', 1, parsedatetime('26-05-2020 00:00:01.00', 'dd-MM-yyyy hh:mm:ss.SS'), 'admin', 0, NULL, '1', '0', NULL, NULL, NULL, NULL, NULL, 'ff808181725050fe017250b8d1f90297');
INSERT INTO MX_CELL(ID, CRT_DTTM, CRT_USER, ENABLE_FLAG, LAST_UPDATE_DTTM, LAST_UPDATE_USER, VERSION, MX_EDGE, MX_PAGEID, MX_PARENT, MX_SOURCE, MX_STYLE, MX_TARGET, MX_VALUE, MX_VERTEX, FK_MX_GRAPH_ID) VALUES ('ff808181725050fe017250b8d1f9029a', parsedatetime('26-05-2020 00:00:01.00', 'dd-MM-yyyy hh:mm:ss.SS'), 'admin', 1, parsedatetime('26-05-2020 00:00:01.00', 'dd-MM-yyyy hh:mm:ss.SS'), 'admin', 0, NULL, '14', '1', NULL, 'image;html=1;labelBackgroundColor=#ffffff00;image=/piflow-web/images/SelectField_128x128.png', NULL, 'SelectField', '1', 'ff808181725050fe017250b8d1f90297');
INSERT INTO MX_CELL(ID, CRT_DTTM, CRT_USER, ENABLE_FLAG, LAST_UPDATE_DTTM, LAST_UPDATE_USER, VERSION, MX_EDGE, MX_PAGEID, MX_PARENT, MX_SOURCE, MX_STYLE, MX_TARGET, MX_VALUE, MX_VERTEX, FK_MX_GRAPH_ID) VALUES ('ff808181725050fe017250b8d1f9029c', parsedatetime('26-05-2020 00:00:01.00', 'dd-MM-yyyy hh:mm:ss.SS'), 'admin', 1, parsedatetime('26-05-2020 00:00:01.00', 'dd-MM-yyyy hh:mm:ss.SS'), 'admin', 0, NULL, '23', '1', NULL, 'image;html=1;labelBackgroundColor=#ffffff00;image=/piflow-web/images/SelectField_128x128.png', NULL, 'SelectField20', '1', 'ff808181725050fe017250b8d1f90297');
INSERT INTO MX_CELL(ID, CRT_DTTM, CRT_USER, ENABLE_FLAG, LAST_UPDATE_DTTM, LAST_UPDATE_USER, VERSION, MX_EDGE, MX_PAGEID, MX_PARENT, MX_SOURCE, MX_STYLE, MX_TARGET, MX_VALUE, MX_VERTEX, FK_MX_GRAPH_ID) VALUES ('ff808181725050fe017250b8d1f9029e', parsedatetime('26-05-2020 00:00:01.00', 'dd-MM-yyyy hh:mm:ss.SS'), 'admin', 1, parsedatetime('26-05-2020 00:00:01.00', 'dd-MM-yyyy hh:mm:ss.SS'), 'admin', 0, NULL, '10', '1', NULL, 'image;html=1;labelBackgroundColor=#ffffff00;image=/piflow-web/images/MockData_128x128.png', NULL, 'MockData7', '1', 'ff808181725050fe017250b8d1f90297');
INSERT INTO MX_CELL(ID, CRT_DTTM, CRT_USER, ENABLE_FLAG, LAST_UPDATE_DTTM, LAST_UPDATE_USER, VERSION, MX_EDGE, MX_PAGEID, MX_PARENT, MX_SOURCE, MX_STYLE, MX_TARGET, MX_VALUE, MX_VERTEX, FK_MX_GRAPH_ID) VALUES ('ff808181725050fe017250b8d1f902a0', parsedatetime('26-05-2020 00:00:01.00', 'dd-MM-yyyy hh:mm:ss.SS'), 'admin', 1, parsedatetime('26-05-2020 00:00:01.00', 'dd-MM-yyyy hh:mm:ss.SS'), 'admin', 0, NULL, '19', '1', NULL, 'image;html=1;labelBackgroundColor=#ffffff00;image=/piflow-web/images/Fork_128x128.png', NULL, 'Fork', '1', 'ff808181725050fe017250b8d1f90297');
INSERT INTO MX_CELL(ID, CRT_DTTM, CRT_USER, ENABLE_FLAG, LAST_UPDATE_DTTM, LAST_UPDATE_USER, VERSION, MX_EDGE, MX_PAGEID, MX_PARENT, MX_SOURCE, MX_STYLE, MX_TARGET, MX_VALUE, MX_VERTEX, FK_MX_GRAPH_ID) VALUES ('ff808181725050fe017250b8d1f902a2', parsedatetime('26-05-2020 00:00:01.00', 'dd-MM-yyyy hh:mm:ss.SS'), 'admin', 1, parsedatetime('26-05-2020 00:00:01.00', 'dd-MM-yyyy hh:mm:ss.SS'), 'admin', 0, NULL, '21', '1', NULL, 'image;html=1;labelBackgroundColor=#ffffff00;image=/piflow-web/images/SelectField_128x128.png', NULL, 'SelectField18', '1', 'ff808181725050fe017250b8d1f90297');
INSERT INTO MX_CELL(ID, CRT_DTTM, CRT_USER, ENABLE_FLAG, LAST_UPDATE_DTTM, LAST_UPDATE_USER, VERSION, MX_EDGE, MX_PAGEID, MX_PARENT, MX_SOURCE, MX_STYLE, MX_TARGET, MX_VALUE, MX_VERTEX, FK_MX_GRAPH_ID) VALUES ('ff808181725050fe017250b8d1f902a4', parsedatetime('26-05-2020 00:00:01.00', 'dd-MM-yyyy hh:mm:ss.SS'), 'admin', 1, parsedatetime('26-05-2020 00:00:01.00', 'dd-MM-yyyy hh:mm:ss.SS'), 'admin', 0, '1', '41', '1', '16', 'edgeStyle=orthogonalEdgeStyle;rounded=0;orthogonalLoop=1;jettySize=auto;html=1;', '19', NULL, NULL, 'ff808181725050fe017250b8d1f90297');
INSERT INTO MX_CELL(ID, CRT_DTTM, CRT_USER, ENABLE_FLAG, LAST_UPDATE_DTTM, LAST_UPDATE_USER, VERSION, MX_EDGE, MX_PAGEID, MX_PARENT, MX_SOURCE, MX_STYLE, MX_TARGET, MX_VALUE, MX_VERTEX, FK_MX_GRAPH_ID) VALUES ('ff808181725050fe017250b8d1f902a6', parsedatetime('26-05-2020 00:00:01.00', 'dd-MM-yyyy hh:mm:ss.SS'), 'admin', 1, parsedatetime('26-05-2020 00:00:01.00', 'dd-MM-yyyy hh:mm:ss.SS'), 'admin', 0, NULL, '27', '1', NULL, 'text;html=1;align=center;verticalAlign=middle;resizable=0;points=[];autosize=1;', NULL, '选择数据：<span style=\"font-size: 13.3333px\">title, author, age</span>', '1', 'ff808181725050fe017250b8d1f90297');
INSERT INTO MX_CELL(ID, CRT_DTTM, CRT_USER, ENABLE_FLAG, LAST_UPDATE_DTTM, LAST_UPDATE_USER, VERSION, MX_EDGE, MX_PAGEID, MX_PARENT, MX_SOURCE, MX_STYLE, MX_TARGET, MX_VALUE, MX_VERTEX, FK_MX_GRAPH_ID) VALUES ('ff808181725050fe017250b8d1f902a8', parsedatetime('26-05-2020 00:00:01.00', 'dd-MM-yyyy hh:mm:ss.SS'), 'admin', 1, parsedatetime('26-05-2020 00:00:01.00', 'dd-MM-yyyy hh:mm:ss.SS'), 'admin', 0, '1', '40', '1', '14', 'edgeStyle=orthogonalEdgeStyle;rounded=0;orthogonalLoop=1;jettySize=auto;html=1;entryX=0.5;entryY=0;entryDx=0;entryDy=0;', '16', NULL, NULL, 'ff808181725050fe017250b8d1f90297');
INSERT INTO MX_CELL(ID, CRT_DTTM, CRT_USER, ENABLE_FLAG, LAST_UPDATE_DTTM, LAST_UPDATE_USER, VERSION, MX_EDGE, MX_PAGEID, MX_PARENT, MX_SOURCE, MX_STYLE, MX_TARGET, MX_VALUE, MX_VERTEX, FK_MX_GRAPH_ID) VALUES ('ff808181725050fe017250b8d1f902aa', parsedatetime('26-05-2020 00:00:01.00', 'dd-MM-yyyy hh:mm:ss.SS'), 'admin', 1, parsedatetime('26-05-2020 00:00:01.00', 'dd-MM-yyyy hh:mm:ss.SS'), 'admin', 0, NULL, '36', '1', NULL, 'text;html=1;align=center;verticalAlign=middle;resizable=0;points=[];autosize=1;', NULL, '选择author列', '1', 'ff808181725050fe017250b8d1f90297');
INSERT INTO MX_CELL(ID, CRT_DTTM, CRT_USER, ENABLE_FLAG, LAST_UPDATE_DTTM, LAST_UPDATE_USER, VERSION, MX_EDGE, MX_PAGEID, MX_PARENT, MX_SOURCE, MX_STYLE, MX_TARGET, MX_VALUE, MX_VERTEX, FK_MX_GRAPH_ID) VALUES ('ff808181725050fe017250b8d1f902ac', parsedatetime('26-05-2020 00:00:01.00', 'dd-MM-yyyy hh:mm:ss.SS'), 'admin', 1, parsedatetime('26-05-2020 00:00:01.00', 'dd-MM-yyyy hh:mm:ss.SS'), 'admin', 0, NULL, '16', '1', NULL, 'image;html=1;labelBackgroundColor=#ffffff00;image=/piflow-web/images/Merge_128x128.png', NULL, 'Merge', '1', 'ff808181725050fe017250b8d1f90297');
INSERT INTO MX_CELL(ID, CRT_DTTM, CRT_USER, ENABLE_FLAG, LAST_UPDATE_DTTM, LAST_UPDATE_USER, VERSION, MX_EDGE, MX_PAGEID, MX_PARENT, MX_SOURCE, MX_STYLE, MX_TARGET, MX_VALUE, MX_VERTEX, FK_MX_GRAPH_ID) VALUES ('ff808181725050fe017250b8d1f902ae', parsedatetime('26-05-2020 00:00:01.00', 'dd-MM-yyyy hh:mm:ss.SS'), 'admin', 1, parsedatetime('26-05-2020 00:00:01.00', 'dd-MM-yyyy hh:mm:ss.SS'), 'admin', 0, '1', '39', '1', '5', 'edgeStyle=orthogonalEdgeStyle;rounded=0;orthogonalLoop=1;jettySize=auto;html=1;', '16', NULL, NULL, 'ff808181725050fe017250b8d1f90297');
INSERT INTO MX_CELL(ID, CRT_DTTM, CRT_USER, ENABLE_FLAG, LAST_UPDATE_DTTM, LAST_UPDATE_USER, VERSION, MX_EDGE, MX_PAGEID, MX_PARENT, MX_SOURCE, MX_STYLE, MX_TARGET, MX_VALUE, MX_VERTEX, FK_MX_GRAPH_ID) VALUES ('ff808181725050fe017250b8d1f902b0', parsedatetime('26-05-2020 00:00:01.00', 'dd-MM-yyyy hh:mm:ss.SS'), 'admin', 1, parsedatetime('26-05-2020 00:00:01.00', 'dd-MM-yyyy hh:mm:ss.SS'), 'admin', 0, '1', '44', '1', '19', 'edgeStyle=orthogonalEdgeStyle;rounded=0;orthogonalLoop=1;jettySize=auto;html=1;', '23', NULL, NULL, 'ff808181725050fe017250b8d1f90297');
INSERT INTO MX_CELL(ID, CRT_DTTM, CRT_USER, ENABLE_FLAG, LAST_UPDATE_DTTM, LAST_UPDATE_USER, VERSION, MX_EDGE, MX_PAGEID, MX_PARENT, MX_SOURCE, MX_STYLE, MX_TARGET, MX_VALUE, MX_VERTEX, FK_MX_GRAPH_ID) VALUES ('ff808181725050fe017250b8d1f902b2', parsedatetime('26-05-2020 00:00:01.00', 'dd-MM-yyyy hh:mm:ss.SS'), 'admin', 1, parsedatetime('26-05-2020 00:00:01.00', 'dd-MM-yyyy hh:mm:ss.SS'), 'admin', 0, NULL, '8', '1', NULL, 'text;html=1;align=center;verticalAlign=middle;resizable=0;points=[];autosize=1;', NULL, '模拟测试数据：<span style=\"font-size: 13.3333px\">title, author, age</span>', '1', 'ff808181725050fe017250b8d1f90297');
INSERT INTO MX_CELL(ID, CRT_DTTM, CRT_USER, ENABLE_FLAG, LAST_UPDATE_DTTM, LAST_UPDATE_USER, VERSION, MX_EDGE, MX_PAGEID, MX_PARENT, MX_SOURCE, MX_STYLE, MX_TARGET, MX_VALUE, MX_VERTEX, FK_MX_GRAPH_ID) VALUES ('ff808181725050fe017250b8d1f902b4', parsedatetime('26-05-2020 00:00:01.00', 'dd-MM-yyyy hh:mm:ss.SS'), 'admin', 1, parsedatetime('26-05-2020 00:00:01.00', 'dd-MM-yyyy hh:mm:ss.SS'), 'admin', 0, '1', '43', '1', '19', 'edgeStyle=orthogonalEdgeStyle;rounded=0;orthogonalLoop=1;jettySize=auto;html=1;', '25', NULL, NULL, 'ff808181725050fe017250b8d1f90297');
INSERT INTO MX_CELL(ID, CRT_DTTM, CRT_USER, ENABLE_FLAG, LAST_UPDATE_DTTM, LAST_UPDATE_USER, VERSION, MX_EDGE, MX_PAGEID, MX_PARENT, MX_SOURCE, MX_STYLE, MX_TARGET, MX_VALUE, MX_VERTEX, FK_MX_GRAPH_ID) VALUES ('ff808181725050fe017250b8d1f902b6', parsedatetime('26-05-2020 00:00:01.00', 'dd-MM-yyyy hh:mm:ss.SS'), 'admin', 1, parsedatetime('26-05-2020 00:00:01.00', 'dd-MM-yyyy hh:mm:ss.SS'), 'admin', 0, NULL, '35', '1', NULL, 'text;html=1;align=center;verticalAlign=middle;resizable=0;points=[];autosize=1;', NULL, '选择title列', '1', 'ff808181725050fe017250b8d1f90297');
INSERT INTO MX_CELL(ID, CRT_DTTM, CRT_USER, ENABLE_FLAG, LAST_UPDATE_DTTM, LAST_UPDATE_USER, VERSION, MX_EDGE, MX_PAGEID, MX_PARENT, MX_SOURCE, MX_STYLE, MX_TARGET, MX_VALUE, MX_VERTEX, FK_MX_GRAPH_ID) VALUES ('ff808181725050fe017250b8d1f902b8', parsedatetime('26-05-2020 00:00:01.00', 'dd-MM-yyyy hh:mm:ss.SS'), 'admin', 1, parsedatetime('26-05-2020 00:00:01.00', 'dd-MM-yyyy hh:mm:ss.SS'), 'admin', 0, NULL, '13', '1', NULL, 'text;html=1;align=center;verticalAlign=middle;resizable=0;points=[];autosize=1;', NULL, '模拟生成数据：title, author, age, gender', '1', 'ff808181725050fe017250b8d1f90297');
INSERT INTO MX_CELL(ID, CRT_DTTM, CRT_USER, ENABLE_FLAG, LAST_UPDATE_DTTM, LAST_UPDATE_USER, VERSION, MX_EDGE, MX_PAGEID, MX_PARENT, MX_SOURCE, MX_STYLE, MX_TARGET, MX_VALUE, MX_VERTEX, FK_MX_GRAPH_ID) VALUES ('ff808181725050fe017250b8d1f902ba', parsedatetime('26-05-2020 00:00:01.00', 'dd-MM-yyyy hh:mm:ss.SS'), 'admin', 1, parsedatetime('26-05-2020 00:00:01.00', 'dd-MM-yyyy hh:mm:ss.SS'), 'admin', 0, NULL, '25', '1', NULL, 'image;html=1;labelBackgroundColor=#ffffff00;image=/piflow-web/images/SelectField_128x128.png', NULL, 'SelectField22', '1', 'ff808181725050fe017250b8d1f90297');
INSERT INTO MX_CELL(ID, CRT_DTTM, CRT_USER, ENABLE_FLAG, LAST_UPDATE_DTTM, LAST_UPDATE_USER, VERSION, MX_EDGE, MX_PAGEID, MX_PARENT, MX_SOURCE, MX_STYLE, MX_TARGET, MX_VALUE, MX_VERTEX, FK_MX_GRAPH_ID) VALUES ('ff808181725050fe017250b8d1f902bc', parsedatetime('26-05-2020 00:00:01.00', 'dd-MM-yyyy hh:mm:ss.SS'), 'admin', 1, parsedatetime('26-05-2020 00:00:01.00', 'dd-MM-yyyy hh:mm:ss.SS'), 'admin', 0, NULL, '5', '1', NULL, 'image;html=1;labelBackgroundColor=#ffffff00;image=/piflow-web/images/MockData_128x128.png', NULL, 'MockData', '1', 'ff808181725050fe017250b8d1f90297');
INSERT INTO MX_CELL(ID, CRT_DTTM, CRT_USER, ENABLE_FLAG, LAST_UPDATE_DTTM, LAST_UPDATE_USER, VERSION, MX_EDGE, MX_PAGEID, MX_PARENT, MX_SOURCE, MX_STYLE, MX_TARGET, MX_VALUE, MX_VERTEX, FK_MX_GRAPH_ID) VALUES ('ff808181725050fe017250b8d1f902be', parsedatetime('26-05-2020 00:00:01.00', 'dd-MM-yyyy hh:mm:ss.SS'), 'admin', 1, parsedatetime('26-05-2020 00:00:01.00', 'dd-MM-yyyy hh:mm:ss.SS'), 'admin', 0, NULL, '28', '1', NULL, 'text;html=1;align=center;verticalAlign=middle;resizable=0;points=[];autosize=1;', NULL, '合流', '1', 'ff808181725050fe017250b8d1f90297');
INSERT INTO MX_CELL(ID, CRT_DTTM, CRT_USER, ENABLE_FLAG, LAST_UPDATE_DTTM, LAST_UPDATE_USER, VERSION, MX_EDGE, MX_PAGEID, MX_PARENT, MX_SOURCE, MX_STYLE, MX_TARGET, MX_VALUE, MX_VERTEX, FK_MX_GRAPH_ID) VALUES ('ff808181725050fe017250b8d1f902c0', parsedatetime('26-05-2020 00:00:01.00', 'dd-MM-yyyy hh:mm:ss.SS'), 'admin', 1, parsedatetime('26-05-2020 00:00:01.00', 'dd-MM-yyyy hh:mm:ss.SS'), 'admin', 0, '1', '38', '1', '10', 'edgeStyle=orthogonalEdgeStyle;rounded=0;orthogonalLoop=1;jettySize=auto;html=1;', '14', NULL, NULL, 'ff808181725050fe017250b8d1f90297');
INSERT INTO MX_CELL(ID, CRT_DTTM, CRT_USER, ENABLE_FLAG, LAST_UPDATE_DTTM, LAST_UPDATE_USER, VERSION, MX_EDGE, MX_PAGEID, MX_PARENT, MX_SOURCE, MX_STYLE, MX_TARGET, MX_VALUE, MX_VERTEX, FK_MX_GRAPH_ID) VALUES ('ff808181725050fe017250b8d1f902c2', parsedatetime('26-05-2020 00:00:01.00', 'dd-MM-yyyy hh:mm:ss.SS'), 'admin', 1, parsedatetime('26-05-2020 00:00:01.00', 'dd-MM-yyyy hh:mm:ss.SS'), 'admin', 0, '1', '42', '1', '19', 'edgeStyle=orthogonalEdgeStyle;rounded=0;orthogonalLoop=1;jettySize=auto;html=1;', '21', NULL, NULL, 'ff808181725050fe017250b8d1f90297');
INSERT INTO MX_CELL(ID, CRT_DTTM, CRT_USER, ENABLE_FLAG, LAST_UPDATE_DTTM, LAST_UPDATE_USER, VERSION, MX_EDGE, MX_PAGEID, MX_PARENT, MX_SOURCE, MX_STYLE, MX_TARGET, MX_VALUE, MX_VERTEX, FK_MX_GRAPH_ID) VALUES ('ff808181725050fe017250b8d1f902c4', parsedatetime('26-05-2020 00:00:01.00', 'dd-MM-yyyy hh:mm:ss.SS'), 'admin', 1, parsedatetime('26-05-2020 00:00:01.00', 'dd-MM-yyyy hh:mm:ss.SS'), 'admin', 0, NULL, '29', '1', NULL, 'text;html=1;align=center;verticalAlign=middle;resizable=0;points=[];autosize=1;', NULL, '分流', '1', 'ff808181725050fe017250b8d1f90297');
INSERT INTO MX_CELL(ID, CRT_DTTM, CRT_USER, ENABLE_FLAG, LAST_UPDATE_DTTM, LAST_UPDATE_USER, VERSION, MX_EDGE, MX_PAGEID, MX_PARENT, MX_SOURCE, MX_STYLE, MX_TARGET, MX_VALUE, MX_VERTEX, FK_MX_GRAPH_ID) VALUES ('ff808181725050fe017250b8d1f902c6', parsedatetime('26-05-2020 00:00:01.00', 'dd-MM-yyyy hh:mm:ss.SS'), 'admin', 1, parsedatetime('26-05-2020 00:00:01.00', 'dd-MM-yyyy hh:mm:ss.SS'), 'admin', 0, NULL, '37', '1', NULL, 'text;html=1;align=center;verticalAlign=middle;resizable=0;points=[];autosize=1;', NULL, '选择age列', '1', 'ff808181725050fe017250b8d1f90297');
INSERT INTO MX_CELL(ID, CRT_DTTM, CRT_USER, ENABLE_FLAG, LAST_UPDATE_DTTM, LAST_UPDATE_USER, VERSION, MX_EDGE, MX_PAGEID, MX_PARENT, MX_SOURCE, MX_STYLE, MX_TARGET, MX_VALUE, MX_VERTEX, FK_MX_GRAPH_ID) VALUES ('ff808181725050fe017250b8d1f902c9', parsedatetime('26-05-2020 00:00:01.00', 'dd-MM-yyyy hh:mm:ss.SS'), 'admin', 1, parsedatetime('26-05-2020 00:00:01.00', 'dd-MM-yyyy hh:mm:ss.SS'), 'admin', 0, NULL, '9', '1', NULL, 'text;html=1;strokeColor=none;fillColor=none;align=center;verticalAlign=middle;whiteSpace=wrap;rounded=0;labelBackgroundColor=#ffffff00;', NULL, '采集期刊、论文数据', '1', 'ff808181725050fe017250b8d1f902c8');
INSERT INTO MX_CELL(ID, CRT_DTTM, CRT_USER, ENABLE_FLAG, LAST_UPDATE_DTTM, LAST_UPDATE_USER, VERSION, MX_EDGE, MX_PAGEID, MX_PARENT, MX_SOURCE, MX_STYLE, MX_TARGET, MX_VALUE, MX_VERTEX, FK_MX_GRAPH_ID) VALUES ('ff808181725050fe017250b8d1fa02cb', parsedatetime('26-05-2020 00:00:01.00', 'dd-MM-yyyy hh:mm:ss.SS'), 'admin', 1, parsedatetime('26-05-2020 00:00:01.00', 'dd-MM-yyyy hh:mm:ss.SS'), 'admin', 0, NULL, '4', '1', NULL, 'image;html=1;labelBackgroundColor=#ffffff00;image=/piflow-web/img/flow.png', NULL, 'f2', '1', 'ff808181725050fe017250b8d1f902c8');
INSERT INTO MX_CELL(ID, CRT_DTTM, CRT_USER, ENABLE_FLAG, LAST_UPDATE_DTTM, LAST_UPDATE_USER, VERSION, MX_EDGE, MX_PAGEID, MX_PARENT, MX_SOURCE, MX_STYLE, MX_TARGET, MX_VALUE, MX_VERTEX, FK_MX_GRAPH_ID) VALUES ('ff808181725050fe017250b8d1fa02cd', parsedatetime('26-05-2020 00:00:01.00', 'dd-MM-yyyy hh:mm:ss.SS'), 'admin', 1, parsedatetime('26-05-2020 00:00:01.00', 'dd-MM-yyyy hh:mm:ss.SS'), 'admin', 0, '1', '7', '1', '3', 'edgeStyle=entityRelationEdgeStyle;rounded=0;orthogonalLoop=1;jettySize=auto;html=1;', '6', NULL, NULL, 'ff808181725050fe017250b8d1f902c8');
INSERT INTO MX_CELL(ID, CRT_DTTM, CRT_USER, ENABLE_FLAG, LAST_UPDATE_DTTM, LAST_UPDATE_USER, VERSION, MX_EDGE, MX_PAGEID, MX_PARENT, MX_SOURCE, MX_STYLE, MX_TARGET, MX_VALUE, MX_VERTEX, FK_MX_GRAPH_ID) VALUES ('ff808181725050fe017250b8d1fa02cf', parsedatetime('26-05-2020 00:00:01.00', 'dd-MM-yyyy hh:mm:ss.SS'), 'admin', 1, parsedatetime('26-05-2020 00:00:01.00', 'dd-MM-yyyy hh:mm:ss.SS'), 'admin', 0, NULL, '10', '1', NULL, 'text;html=1;strokeColor=none;fillColor=none;align=center;verticalAlign=middle;whiteSpace=wrap;rounded=0;labelBackgroundColor=#ffffff00;', NULL, '采集人员信息', '1', 'ff808181725050fe017250b8d1f902c8');
INSERT INTO MX_CELL(ID, CRT_DTTM, CRT_USER, ENABLE_FLAG, LAST_UPDATE_DTTM, LAST_UPDATE_USER, VERSION, MX_EDGE, MX_PAGEID, MX_PARENT, MX_SOURCE, MX_STYLE, MX_TARGET, MX_VALUE, MX_VERTEX, FK_MX_GRAPH_ID) VALUES ('ff808181725050fe017250b8d1fa02d1', parsedatetime('26-05-2020 00:00:01.00', 'dd-MM-yyyy hh:mm:ss.SS'), 'admin', 1, parsedatetime('26-05-2020 00:00:01.00', 'dd-MM-yyyy hh:mm:ss.SS'), 'admin', 0, '1', '5', '1', '3', 'edgeStyle=entityRelationEdgeStyle;rounded=0;orthogonalLoop=1;jettySize=auto;html=1;', '4', NULL, NULL, 'ff808181725050fe017250b8d1f902c8');
INSERT INTO MX_CELL(ID, CRT_DTTM, CRT_USER, ENABLE_FLAG, LAST_UPDATE_DTTM, LAST_UPDATE_USER, VERSION, MX_EDGE, MX_PAGEID, MX_PARENT, MX_SOURCE, MX_STYLE, MX_TARGET, MX_VALUE, MX_VERTEX, FK_MX_GRAPH_ID) VALUES ('ff808181725050fe017250b8d1fa02d3', parsedatetime('26-05-2020 00:00:01.00', 'dd-MM-yyyy hh:mm:ss.SS'), 'admin', 1, parsedatetime('26-05-2020 00:00:01.00', 'dd-MM-yyyy hh:mm:ss.SS'), 'admin', 0, NULL, '8', '1', NULL, 'text;html=1;strokeColor=none;fillColor=none;align=center;verticalAlign=middle;whiteSpace=wrap;rounded=0;labelBackgroundColor=#ffffff00;', NULL, '备份表', '1', 'ff808181725050fe017250b8d1f902c8');
INSERT INTO MX_CELL(ID, CRT_DTTM, CRT_USER, ENABLE_FLAG, LAST_UPDATE_DTTM, LAST_UPDATE_USER, VERSION, MX_EDGE, MX_PAGEID, MX_PARENT, MX_SOURCE, MX_STYLE, MX_TARGET, MX_VALUE, MX_VERTEX, FK_MX_GRAPH_ID) VALUES ('ff808181725050fe017250b8d1fa02d5', parsedatetime('26-05-2020 00:00:01.00', 'dd-MM-yyyy hh:mm:ss.SS'), 'admin', 1, parsedatetime('26-05-2020 00:00:01.00', 'dd-MM-yyyy hh:mm:ss.SS'), 'admin', 0, NULL, '3', '1', NULL, 'image;html=1;labelBackgroundColor=#ffffff00;image=/piflow-web/img/flow.png', NULL, 'flow_backup', '1', 'ff808181725050fe017250b8d1f902c8');
INSERT INTO MX_CELL(ID, CRT_DTTM, CRT_USER, ENABLE_FLAG, LAST_UPDATE_DTTM, LAST_UPDATE_USER, VERSION, MX_EDGE, MX_PAGEID, MX_PARENT, MX_SOURCE, MX_STYLE, MX_TARGET, MX_VALUE, MX_VERTEX, FK_MX_GRAPH_ID) VALUES ('ff808181725050fe017250b8d1fa02d7', parsedatetime('26-05-2020 00:00:01.00', 'dd-MM-yyyy hh:mm:ss.SS'), 'admin', 1, parsedatetime('26-05-2020 00:00:01.00', 'dd-MM-yyyy hh:mm:ss.SS'), 'admin', 0, NULL, '6', '1', NULL, 'image;html=1;labelBackgroundColor=#ffffff00;image=/piflow-web/img/group.png', NULL, 'innerGroup', '1', 'ff808181725050fe017250b8d1f902c8');
INSERT INTO MX_CELL(ID, CRT_DTTM, CRT_USER, ENABLE_FLAG, LAST_UPDATE_DTTM, LAST_UPDATE_USER, VERSION, MX_EDGE, MX_PAGEID, MX_PARENT, MX_SOURCE, MX_STYLE, MX_TARGET, MX_VALUE, MX_VERTEX, FK_MX_GRAPH_ID) VALUES ('ff808181725050fe017250b8d1fa02d9', parsedatetime('26-05-2020 00:00:01.00', 'dd-MM-yyyy hh:mm:ss.SS'), 'admin', 1, parsedatetime('26-05-2020 00:00:01.00', 'dd-MM-yyyy hh:mm:ss.SS'), 'admin', 0, NULL, '0', NULL, NULL, NULL, NULL, NULL, NULL, 'ff808181725050fe017250b8d1f902c8');
INSERT INTO MX_CELL(ID, CRT_DTTM, CRT_USER, ENABLE_FLAG, LAST_UPDATE_DTTM, LAST_UPDATE_USER, VERSION, MX_EDGE, MX_PAGEID, MX_PARENT, MX_SOURCE, MX_STYLE, MX_TARGET, MX_VALUE, MX_VERTEX, FK_MX_GRAPH_ID) VALUES ('ff808181725050fe017250b8d1fa02da', parsedatetime('26-05-2020 00:00:01.00', 'dd-MM-yyyy hh:mm:ss.SS'), 'admin', 1, parsedatetime('26-05-2020 00:00:01.00', 'dd-MM-yyyy hh:mm:ss.SS'), 'admin', 0, NULL, '1', '0', NULL, NULL, NULL, NULL, NULL, 'ff808181725050fe017250b8d1f902c8');
INSERT INTO MX_CELL(ID, CRT_DTTM, CRT_USER, ENABLE_FLAG, LAST_UPDATE_DTTM, LAST_UPDATE_USER, VERSION, MX_EDGE, MX_PAGEID, MX_PARENT, MX_SOURCE, MX_STYLE, MX_TARGET, MX_VALUE, MX_VERTEX, FK_MX_GRAPH_ID) VALUES ('ff808181725050fe017250b8d1fa02e5', parsedatetime('26-05-2020 00:00:01.00', 'dd-MM-yyyy hh:mm:ss.SS'), 'admin', 1, parsedatetime('26-05-2020 00:00:01.00', 'dd-MM-yyyy hh:mm:ss.SS'), 'admin', 0, NULL, '0', NULL, NULL, NULL, NULL, NULL, NULL, 'ff808181725050fe017250b8d1fa02e4');
INSERT INTO MX_CELL(ID, CRT_DTTM, CRT_USER, ENABLE_FLAG, LAST_UPDATE_DTTM, LAST_UPDATE_USER, VERSION, MX_EDGE, MX_PAGEID, MX_PARENT, MX_SOURCE, MX_STYLE, MX_TARGET, MX_VALUE, MX_VERTEX, FK_MX_GRAPH_ID) VALUES ('ff808181725050fe017250b8d1fa02e6', parsedatetime('26-05-2020 00:00:01.00', 'dd-MM-yyyy hh:mm:ss.SS'), 'admin', 1, parsedatetime('26-05-2020 00:00:01.00', 'dd-MM-yyyy hh:mm:ss.SS'), 'admin', 0, NULL, '1', '0', NULL, NULL, NULL, NULL, NULL, 'ff808181725050fe017250b8d1fa02e4');
INSERT INTO MX_CELL(ID, CRT_DTTM, CRT_USER, ENABLE_FLAG, LAST_UPDATE_DTTM, LAST_UPDATE_USER, VERSION, MX_EDGE, MX_PAGEID, MX_PARENT, MX_SOURCE, MX_STYLE, MX_TARGET, MX_VALUE, MX_VERTEX, FK_MX_GRAPH_ID) VALUES ('ff808181725050fe017250b8d1fa02e7', parsedatetime('26-05-2020 00:00:01.00', 'dd-MM-yyyy hh:mm:ss.SS'), 'admin', 1, parsedatetime('26-05-2020 00:00:01.00', 'dd-MM-yyyy hh:mm:ss.SS'), 'admin', 0, '1', '8', '1', '5', 'edgeStyle=orthogonalEdgeStyle;rounded=0;orthogonalLoop=1;jettySize=auto;html=1;', '7', NULL, NULL, 'ff808181725050fe017250b8d1fa02e4');
INSERT INTO MX_CELL(ID, CRT_DTTM, CRT_USER, ENABLE_FLAG, LAST_UPDATE_DTTM, LAST_UPDATE_USER, VERSION, MX_EDGE, MX_PAGEID, MX_PARENT, MX_SOURCE, MX_STYLE, MX_TARGET, MX_VALUE, MX_VERTEX, FK_MX_GRAPH_ID) VALUES ('ff808181725050fe017250b8d1fa02e9', parsedatetime('26-05-2020 00:00:01.00', 'dd-MM-yyyy hh:mm:ss.SS'), 'admin', 1, parsedatetime('26-05-2020 00:00:01.00', 'dd-MM-yyyy hh:mm:ss.SS'), 'admin', 0, NULL, '7', '1', NULL, 'image;html=1;labelBackgroundColor=#ffffff00;image=/piflow-web/images/SelectField_128x128.png', NULL, 'SelectField', '1', 'ff808181725050fe017250b8d1fa02e4');
INSERT INTO MX_CELL(ID, CRT_DTTM, CRT_USER, ENABLE_FLAG, LAST_UPDATE_DTTM, LAST_UPDATE_USER, VERSION, MX_EDGE, MX_PAGEID, MX_PARENT, MX_SOURCE, MX_STYLE, MX_TARGET, MX_VALUE, MX_VERTEX, FK_MX_GRAPH_ID) VALUES ('ff808181725050fe017250b8d1fa02eb', parsedatetime('26-05-2020 00:00:01.00', 'dd-MM-yyyy hh:mm:ss.SS'), 'admin', 1, parsedatetime('26-05-2020 00:00:01.00', 'dd-MM-yyyy hh:mm:ss.SS'), 'admin', 0, NULL, '5', '1', NULL, 'image;html=1;labelBackgroundColor=#ffffff00;image=/piflow-web/images/MockData_128x128.png', NULL, 'MockData', '1', 'ff808181725050fe017250b8d1fa02e4');
INSERT INTO MX_CELL(ID, CRT_DTTM, CRT_USER, ENABLE_FLAG, LAST_UPDATE_DTTM, LAST_UPDATE_USER, VERSION, MX_EDGE, MX_PAGEID, MX_PARENT, MX_SOURCE, MX_STYLE, MX_TARGET, MX_VALUE, MX_VERTEX, FK_MX_GRAPH_ID) VALUES ('ff808181725050fe017250b8d1fb0308', parsedatetime('26-05-2020 00:00:01.00', 'dd-MM-yyyy hh:mm:ss.SS'), 'admin', 1, parsedatetime('26-05-2020 00:00:01.00', 'dd-MM-yyyy hh:mm:ss.SS'), 'admin', 0, NULL, '0', NULL, NULL, NULL, NULL, NULL, NULL, 'ff808181725050fe017250b8d1fb0307');
INSERT INTO MX_CELL(ID, CRT_DTTM, CRT_USER, ENABLE_FLAG, LAST_UPDATE_DTTM, LAST_UPDATE_USER, VERSION, MX_EDGE, MX_PAGEID, MX_PARENT, MX_SOURCE, MX_STYLE, MX_TARGET, MX_VALUE, MX_VERTEX, FK_MX_GRAPH_ID) VALUES ('ff808181725050fe017250b8d1fb0309', parsedatetime('26-05-2020 00:00:01.00', 'dd-MM-yyyy hh:mm:ss.SS'), 'admin', 1, parsedatetime('26-05-2020 00:00:01.00', 'dd-MM-yyyy hh:mm:ss.SS'), 'admin', 0, NULL, '1', '0', NULL, NULL, NULL, NULL, NULL, 'ff808181725050fe017250b8d1fb0307');
INSERT INTO MX_CELL(ID, CRT_DTTM, CRT_USER, ENABLE_FLAG, LAST_UPDATE_DTTM, LAST_UPDATE_USER, VERSION, MX_EDGE, MX_PAGEID, MX_PARENT, MX_SOURCE, MX_STYLE, MX_TARGET, MX_VALUE, MX_VERTEX, FK_MX_GRAPH_ID) VALUES ('ff808181725050fe017250b8d1fb030a', parsedatetime('26-05-2020 00:00:01.00', 'dd-MM-yyyy hh:mm:ss.SS'), 'admin', 1, parsedatetime('26-05-2020 00:00:01.00', 'dd-MM-yyyy hh:mm:ss.SS'), 'admin', 0, NULL, '27', '1', NULL, 'text;html=1;align=center;verticalAlign=middle;resizable=0;points=[];autosize=1;', NULL, '合流', '1', 'ff808181725050fe017250b8d1fb0307');
INSERT INTO MX_CELL(ID, CRT_DTTM, CRT_USER, ENABLE_FLAG, LAST_UPDATE_DTTM, LAST_UPDATE_USER, VERSION, MX_EDGE, MX_PAGEID, MX_PARENT, MX_SOURCE, MX_STYLE, MX_TARGET, MX_VALUE, MX_VERTEX, FK_MX_GRAPH_ID) VALUES ('ff808181725050fe017250b8d1fb030c', parsedatetime('26-05-2020 00:00:01.00', 'dd-MM-yyyy hh:mm:ss.SS'), 'admin', 1, parsedatetime('26-05-2020 00:00:01.00', 'dd-MM-yyyy hh:mm:ss.SS'), 'admin', 0, NULL, '13', '1', NULL, 'image;html=1;labelBackgroundColor=#ffffff00;image=/piflow-web/images/SelectField_128x128.png', NULL, 'SelectField', '1', 'ff808181725050fe017250b8d1fb0307');
INSERT INTO MX_CELL(ID, CRT_DTTM, CRT_USER, ENABLE_FLAG, LAST_UPDATE_DTTM, LAST_UPDATE_USER, VERSION, MX_EDGE, MX_PAGEID, MX_PARENT, MX_SOURCE, MX_STYLE, MX_TARGET, MX_VALUE, MX_VERTEX, FK_MX_GRAPH_ID) VALUES ('ff808181725050fe017250b8d1fb030e', parsedatetime('26-05-2020 00:00:01.00', 'dd-MM-yyyy hh:mm:ss.SS'), 'admin', 1, parsedatetime('26-05-2020 00:00:01.00', 'dd-MM-yyyy hh:mm:ss.SS'), 'admin', 0, '1', '42', '1', '18', 'edgeStyle=orthogonalEdgeStyle;rounded=0;orthogonalLoop=1;jettySize=auto;html=1;', '24', NULL, NULL, 'ff808181725050fe017250b8d1fb0307');
INSERT INTO MX_CELL(ID, CRT_DTTM, CRT_USER, ENABLE_FLAG, LAST_UPDATE_DTTM, LAST_UPDATE_USER, VERSION, MX_EDGE, MX_PAGEID, MX_PARENT, MX_SOURCE, MX_STYLE, MX_TARGET, MX_VALUE, MX_VERTEX, FK_MX_GRAPH_ID) VALUES ('ff808181725050fe017250b8d1fb0310', parsedatetime('26-05-2020 00:00:01.00', 'dd-MM-yyyy hh:mm:ss.SS'), 'admin', 1, parsedatetime('26-05-2020 00:00:01.00', 'dd-MM-yyyy hh:mm:ss.SS'), 'admin', 0, NULL, '15', '1', NULL, 'image;html=1;labelBackgroundColor=#ffffff00;image=/piflow-web/images/Merge_128x128.png', NULL, 'Merge', '1', 'ff808181725050fe017250b8d1fb0307');
INSERT INTO MX_CELL(ID, CRT_DTTM, CRT_USER, ENABLE_FLAG, LAST_UPDATE_DTTM, LAST_UPDATE_USER, VERSION, MX_EDGE, MX_PAGEID, MX_PARENT, MX_SOURCE, MX_STYLE, MX_TARGET, MX_VALUE, MX_VERTEX, FK_MX_GRAPH_ID) VALUES ('ff808181725050fe017250b8d1fb0312', parsedatetime('26-05-2020 00:00:01.00', 'dd-MM-yyyy hh:mm:ss.SS'), 'admin', 1, parsedatetime('26-05-2020 00:00:01.00', 'dd-MM-yyyy hh:mm:ss.SS'), 'admin', 0, '1', '38', '1', '4', 'edgeStyle=orthogonalEdgeStyle;rounded=0;orthogonalLoop=1;jettySize=auto;html=1;', '15', NULL, NULL, 'ff808181725050fe017250b8d1fb0307');
INSERT INTO MX_CELL(ID, CRT_DTTM, CRT_USER, ENABLE_FLAG, LAST_UPDATE_DTTM, LAST_UPDATE_USER, VERSION, MX_EDGE, MX_PAGEID, MX_PARENT, MX_SOURCE, MX_STYLE, MX_TARGET, MX_VALUE, MX_VERTEX, FK_MX_GRAPH_ID) VALUES ('ff808181725050fe017250b8d1fb0314', parsedatetime('26-05-2020 00:00:01.00', 'dd-MM-yyyy hh:mm:ss.SS'), 'admin', 1, parsedatetime('26-05-2020 00:00:01.00', 'dd-MM-yyyy hh:mm:ss.SS'), 'admin', 0, NULL, '18', '1', NULL, 'image;html=1;labelBackgroundColor=#ffffff00;image=/piflow-web/images/Fork_128x128.png', NULL, 'Fork', '1', 'ff808181725050fe017250b8d1fb0307');
INSERT INTO MX_CELL(ID, CRT_DTTM, CRT_USER, ENABLE_FLAG, LAST_UPDATE_DTTM, LAST_UPDATE_USER, VERSION, MX_EDGE, MX_PAGEID, MX_PARENT, MX_SOURCE, MX_STYLE, MX_TARGET, MX_VALUE, MX_VERTEX, FK_MX_GRAPH_ID) VALUES ('ff808181725050fe017250b8d1fb0316', parsedatetime('26-05-2020 00:00:01.00', 'dd-MM-yyyy hh:mm:ss.SS'), 'admin', 1, parsedatetime('26-05-2020 00:00:01.00', 'dd-MM-yyyy hh:mm:ss.SS'), 'admin', 0, '1', '41', '1', '18', 'edgeStyle=orthogonalEdgeStyle;rounded=0;orthogonalLoop=1;jettySize=auto;html=1;', '20', NULL, NULL, 'ff808181725050fe017250b8d1fb0307');
INSERT INTO MX_CELL(ID, CRT_DTTM, CRT_USER, ENABLE_FLAG, LAST_UPDATE_DTTM, LAST_UPDATE_USER, VERSION, MX_EDGE, MX_PAGEID, MX_PARENT, MX_SOURCE, MX_STYLE, MX_TARGET, MX_VALUE, MX_VERTEX, FK_MX_GRAPH_ID) VALUES ('ff808181725050fe017250b8d1fb0318', parsedatetime('26-05-2020 00:00:01.00', 'dd-MM-yyyy hh:mm:ss.SS'), 'admin', 1, parsedatetime('26-05-2020 00:00:01.00', 'dd-MM-yyyy hh:mm:ss.SS'), 'admin', 0, '1', '37', '1', '9', 'edgeStyle=orthogonalEdgeStyle;rounded=0;orthogonalLoop=1;jettySize=auto;html=1;', '13', NULL, NULL, 'ff808181725050fe017250b8d1fb0307');
INSERT INTO MX_CELL(ID, CRT_DTTM, CRT_USER, ENABLE_FLAG, LAST_UPDATE_DTTM, LAST_UPDATE_USER, VERSION, MX_EDGE, MX_PAGEID, MX_PARENT, MX_SOURCE, MX_STYLE, MX_TARGET, MX_VALUE, MX_VERTEX, FK_MX_GRAPH_ID) VALUES ('ff808181725050fe017250b8d1fb031a', parsedatetime('26-05-2020 00:00:01.00', 'dd-MM-yyyy hh:mm:ss.SS'), 'admin', 1, parsedatetime('26-05-2020 00:00:01.00', 'dd-MM-yyyy hh:mm:ss.SS'), 'admin', 0, NULL, '7', '1', NULL, 'text;html=1;align=center;verticalAlign=middle;resizable=0;points=[];autosize=1;', NULL, '模拟测试数据：<span style=\"font-size: 13.3333px\">title, author, age</span>', '1', 'ff808181725050fe017250b8d1fb0307');
INSERT INTO MX_CELL(ID, CRT_DTTM, CRT_USER, ENABLE_FLAG, LAST_UPDATE_DTTM, LAST_UPDATE_USER, VERSION, MX_EDGE, MX_PAGEID, MX_PARENT, MX_SOURCE, MX_STYLE, MX_TARGET, MX_VALUE, MX_VERTEX, FK_MX_GRAPH_ID) VALUES ('ff808181725050fe017250b8d1fb031c', parsedatetime('26-05-2020 00:00:01.00', 'dd-MM-yyyy hh:mm:ss.SS'), 'admin', 1, parsedatetime('26-05-2020 00:00:01.00', 'dd-MM-yyyy hh:mm:ss.SS'), 'admin', 0, NULL, '9', '1', NULL, 'image;html=1;labelBackgroundColor=#ffffff00;image=/piflow-web/images/MockData_128x128.png', NULL, 'MockData', '1', 'ff808181725050fe017250b8d1fb0307');
INSERT INTO MX_CELL(ID, CRT_DTTM, CRT_USER, ENABLE_FLAG, LAST_UPDATE_DTTM, LAST_UPDATE_USER, VERSION, MX_EDGE, MX_PAGEID, MX_PARENT, MX_SOURCE, MX_STYLE, MX_TARGET, MX_VALUE, MX_VERTEX, FK_MX_GRAPH_ID) VALUES ('ff808181725050fe017250b8d1fb031e', parsedatetime('26-05-2020 00:00:01.00', 'dd-MM-yyyy hh:mm:ss.SS'), 'admin', 1, parsedatetime('26-05-2020 00:00:01.00', 'dd-MM-yyyy hh:mm:ss.SS'), 'admin', 0, '1', '40', '1', '15', 'edgeStyle=orthogonalEdgeStyle;rounded=0;orthogonalLoop=1;jettySize=auto;html=1;', '18', NULL, NULL, 'ff808181725050fe017250b8d1fb0307');
INSERT INTO MX_CELL(ID, CRT_DTTM, CRT_USER, ENABLE_FLAG, LAST_UPDATE_DTTM, LAST_UPDATE_USER, VERSION, MX_EDGE, MX_PAGEID, MX_PARENT, MX_SOURCE, MX_STYLE, MX_TARGET, MX_VALUE, MX_VERTEX, FK_MX_GRAPH_ID) VALUES ('ff808181725050fe017250b8d1fb0320', parsedatetime('26-05-2020 00:00:01.00', 'dd-MM-yyyy hh:mm:ss.SS'), 'admin', 1, parsedatetime('26-05-2020 00:00:01.00', 'dd-MM-yyyy hh:mm:ss.SS'), 'admin', 0, '1', '43', '1', '18', 'edgeStyle=orthogonalEdgeStyle;rounded=0;orthogonalLoop=1;jettySize=auto;html=1;', '22', NULL, NULL, 'ff808181725050fe017250b8d1fb0307');
INSERT INTO MX_CELL(ID, CRT_DTTM, CRT_USER, ENABLE_FLAG, LAST_UPDATE_DTTM, LAST_UPDATE_USER, VERSION, MX_EDGE, MX_PAGEID, MX_PARENT, MX_SOURCE, MX_STYLE, MX_TARGET, MX_VALUE, MX_VERTEX, FK_MX_GRAPH_ID) VALUES ('ff808181725050fe017250b8d1fb0322', parsedatetime('26-05-2020 00:00:01.00', 'dd-MM-yyyy hh:mm:ss.SS'), 'admin', 1, parsedatetime('26-05-2020 00:00:01.00', 'dd-MM-yyyy hh:mm:ss.SS'), 'admin', 0, NULL, '20', '1', NULL, 'image;html=1;labelBackgroundColor=#ffffff00;image=/piflow-web/images/SelectField_128x128.png', NULL, 'SelectField', '1', 'ff808181725050fe017250b8d1fb0307');
INSERT INTO MX_CELL(ID, CRT_DTTM, CRT_USER, ENABLE_FLAG, LAST_UPDATE_DTTM, LAST_UPDATE_USER, VERSION, MX_EDGE, MX_PAGEID, MX_PARENT, MX_SOURCE, MX_STYLE, MX_TARGET, MX_VALUE, MX_VERTEX, FK_MX_GRAPH_ID) VALUES ('ff808181725050fe017250b8d1fb0324', parsedatetime('26-05-2020 00:00:01.00', 'dd-MM-yyyy hh:mm:ss.SS'), 'admin', 1, parsedatetime('26-05-2020 00:00:01.00', 'dd-MM-yyyy hh:mm:ss.SS'), 'admin', 0, '1', '39', '1', '13', 'edgeStyle=orthogonalEdgeStyle;rounded=0;orthogonalLoop=1;jettySize=auto;html=1;entryX=0.5;entryY=0;entryDx=0;entryDy=0;', '15', NULL, NULL, 'ff808181725050fe017250b8d1fb0307');
INSERT INTO MX_CELL(ID, CRT_DTTM, CRT_USER, ENABLE_FLAG, LAST_UPDATE_DTTM, LAST_UPDATE_USER, VERSION, MX_EDGE, MX_PAGEID, MX_PARENT, MX_SOURCE, MX_STYLE, MX_TARGET, MX_VALUE, MX_VERTEX, FK_MX_GRAPH_ID) VALUES ('ff808181725050fe017250b8d1fb0326', parsedatetime('26-05-2020 00:00:01.00', 'dd-MM-yyyy hh:mm:ss.SS'), 'admin', 1, parsedatetime('26-05-2020 00:00:01.00', 'dd-MM-yyyy hh:mm:ss.SS'), 'admin', 0, NULL, '24', '1', NULL, 'image;html=1;labelBackgroundColor=#ffffff00;image=/piflow-web/images/SelectField_128x128.png', NULL, 'SelectField', '1', 'ff808181725050fe017250b8d1fb0307');
INSERT INTO MX_CELL(ID, CRT_DTTM, CRT_USER, ENABLE_FLAG, LAST_UPDATE_DTTM, LAST_UPDATE_USER, VERSION, MX_EDGE, MX_PAGEID, MX_PARENT, MX_SOURCE, MX_STYLE, MX_TARGET, MX_VALUE, MX_VERTEX, FK_MX_GRAPH_ID) VALUES ('ff808181725050fe017250b8d1fb0328', parsedatetime('26-05-2020 00:00:01.00', 'dd-MM-yyyy hh:mm:ss.SS'), 'admin', 1, parsedatetime('26-05-2020 00:00:01.00', 'dd-MM-yyyy hh:mm:ss.SS'), 'admin', 0, NULL, '4', '1', NULL, 'image;html=1;labelBackgroundColor=#ffffff00;image=/piflow-web/images/MockData_128x128.png', NULL, 'MockData', '1', 'ff808181725050fe017250b8d1fb0307');
INSERT INTO MX_CELL(ID, CRT_DTTM, CRT_USER, ENABLE_FLAG, LAST_UPDATE_DTTM, LAST_UPDATE_USER, VERSION, MX_EDGE, MX_PAGEID, MX_PARENT, MX_SOURCE, MX_STYLE, MX_TARGET, MX_VALUE, MX_VERTEX, FK_MX_GRAPH_ID) VALUES ('ff808181725050fe017250b8d1fb032a', parsedatetime('26-05-2020 00:00:01.00', 'dd-MM-yyyy hh:mm:ss.SS'), 'admin', 1, parsedatetime('26-05-2020 00:00:01.00', 'dd-MM-yyyy hh:mm:ss.SS'), 'admin', 0, NULL, '28', '1', NULL, 'text;html=1;align=center;verticalAlign=middle;resizable=0;points=[];autosize=1;', NULL, '分流', '1', 'ff808181725050fe017250b8d1fb0307');
INSERT INTO MX_CELL(ID, CRT_DTTM, CRT_USER, ENABLE_FLAG, LAST_UPDATE_DTTM, LAST_UPDATE_USER, VERSION, MX_EDGE, MX_PAGEID, MX_PARENT, MX_SOURCE, MX_STYLE, MX_TARGET, MX_VALUE, MX_VERTEX, FK_MX_GRAPH_ID) VALUES ('ff808181725050fe017250b8d1fb032c', parsedatetime('26-05-2020 00:00:01.00', 'dd-MM-yyyy hh:mm:ss.SS'), 'admin', 1, parsedatetime('26-05-2020 00:00:01.00', 'dd-MM-yyyy hh:mm:ss.SS'), 'admin', 0, NULL, '22', '1', NULL, 'image;html=1;labelBackgroundColor=#ffffff00;image=/piflow-web/images/SelectField_128x128.png', NULL, 'SelectField', '1', 'ff808181725050fe017250b8d1fb0307');
INSERT INTO MX_CELL(ID, CRT_DTTM, CRT_USER, ENABLE_FLAG, LAST_UPDATE_DTTM, LAST_UPDATE_USER, VERSION, MX_EDGE, MX_PAGEID, MX_PARENT, MX_SOURCE, MX_STYLE, MX_TARGET, MX_VALUE, MX_VERTEX, FK_MX_GRAPH_ID) VALUES ('ff808181725050fe017250b8d1fb032e', parsedatetime('26-05-2020 00:00:01.00', 'dd-MM-yyyy hh:mm:ss.SS'), 'admin', 1, parsedatetime('26-05-2020 00:00:01.00', 'dd-MM-yyyy hh:mm:ss.SS'), 'admin', 0, NULL, '26', '1', NULL, 'text;html=1;align=center;verticalAlign=middle;resizable=0;points=[];autosize=1;', NULL, '选择数据：<span style=\"font-size: 13.3333px\">title, author, age</span>', '1', 'ff808181725050fe017250b8d1fb0307');
INSERT INTO MX_CELL(ID, CRT_DTTM, CRT_USER, ENABLE_FLAG, LAST_UPDATE_DTTM, LAST_UPDATE_USER, VERSION, MX_EDGE, MX_PAGEID, MX_PARENT, MX_SOURCE, MX_STYLE, MX_TARGET, MX_VALUE, MX_VERTEX, FK_MX_GRAPH_ID) VALUES ('ff808181725050fe017250b8d1fb0330', parsedatetime('26-05-2020 00:00:01.00', 'dd-MM-yyyy hh:mm:ss.SS'), 'admin', 1, parsedatetime('26-05-2020 00:00:01.00', 'dd-MM-yyyy hh:mm:ss.SS'), 'admin', 0, NULL, '12', '1', NULL, 'text;html=1;align=center;verticalAlign=middle;resizable=0;points=[];autosize=1;', NULL, '模拟生成数据：title, author, age, gender', '1', 'ff808181725050fe017250b8d1fb0307');
INSERT INTO MX_CELL(ID, CRT_DTTM, CRT_USER, ENABLE_FLAG, LAST_UPDATE_DTTM, LAST_UPDATE_USER, VERSION, MX_EDGE, MX_PAGEID, MX_PARENT, MX_SOURCE, MX_STYLE, MX_TARGET, MX_VALUE, MX_VERTEX, FK_MX_GRAPH_ID) VALUES ('ff808181725050fe017250b8d1fc0333', parsedatetime('26-05-2020 00:00:01.00', 'dd-MM-yyyy hh:mm:ss.SS'), 'admin', 1, parsedatetime('26-05-2020 00:00:01.00', 'dd-MM-yyyy hh:mm:ss.SS'), 'admin', 0, NULL, '4', '1', NULL, 'image;html=1;labelBackgroundColor=#ffffff00;image=/piflow-web/img/flow.png', NULL, 'person2Neo4j', '1', 'ff808181725050fe017250b8d1fc0332');
INSERT INTO MX_CELL(ID, CRT_DTTM, CRT_USER, ENABLE_FLAG, LAST_UPDATE_DTTM, LAST_UPDATE_USER, VERSION, MX_EDGE, MX_PAGEID, MX_PARENT, MX_SOURCE, MX_STYLE, MX_TARGET, MX_VALUE, MX_VERTEX, FK_MX_GRAPH_ID) VALUES ('ff808181725050fe017250b8d1fc0335', parsedatetime('26-05-2020 00:00:01.00', 'dd-MM-yyyy hh:mm:ss.SS'), 'admin', 1, parsedatetime('26-05-2020 00:00:01.00', 'dd-MM-yyyy hh:mm:ss.SS'), 'admin', 0, NULL, '3', '1', NULL, 'image;html=1;labelBackgroundColor=#ffffff00;image=/piflow-web/img/flow.png', NULL, 'product2Neo4j', '1', 'ff808181725050fe017250b8d1fc0332');
INSERT INTO MX_CELL(ID, CRT_DTTM, CRT_USER, ENABLE_FLAG, LAST_UPDATE_DTTM, LAST_UPDATE_USER, VERSION, MX_EDGE, MX_PAGEID, MX_PARENT, MX_SOURCE, MX_STYLE, MX_TARGET, MX_VALUE, MX_VERTEX, FK_MX_GRAPH_ID) VALUES ('ff808181725050fe017250b8d1fc0337', parsedatetime('26-05-2020 00:00:01.00', 'dd-MM-yyyy hh:mm:ss.SS'), 'admin', 1, parsedatetime('26-05-2020 00:00:01.00', 'dd-MM-yyyy hh:mm:ss.SS'), 'admin', 0, '1', '5', '1', '3', 'edgeStyle=orthogonalEdgeStyle;rounded=0;orthogonalLoop=1;jettySize=auto;html=1;', '4', NULL, NULL, 'ff808181725050fe017250b8d1fc0332');
INSERT INTO MX_CELL(ID, CRT_DTTM, CRT_USER, ENABLE_FLAG, LAST_UPDATE_DTTM, LAST_UPDATE_USER, VERSION, MX_EDGE, MX_PAGEID, MX_PARENT, MX_SOURCE, MX_STYLE, MX_TARGET, MX_VALUE, MX_VERTEX, FK_MX_GRAPH_ID) VALUES ('ff808181725050fe017250b8d1fc0339', parsedatetime('26-05-2020 00:00:01.00', 'dd-MM-yyyy hh:mm:ss.SS'), 'admin', 1, parsedatetime('26-05-2020 00:00:01.00', 'dd-MM-yyyy hh:mm:ss.SS'), 'admin', 0, NULL, '0', NULL, NULL, NULL, NULL, NULL, NULL, 'ff808181725050fe017250b8d1fc0332');
INSERT INTO MX_CELL(ID, CRT_DTTM, CRT_USER, ENABLE_FLAG, LAST_UPDATE_DTTM, LAST_UPDATE_USER, VERSION, MX_EDGE, MX_PAGEID, MX_PARENT, MX_SOURCE, MX_STYLE, MX_TARGET, MX_VALUE, MX_VERTEX, FK_MX_GRAPH_ID) VALUES ('ff808181725050fe017250b8d1fc033a', parsedatetime('26-05-2020 00:00:01.00', 'dd-MM-yyyy hh:mm:ss.SS'), 'admin', 1, parsedatetime('26-05-2020 00:00:01.00', 'dd-MM-yyyy hh:mm:ss.SS'), 'admin', 0, NULL, '1', '0', NULL, NULL, NULL, NULL, NULL, 'ff808181725050fe017250b8d1fc0332');
INSERT INTO MX_CELL(ID, CRT_DTTM, CRT_USER, ENABLE_FLAG, LAST_UPDATE_DTTM, LAST_UPDATE_USER, VERSION, MX_EDGE, MX_PAGEID, MX_PARENT, MX_SOURCE, MX_STYLE, MX_TARGET, MX_VALUE, MX_VERTEX, FK_MX_GRAPH_ID) VALUES ('ff808181725050fe017250b8d1fc035b', parsedatetime('26-05-2020 00:00:01.00', 'dd-MM-yyyy hh:mm:ss.SS'), 'admin', 1, parsedatetime('26-05-2020 00:00:01.00', 'dd-MM-yyyy hh:mm:ss.SS'), 'admin', 0, NULL, '0', NULL, NULL, NULL, NULL, NULL, NULL, 'ff808181725050fe017250b8d1fc035a');
INSERT INTO MX_CELL(ID, CRT_DTTM, CRT_USER, ENABLE_FLAG, LAST_UPDATE_DTTM, LAST_UPDATE_USER, VERSION, MX_EDGE, MX_PAGEID, MX_PARENT, MX_SOURCE, MX_STYLE, MX_TARGET, MX_VALUE, MX_VERTEX, FK_MX_GRAPH_ID) VALUES ('ff808181725050fe017250b8d1fc035c', parsedatetime('26-05-2020 00:00:01.00', 'dd-MM-yyyy hh:mm:ss.SS'), 'admin', 1, parsedatetime('26-05-2020 00:00:01.00', 'dd-MM-yyyy hh:mm:ss.SS'), 'admin', 0, NULL, '1', '0', NULL, NULL, NULL, NULL, NULL, 'ff808181725050fe017250b8d1fc035a');
INSERT INTO MX_CELL(ID, CRT_DTTM, CRT_USER, ENABLE_FLAG, LAST_UPDATE_DTTM, LAST_UPDATE_USER, VERSION, MX_EDGE, MX_PAGEID, MX_PARENT, MX_SOURCE, MX_STYLE, MX_TARGET, MX_VALUE, MX_VERTEX, FK_MX_GRAPH_ID) VALUES ('ff808181725050fe017250b8d1fc035d', parsedatetime('26-05-2020 00:00:01.00', 'dd-MM-yyyy hh:mm:ss.SS'), 'admin', 1, parsedatetime('26-05-2020 00:00:01.00', 'dd-MM-yyyy hh:mm:ss.SS'), 'admin', 0, NULL, '28', '1', NULL, 'text;html=1;align=center;verticalAlign=middle;resizable=0;points=[];autosize=1;', NULL, '合流', '1', 'ff808181725050fe017250b8d1fc035a');
INSERT INTO MX_CELL(ID, CRT_DTTM, CRT_USER, ENABLE_FLAG, LAST_UPDATE_DTTM, LAST_UPDATE_USER, VERSION, MX_EDGE, MX_PAGEID, MX_PARENT, MX_SOURCE, MX_STYLE, MX_TARGET, MX_VALUE, MX_VERTEX, FK_MX_GRAPH_ID) VALUES ('ff808181725050fe017250b8d1fc035f', parsedatetime('26-05-2020 00:00:01.00', 'dd-MM-yyyy hh:mm:ss.SS'), 'admin', 1, parsedatetime('26-05-2020 00:00:01.00', 'dd-MM-yyyy hh:mm:ss.SS'), 'admin', 0, NULL, '14', '1', NULL, 'image;html=1;labelBackgroundColor=#ffffff00;image=/piflow-web/images/SelectField_128x128.png', NULL, 'SelectField', '1', 'ff808181725050fe017250b8d1fc035a');
INSERT INTO MX_CELL(ID, CRT_DTTM, CRT_USER, ENABLE_FLAG, LAST_UPDATE_DTTM, LAST_UPDATE_USER, VERSION, MX_EDGE, MX_PAGEID, MX_PARENT, MX_SOURCE, MX_STYLE, MX_TARGET, MX_VALUE, MX_VERTEX, FK_MX_GRAPH_ID) VALUES ('ff808181725050fe017250b8d1fd0361', parsedatetime('26-05-2020 00:00:01.00', 'dd-MM-yyyy hh:mm:ss.SS'), 'admin', 1, parsedatetime('26-05-2020 00:00:01.00', 'dd-MM-yyyy hh:mm:ss.SS'), 'admin', 0, '1', '43', '1', '19', 'edgeStyle=orthogonalEdgeStyle;rounded=0;orthogonalLoop=1;jettySize=auto;html=1;', '25', NULL, NULL, 'ff808181725050fe017250b8d1fc035a');
INSERT INTO MX_CELL(ID, CRT_DTTM, CRT_USER, ENABLE_FLAG, LAST_UPDATE_DTTM, LAST_UPDATE_USER, VERSION, MX_EDGE, MX_PAGEID, MX_PARENT, MX_SOURCE, MX_STYLE, MX_TARGET, MX_VALUE, MX_VERTEX, FK_MX_GRAPH_ID) VALUES ('ff808181725050fe017250b8d1fd0363', parsedatetime('26-05-2020 00:00:01.00', 'dd-MM-yyyy hh:mm:ss.SS'), 'admin', 1, parsedatetime('26-05-2020 00:00:01.00', 'dd-MM-yyyy hh:mm:ss.SS'), 'admin', 0, NULL, '16', '1', NULL, 'image;html=1;labelBackgroundColor=#ffffff00;image=/piflow-web/images/Merge_128x128.png', NULL, 'Merge', '1', 'ff808181725050fe017250b8d1fc035a');
INSERT INTO MX_CELL(ID, CRT_DTTM, CRT_USER, ENABLE_FLAG, LAST_UPDATE_DTTM, LAST_UPDATE_USER, VERSION, MX_EDGE, MX_PAGEID, MX_PARENT, MX_SOURCE, MX_STYLE, MX_TARGET, MX_VALUE, MX_VERTEX, FK_MX_GRAPH_ID) VALUES ('ff808181725050fe017250b8d1fd0365', parsedatetime('26-05-2020 00:00:01.00', 'dd-MM-yyyy hh:mm:ss.SS'), 'admin', 1, parsedatetime('26-05-2020 00:00:01.00', 'dd-MM-yyyy hh:mm:ss.SS'), 'admin', 0, '1', '39', '1', '5', 'edgeStyle=orthogonalEdgeStyle;rounded=0;orthogonalLoop=1;jettySize=auto;html=1;', '16', NULL, NULL, 'ff808181725050fe017250b8d1fc035a');
INSERT INTO MX_CELL(ID, CRT_DTTM, CRT_USER, ENABLE_FLAG, LAST_UPDATE_DTTM, LAST_UPDATE_USER, VERSION, MX_EDGE, MX_PAGEID, MX_PARENT, MX_SOURCE, MX_STYLE, MX_TARGET, MX_VALUE, MX_VERTEX, FK_MX_GRAPH_ID) VALUES ('ff808181725050fe017250b8d1fd0367', parsedatetime('26-05-2020 00:00:01.00', 'dd-MM-yyyy hh:mm:ss.SS'), 'admin', 1, parsedatetime('26-05-2020 00:00:01.00', 'dd-MM-yyyy hh:mm:ss.SS'), 'admin', 0, NULL, '19', '1', NULL, 'image;html=1;labelBackgroundColor=#ffffff00;image=/piflow-web/images/Fork_128x128.png', NULL, 'Fork', '1', 'ff808181725050fe017250b8d1fc035a');
INSERT INTO MX_CELL(ID, CRT_DTTM, CRT_USER, ENABLE_FLAG, LAST_UPDATE_DTTM, LAST_UPDATE_USER, VERSION, MX_EDGE, MX_PAGEID, MX_PARENT, MX_SOURCE, MX_STYLE, MX_TARGET, MX_VALUE, MX_VERTEX, FK_MX_GRAPH_ID) VALUES ('ff808181725050fe017250b8d1fd0369', parsedatetime('26-05-2020 00:00:01.00', 'dd-MM-yyyy hh:mm:ss.SS'), 'admin', 1, parsedatetime('26-05-2020 00:00:01.00', 'dd-MM-yyyy hh:mm:ss.SS'), 'admin', 0, '1', '42', '1', '19', 'edgeStyle=orthogonalEdgeStyle;rounded=0;orthogonalLoop=1;jettySize=auto;html=1;', '21', NULL, NULL, 'ff808181725050fe017250b8d1fc035a');
INSERT INTO MX_CELL(ID, CRT_DTTM, CRT_USER, ENABLE_FLAG, LAST_UPDATE_DTTM, LAST_UPDATE_USER, VERSION, MX_EDGE, MX_PAGEID, MX_PARENT, MX_SOURCE, MX_STYLE, MX_TARGET, MX_VALUE, MX_VERTEX, FK_MX_GRAPH_ID) VALUES ('ff808181725050fe017250b8d1fd036b', parsedatetime('26-05-2020 00:00:01.00', 'dd-MM-yyyy hh:mm:ss.SS'), 'admin', 1, parsedatetime('26-05-2020 00:00:01.00', 'dd-MM-yyyy hh:mm:ss.SS'), 'admin', 0, '1', '38', '1', '10', 'edgeStyle=orthogonalEdgeStyle;rounded=0;orthogonalLoop=1;jettySize=auto;html=1;', '14', NULL, NULL, 'ff808181725050fe017250b8d1fc035a');
INSERT INTO MX_CELL(ID, CRT_DTTM, CRT_USER, ENABLE_FLAG, LAST_UPDATE_DTTM, LAST_UPDATE_USER, VERSION, MX_EDGE, MX_PAGEID, MX_PARENT, MX_SOURCE, MX_STYLE, MX_TARGET, MX_VALUE, MX_VERTEX, FK_MX_GRAPH_ID) VALUES ('ff808181725050fe017250b8d1fd036d', parsedatetime('26-05-2020 00:00:01.00', 'dd-MM-yyyy hh:mm:ss.SS'), 'admin', 1, parsedatetime('26-05-2020 00:00:01.00', 'dd-MM-yyyy hh:mm:ss.SS'), 'admin', 0, NULL, '8', '1', NULL, 'text;html=1;align=center;verticalAlign=middle;resizable=0;points=[];autosize=1;', NULL, '模拟测试数据：<span style=\"font-size: 13.3333px\">title, author, age</span>', '1', 'ff808181725050fe017250b8d1fc035a');
INSERT INTO MX_CELL(ID, CRT_DTTM, CRT_USER, ENABLE_FLAG, LAST_UPDATE_DTTM, LAST_UPDATE_USER, VERSION, MX_EDGE, MX_PAGEID, MX_PARENT, MX_SOURCE, MX_STYLE, MX_TARGET, MX_VALUE, MX_VERTEX, FK_MX_GRAPH_ID) VALUES ('ff808181725050fe017250b8d1fd036f', parsedatetime('26-05-2020 00:00:01.00', 'dd-MM-yyyy hh:mm:ss.SS'), 'admin', 1, parsedatetime('26-05-2020 00:00:01.00', 'dd-MM-yyyy hh:mm:ss.SS'), 'admin', 0, NULL, '10', '1', NULL, 'image;html=1;labelBackgroundColor=#ffffff00;image=/piflow-web/images/MockData_128x128.png', NULL, 'MockData7', '1', 'ff808181725050fe017250b8d1fc035a');
INSERT INTO MX_CELL(ID, CRT_DTTM, CRT_USER, ENABLE_FLAG, LAST_UPDATE_DTTM, LAST_UPDATE_USER, VERSION, MX_EDGE, MX_PAGEID, MX_PARENT, MX_SOURCE, MX_STYLE, MX_TARGET, MX_VALUE, MX_VERTEX, FK_MX_GRAPH_ID) VALUES ('ff808181725050fe017250b8d1fd0371', parsedatetime('26-05-2020 00:00:01.00', 'dd-MM-yyyy hh:mm:ss.SS'), 'admin', 1, parsedatetime('26-05-2020 00:00:01.00', 'dd-MM-yyyy hh:mm:ss.SS'), 'admin', 0, '1', '41', '1', '16', 'edgeStyle=orthogonalEdgeStyle;rounded=0;orthogonalLoop=1;jettySize=auto;html=1;', '19', NULL, NULL, 'ff808181725050fe017250b8d1fc035a');
INSERT INTO MX_CELL(ID, CRT_DTTM, CRT_USER, ENABLE_FLAG, LAST_UPDATE_DTTM, LAST_UPDATE_USER, VERSION, MX_EDGE, MX_PAGEID, MX_PARENT, MX_SOURCE, MX_STYLE, MX_TARGET, MX_VALUE, MX_VERTEX, FK_MX_GRAPH_ID) VALUES ('ff808181725050fe017250b8d1fd0373', parsedatetime('26-05-2020 00:00:01.00', 'dd-MM-yyyy hh:mm:ss.SS'), 'admin', 1, parsedatetime('26-05-2020 00:00:01.00', 'dd-MM-yyyy hh:mm:ss.SS'), 'admin', 0, '1', '44', '1', '19', 'edgeStyle=orthogonalEdgeStyle;rounded=0;orthogonalLoop=1;jettySize=auto;html=1;', '23', NULL, NULL, 'ff808181725050fe017250b8d1fc035a');
INSERT INTO MX_CELL(ID, CRT_DTTM, CRT_USER, ENABLE_FLAG, LAST_UPDATE_DTTM, LAST_UPDATE_USER, VERSION, MX_EDGE, MX_PAGEID, MX_PARENT, MX_SOURCE, MX_STYLE, MX_TARGET, MX_VALUE, MX_VERTEX, FK_MX_GRAPH_ID) VALUES ('ff808181725050fe017250b8d1fd0375', parsedatetime('26-05-2020 00:00:01.00', 'dd-MM-yyyy hh:mm:ss.SS'), 'admin', 1, parsedatetime('26-05-2020 00:00:01.00', 'dd-MM-yyyy hh:mm:ss.SS'), 'admin', 0, NULL, '21', '1', NULL, 'image;html=1;labelBackgroundColor=#ffffff00;image=/piflow-web/images/SelectField_128x128.png', NULL, 'SelectField18', '1', 'ff808181725050fe017250b8d1fc035a');
INSERT INTO MX_CELL(ID, CRT_DTTM, CRT_USER, ENABLE_FLAG, LAST_UPDATE_DTTM, LAST_UPDATE_USER, VERSION, MX_EDGE, MX_PAGEID, MX_PARENT, MX_SOURCE, MX_STYLE, MX_TARGET, MX_VALUE, MX_VERTEX, FK_MX_GRAPH_ID) VALUES ('ff808181725050fe017250b8d1fd0377', parsedatetime('26-05-2020 00:00:01.00', 'dd-MM-yyyy hh:mm:ss.SS'), 'admin', 1, parsedatetime('26-05-2020 00:00:01.00', 'dd-MM-yyyy hh:mm:ss.SS'), 'admin', 0, '1', '40', '1', '14', 'edgeStyle=orthogonalEdgeStyle;rounded=0;orthogonalLoop=1;jettySize=auto;html=1;entryX=0.5;entryY=0;entryDx=0;entryDy=0;', '16', NULL, NULL, 'ff808181725050fe017250b8d1fc035a');
INSERT INTO MX_CELL(ID, CRT_DTTM, CRT_USER, ENABLE_FLAG, LAST_UPDATE_DTTM, LAST_UPDATE_USER, VERSION, MX_EDGE, MX_PAGEID, MX_PARENT, MX_SOURCE, MX_STYLE, MX_TARGET, MX_VALUE, MX_VERTEX, FK_MX_GRAPH_ID) VALUES ('ff808181725050fe017250b8d1fd0379', parsedatetime('26-05-2020 00:00:01.00', 'dd-MM-yyyy hh:mm:ss.SS'), 'admin', 1, parsedatetime('26-05-2020 00:00:01.00', 'dd-MM-yyyy hh:mm:ss.SS'), 'admin', 0, NULL, '25', '1', NULL, 'image;html=1;labelBackgroundColor=#ffffff00;image=/piflow-web/images/SelectField_128x128.png', NULL, 'SelectField22', '1', 'ff808181725050fe017250b8d1fc035a');
INSERT INTO MX_CELL(ID, CRT_DTTM, CRT_USER, ENABLE_FLAG, LAST_UPDATE_DTTM, LAST_UPDATE_USER, VERSION, MX_EDGE, MX_PAGEID, MX_PARENT, MX_SOURCE, MX_STYLE, MX_TARGET, MX_VALUE, MX_VERTEX, FK_MX_GRAPH_ID) VALUES ('ff808181725050fe017250b8d1fd037b', parsedatetime('26-05-2020 00:00:01.00', 'dd-MM-yyyy hh:mm:ss.SS'), 'admin', 1, parsedatetime('26-05-2020 00:00:01.00', 'dd-MM-yyyy hh:mm:ss.SS'), 'admin', 0, NULL, '5', '1', NULL, 'image;html=1;labelBackgroundColor=#ffffff00;image=/piflow-web/images/MockData_128x128.png', NULL, 'MockData', '1', 'ff808181725050fe017250b8d1fc035a');
INSERT INTO MX_CELL(ID, CRT_DTTM, CRT_USER, ENABLE_FLAG, LAST_UPDATE_DTTM, LAST_UPDATE_USER, VERSION, MX_EDGE, MX_PAGEID, MX_PARENT, MX_SOURCE, MX_STYLE, MX_TARGET, MX_VALUE, MX_VERTEX, FK_MX_GRAPH_ID) VALUES ('ff808181725050fe017250b8d1fd037d', parsedatetime('26-05-2020 00:00:01.00', 'dd-MM-yyyy hh:mm:ss.SS'), 'admin', 1, parsedatetime('26-05-2020 00:00:01.00', 'dd-MM-yyyy hh:mm:ss.SS'), 'admin', 0, NULL, '29', '1', NULL, 'text;html=1;align=center;verticalAlign=middle;resizable=0;points=[];autosize=1;', NULL, '分流', '1', 'ff808181725050fe017250b8d1fc035a');
INSERT INTO MX_CELL(ID, CRT_DTTM, CRT_USER, ENABLE_FLAG, LAST_UPDATE_DTTM, LAST_UPDATE_USER, VERSION, MX_EDGE, MX_PAGEID, MX_PARENT, MX_SOURCE, MX_STYLE, MX_TARGET, MX_VALUE, MX_VERTEX, FK_MX_GRAPH_ID) VALUES ('ff808181725050fe017250b8d1fd037f', parsedatetime('26-05-2020 00:00:01.00', 'dd-MM-yyyy hh:mm:ss.SS'), 'admin', 1, parsedatetime('26-05-2020 00:00:01.00', 'dd-MM-yyyy hh:mm:ss.SS'), 'admin', 0, NULL, '23', '1', NULL, 'image;html=1;labelBackgroundColor=#ffffff00;image=/piflow-web/images/SelectField_128x128.png', NULL, 'SelectField20', '1', 'ff808181725050fe017250b8d1fc035a');
INSERT INTO MX_CELL(ID, CRT_DTTM, CRT_USER, ENABLE_FLAG, LAST_UPDATE_DTTM, LAST_UPDATE_USER, VERSION, MX_EDGE, MX_PAGEID, MX_PARENT, MX_SOURCE, MX_STYLE, MX_TARGET, MX_VALUE, MX_VERTEX, FK_MX_GRAPH_ID) VALUES ('ff808181725050fe017250b8d1fd0381', parsedatetime('26-05-2020 00:00:01.00', 'dd-MM-yyyy hh:mm:ss.SS'), 'admin', 1, parsedatetime('26-05-2020 00:00:01.00', 'dd-MM-yyyy hh:mm:ss.SS'), 'admin', 0, NULL, '27', '1', NULL, 'text;html=1;align=center;verticalAlign=middle;resizable=0;points=[];autosize=1;', NULL, '选择数据：<span style=\"font-size: 13.3333px\">title, author, age</span>', '1', 'ff808181725050fe017250b8d1fc035a');
INSERT INTO MX_CELL(ID, CRT_DTTM, CRT_USER, ENABLE_FLAG, LAST_UPDATE_DTTM, LAST_UPDATE_USER, VERSION, MX_EDGE, MX_PAGEID, MX_PARENT, MX_SOURCE, MX_STYLE, MX_TARGET, MX_VALUE, MX_VERTEX, FK_MX_GRAPH_ID) VALUES ('ff808181725050fe017250b8d1fd0383', parsedatetime('26-05-2020 00:00:01.00', 'dd-MM-yyyy hh:mm:ss.SS'), 'admin', 1, parsedatetime('26-05-2020 00:00:01.00', 'dd-MM-yyyy hh:mm:ss.SS'), 'admin', 0, NULL, '13', '1', NULL, 'text;html=1;align=center;verticalAlign=middle;resizable=0;points=[];autosize=1;', NULL, '模拟生成数据：title, author, age, gender', '1', 'ff808181725050fe017250b8d1fc035a');
INSERT INTO MX_CELL(ID, CRT_DTTM, CRT_USER, ENABLE_FLAG, LAST_UPDATE_DTTM, LAST_UPDATE_USER, VERSION, MX_EDGE, MX_PAGEID, MX_PARENT, MX_SOURCE, MX_STYLE, MX_TARGET, MX_VALUE, MX_VERTEX, FK_MX_GRAPH_ID) VALUES ('ff808181725050fe017250b8d1fe03a0', parsedatetime('26-05-2020 00:00:01.00', 'dd-MM-yyyy hh:mm:ss.SS'), 'admin', 1, parsedatetime('26-05-2020 00:00:01.00', 'dd-MM-yyyy hh:mm:ss.SS'), 'admin', 0, NULL, '0', NULL, NULL, NULL, NULL, NULL, NULL, 'ff808181725050fe017250b8d1fe039f');
INSERT INTO MX_CELL(ID, CRT_DTTM, CRT_USER, ENABLE_FLAG, LAST_UPDATE_DTTM, LAST_UPDATE_USER, VERSION, MX_EDGE, MX_PAGEID, MX_PARENT, MX_SOURCE, MX_STYLE, MX_TARGET, MX_VALUE, MX_VERTEX, FK_MX_GRAPH_ID) VALUES ('ff808181725050fe017250b8d1fe03a1', parsedatetime('26-05-2020 00:00:01.00', 'dd-MM-yyyy hh:mm:ss.SS'), 'admin', 1, parsedatetime('26-05-2020 00:00:01.00', 'dd-MM-yyyy hh:mm:ss.SS'), 'admin', 0, NULL, '1', '0', NULL, NULL, NULL, NULL, NULL, 'ff808181725050fe017250b8d1fe039f');
INSERT INTO MX_CELL(ID, CRT_DTTM, CRT_USER, ENABLE_FLAG, LAST_UPDATE_DTTM, LAST_UPDATE_USER, VERSION, MX_EDGE, MX_PAGEID, MX_PARENT, MX_SOURCE, MX_STYLE, MX_TARGET, MX_VALUE, MX_VERTEX, FK_MX_GRAPH_ID) VALUES ('ff808181725050fe017250b8d1fe03a2', parsedatetime('26-05-2020 00:00:01.00', 'dd-MM-yyyy hh:mm:ss.SS'), 'admin', 1, parsedatetime('26-05-2020 00:00:01.00', 'dd-MM-yyyy hh:mm:ss.SS'), 'admin', 0, NULL, '28', '1', NULL, 'text;html=1;align=center;verticalAlign=middle;resizable=0;points=[];autosize=1;', NULL, '合流', '1', 'ff808181725050fe017250b8d1fe039f');
INSERT INTO MX_CELL(ID, CRT_DTTM, CRT_USER, ENABLE_FLAG, LAST_UPDATE_DTTM, LAST_UPDATE_USER, VERSION, MX_EDGE, MX_PAGEID, MX_PARENT, MX_SOURCE, MX_STYLE, MX_TARGET, MX_VALUE, MX_VERTEX, FK_MX_GRAPH_ID) VALUES ('ff808181725050fe017250b8d1fe03a4', parsedatetime('26-05-2020 00:00:01.00', 'dd-MM-yyyy hh:mm:ss.SS'), 'admin', 1, parsedatetime('26-05-2020 00:00:01.00', 'dd-MM-yyyy hh:mm:ss.SS'), 'admin', 0, NULL, '14', '1', NULL, 'image;html=1;labelBackgroundColor=#ffffff00;image=/piflow-web/images/SelectField_128x128.png', NULL, 'SelectField', '1', 'ff808181725050fe017250b8d1fe039f');
INSERT INTO MX_CELL(ID, CRT_DTTM, CRT_USER, ENABLE_FLAG, LAST_UPDATE_DTTM, LAST_UPDATE_USER, VERSION, MX_EDGE, MX_PAGEID, MX_PARENT, MX_SOURCE, MX_STYLE, MX_TARGET, MX_VALUE, MX_VERTEX, FK_MX_GRAPH_ID) VALUES ('ff808181725050fe017250b8d1fe03a6', parsedatetime('26-05-2020 00:00:01.00', 'dd-MM-yyyy hh:mm:ss.SS'), 'admin', 1, parsedatetime('26-05-2020 00:00:01.00', 'dd-MM-yyyy hh:mm:ss.SS'), 'admin', 0, '1', '43', '1', '19', 'edgeStyle=orthogonalEdgeStyle;rounded=0;orthogonalLoop=1;jettySize=auto;html=1;', '25', NULL, NULL, 'ff808181725050fe017250b8d1fe039f');
INSERT INTO MX_CELL(ID, CRT_DTTM, CRT_USER, ENABLE_FLAG, LAST_UPDATE_DTTM, LAST_UPDATE_USER, VERSION, MX_EDGE, MX_PAGEID, MX_PARENT, MX_SOURCE, MX_STYLE, MX_TARGET, MX_VALUE, MX_VERTEX, FK_MX_GRAPH_ID) VALUES ('ff808181725050fe017250b8d1fe03a8', parsedatetime('26-05-2020 00:00:01.00', 'dd-MM-yyyy hh:mm:ss.SS'), 'admin', 1, parsedatetime('26-05-2020 00:00:01.00', 'dd-MM-yyyy hh:mm:ss.SS'), 'admin', 0, NULL, '16', '1', NULL, 'image;html=1;labelBackgroundColor=#ffffff00;image=/piflow-web/images/Merge_128x128.png', NULL, 'Merge', '1', 'ff808181725050fe017250b8d1fe039f');
INSERT INTO MX_CELL(ID, CRT_DTTM, CRT_USER, ENABLE_FLAG, LAST_UPDATE_DTTM, LAST_UPDATE_USER, VERSION, MX_EDGE, MX_PAGEID, MX_PARENT, MX_SOURCE, MX_STYLE, MX_TARGET, MX_VALUE, MX_VERTEX, FK_MX_GRAPH_ID) VALUES ('ff808181725050fe017250b8d1fe03aa', parsedatetime('26-05-2020 00:00:01.00', 'dd-MM-yyyy hh:mm:ss.SS'), 'admin', 1, parsedatetime('26-05-2020 00:00:01.00', 'dd-MM-yyyy hh:mm:ss.SS'), 'admin', 0, '1', '39', '1', '5', 'edgeStyle=orthogonalEdgeStyle;rounded=0;orthogonalLoop=1;jettySize=auto;html=1;', '16', NULL, NULL, 'ff808181725050fe017250b8d1fe039f');
INSERT INTO MX_CELL(ID, CRT_DTTM, CRT_USER, ENABLE_FLAG, LAST_UPDATE_DTTM, LAST_UPDATE_USER, VERSION, MX_EDGE, MX_PAGEID, MX_PARENT, MX_SOURCE, MX_STYLE, MX_TARGET, MX_VALUE, MX_VERTEX, FK_MX_GRAPH_ID) VALUES ('ff808181725050fe017250b8d1fe03ac', parsedatetime('26-05-2020 00:00:01.00', 'dd-MM-yyyy hh:mm:ss.SS'), 'admin', 1, parsedatetime('26-05-2020 00:00:01.00', 'dd-MM-yyyy hh:mm:ss.SS'), 'admin', 0, NULL, '19', '1', NULL, 'image;html=1;labelBackgroundColor=#ffffff00;image=/piflow-web/images/Fork_128x128.png', NULL, 'Fork', '1', 'ff808181725050fe017250b8d1fe039f');
INSERT INTO MX_CELL(ID, CRT_DTTM, CRT_USER, ENABLE_FLAG, LAST_UPDATE_DTTM, LAST_UPDATE_USER, VERSION, MX_EDGE, MX_PAGEID, MX_PARENT, MX_SOURCE, MX_STYLE, MX_TARGET, MX_VALUE, MX_VERTEX, FK_MX_GRAPH_ID) VALUES ('ff808181725050fe017250b8d1fe03ae', parsedatetime('26-05-2020 00:00:01.00', 'dd-MM-yyyy hh:mm:ss.SS'), 'admin', 1, parsedatetime('26-05-2020 00:00:01.00', 'dd-MM-yyyy hh:mm:ss.SS'), 'admin', 0, '1', '42', '1', '19', 'edgeStyle=orthogonalEdgeStyle;rounded=0;orthogonalLoop=1;jettySize=auto;html=1;', '21', NULL, NULL, 'ff808181725050fe017250b8d1fe039f');
INSERT INTO MX_CELL(ID, CRT_DTTM, CRT_USER, ENABLE_FLAG, LAST_UPDATE_DTTM, LAST_UPDATE_USER, VERSION, MX_EDGE, MX_PAGEID, MX_PARENT, MX_SOURCE, MX_STYLE, MX_TARGET, MX_VALUE, MX_VERTEX, FK_MX_GRAPH_ID) VALUES ('ff808181725050fe017250b8d1fe03b0', parsedatetime('26-05-2020 00:00:01.00', 'dd-MM-yyyy hh:mm:ss.SS'), 'admin', 1, parsedatetime('26-05-2020 00:00:01.00', 'dd-MM-yyyy hh:mm:ss.SS'), 'admin', 0, '1', '38', '1', '10', 'edgeStyle=orthogonalEdgeStyle;rounded=0;orthogonalLoop=1;jettySize=auto;html=1;', '14', NULL, NULL, 'ff808181725050fe017250b8d1fe039f');
INSERT INTO MX_CELL(ID, CRT_DTTM, CRT_USER, ENABLE_FLAG, LAST_UPDATE_DTTM, LAST_UPDATE_USER, VERSION, MX_EDGE, MX_PAGEID, MX_PARENT, MX_SOURCE, MX_STYLE, MX_TARGET, MX_VALUE, MX_VERTEX, FK_MX_GRAPH_ID) VALUES ('ff808181725050fe017250b8d1fe03b2', parsedatetime('26-05-2020 00:00:01.00', 'dd-MM-yyyy hh:mm:ss.SS'), 'admin', 1, parsedatetime('26-05-2020 00:00:01.00', 'dd-MM-yyyy hh:mm:ss.SS'), 'admin', 0, NULL, '8', '1', NULL, 'text;html=1;align=center;verticalAlign=middle;resizable=0;points=[];autosize=1;', NULL, '模拟测试数据：<span style=\"font-size: 13.3333px\">title, author, age</span>', '1', 'ff808181725050fe017250b8d1fe039f');
INSERT INTO MX_CELL(ID, CRT_DTTM, CRT_USER, ENABLE_FLAG, LAST_UPDATE_DTTM, LAST_UPDATE_USER, VERSION, MX_EDGE, MX_PAGEID, MX_PARENT, MX_SOURCE, MX_STYLE, MX_TARGET, MX_VALUE, MX_VERTEX, FK_MX_GRAPH_ID) VALUES ('ff808181725050fe017250b8d1fe03b4', parsedatetime('26-05-2020 00:00:01.00', 'dd-MM-yyyy hh:mm:ss.SS'), 'admin', 1, parsedatetime('26-05-2020 00:00:01.00', 'dd-MM-yyyy hh:mm:ss.SS'), 'admin', 0, NULL, '10', '1', NULL, 'image;html=1;labelBackgroundColor=#ffffff00;image=/piflow-web/images/MockData_128x128.png', NULL, 'MockData7', '1', 'ff808181725050fe017250b8d1fe039f');
INSERT INTO MX_CELL(ID, CRT_DTTM, CRT_USER, ENABLE_FLAG, LAST_UPDATE_DTTM, LAST_UPDATE_USER, VERSION, MX_EDGE, MX_PAGEID, MX_PARENT, MX_SOURCE, MX_STYLE, MX_TARGET, MX_VALUE, MX_VERTEX, FK_MX_GRAPH_ID) VALUES ('ff808181725050fe017250b8d1fe03b6', parsedatetime('26-05-2020 00:00:01.00', 'dd-MM-yyyy hh:mm:ss.SS'), 'admin', 1, parsedatetime('26-05-2020 00:00:01.00', 'dd-MM-yyyy hh:mm:ss.SS'), 'admin', 0, '1', '41', '1', '16', 'edgeStyle=orthogonalEdgeStyle;rounded=0;orthogonalLoop=1;jettySize=auto;html=1;', '19', NULL, NULL, 'ff808181725050fe017250b8d1fe039f');
INSERT INTO MX_CELL(ID, CRT_DTTM, CRT_USER, ENABLE_FLAG, LAST_UPDATE_DTTM, LAST_UPDATE_USER, VERSION, MX_EDGE, MX_PAGEID, MX_PARENT, MX_SOURCE, MX_STYLE, MX_TARGET, MX_VALUE, MX_VERTEX, FK_MX_GRAPH_ID) VALUES ('ff808181725050fe017250b8d1fe03b8', parsedatetime('26-05-2020 00:00:01.00', 'dd-MM-yyyy hh:mm:ss.SS'), 'admin', 1, parsedatetime('26-05-2020 00:00:01.00', 'dd-MM-yyyy hh:mm:ss.SS'), 'admin', 0, '1', '44', '1', '19', 'edgeStyle=orthogonalEdgeStyle;rounded=0;orthogonalLoop=1;jettySize=auto;html=1;', '23', NULL, NULL, 'ff808181725050fe017250b8d1fe039f');
INSERT INTO MX_CELL(ID, CRT_DTTM, CRT_USER, ENABLE_FLAG, LAST_UPDATE_DTTM, LAST_UPDATE_USER, VERSION, MX_EDGE, MX_PAGEID, MX_PARENT, MX_SOURCE, MX_STYLE, MX_TARGET, MX_VALUE, MX_VERTEX, FK_MX_GRAPH_ID) VALUES ('ff808181725050fe017250b8d1fe03ba', parsedatetime('26-05-2020 00:00:01.00', 'dd-MM-yyyy hh:mm:ss.SS'), 'admin', 1, parsedatetime('26-05-2020 00:00:01.00', 'dd-MM-yyyy hh:mm:ss.SS'), 'admin', 0, NULL, '21', '1', NULL, 'image;html=1;labelBackgroundColor=#ffffff00;image=/piflow-web/images/SelectField_128x128.png', NULL, 'SelectField18', '1', 'ff808181725050fe017250b8d1fe039f');
INSERT INTO MX_CELL(ID, CRT_DTTM, CRT_USER, ENABLE_FLAG, LAST_UPDATE_DTTM, LAST_UPDATE_USER, VERSION, MX_EDGE, MX_PAGEID, MX_PARENT, MX_SOURCE, MX_STYLE, MX_TARGET, MX_VALUE, MX_VERTEX, FK_MX_GRAPH_ID) VALUES ('ff808181725050fe017250b8d1fe03bc', parsedatetime('26-05-2020 00:00:01.00', 'dd-MM-yyyy hh:mm:ss.SS'), 'admin', 1, parsedatetime('26-05-2020 00:00:01.00', 'dd-MM-yyyy hh:mm:ss.SS'), 'admin', 0, '1', '40', '1', '14', 'edgeStyle=orthogonalEdgeStyle;rounded=0;orthogonalLoop=1;jettySize=auto;html=1;entryX=0.5;entryY=0;entryDx=0;entryDy=0;', '16', NULL, NULL, 'ff808181725050fe017250b8d1fe039f');
INSERT INTO MX_CELL(ID, CRT_DTTM, CRT_USER, ENABLE_FLAG, LAST_UPDATE_DTTM, LAST_UPDATE_USER, VERSION, MX_EDGE, MX_PAGEID, MX_PARENT, MX_SOURCE, MX_STYLE, MX_TARGET, MX_VALUE, MX_VERTEX, FK_MX_GRAPH_ID) VALUES ('ff808181725050fe017250b8d1fe03be', parsedatetime('26-05-2020 00:00:01.00', 'dd-MM-yyyy hh:mm:ss.SS'), 'admin', 1, parsedatetime('26-05-2020 00:00:01.00', 'dd-MM-yyyy hh:mm:ss.SS'), 'admin', 0, NULL, '25', '1', NULL, 'image;html=1;labelBackgroundColor=#ffffff00;image=/piflow-web/images/SelectField_128x128.png', NULL, 'SelectField22', '1', 'ff808181725050fe017250b8d1fe039f');
INSERT INTO MX_CELL(ID, CRT_DTTM, CRT_USER, ENABLE_FLAG, LAST_UPDATE_DTTM, LAST_UPDATE_USER, VERSION, MX_EDGE, MX_PAGEID, MX_PARENT, MX_SOURCE, MX_STYLE, MX_TARGET, MX_VALUE, MX_VERTEX, FK_MX_GRAPH_ID) VALUES ('ff808181725050fe017250b8d1fe03c0', parsedatetime('26-05-2020 00:00:01.00', 'dd-MM-yyyy hh:mm:ss.SS'), 'admin', 1, parsedatetime('26-05-2020 00:00:01.00', 'dd-MM-yyyy hh:mm:ss.SS'), 'admin', 0, NULL, '5', '1', NULL, 'image;html=1;labelBackgroundColor=#ffffff00;image=/piflow-web/images/MockData_128x128.png', NULL, 'MockData', '1', 'ff808181725050fe017250b8d1fe039f');
INSERT INTO MX_CELL(ID, CRT_DTTM, CRT_USER, ENABLE_FLAG, LAST_UPDATE_DTTM, LAST_UPDATE_USER, VERSION, MX_EDGE, MX_PAGEID, MX_PARENT, MX_SOURCE, MX_STYLE, MX_TARGET, MX_VALUE, MX_VERTEX, FK_MX_GRAPH_ID) VALUES ('ff808181725050fe017250b8d1fe03c2', parsedatetime('26-05-2020 00:00:01.00', 'dd-MM-yyyy hh:mm:ss.SS'), 'admin', 1, parsedatetime('26-05-2020 00:00:01.00', 'dd-MM-yyyy hh:mm:ss.SS'), 'admin', 0, NULL, '29', '1', NULL, 'text;html=1;align=center;verticalAlign=middle;resizable=0;points=[];autosize=1;', NULL, '分流', '1', 'ff808181725050fe017250b8d1fe039f');
INSERT INTO MX_CELL(ID, CRT_DTTM, CRT_USER, ENABLE_FLAG, LAST_UPDATE_DTTM, LAST_UPDATE_USER, VERSION, MX_EDGE, MX_PAGEID, MX_PARENT, MX_SOURCE, MX_STYLE, MX_TARGET, MX_VALUE, MX_VERTEX, FK_MX_GRAPH_ID) VALUES ('ff808181725050fe017250b8d1fe03c4', parsedatetime('26-05-2020 00:00:01.00', 'dd-MM-yyyy hh:mm:ss.SS'), 'admin', 1, parsedatetime('26-05-2020 00:00:01.00', 'dd-MM-yyyy hh:mm:ss.SS'), 'admin', 0, NULL, '23', '1', NULL, 'image;html=1;labelBackgroundColor=#ffffff00;image=/piflow-web/images/SelectField_128x128.png', NULL, 'SelectField20', '1', 'ff808181725050fe017250b8d1fe039f');
INSERT INTO MX_CELL(ID, CRT_DTTM, CRT_USER, ENABLE_FLAG, LAST_UPDATE_DTTM, LAST_UPDATE_USER, VERSION, MX_EDGE, MX_PAGEID, MX_PARENT, MX_SOURCE, MX_STYLE, MX_TARGET, MX_VALUE, MX_VERTEX, FK_MX_GRAPH_ID) VALUES ('ff808181725050fe017250b8d1fe03c6', parsedatetime('26-05-2020 00:00:01.00', 'dd-MM-yyyy hh:mm:ss.SS'), 'admin', 1, parsedatetime('26-05-2020 00:00:01.00', 'dd-MM-yyyy hh:mm:ss.SS'), 'admin', 0, NULL, '27', '1', NULL, 'text;html=1;align=center;verticalAlign=middle;resizable=0;points=[];autosize=1;', NULL, '选择数据：<span style=\"font-size: 13.3333px\">title, author, age</span>', '1', 'ff808181725050fe017250b8d1fe039f');
INSERT INTO MX_CELL(ID, CRT_DTTM, CRT_USER, ENABLE_FLAG, LAST_UPDATE_DTTM, LAST_UPDATE_USER, VERSION, MX_EDGE, MX_PAGEID, MX_PARENT, MX_SOURCE, MX_STYLE, MX_TARGET, MX_VALUE, MX_VERTEX, FK_MX_GRAPH_ID) VALUES ('ff808181725050fe017250b8d1ff03c8', parsedatetime('26-05-2020 00:00:01.00', 'dd-MM-yyyy hh:mm:ss.SS'), 'admin', 1, parsedatetime('26-05-2020 00:00:01.00', 'dd-MM-yyyy hh:mm:ss.SS'), 'admin', 0, NULL, '13', '1', NULL, 'text;html=1;align=center;verticalAlign=middle;resizable=0;points=[];autosize=1;', NULL, '模拟生成数据：title, author, age, gender', '1', 'ff808181725050fe017250b8d1fe039f');
INSERT INTO MX_CELL(ID, CRT_DTTM, CRT_USER, ENABLE_FLAG, LAST_UPDATE_DTTM, LAST_UPDATE_USER, VERSION, MX_EDGE, MX_PAGEID, MX_PARENT, MX_SOURCE, MX_STYLE, MX_TARGET, MX_VALUE, MX_VERTEX, FK_MX_GRAPH_ID) VALUES ('ff808181725050fe017250b8d1ff03e5', parsedatetime('26-05-2020 00:00:01.00', 'dd-MM-yyyy hh:mm:ss.SS'), 'admin', 1, parsedatetime('26-05-2020 00:00:01.00', 'dd-MM-yyyy hh:mm:ss.SS'), 'admin', 0, NULL, '0', NULL, NULL, NULL, NULL, NULL, NULL, 'ff808181725050fe017250b8d1ff03e4');
INSERT INTO MX_CELL(ID, CRT_DTTM, CRT_USER, ENABLE_FLAG, LAST_UPDATE_DTTM, LAST_UPDATE_USER, VERSION, MX_EDGE, MX_PAGEID, MX_PARENT, MX_SOURCE, MX_STYLE, MX_TARGET, MX_VALUE, MX_VERTEX, FK_MX_GRAPH_ID) VALUES ('ff808181725050fe017250b8d1ff03e6', parsedatetime('26-05-2020 00:00:01.00', 'dd-MM-yyyy hh:mm:ss.SS'), 'admin', 1, parsedatetime('26-05-2020 00:00:01.00', 'dd-MM-yyyy hh:mm:ss.SS'), 'admin', 0, NULL, '1', '0', NULL, NULL, NULL, NULL, NULL, 'ff808181725050fe017250b8d1ff03e4');
INSERT INTO MX_CELL(ID, CRT_DTTM, CRT_USER, ENABLE_FLAG, LAST_UPDATE_DTTM, LAST_UPDATE_USER, VERSION, MX_EDGE, MX_PAGEID, MX_PARENT, MX_SOURCE, MX_STYLE, MX_TARGET, MX_VALUE, MX_VERTEX, FK_MX_GRAPH_ID) VALUES ('ff808181725050fe017250b8d1ff03e7', parsedatetime('26-05-2020 00:00:01.00', 'dd-MM-yyyy hh:mm:ss.SS'), 'admin', 1, parsedatetime('26-05-2020 00:00:01.00', 'dd-MM-yyyy hh:mm:ss.SS'), 'admin', 0, NULL, '28', '1', NULL, 'text;html=1;align=center;verticalAlign=middle;resizable=0;points=[];autosize=1;', NULL, '合流', '1', 'ff808181725050fe017250b8d1ff03e4');
INSERT INTO MX_CELL(ID, CRT_DTTM, CRT_USER, ENABLE_FLAG, LAST_UPDATE_DTTM, LAST_UPDATE_USER, VERSION, MX_EDGE, MX_PAGEID, MX_PARENT, MX_SOURCE, MX_STYLE, MX_TARGET, MX_VALUE, MX_VERTEX, FK_MX_GRAPH_ID) VALUES ('ff808181725050fe017250b8d1ff03e9', parsedatetime('26-05-2020 00:00:01.00', 'dd-MM-yyyy hh:mm:ss.SS'), 'admin', 1, parsedatetime('26-05-2020 00:00:01.00', 'dd-MM-yyyy hh:mm:ss.SS'), 'admin', 0, NULL, '14', '1', NULL, 'image;html=1;labelBackgroundColor=#ffffff00;image=/piflow-web/images/SelectField_128x128.png', NULL, 'SelectField', '1', 'ff808181725050fe017250b8d1ff03e4');
INSERT INTO MX_CELL(ID, CRT_DTTM, CRT_USER, ENABLE_FLAG, LAST_UPDATE_DTTM, LAST_UPDATE_USER, VERSION, MX_EDGE, MX_PAGEID, MX_PARENT, MX_SOURCE, MX_STYLE, MX_TARGET, MX_VALUE, MX_VERTEX, FK_MX_GRAPH_ID) VALUES ('ff808181725050fe017250b8d1ff03eb', parsedatetime('26-05-2020 00:00:01.00', 'dd-MM-yyyy hh:mm:ss.SS'), 'admin', 1, parsedatetime('26-05-2020 00:00:01.00', 'dd-MM-yyyy hh:mm:ss.SS'), 'admin', 0, '1', '43', '1', '19', 'edgeStyle=orthogonalEdgeStyle;rounded=0;orthogonalLoop=1;jettySize=auto;html=1;', '25', NULL, NULL, 'ff808181725050fe017250b8d1ff03e4');
INSERT INTO MX_CELL(ID, CRT_DTTM, CRT_USER, ENABLE_FLAG, LAST_UPDATE_DTTM, LAST_UPDATE_USER, VERSION, MX_EDGE, MX_PAGEID, MX_PARENT, MX_SOURCE, MX_STYLE, MX_TARGET, MX_VALUE, MX_VERTEX, FK_MX_GRAPH_ID) VALUES ('ff808181725050fe017250b8d1ff03ed', parsedatetime('26-05-2020 00:00:01.00', 'dd-MM-yyyy hh:mm:ss.SS'), 'admin', 1, parsedatetime('26-05-2020 00:00:01.00', 'dd-MM-yyyy hh:mm:ss.SS'), 'admin', 0, NULL, '16', '1', NULL, 'image;html=1;labelBackgroundColor=#ffffff00;image=/piflow-web/images/Merge_128x128.png', NULL, 'Merge', '1', 'ff808181725050fe017250b8d1ff03e4');
INSERT INTO MX_CELL(ID, CRT_DTTM, CRT_USER, ENABLE_FLAG, LAST_UPDATE_DTTM, LAST_UPDATE_USER, VERSION, MX_EDGE, MX_PAGEID, MX_PARENT, MX_SOURCE, MX_STYLE, MX_TARGET, MX_VALUE, MX_VERTEX, FK_MX_GRAPH_ID) VALUES ('ff808181725050fe017250b8d1ff03ef', parsedatetime('26-05-2020 00:00:01.00', 'dd-MM-yyyy hh:mm:ss.SS'), 'admin', 1, parsedatetime('26-05-2020 00:00:01.00', 'dd-MM-yyyy hh:mm:ss.SS'), 'admin', 0, '1', '39', '1', '5', 'edgeStyle=orthogonalEdgeStyle;rounded=0;orthogonalLoop=1;jettySize=auto;html=1;', '16', NULL, NULL, 'ff808181725050fe017250b8d1ff03e4');
INSERT INTO MX_CELL(ID, CRT_DTTM, CRT_USER, ENABLE_FLAG, LAST_UPDATE_DTTM, LAST_UPDATE_USER, VERSION, MX_EDGE, MX_PAGEID, MX_PARENT, MX_SOURCE, MX_STYLE, MX_TARGET, MX_VALUE, MX_VERTEX, FK_MX_GRAPH_ID) VALUES ('ff808181725050fe017250b8d1ff03f1', parsedatetime('26-05-2020 00:00:01.00', 'dd-MM-yyyy hh:mm:ss.SS'), 'admin', 1, parsedatetime('26-05-2020 00:00:01.00', 'dd-MM-yyyy hh:mm:ss.SS'), 'admin', 0, NULL, '19', '1', NULL, 'image;html=1;labelBackgroundColor=#ffffff00;image=/piflow-web/images/Fork_128x128.png', NULL, 'Fork', '1', 'ff808181725050fe017250b8d1ff03e4');
INSERT INTO MX_CELL(ID, CRT_DTTM, CRT_USER, ENABLE_FLAG, LAST_UPDATE_DTTM, LAST_UPDATE_USER, VERSION, MX_EDGE, MX_PAGEID, MX_PARENT, MX_SOURCE, MX_STYLE, MX_TARGET, MX_VALUE, MX_VERTEX, FK_MX_GRAPH_ID) VALUES ('ff808181725050fe017250b8d1ff03f3', parsedatetime('26-05-2020 00:00:01.00', 'dd-MM-yyyy hh:mm:ss.SS'), 'admin', 1, parsedatetime('26-05-2020 00:00:01.00', 'dd-MM-yyyy hh:mm:ss.SS'), 'admin', 0, '1', '42', '1', '19', 'edgeStyle=orthogonalEdgeStyle;rounded=0;orthogonalLoop=1;jettySize=auto;html=1;', '21', NULL, NULL, 'ff808181725050fe017250b8d1ff03e4');
INSERT INTO MX_CELL(ID, CRT_DTTM, CRT_USER, ENABLE_FLAG, LAST_UPDATE_DTTM, LAST_UPDATE_USER, VERSION, MX_EDGE, MX_PAGEID, MX_PARENT, MX_SOURCE, MX_STYLE, MX_TARGET, MX_VALUE, MX_VERTEX, FK_MX_GRAPH_ID) VALUES ('ff808181725050fe017250b8d1ff03f5', parsedatetime('26-05-2020 00:00:01.00', 'dd-MM-yyyy hh:mm:ss.SS'), 'admin', 1, parsedatetime('26-05-2020 00:00:01.00', 'dd-MM-yyyy hh:mm:ss.SS'), 'admin', 0, '1', '38', '1', '10', 'edgeStyle=orthogonalEdgeStyle;rounded=0;orthogonalLoop=1;jettySize=auto;html=1;', '14', NULL, NULL, 'ff808181725050fe017250b8d1ff03e4');
INSERT INTO MX_CELL(ID, CRT_DTTM, CRT_USER, ENABLE_FLAG, LAST_UPDATE_DTTM, LAST_UPDATE_USER, VERSION, MX_EDGE, MX_PAGEID, MX_PARENT, MX_SOURCE, MX_STYLE, MX_TARGET, MX_VALUE, MX_VERTEX, FK_MX_GRAPH_ID) VALUES ('ff808181725050fe017250b8d1ff03f7', parsedatetime('26-05-2020 00:00:01.00', 'dd-MM-yyyy hh:mm:ss.SS'), 'admin', 1, parsedatetime('26-05-2020 00:00:01.00', 'dd-MM-yyyy hh:mm:ss.SS'), 'admin', 0, NULL, '8', '1', NULL, 'text;html=1;align=center;verticalAlign=middle;resizable=0;points=[];autosize=1;', NULL, '模拟测试数据：<span style=\"font-size: 13.3333px\">title, author, age</span>', '1', 'ff808181725050fe017250b8d1ff03e4');
INSERT INTO MX_CELL(ID, CRT_DTTM, CRT_USER, ENABLE_FLAG, LAST_UPDATE_DTTM, LAST_UPDATE_USER, VERSION, MX_EDGE, MX_PAGEID, MX_PARENT, MX_SOURCE, MX_STYLE, MX_TARGET, MX_VALUE, MX_VERTEX, FK_MX_GRAPH_ID) VALUES ('ff808181725050fe017250b8d1ff03f9', parsedatetime('26-05-2020 00:00:01.00', 'dd-MM-yyyy hh:mm:ss.SS'), 'admin', 1, parsedatetime('26-05-2020 00:00:01.00', 'dd-MM-yyyy hh:mm:ss.SS'), 'admin', 0, NULL, '10', '1', NULL, 'image;html=1;labelBackgroundColor=#ffffff00;image=/piflow-web/images/MockData_128x128.png', NULL, 'MockData7', '1', 'ff808181725050fe017250b8d1ff03e4');
INSERT INTO MX_CELL(ID, CRT_DTTM, CRT_USER, ENABLE_FLAG, LAST_UPDATE_DTTM, LAST_UPDATE_USER, VERSION, MX_EDGE, MX_PAGEID, MX_PARENT, MX_SOURCE, MX_STYLE, MX_TARGET, MX_VALUE, MX_VERTEX, FK_MX_GRAPH_ID) VALUES ('ff808181725050fe017250b8d1ff03fb', parsedatetime('26-05-2020 00:00:01.00', 'dd-MM-yyyy hh:mm:ss.SS'), 'admin', 1, parsedatetime('26-05-2020 00:00:01.00', 'dd-MM-yyyy hh:mm:ss.SS'), 'admin', 0, '1', '41', '1', '16', 'edgeStyle=orthogonalEdgeStyle;rounded=0;orthogonalLoop=1;jettySize=auto;html=1;', '19', NULL, NULL, 'ff808181725050fe017250b8d1ff03e4');
INSERT INTO MX_CELL(ID, CRT_DTTM, CRT_USER, ENABLE_FLAG, LAST_UPDATE_DTTM, LAST_UPDATE_USER, VERSION, MX_EDGE, MX_PAGEID, MX_PARENT, MX_SOURCE, MX_STYLE, MX_TARGET, MX_VALUE, MX_VERTEX, FK_MX_GRAPH_ID) VALUES ('ff808181725050fe017250b8d1ff03fd', parsedatetime('26-05-2020 00:00:01.00', 'dd-MM-yyyy hh:mm:ss.SS'), 'admin', 1, parsedatetime('26-05-2020 00:00:01.00', 'dd-MM-yyyy hh:mm:ss.SS'), 'admin', 0, '1', '44', '1', '19', 'edgeStyle=orthogonalEdgeStyle;rounded=0;orthogonalLoop=1;jettySize=auto;html=1;', '23', NULL, NULL, 'ff808181725050fe017250b8d1ff03e4');
INSERT INTO MX_CELL(ID, CRT_DTTM, CRT_USER, ENABLE_FLAG, LAST_UPDATE_DTTM, LAST_UPDATE_USER, VERSION, MX_EDGE, MX_PAGEID, MX_PARENT, MX_SOURCE, MX_STYLE, MX_TARGET, MX_VALUE, MX_VERTEX, FK_MX_GRAPH_ID) VALUES ('ff808181725050fe017250b8d1ff03ff', parsedatetime('26-05-2020 00:00:01.00', 'dd-MM-yyyy hh:mm:ss.SS'), 'admin', 1, parsedatetime('26-05-2020 00:00:01.00', 'dd-MM-yyyy hh:mm:ss.SS'), 'admin', 0, NULL, '21', '1', NULL, 'image;html=1;labelBackgroundColor=#ffffff00;image=/piflow-web/images/SelectField_128x128.png', NULL, 'SelectField18', '1', 'ff808181725050fe017250b8d1ff03e4');
INSERT INTO MX_CELL(ID, CRT_DTTM, CRT_USER, ENABLE_FLAG, LAST_UPDATE_DTTM, LAST_UPDATE_USER, VERSION, MX_EDGE, MX_PAGEID, MX_PARENT, MX_SOURCE, MX_STYLE, MX_TARGET, MX_VALUE, MX_VERTEX, FK_MX_GRAPH_ID) VALUES ('ff808181725050fe017250b8d2000401', parsedatetime('26-05-2020 00:00:01.00', 'dd-MM-yyyy hh:mm:ss.SS'), 'admin', 1, parsedatetime('26-05-2020 00:00:01.00', 'dd-MM-yyyy hh:mm:ss.SS'), 'admin', 0, '1', '40', '1', '14', 'edgeStyle=orthogonalEdgeStyle;rounded=0;orthogonalLoop=1;jettySize=auto;html=1;entryX=0.5;entryY=0;entryDx=0;entryDy=0;', '16', NULL, NULL, 'ff808181725050fe017250b8d1ff03e4');
INSERT INTO MX_CELL(ID, CRT_DTTM, CRT_USER, ENABLE_FLAG, LAST_UPDATE_DTTM, LAST_UPDATE_USER, VERSION, MX_EDGE, MX_PAGEID, MX_PARENT, MX_SOURCE, MX_STYLE, MX_TARGET, MX_VALUE, MX_VERTEX, FK_MX_GRAPH_ID) VALUES ('ff808181725050fe017250b8d2000403', parsedatetime('26-05-2020 00:00:01.00', 'dd-MM-yyyy hh:mm:ss.SS'), 'admin', 1, parsedatetime('26-05-2020 00:00:01.00', 'dd-MM-yyyy hh:mm:ss.SS'), 'admin', 0, NULL, '25', '1', NULL, 'image;html=1;labelBackgroundColor=#ffffff00;image=/piflow-web/images/SelectField_128x128.png', NULL, 'SelectField22', '1', 'ff808181725050fe017250b8d1ff03e4');
INSERT INTO MX_CELL(ID, CRT_DTTM, CRT_USER, ENABLE_FLAG, LAST_UPDATE_DTTM, LAST_UPDATE_USER, VERSION, MX_EDGE, MX_PAGEID, MX_PARENT, MX_SOURCE, MX_STYLE, MX_TARGET, MX_VALUE, MX_VERTEX, FK_MX_GRAPH_ID) VALUES ('ff808181725050fe017250b8d2000405', parsedatetime('26-05-2020 00:00:01.00', 'dd-MM-yyyy hh:mm:ss.SS'), 'admin', 1, parsedatetime('26-05-2020 00:00:01.00', 'dd-MM-yyyy hh:mm:ss.SS'), 'admin', 0, NULL, '5', '1', NULL, 'image;html=1;labelBackgroundColor=#ffffff00;image=/piflow-web/images/MockData_128x128.png', NULL, 'MockData', '1', 'ff808181725050fe017250b8d1ff03e4');
INSERT INTO MX_CELL(ID, CRT_DTTM, CRT_USER, ENABLE_FLAG, LAST_UPDATE_DTTM, LAST_UPDATE_USER, VERSION, MX_EDGE, MX_PAGEID, MX_PARENT, MX_SOURCE, MX_STYLE, MX_TARGET, MX_VALUE, MX_VERTEX, FK_MX_GRAPH_ID) VALUES ('ff808181725050fe017250b8d2000407', parsedatetime('26-05-2020 00:00:01.00', 'dd-MM-yyyy hh:mm:ss.SS'), 'admin', 1, parsedatetime('26-05-2020 00:00:01.00', 'dd-MM-yyyy hh:mm:ss.SS'), 'admin', 0, NULL, '29', '1', NULL, 'text;html=1;align=center;verticalAlign=middle;resizable=0;points=[];autosize=1;', NULL, '分流', '1', 'ff808181725050fe017250b8d1ff03e4');
INSERT INTO MX_CELL(ID, CRT_DTTM, CRT_USER, ENABLE_FLAG, LAST_UPDATE_DTTM, LAST_UPDATE_USER, VERSION, MX_EDGE, MX_PAGEID, MX_PARENT, MX_SOURCE, MX_STYLE, MX_TARGET, MX_VALUE, MX_VERTEX, FK_MX_GRAPH_ID) VALUES ('ff808181725050fe017250b8d2000409', parsedatetime('26-05-2020 00:00:01.00', 'dd-MM-yyyy hh:mm:ss.SS'), 'admin', 1, parsedatetime('26-05-2020 00:00:01.00', 'dd-MM-yyyy hh:mm:ss.SS'), 'admin', 0, NULL, '23', '1', NULL, 'image;html=1;labelBackgroundColor=#ffffff00;image=/piflow-web/images/SelectField_128x128.png', NULL, 'SelectField20', '1', 'ff808181725050fe017250b8d1ff03e4');
INSERT INTO MX_CELL(ID, CRT_DTTM, CRT_USER, ENABLE_FLAG, LAST_UPDATE_DTTM, LAST_UPDATE_USER, VERSION, MX_EDGE, MX_PAGEID, MX_PARENT, MX_SOURCE, MX_STYLE, MX_TARGET, MX_VALUE, MX_VERTEX, FK_MX_GRAPH_ID) VALUES ('ff808181725050fe017250b8d200040b', parsedatetime('26-05-2020 00:00:01.00', 'dd-MM-yyyy hh:mm:ss.SS'), 'admin', 1, parsedatetime('26-05-2020 00:00:01.00', 'dd-MM-yyyy hh:mm:ss.SS'), 'admin', 0, NULL, '27', '1', NULL, 'text;html=1;align=center;verticalAlign=middle;resizable=0;points=[];autosize=1;', NULL, '选择数据：<span style=\"font-size: 13.3333px\">title, author, age</span>', '1', 'ff808181725050fe017250b8d1ff03e4');
INSERT INTO MX_CELL(ID, CRT_DTTM, CRT_USER, ENABLE_FLAG, LAST_UPDATE_DTTM, LAST_UPDATE_USER, VERSION, MX_EDGE, MX_PAGEID, MX_PARENT, MX_SOURCE, MX_STYLE, MX_TARGET, MX_VALUE, MX_VERTEX, FK_MX_GRAPH_ID) VALUES ('ff808181725050fe017250b8d200040d', parsedatetime('26-05-2020 00:00:01.00', 'dd-MM-yyyy hh:mm:ss.SS'), 'admin', 1, parsedatetime('26-05-2020 00:00:01.00', 'dd-MM-yyyy hh:mm:ss.SS'), 'admin', 0, NULL, '13', '1', NULL, 'text;html=1;align=center;verticalAlign=middle;resizable=0;points=[];autosize=1;', NULL, '模拟生成数据：title, author, age, gender', '1', 'ff808181725050fe017250b8d1ff03e4');
INSERT INTO MX_CELL(ID, CRT_DTTM, CRT_USER, ENABLE_FLAG, LAST_UPDATE_DTTM, LAST_UPDATE_USER, VERSION, MX_EDGE, MX_PAGEID, MX_PARENT, MX_SOURCE, MX_STYLE, MX_TARGET, MX_VALUE, MX_VERTEX, FK_MX_GRAPH_ID) VALUES ('ff808181725050fe017250b8d200040f', parsedatetime('26-05-2020 00:00:01.00', 'dd-MM-yyyy hh:mm:ss.SS'), 'admin', 1, parsedatetime('26-05-2020 00:00:01.00', 'dd-MM-yyyy hh:mm:ss.SS'), 'admin', 0, NULL, '0', NULL, NULL, NULL, NULL, NULL, NULL, 'ff808181725050fe017250b8ab31023b');
INSERT INTO MX_CELL(ID, CRT_DTTM, CRT_USER, ENABLE_FLAG, LAST_UPDATE_DTTM, LAST_UPDATE_USER, VERSION, MX_EDGE, MX_PAGEID, MX_PARENT, MX_SOURCE, MX_STYLE, MX_TARGET, MX_VALUE, MX_VERTEX, FK_MX_GRAPH_ID) VALUES ('ff808181725050fe017250b8d2000410', parsedatetime('26-05-2020 00:00:01.00', 'dd-MM-yyyy hh:mm:ss.SS'), 'admin', 1, parsedatetime('26-05-2020 00:00:01.00', 'dd-MM-yyyy hh:mm:ss.SS'), 'admin', 0, NULL, '1', '0', NULL, NULL, NULL, NULL, NULL, 'ff808181725050fe017250b8ab31023b');
INSERT INTO MX_CELL(ID, CRT_DTTM, CRT_USER, ENABLE_FLAG, LAST_UPDATE_DTTM, LAST_UPDATE_USER, VERSION, MX_EDGE, MX_PAGEID, MX_PARENT, MX_SOURCE, MX_STYLE, MX_TARGET, MX_VALUE, MX_VERTEX, FK_MX_GRAPH_ID) VALUES ('ff808181725050fe017250b8d2000411', parsedatetime('26-05-2020 00:00:01.00', 'dd-MM-yyyy hh:mm:ss.SS'), 'admin', 1, parsedatetime('26-05-2020 00:00:01.00', 'dd-MM-yyyy hh:mm:ss.SS'), 'admin', 0, '1', '9', '1', '4', 'edgeStyle=entityRelationEdgeStyle;rounded=0;orthogonalLoop=1;jettySize=auto;html=1;', '8', NULL, NULL, 'ff808181725050fe017250b8ab31023b');
INSERT INTO MX_CELL(ID, CRT_DTTM, CRT_USER, ENABLE_FLAG, LAST_UPDATE_DTTM, LAST_UPDATE_USER, VERSION, MX_EDGE, MX_PAGEID, MX_PARENT, MX_SOURCE, MX_STYLE, MX_TARGET, MX_VALUE, MX_VERTEX, FK_MX_GRAPH_ID) VALUES ('ff808181725050fe017250b8d2000413', parsedatetime('26-05-2020 00:00:01.00', 'dd-MM-yyyy hh:mm:ss.SS'), 'admin', 1, parsedatetime('26-05-2020 00:00:01.00', 'dd-MM-yyyy hh:mm:ss.SS'), 'admin', 0, NULL, '19', '1', NULL, 'text;html=1;strokeColor=none;fillColor=none;align=center;verticalAlign=middle;whiteSpace=wrap;rounded=0;labelBackgroundColor=#ffffff00;', NULL, '该<span style=\"font-size: 13.3333px\">组主要进行采集工作</span>', '1', 'ff808181725050fe017250b8ab31023b');
INSERT INTO MX_CELL(ID, CRT_DTTM, CRT_USER, ENABLE_FLAG, LAST_UPDATE_DTTM, LAST_UPDATE_USER, VERSION, MX_EDGE, MX_PAGEID, MX_PARENT, MX_SOURCE, MX_STYLE, MX_TARGET, MX_VALUE, MX_VERTEX, FK_MX_GRAPH_ID) VALUES ('ff808181725050fe017250b8d2000415', parsedatetime('26-05-2020 00:00:01.00', 'dd-MM-yyyy hh:mm:ss.SS'), 'admin', 1, parsedatetime('26-05-2020 00:00:01.00', 'dd-MM-yyyy hh:mm:ss.SS'), 'admin', 0, NULL, '4', '1', NULL, 'image;html=1;labelBackgroundColor=#ffffff00;image=/piflow-web/img/flow.png', NULL, 'flow_merge_product', '1', 'ff808181725050fe017250b8ab31023b');
INSERT INTO MX_CELL(ID, CRT_DTTM, CRT_USER, ENABLE_FLAG, LAST_UPDATE_DTTM, LAST_UPDATE_USER, VERSION, MX_EDGE, MX_PAGEID, MX_PARENT, MX_SOURCE, MX_STYLE, MX_TARGET, MX_VALUE, MX_VERTEX, FK_MX_GRAPH_ID) VALUES ('ff808181725050fe017250b8d2000417', parsedatetime('26-05-2020 00:00:01.00', 'dd-MM-yyyy hh:mm:ss.SS'), 'admin', 1, parsedatetime('26-05-2020 00:00:01.00', 'dd-MM-yyyy hh:mm:ss.SS'), 'admin', 0, '1', '12', '1', '8', 'edgeStyle=entityRelationEdgeStyle;rounded=0;orthogonalLoop=1;jettySize=auto;html=1;', '11', NULL, NULL, 'ff808181725050fe017250b8ab31023b');
INSERT INTO MX_CELL(ID, CRT_DTTM, CRT_USER, ENABLE_FLAG, LAST_UPDATE_DTTM, LAST_UPDATE_USER, VERSION, MX_EDGE, MX_PAGEID, MX_PARENT, MX_SOURCE, MX_STYLE, MX_TARGET, MX_VALUE, MX_VERTEX, FK_MX_GRAPH_ID) VALUES ('ff808181725050fe017250b8d2000419', parsedatetime('26-05-2020 00:00:01.00', 'dd-MM-yyyy hh:mm:ss.SS'), 'admin', 1, parsedatetime('26-05-2020 00:00:01.00', 'dd-MM-yyyy hh:mm:ss.SS'), 'admin', 0, '1', '7', '1', '3', 'edgeStyle=entityRelationEdgeStyle;rounded=0;orthogonalLoop=1;jettySize=auto;html=1;entryX=0;entryY=0.5;entryDx=0;entryDy=0;', '5', NULL, NULL, 'ff808181725050fe017250b8ab31023b');
INSERT INTO MX_CELL(ID, CRT_DTTM, CRT_USER, ENABLE_FLAG, LAST_UPDATE_DTTM, LAST_UPDATE_USER, VERSION, MX_EDGE, MX_PAGEID, MX_PARENT, MX_SOURCE, MX_STYLE, MX_TARGET, MX_VALUE, MX_VERTEX, FK_MX_GRAPH_ID) VALUES ('ff808181725050fe017250b8d200041b', parsedatetime('26-05-2020 00:00:01.00', 'dd-MM-yyyy hh:mm:ss.SS'), 'admin', 1, parsedatetime('26-05-2020 00:00:01.00', 'dd-MM-yyyy hh:mm:ss.SS'), 'admin', 0, NULL, '17', '1', NULL, 'text;html=1;strokeColor=none;fillColor=none;align=center;verticalAlign=middle;whiteSpace=wrap;rounded=0;labelBackgroundColor=#ffffff00;', NULL, '知识图库构建', '1', 'ff808181725050fe017250b8ab31023b');
INSERT INTO MX_CELL(ID, CRT_DTTM, CRT_USER, ENABLE_FLAG, LAST_UPDATE_DTTM, LAST_UPDATE_USER, VERSION, MX_EDGE, MX_PAGEID, MX_PARENT, MX_SOURCE, MX_STYLE, MX_TARGET, MX_VALUE, MX_VERTEX, FK_MX_GRAPH_ID) VALUES ('ff808181725050fe017250b8d200041d', parsedatetime('26-05-2020 00:00:01.00', 'dd-MM-yyyy hh:mm:ss.SS'), 'admin', 1, parsedatetime('26-05-2020 00:00:01.00', 'dd-MM-yyyy hh:mm:ss.SS'), 'admin', 0, '1', '10', '1', '5', 'edgeStyle=entityRelationEdgeStyle;rounded=0;orthogonalLoop=1;jettySize=auto;html=1;', '8', NULL, NULL, 'ff808181725050fe017250b8ab31023b');
INSERT INTO MX_CELL(ID, CRT_DTTM, CRT_USER, ENABLE_FLAG, LAST_UPDATE_DTTM, LAST_UPDATE_USER, VERSION, MX_EDGE, MX_PAGEID, MX_PARENT, MX_SOURCE, MX_STYLE, MX_TARGET, MX_VALUE, MX_VERTEX, FK_MX_GRAPH_ID) VALUES ('ff808181725050fe017250b8d200041f', parsedatetime('26-05-2020 00:00:01.00', 'dd-MM-yyyy hh:mm:ss.SS'), 'admin', 1, parsedatetime('26-05-2020 00:00:01.00', 'dd-MM-yyyy hh:mm:ss.SS'), 'admin', 0, NULL, '5', '1', NULL, 'image;html=1;labelBackgroundColor=#ffffff00;image=/piflow-web/img/flow.png', NULL, 'flow_merge_person', '1', 'ff808181725050fe017250b8ab31023b');
INSERT INTO MX_CELL(ID, CRT_DTTM, CRT_USER, ENABLE_FLAG, LAST_UPDATE_DTTM, LAST_UPDATE_USER, VERSION, MX_EDGE, MX_PAGEID, MX_PARENT, MX_SOURCE, MX_STYLE, MX_TARGET, MX_VALUE, MX_VERTEX, FK_MX_GRAPH_ID) VALUES ('ff808181725050fe017250b8d2000421', parsedatetime('26-05-2020 00:00:01.00', 'dd-MM-yyyy hh:mm:ss.SS'), 'admin', 1, parsedatetime('26-05-2020 00:00:01.00', 'dd-MM-yyyy hh:mm:ss.SS'), 'admin', 0, NULL, '15', '1', NULL, 'text;html=1;strokeColor=none;fillColor=none;align=center;verticalAlign=middle;whiteSpace=wrap;rounded=0;labelBackgroundColor=#ffffff00;', NULL, '成果数据融合', '1', 'ff808181725050fe017250b8ab31023b');
INSERT INTO MX_CELL(ID, CRT_DTTM, CRT_USER, ENABLE_FLAG, LAST_UPDATE_DTTM, LAST_UPDATE_USER, VERSION, MX_EDGE, MX_PAGEID, MX_PARENT, MX_SOURCE, MX_STYLE, MX_TARGET, MX_VALUE, MX_VERTEX, FK_MX_GRAPH_ID) VALUES ('ff808181725050fe017250b8d2000423', parsedatetime('26-05-2020 00:00:01.00', 'dd-MM-yyyy hh:mm:ss.SS'), 'admin', 1, parsedatetime('26-05-2020 00:00:01.00', 'dd-MM-yyyy hh:mm:ss.SS'), 'admin', 0, NULL, '8', '1', NULL, 'image;html=1;labelBackgroundColor=#ffffff00;image=/piflow-web/img/group.png', NULL, 'g2', '1', 'ff808181725050fe017250b8ab31023b');
INSERT INTO MX_CELL(ID, CRT_DTTM, CRT_USER, ENABLE_FLAG, LAST_UPDATE_DTTM, LAST_UPDATE_USER, VERSION, MX_EDGE, MX_PAGEID, MX_PARENT, MX_SOURCE, MX_STYLE, MX_TARGET, MX_VALUE, MX_VERTEX, FK_MX_GRAPH_ID) VALUES ('ff808181725050fe017250b8d2000425', parsedatetime('26-05-2020 00:00:01.00', 'dd-MM-yyyy hh:mm:ss.SS'), 'admin', 1, parsedatetime('26-05-2020 00:00:01.00', 'dd-MM-yyyy hh:mm:ss.SS'), 'admin', 0, NULL, '3', '1', NULL, 'image;html=1;labelBackgroundColor=#ffffff00;image=/piflow-web/img/group.png', NULL, 'group_collect', '1', 'ff808181725050fe017250b8ab31023b');
INSERT INTO MX_CELL(ID, CRT_DTTM, CRT_USER, ENABLE_FLAG, LAST_UPDATE_DTTM, LAST_UPDATE_USER, VERSION, MX_EDGE, MX_PAGEID, MX_PARENT, MX_SOURCE, MX_STYLE, MX_TARGET, MX_VALUE, MX_VERTEX, FK_MX_GRAPH_ID) VALUES ('ff808181725050fe017250b8d2000427', parsedatetime('26-05-2020 00:00:01.00', 'dd-MM-yyyy hh:mm:ss.SS'), 'admin', 1, parsedatetime('26-05-2020 00:00:01.00', 'dd-MM-yyyy hh:mm:ss.SS'), 'admin', 0, NULL, '18', '1', NULL, 'text;html=1;strokeColor=none;fillColor=none;align=center;verticalAlign=middle;whiteSpace=wrap;rounded=0;labelBackgroundColor=#ffffff00;', NULL, '可视化分析', '1', 'ff808181725050fe017250b8ab31023b');
INSERT INTO MX_CELL(ID, CRT_DTTM, CRT_USER, ENABLE_FLAG, LAST_UPDATE_DTTM, LAST_UPDATE_USER, VERSION, MX_EDGE, MX_PAGEID, MX_PARENT, MX_SOURCE, MX_STYLE, MX_TARGET, MX_VALUE, MX_VERTEX, FK_MX_GRAPH_ID) VALUES ('ff808181725050fe017250b8d2000429', parsedatetime('26-05-2020 00:00:01.00', 'dd-MM-yyyy hh:mm:ss.SS'), 'admin', 1, parsedatetime('26-05-2020 00:00:01.00', 'dd-MM-yyyy hh:mm:ss.SS'), 'admin', 0, NULL, '11', '1', NULL, 'image;html=1;labelBackgroundColor=#ffffff00;image=/piflow-web/img/flow.png', NULL, 'f6', '1', 'ff808181725050fe017250b8ab31023b');
INSERT INTO MX_CELL(ID, CRT_DTTM, CRT_USER, ENABLE_FLAG, LAST_UPDATE_DTTM, LAST_UPDATE_USER, VERSION, MX_EDGE, MX_PAGEID, MX_PARENT, MX_SOURCE, MX_STYLE, MX_TARGET, MX_VALUE, MX_VERTEX, FK_MX_GRAPH_ID) VALUES ('ff808181725050fe017250b8d200042b', parsedatetime('26-05-2020 00:00:01.00', 'dd-MM-yyyy hh:mm:ss.SS'), 'admin', 1, parsedatetime('26-05-2020 00:00:01.00', 'dd-MM-yyyy hh:mm:ss.SS'), 'admin', 0, '1', '6', '1', '3', 'edgeStyle=entityRelationEdgeStyle;rounded=0;orthogonalLoop=1;jettySize=auto;html=1;entryX=0;entryY=0.5;entryDx=0;entryDy=0;', '4', NULL, NULL, 'ff808181725050fe017250b8ab31023b');
INSERT INTO MX_CELL(ID, CRT_DTTM, CRT_USER, ENABLE_FLAG, LAST_UPDATE_DTTM, LAST_UPDATE_USER, VERSION, MX_EDGE, MX_PAGEID, MX_PARENT, MX_SOURCE, MX_STYLE, MX_TARGET, MX_VALUE, MX_VERTEX, FK_MX_GRAPH_ID) VALUES ('ff808181725050fe017250b8d200042d', parsedatetime('26-05-2020 00:00:01.00', 'dd-MM-yyyy hh:mm:ss.SS'), 'admin', 1, parsedatetime('26-05-2020 00:00:01.00', 'dd-MM-yyyy hh:mm:ss.SS'), 'admin', 0, NULL, '16', '1', NULL, 'text;html=1;strokeColor=none;fillColor=none;align=center;verticalAlign=middle;whiteSpace=wrap;rounded=0;labelBackgroundColor=#ffffff00;', NULL, '人员数据融合', '1', 'ff808181725050fe017250b8ab31023b');

INSERT INTO MX_GEOMETRY(ID, CRT_DTTM, CRT_USER, ENABLE_FLAG, LAST_UPDATE_DTTM, LAST_UPDATE_USER, VERSION, MX_AS, MX_HEIGHT, MX_RELATIVE, MX_WIDTH, MX_X, MX_Y, FK_MX_CELL_ID) VALUES ('ff808181725050fe017250b8d1f70249', parsedatetime('26-05-2020 00:00:01.00', 'dd-MM-yyyy hh:mm:ss.SS'), 'admin', 1, parsedatetime('26-05-2020 00:00:01.00', 'dd-MM-yyyy hh:mm:ss.SS'), 'admin', 0, 'geometry', NULL, '1', NULL, NULL, NULL, 'ff808181725050fe017250b8d1f70248');
INSERT INTO MX_GEOMETRY(ID, CRT_DTTM, CRT_USER, ENABLE_FLAG, LAST_UPDATE_DTTM, LAST_UPDATE_USER, VERSION, MX_AS, MX_HEIGHT, MX_RELATIVE, MX_WIDTH, MX_X, MX_Y, FK_MX_CELL_ID) VALUES ('ff808181725050fe017250b8d1f7024b', parsedatetime('26-05-2020 00:00:01.00', 'dd-MM-yyyy hh:mm:ss.SS'), 'admin', 1, parsedatetime('26-05-2020 00:00:01.00', 'dd-MM-yyyy hh:mm:ss.SS'), 'admin', 0, 'geometry', '66', NULL, '66', '370', '460', 'ff808181725050fe017250b8d1f7024a');
INSERT INTO MX_GEOMETRY(ID, CRT_DTTM, CRT_USER, ENABLE_FLAG, LAST_UPDATE_DTTM, LAST_UPDATE_USER, VERSION, MX_AS, MX_HEIGHT, MX_RELATIVE, MX_WIDTH, MX_X, MX_Y, FK_MX_CELL_ID) VALUES ('ff808181725050fe017250b8d1f7024d', parsedatetime('26-05-2020 00:00:01.00', 'dd-MM-yyyy hh:mm:ss.SS'), 'admin', 1, parsedatetime('26-05-2020 00:00:01.00', 'dd-MM-yyyy hh:mm:ss.SS'), 'admin', 0, 'geometry', '66', NULL, '66', '370', '230', 'ff808181725050fe017250b8d1f7024c');
INSERT INTO MX_GEOMETRY(ID, CRT_DTTM, CRT_USER, ENABLE_FLAG, LAST_UPDATE_DTTM, LAST_UPDATE_USER, VERSION, MX_AS, MX_HEIGHT, MX_RELATIVE, MX_WIDTH, MX_X, MX_Y, FK_MX_CELL_ID) VALUES ('ff808181725050fe017250b8d1f7024f', parsedatetime('26-05-2020 00:00:01.00', 'dd-MM-yyyy hh:mm:ss.SS'), 'admin', 1, parsedatetime('26-05-2020 00:00:01.00', 'dd-MM-yyyy hh:mm:ss.SS'), 'admin', 0, 'geometry', '20', NULL, '100', '470', '300', 'ff808181725050fe017250b8d1f7024e');
INSERT INTO MX_GEOMETRY(ID, CRT_DTTM, CRT_USER, ENABLE_FLAG, LAST_UPDATE_DTTM, LAST_UPDATE_USER, VERSION, MX_AS, MX_HEIGHT, MX_RELATIVE, MX_WIDTH, MX_X, MX_Y, FK_MX_CELL_ID) VALUES ('ff808181725050fe017250b8d1f7025b', parsedatetime('26-05-2020 00:00:01.00', 'dd-MM-yyyy hh:mm:ss.SS'), 'admin', 1, parsedatetime('26-05-2020 00:00:01.00', 'dd-MM-yyyy hh:mm:ss.SS'), 'admin', 0, 'geometry', NULL, '1', NULL, NULL, NULL, 'ff808181725050fe017250b8d1f7025a');
INSERT INTO MX_GEOMETRY(ID, CRT_DTTM, CRT_USER, ENABLE_FLAG, LAST_UPDATE_DTTM, LAST_UPDATE_USER, VERSION, MX_AS, MX_HEIGHT, MX_RELATIVE, MX_WIDTH, MX_X, MX_Y, FK_MX_CELL_ID) VALUES ('ff808181725050fe017250b8d1f7025d', parsedatetime('26-05-2020 00:00:01.00', 'dd-MM-yyyy hh:mm:ss.SS'), 'admin', 1, parsedatetime('26-05-2020 00:00:01.00', 'dd-MM-yyyy hh:mm:ss.SS'), 'admin', 0, 'geometry', '66', NULL, '66', '370', '440', 'ff808181725050fe017250b8d1f7025c');
INSERT INTO MX_GEOMETRY(ID, CRT_DTTM, CRT_USER, ENABLE_FLAG, LAST_UPDATE_DTTM, LAST_UPDATE_USER, VERSION, MX_AS, MX_HEIGHT, MX_RELATIVE, MX_WIDTH, MX_X, MX_Y, FK_MX_CELL_ID) VALUES ('ff808181725050fe017250b8d1f7025f', parsedatetime('26-05-2020 00:00:01.00', 'dd-MM-yyyy hh:mm:ss.SS'), 'admin', 1, parsedatetime('26-05-2020 00:00:01.00', 'dd-MM-yyyy hh:mm:ss.SS'), 'admin', 0, 'geometry', '66', NULL, '66', '370', '230', 'ff808181725050fe017250b8d1f7025e');
INSERT INTO MX_GEOMETRY(ID, CRT_DTTM, CRT_USER, ENABLE_FLAG, LAST_UPDATE_DTTM, LAST_UPDATE_USER, VERSION, MX_AS, MX_HEIGHT, MX_RELATIVE, MX_WIDTH, MX_X, MX_Y, FK_MX_CELL_ID) VALUES ('ff808181725050fe017250b8d1f70262', parsedatetime('26-05-2020 00:00:01.00', 'dd-MM-yyyy hh:mm:ss.SS'), 'admin', 1, parsedatetime('26-05-2020 00:00:01.00', 'dd-MM-yyyy hh:mm:ss.SS'), 'admin', 0, 'geometry', '30', NULL, '122', '398', '378', 'ff808181725050fe017250b8d1f70261');
INSERT INTO MX_GEOMETRY(ID, CRT_DTTM, CRT_USER, ENABLE_FLAG, LAST_UPDATE_DTTM, LAST_UPDATE_USER, VERSION, MX_AS, MX_HEIGHT, MX_RELATIVE, MX_WIDTH, MX_X, MX_Y, FK_MX_CELL_ID) VALUES ('ff808181725050fe017250b8d1f70264', parsedatetime('26-05-2020 00:00:01.00', 'dd-MM-yyyy hh:mm:ss.SS'), 'admin', 1, parsedatetime('26-05-2020 00:00:01.00', 'dd-MM-yyyy hh:mm:ss.SS'), 'admin', 0, 'geometry', '66', NULL, '66', '260', '551', 'ff808181725050fe017250b8d1f70263');
INSERT INTO MX_GEOMETRY(ID, CRT_DTTM, CRT_USER, ENABLE_FLAG, LAST_UPDATE_DTTM, LAST_UPDATE_USER, VERSION, MX_AS, MX_HEIGHT, MX_RELATIVE, MX_WIDTH, MX_X, MX_Y, FK_MX_CELL_ID) VALUES ('ff808181725050fe017250b8d1f80266', parsedatetime('26-05-2020 00:00:01.00', 'dd-MM-yyyy hh:mm:ss.SS'), 'admin', 1, parsedatetime('26-05-2020 00:00:01.00', 'dd-MM-yyyy hh:mm:ss.SS'), 'admin', 0, 'geometry', '66', NULL, '66', '260', '360', 'ff808181725050fe017250b8d1f70265');
INSERT INTO MX_GEOMETRY(ID, CRT_DTTM, CRT_USER, ENABLE_FLAG, LAST_UPDATE_DTTM, LAST_UPDATE_USER, VERSION, MX_AS, MX_HEIGHT, MX_RELATIVE, MX_WIDTH, MX_X, MX_Y, FK_MX_CELL_ID) VALUES ('ff808181725050fe017250b8d1f80268', parsedatetime('26-05-2020 00:00:01.00', 'dd-MM-yyyy hh:mm:ss.SS'), 'admin', 1, parsedatetime('26-05-2020 00:00:01.00', 'dd-MM-yyyy hh:mm:ss.SS'), 'admin', 0, 'geometry', '30', NULL, '130', '398', '569', 'ff808181725050fe017250b8d1f80267');
INSERT INTO MX_GEOMETRY(ID, CRT_DTTM, CRT_USER, ENABLE_FLAG, LAST_UPDATE_DTTM, LAST_UPDATE_USER, VERSION, MX_AS, MX_HEIGHT, MX_RELATIVE, MX_WIDTH, MX_X, MX_Y, FK_MX_CELL_ID) VALUES ('ff808181725050fe017250b8d1f80278', parsedatetime('26-05-2020 00:00:01.00', 'dd-MM-yyyy hh:mm:ss.SS'), 'admin', 1, parsedatetime('26-05-2020 00:00:01.00', 'dd-MM-yyyy hh:mm:ss.SS'), 'admin', 0, 'geometry', NULL, '1', NULL, NULL, NULL, 'ff808181725050fe017250b8d1f80277');
INSERT INTO MX_GEOMETRY(ID, CRT_DTTM, CRT_USER, ENABLE_FLAG, LAST_UPDATE_DTTM, LAST_UPDATE_USER, VERSION, MX_AS, MX_HEIGHT, MX_RELATIVE, MX_WIDTH, MX_X, MX_Y, FK_MX_CELL_ID) VALUES ('ff808181725050fe017250b8d1f8027a', parsedatetime('26-05-2020 00:00:01.00', 'dd-MM-yyyy hh:mm:ss.SS'), 'admin', 1, parsedatetime('26-05-2020 00:00:01.00', 'dd-MM-yyyy hh:mm:ss.SS'), 'admin', 0, 'geometry', '66', NULL, '66', '370', '430', 'ff808181725050fe017250b8d1f80279');
INSERT INTO MX_GEOMETRY(ID, CRT_DTTM, CRT_USER, ENABLE_FLAG, LAST_UPDATE_DTTM, LAST_UPDATE_USER, VERSION, MX_AS, MX_HEIGHT, MX_RELATIVE, MX_WIDTH, MX_X, MX_Y, FK_MX_CELL_ID) VALUES ('ff808181725050fe017250b8d1f8027c', parsedatetime('26-05-2020 00:00:01.00', 'dd-MM-yyyy hh:mm:ss.SS'), 'admin', 1, parsedatetime('26-05-2020 00:00:01.00', 'dd-MM-yyyy hh:mm:ss.SS'), 'admin', 0, 'geometry', '66', NULL, '66', '370', '230', 'ff808181725050fe017250b8d1f8027b');
INSERT INTO MX_GEOMETRY(ID, CRT_DTTM, CRT_USER, ENABLE_FLAG, LAST_UPDATE_DTTM, LAST_UPDATE_USER, VERSION, MX_AS, MX_HEIGHT, MX_RELATIVE, MX_WIDTH, MX_X, MX_Y, FK_MX_CELL_ID) VALUES ('ff808181725050fe017250b8d1f9029b', parsedatetime('26-05-2020 00:00:01.00', 'dd-MM-yyyy hh:mm:ss.SS'), 'admin', 1, parsedatetime('26-05-2020 00:00:01.00', 'dd-MM-yyyy hh:mm:ss.SS'), 'admin', 0, 'geometry', '66', NULL, '66', '476', '394', 'ff808181725050fe017250b8d1f9029a');
INSERT INTO MX_GEOMETRY(ID, CRT_DTTM, CRT_USER, ENABLE_FLAG, LAST_UPDATE_DTTM, LAST_UPDATE_USER, VERSION, MX_AS, MX_HEIGHT, MX_RELATIVE, MX_WIDTH, MX_X, MX_Y, FK_MX_CELL_ID) VALUES ('ff808181725050fe017250b8d1f9029d', parsedatetime('26-05-2020 00:00:01.00', 'dd-MM-yyyy hh:mm:ss.SS'), 'admin', 1, parsedatetime('26-05-2020 00:00:01.00', 'dd-MM-yyyy hh:mm:ss.SS'), 'admin', 0, 'geometry', '66', NULL, '66', '529', '840', 'ff808181725050fe017250b8d1f9029c');
INSERT INTO MX_GEOMETRY(ID, CRT_DTTM, CRT_USER, ENABLE_FLAG, LAST_UPDATE_DTTM, LAST_UPDATE_USER, VERSION, MX_AS, MX_HEIGHT, MX_RELATIVE, MX_WIDTH, MX_X, MX_Y, FK_MX_CELL_ID) VALUES ('ff808181725050fe017250b8d1f9029f', parsedatetime('26-05-2020 00:00:01.00', 'dd-MM-yyyy hh:mm:ss.SS'), 'admin', 1, parsedatetime('26-05-2020 00:00:01.00', 'dd-MM-yyyy hh:mm:ss.SS'), 'admin', 0, 'geometry', '66', NULL, '66', '476', '234', 'ff808181725050fe017250b8d1f9029e');
INSERT INTO MX_GEOMETRY(ID, CRT_DTTM, CRT_USER, ENABLE_FLAG, LAST_UPDATE_DTTM, LAST_UPDATE_USER, VERSION, MX_AS, MX_HEIGHT, MX_RELATIVE, MX_WIDTH, MX_X, MX_Y, FK_MX_CELL_ID) VALUES ('ff808181725050fe017250b8d1f902a1', parsedatetime('26-05-2020 00:00:01.00', 'dd-MM-yyyy hh:mm:ss.SS'), 'admin', 1, parsedatetime('26-05-2020 00:00:01.00', 'dd-MM-yyyy hh:mm:ss.SS'), 'admin', 0, 'geometry', '66', NULL, '66', '360', '730', 'ff808181725050fe017250b8d1f902a0');
INSERT INTO MX_GEOMETRY(ID, CRT_DTTM, CRT_USER, ENABLE_FLAG, LAST_UPDATE_DTTM, LAST_UPDATE_USER, VERSION, MX_AS, MX_HEIGHT, MX_RELATIVE, MX_WIDTH, MX_X, MX_Y, FK_MX_CELL_ID) VALUES ('ff808181725050fe017250b8d1f902a3', parsedatetime('26-05-2020 00:00:01.00', 'dd-MM-yyyy hh:mm:ss.SS'), 'admin', 1, parsedatetime('26-05-2020 00:00:01.00', 'dd-MM-yyyy hh:mm:ss.SS'), 'admin', 0, 'geometry', '66', NULL, '66', '190', '840', 'ff808181725050fe017250b8d1f902a2');
INSERT INTO MX_GEOMETRY(ID, CRT_DTTM, CRT_USER, ENABLE_FLAG, LAST_UPDATE_DTTM, LAST_UPDATE_USER, VERSION, MX_AS, MX_HEIGHT, MX_RELATIVE, MX_WIDTH, MX_X, MX_Y, FK_MX_CELL_ID) VALUES ('ff808181725050fe017250b8d1f902a5', parsedatetime('26-05-2020 00:00:01.00', 'dd-MM-yyyy hh:mm:ss.SS'), 'admin', 1, parsedatetime('26-05-2020 00:00:01.00', 'dd-MM-yyyy hh:mm:ss.SS'), 'admin', 0, 'geometry', NULL, '1', NULL, NULL, NULL, 'ff808181725050fe017250b8d1f902a4');
INSERT INTO MX_GEOMETRY(ID, CRT_DTTM, CRT_USER, ENABLE_FLAG, LAST_UPDATE_DTTM, LAST_UPDATE_USER, VERSION, MX_AS, MX_HEIGHT, MX_RELATIVE, MX_WIDTH, MX_X, MX_Y, FK_MX_CELL_ID) VALUES ('ff808181725050fe017250b8d1f902a7', parsedatetime('26-05-2020 00:00:01.00', 'dd-MM-yyyy hh:mm:ss.SS'), 'admin', 1, parsedatetime('26-05-2020 00:00:01.00', 'dd-MM-yyyy hh:mm:ss.SS'), 'admin', 0, 'geometry', '20', NULL, '180', '560', '417', 'ff808181725050fe017250b8d1f902a6');
INSERT INTO MX_GEOMETRY(ID, CRT_DTTM, CRT_USER, ENABLE_FLAG, LAST_UPDATE_DTTM, LAST_UPDATE_USER, VERSION, MX_AS, MX_HEIGHT, MX_RELATIVE, MX_WIDTH, MX_X, MX_Y, FK_MX_CELL_ID) VALUES ('ff808181725050fe017250b8d1f902a9', parsedatetime('26-05-2020 00:00:01.00', 'dd-MM-yyyy hh:mm:ss.SS'), 'admin', 1, parsedatetime('26-05-2020 00:00:01.00', 'dd-MM-yyyy hh:mm:ss.SS'), 'admin', 0, 'geometry', NULL, '1', NULL, NULL, NULL, 'ff808181725050fe017250b8d1f902a8');
INSERT INTO MX_GEOMETRY(ID, CRT_DTTM, CRT_USER, ENABLE_FLAG, LAST_UPDATE_DTTM, LAST_UPDATE_USER, VERSION, MX_AS, MX_HEIGHT, MX_RELATIVE, MX_WIDTH, MX_X, MX_Y, FK_MX_CELL_ID) VALUES ('ff808181725050fe017250b8d1f902ab', parsedatetime('26-05-2020 00:00:01.00', 'dd-MM-yyyy hh:mm:ss.SS'), 'admin', 1, parsedatetime('26-05-2020 00:00:01.00', 'dd-MM-yyyy hh:mm:ss.SS'), 'admin', 0, 'geometry', '20', NULL, '90', '426', '870', 'ff808181725050fe017250b8d1f902aa');
INSERT INTO MX_GEOMETRY(ID, CRT_DTTM, CRT_USER, ENABLE_FLAG, LAST_UPDATE_DTTM, LAST_UPDATE_USER, VERSION, MX_AS, MX_HEIGHT, MX_RELATIVE, MX_WIDTH, MX_X, MX_Y, FK_MX_CELL_ID) VALUES ('ff808181725050fe017250b8d1f902ad', parsedatetime('26-05-2020 00:00:01.00', 'dd-MM-yyyy hh:mm:ss.SS'), 'admin', 1, parsedatetime('26-05-2020 00:00:01.00', 'dd-MM-yyyy hh:mm:ss.SS'), 'admin', 0, 'geometry', '66', NULL, '66', '360', '570', 'ff808181725050fe017250b8d1f902ac');
INSERT INTO MX_GEOMETRY(ID, CRT_DTTM, CRT_USER, ENABLE_FLAG, LAST_UPDATE_DTTM, LAST_UPDATE_USER, VERSION, MX_AS, MX_HEIGHT, MX_RELATIVE, MX_WIDTH, MX_X, MX_Y, FK_MX_CELL_ID) VALUES ('ff808181725050fe017250b8d1f902af', parsedatetime('26-05-2020 00:00:01.00', 'dd-MM-yyyy hh:mm:ss.SS'), 'admin', 1, parsedatetime('26-05-2020 00:00:01.00', 'dd-MM-yyyy hh:mm:ss.SS'), 'admin', 0, 'geometry', NULL, '1', NULL, NULL, NULL, 'ff808181725050fe017250b8d1f902ae');
INSERT INTO MX_GEOMETRY(ID, CRT_DTTM, CRT_USER, ENABLE_FLAG, LAST_UPDATE_DTTM, LAST_UPDATE_USER, VERSION, MX_AS, MX_HEIGHT, MX_RELATIVE, MX_WIDTH, MX_X, MX_Y, FK_MX_CELL_ID) VALUES ('ff808181725050fe017250b8d1f902b1', parsedatetime('26-05-2020 00:00:01.00', 'dd-MM-yyyy hh:mm:ss.SS'), 'admin', 1, parsedatetime('26-05-2020 00:00:01.00', 'dd-MM-yyyy hh:mm:ss.SS'), 'admin', 0, 'geometry', NULL, '1', NULL, NULL, NULL, 'ff808181725050fe017250b8d1f902b0');
INSERT INTO MX_GEOMETRY(ID, CRT_DTTM, CRT_USER, ENABLE_FLAG, LAST_UPDATE_DTTM, LAST_UPDATE_USER, VERSION, MX_AS, MX_HEIGHT, MX_RELATIVE, MX_WIDTH, MX_X, MX_Y, FK_MX_CELL_ID) VALUES ('ff808181725050fe017250b8d1f902b3', parsedatetime('26-05-2020 00:00:01.00', 'dd-MM-yyyy hh:mm:ss.SS'), 'admin', 1, parsedatetime('26-05-2020 00:00:01.00', 'dd-MM-yyyy hh:mm:ss.SS'), 'admin', 0, 'geometry', '20', NULL, '200', '153', '360', 'ff808181725050fe017250b8d1f902b2');
INSERT INTO MX_GEOMETRY(ID, CRT_DTTM, CRT_USER, ENABLE_FLAG, LAST_UPDATE_DTTM, LAST_UPDATE_USER, VERSION, MX_AS, MX_HEIGHT, MX_RELATIVE, MX_WIDTH, MX_X, MX_Y, FK_MX_CELL_ID) VALUES ('ff808181725050fe017250b8d1f902b5', parsedatetime('26-05-2020 00:00:01.00', 'dd-MM-yyyy hh:mm:ss.SS'), 'admin', 1, parsedatetime('26-05-2020 00:00:01.00', 'dd-MM-yyyy hh:mm:ss.SS'), 'admin', 0, 'geometry', NULL, '1', NULL, NULL, NULL, 'ff808181725050fe017250b8d1f902b4');
INSERT INTO MX_GEOMETRY(ID, CRT_DTTM, CRT_USER, ENABLE_FLAG, LAST_UPDATE_DTTM, LAST_UPDATE_USER, VERSION, MX_AS, MX_HEIGHT, MX_RELATIVE, MX_WIDTH, MX_X, MX_Y, FK_MX_CELL_ID) VALUES ('ff808181725050fe017250b8d1f902b7', parsedatetime('26-05-2020 00:00:01.00', 'dd-MM-yyyy hh:mm:ss.SS'), 'admin', 1, parsedatetime('26-05-2020 00:00:01.00', 'dd-MM-yyyy hh:mm:ss.SS'), 'admin', 0, 'geometry', '20', NULL, '80', '260', '870', 'ff808181725050fe017250b8d1f902b6');
INSERT INTO MX_GEOMETRY(ID, CRT_DTTM, CRT_USER, ENABLE_FLAG, LAST_UPDATE_DTTM, LAST_UPDATE_USER, VERSION, MX_AS, MX_HEIGHT, MX_RELATIVE, MX_WIDTH, MX_X, MX_Y, FK_MX_CELL_ID) VALUES ('ff808181725050fe017250b8d1f902b9', parsedatetime('26-05-2020 00:00:01.00', 'dd-MM-yyyy hh:mm:ss.SS'), 'admin', 1, parsedatetime('26-05-2020 00:00:01.00', 'dd-MM-yyyy hh:mm:ss.SS'), 'admin', 0, 'geometry', '20', NULL, '250', '460', '200', 'ff808181725050fe017250b8d1f902b8');
INSERT INTO MX_GEOMETRY(ID, CRT_DTTM, CRT_USER, ENABLE_FLAG, LAST_UPDATE_DTTM, LAST_UPDATE_USER, VERSION, MX_AS, MX_HEIGHT, MX_RELATIVE, MX_WIDTH, MX_X, MX_Y, FK_MX_CELL_ID) VALUES ('ff808181725050fe017250b8d1f902bb', parsedatetime('26-05-2020 00:00:01.00', 'dd-MM-yyyy hh:mm:ss.SS'), 'admin', 1, parsedatetime('26-05-2020 00:00:01.00', 'dd-MM-yyyy hh:mm:ss.SS'), 'admin', 0, 'geometry', '66', NULL, '66', '360', '840', 'ff808181725050fe017250b8d1f902ba');
INSERT INTO MX_GEOMETRY(ID, CRT_DTTM, CRT_USER, ENABLE_FLAG, LAST_UPDATE_DTTM, LAST_UPDATE_USER, VERSION, MX_AS, MX_HEIGHT, MX_RELATIVE, MX_WIDTH, MX_X, MX_Y, FK_MX_CELL_ID) VALUES ('ff808181725050fe017250b8d1f902bd', parsedatetime('26-05-2020 00:00:01.00', 'dd-MM-yyyy hh:mm:ss.SS'), 'admin', 1, parsedatetime('26-05-2020 00:00:01.00', 'dd-MM-yyyy hh:mm:ss.SS'), 'admin', 0, 'geometry', '66', NULL, '66', '220', '394', 'ff808181725050fe017250b8d1f902bc');
INSERT INTO MX_GEOMETRY(ID, CRT_DTTM, CRT_USER, ENABLE_FLAG, LAST_UPDATE_DTTM, LAST_UPDATE_USER, VERSION, MX_AS, MX_HEIGHT, MX_RELATIVE, MX_WIDTH, MX_X, MX_Y, FK_MX_CELL_ID) VALUES ('ff808181725050fe017250b8d1f902bf', parsedatetime('26-05-2020 00:00:01.00', 'dd-MM-yyyy hh:mm:ss.SS'), 'admin', 1, parsedatetime('26-05-2020 00:00:01.00', 'dd-MM-yyyy hh:mm:ss.SS'), 'admin', 0, 'geometry', '20', NULL, '40', '435', '601', 'ff808181725050fe017250b8d1f902be');
INSERT INTO MX_GEOMETRY(ID, CRT_DTTM, CRT_USER, ENABLE_FLAG, LAST_UPDATE_DTTM, LAST_UPDATE_USER, VERSION, MX_AS, MX_HEIGHT, MX_RELATIVE, MX_WIDTH, MX_X, MX_Y, FK_MX_CELL_ID) VALUES ('ff808181725050fe017250b8d1f902c1', parsedatetime('26-05-2020 00:00:01.00', 'dd-MM-yyyy hh:mm:ss.SS'), 'admin', 1, parsedatetime('26-05-2020 00:00:01.00', 'dd-MM-yyyy hh:mm:ss.SS'), 'admin', 0, 'geometry', NULL, '1', NULL, NULL, NULL, 'ff808181725050fe017250b8d1f902c0');
INSERT INTO MX_GEOMETRY(ID, CRT_DTTM, CRT_USER, ENABLE_FLAG, LAST_UPDATE_DTTM, LAST_UPDATE_USER, VERSION, MX_AS, MX_HEIGHT, MX_RELATIVE, MX_WIDTH, MX_X, MX_Y, FK_MX_CELL_ID) VALUES ('ff808181725050fe017250b8d1f902c3', parsedatetime('26-05-2020 00:00:01.00', 'dd-MM-yyyy hh:mm:ss.SS'), 'admin', 1, parsedatetime('26-05-2020 00:00:01.00', 'dd-MM-yyyy hh:mm:ss.SS'), 'admin', 0, 'geometry', NULL, '1', NULL, NULL, NULL, 'ff808181725050fe017250b8d1f902c2');
INSERT INTO MX_GEOMETRY(ID, CRT_DTTM, CRT_USER, ENABLE_FLAG, LAST_UPDATE_DTTM, LAST_UPDATE_USER, VERSION, MX_AS, MX_HEIGHT, MX_RELATIVE, MX_WIDTH, MX_X, MX_Y, FK_MX_CELL_ID) VALUES ('ff808181725050fe017250b8d1f902c5', parsedatetime('26-05-2020 00:00:01.00', 'dd-MM-yyyy hh:mm:ss.SS'), 'admin', 1, parsedatetime('26-05-2020 00:00:01.00', 'dd-MM-yyyy hh:mm:ss.SS'), 'admin', 0, 'geometry', '20', NULL, '40', '435', '735', 'ff808181725050fe017250b8d1f902c4');
INSERT INTO MX_GEOMETRY(ID, CRT_DTTM, CRT_USER, ENABLE_FLAG, LAST_UPDATE_DTTM, LAST_UPDATE_USER, VERSION, MX_AS, MX_HEIGHT, MX_RELATIVE, MX_WIDTH, MX_X, MX_Y, FK_MX_CELL_ID) VALUES ('ff808181725050fe017250b8d1f902c7', parsedatetime('26-05-2020 00:00:01.00', 'dd-MM-yyyy hh:mm:ss.SS'), 'admin', 1, parsedatetime('26-05-2020 00:00:01.00', 'dd-MM-yyyy hh:mm:ss.SS'), 'admin', 0, 'geometry', '20', NULL, '80', '610', '870', 'ff808181725050fe017250b8d1f902c6');
INSERT INTO MX_GEOMETRY(ID, CRT_DTTM, CRT_USER, ENABLE_FLAG, LAST_UPDATE_DTTM, LAST_UPDATE_USER, VERSION, MX_AS, MX_HEIGHT, MX_RELATIVE, MX_WIDTH, MX_X, MX_Y, FK_MX_CELL_ID) VALUES ('ff808181725050fe017250b8d1fa02ca', parsedatetime('26-05-2020 00:00:01.00', 'dd-MM-yyyy hh:mm:ss.SS'), 'admin', 1, parsedatetime('26-05-2020 00:00:01.00', 'dd-MM-yyyy hh:mm:ss.SS'), 'admin', 0, 'geometry', '40', NULL, '124', '416', '190', 'ff808181725050fe017250b8d1f902c9');
INSERT INTO MX_GEOMETRY(ID, CRT_DTTM, CRT_USER, ENABLE_FLAG, LAST_UPDATE_DTTM, LAST_UPDATE_USER, VERSION, MX_AS, MX_HEIGHT, MX_RELATIVE, MX_WIDTH, MX_X, MX_Y, FK_MX_CELL_ID) VALUES ('ff808181725050fe017250b8d1fa02cc', parsedatetime('26-05-2020 00:00:01.00', 'dd-MM-yyyy hh:mm:ss.SS'), 'admin', 1, parsedatetime('26-05-2020 00:00:01.00', 'dd-MM-yyyy hh:mm:ss.SS'), 'admin', 0, 'geometry', '66', NULL, '66', '416', '440', 'ff808181725050fe017250b8d1fa02cb');
INSERT INTO MX_GEOMETRY(ID, CRT_DTTM, CRT_USER, ENABLE_FLAG, LAST_UPDATE_DTTM, LAST_UPDATE_USER, VERSION, MX_AS, MX_HEIGHT, MX_RELATIVE, MX_WIDTH, MX_X, MX_Y, FK_MX_CELL_ID) VALUES ('ff808181725050fe017250b8d1fa02ce', parsedatetime('26-05-2020 00:00:01.00', 'dd-MM-yyyy hh:mm:ss.SS'), 'admin', 1, parsedatetime('26-05-2020 00:00:01.00', 'dd-MM-yyyy hh:mm:ss.SS'), 'admin', 0, 'geometry', NULL, '1', NULL, NULL, NULL, 'ff808181725050fe017250b8d1fa02cd');
INSERT INTO MX_GEOMETRY(ID, CRT_DTTM, CRT_USER, ENABLE_FLAG, LAST_UPDATE_DTTM, LAST_UPDATE_USER, VERSION, MX_AS, MX_HEIGHT, MX_RELATIVE, MX_WIDTH, MX_X, MX_Y, FK_MX_CELL_ID) VALUES ('ff808181725050fe017250b8d1fa02d0', parsedatetime('26-05-2020 00:00:01.00', 'dd-MM-yyyy hh:mm:ss.SS'), 'admin', 1, parsedatetime('26-05-2020 00:00:01.00', 'dd-MM-yyyy hh:mm:ss.SS'), 'admin', 0, 'geometry', '30', NULL, '90', '416', '396', 'ff808181725050fe017250b8d1fa02cf');
INSERT INTO MX_GEOMETRY(ID, CRT_DTTM, CRT_USER, ENABLE_FLAG, LAST_UPDATE_DTTM, LAST_UPDATE_USER, VERSION, MX_AS, MX_HEIGHT, MX_RELATIVE, MX_WIDTH, MX_X, MX_Y, FK_MX_CELL_ID) VALUES ('ff808181725050fe017250b8d1fa02d2', parsedatetime('26-05-2020 00:00:01.00', 'dd-MM-yyyy hh:mm:ss.SS'), 'admin', 1, parsedatetime('26-05-2020 00:00:01.00', 'dd-MM-yyyy hh:mm:ss.SS'), 'admin', 0, 'geometry', NULL, '1', NULL, NULL, NULL, 'ff808181725050fe017250b8d1fa02d1');
INSERT INTO MX_GEOMETRY(ID, CRT_DTTM, CRT_USER, ENABLE_FLAG, LAST_UPDATE_DTTM, LAST_UPDATE_USER, VERSION, MX_AS, MX_HEIGHT, MX_RELATIVE, MX_WIDTH, MX_X, MX_Y, FK_MX_CELL_ID) VALUES ('ff808181725050fe017250b8d1fa02d4', parsedatetime('26-05-2020 00:00:01.00', 'dd-MM-yyyy hh:mm:ss.SS'), 'admin', 1, parsedatetime('26-05-2020 00:00:01.00', 'dd-MM-yyyy hh:mm:ss.SS'), 'admin', 0, 'geometry', '30', NULL, '70', '158', '300', 'ff808181725050fe017250b8d1fa02d3');
INSERT INTO MX_GEOMETRY(ID, CRT_DTTM, CRT_USER, ENABLE_FLAG, LAST_UPDATE_DTTM, LAST_UPDATE_USER, VERSION, MX_AS, MX_HEIGHT, MX_RELATIVE, MX_WIDTH, MX_X, MX_Y, FK_MX_CELL_ID) VALUES ('ff808181725050fe017250b8d1fa02d6', parsedatetime('26-05-2020 00:00:01.00', 'dd-MM-yyyy hh:mm:ss.SS'), 'admin', 1, parsedatetime('26-05-2020 00:00:01.00', 'dd-MM-yyyy hh:mm:ss.SS'), 'admin', 0, 'geometry', '66', NULL, '66', '160', '330', 'ff808181725050fe017250b8d1fa02d5');
INSERT INTO MX_GEOMETRY(ID, CRT_DTTM, CRT_USER, ENABLE_FLAG, LAST_UPDATE_DTTM, LAST_UPDATE_USER, VERSION, MX_AS, MX_HEIGHT, MX_RELATIVE, MX_WIDTH, MX_X, MX_Y, FK_MX_CELL_ID) VALUES ('ff808181725050fe017250b8d1fa02d8', parsedatetime('26-05-2020 00:00:01.00', 'dd-MM-yyyy hh:mm:ss.SS'), 'admin', 1, parsedatetime('26-05-2020 00:00:01.00', 'dd-MM-yyyy hh:mm:ss.SS'), 'admin', 0, 'geometry', '66', NULL, '66', '416', '240', 'ff808181725050fe017250b8d1fa02d7');
INSERT INTO MX_GEOMETRY(ID, CRT_DTTM, CRT_USER, ENABLE_FLAG, LAST_UPDATE_DTTM, LAST_UPDATE_USER, VERSION, MX_AS, MX_HEIGHT, MX_RELATIVE, MX_WIDTH, MX_X, MX_Y, FK_MX_CELL_ID) VALUES ('ff808181725050fe017250b8d1fa02e8', parsedatetime('26-05-2020 00:00:01.00', 'dd-MM-yyyy hh:mm:ss.SS'), 'admin', 1, parsedatetime('26-05-2020 00:00:01.00', 'dd-MM-yyyy hh:mm:ss.SS'), 'admin', 0, 'geometry', NULL, '1', NULL, NULL, NULL, 'ff808181725050fe017250b8d1fa02e7');
INSERT INTO MX_GEOMETRY(ID, CRT_DTTM, CRT_USER, ENABLE_FLAG, LAST_UPDATE_DTTM, LAST_UPDATE_USER, VERSION, MX_AS, MX_HEIGHT, MX_RELATIVE, MX_WIDTH, MX_X, MX_Y, FK_MX_CELL_ID) VALUES ('ff808181725050fe017250b8d1fa02ea', parsedatetime('26-05-2020 00:00:01.00', 'dd-MM-yyyy hh:mm:ss.SS'), 'admin', 1, parsedatetime('26-05-2020 00:00:01.00', 'dd-MM-yyyy hh:mm:ss.SS'), 'admin', 0, 'geometry', '66', NULL, '66', '370', '500', 'ff808181725050fe017250b8d1fa02e9');
INSERT INTO MX_GEOMETRY(ID, CRT_DTTM, CRT_USER, ENABLE_FLAG, LAST_UPDATE_DTTM, LAST_UPDATE_USER, VERSION, MX_AS, MX_HEIGHT, MX_RELATIVE, MX_WIDTH, MX_X, MX_Y, FK_MX_CELL_ID) VALUES ('ff808181725050fe017250b8d1fa02ec', parsedatetime('26-05-2020 00:00:01.00', 'dd-MM-yyyy hh:mm:ss.SS'), 'admin', 1, parsedatetime('26-05-2020 00:00:01.00', 'dd-MM-yyyy hh:mm:ss.SS'), 'admin', 0, 'geometry', '66', NULL, '66', '370', '290', 'ff808181725050fe017250b8d1fa02eb');
INSERT INTO MX_GEOMETRY(ID, CRT_DTTM, CRT_USER, ENABLE_FLAG, LAST_UPDATE_DTTM, LAST_UPDATE_USER, VERSION, MX_AS, MX_HEIGHT, MX_RELATIVE, MX_WIDTH, MX_X, MX_Y, FK_MX_CELL_ID) VALUES ('ff808181725050fe017250b8d1fb030b', parsedatetime('26-05-2020 00:00:01.00', 'dd-MM-yyyy hh:mm:ss.SS'), 'admin', 1, parsedatetime('26-05-2020 00:00:01.00', 'dd-MM-yyyy hh:mm:ss.SS'), 'admin', 0, 'geometry', '20', NULL, '40', '435', '601', 'ff808181725050fe017250b8d1fb030a');
INSERT INTO MX_GEOMETRY(ID, CRT_DTTM, CRT_USER, ENABLE_FLAG, LAST_UPDATE_DTTM, LAST_UPDATE_USER, VERSION, MX_AS, MX_HEIGHT, MX_RELATIVE, MX_WIDTH, MX_X, MX_Y, FK_MX_CELL_ID) VALUES ('ff808181725050fe017250b8d1fb030d', parsedatetime('26-05-2020 00:00:01.00', 'dd-MM-yyyy hh:mm:ss.SS'), 'admin', 1, parsedatetime('26-05-2020 00:00:01.00', 'dd-MM-yyyy hh:mm:ss.SS'), 'admin', 0, 'geometry', '66', NULL, '66', '476', '394', 'ff808181725050fe017250b8d1fb030c');
INSERT INTO MX_GEOMETRY(ID, CRT_DTTM, CRT_USER, ENABLE_FLAG, LAST_UPDATE_DTTM, LAST_UPDATE_USER, VERSION, MX_AS, MX_HEIGHT, MX_RELATIVE, MX_WIDTH, MX_X, MX_Y, FK_MX_CELL_ID) VALUES ('ff808181725050fe017250b8d1fb030f', parsedatetime('26-05-2020 00:00:01.00', 'dd-MM-yyyy hh:mm:ss.SS'), 'admin', 1, parsedatetime('26-05-2020 00:00:01.00', 'dd-MM-yyyy hh:mm:ss.SS'), 'admin', 0, 'geometry', NULL, '1', NULL, NULL, NULL, 'ff808181725050fe017250b8d1fb030e');
INSERT INTO MX_GEOMETRY(ID, CRT_DTTM, CRT_USER, ENABLE_FLAG, LAST_UPDATE_DTTM, LAST_UPDATE_USER, VERSION, MX_AS, MX_HEIGHT, MX_RELATIVE, MX_WIDTH, MX_X, MX_Y, FK_MX_CELL_ID) VALUES ('ff808181725050fe017250b8d1fb0311', parsedatetime('26-05-2020 00:00:01.00', 'dd-MM-yyyy hh:mm:ss.SS'), 'admin', 1, parsedatetime('26-05-2020 00:00:01.00', 'dd-MM-yyyy hh:mm:ss.SS'), 'admin', 0, 'geometry', '66', NULL, '66', '360', '570', 'ff808181725050fe017250b8d1fb0310');
INSERT INTO MX_GEOMETRY(ID, CRT_DTTM, CRT_USER, ENABLE_FLAG, LAST_UPDATE_DTTM, LAST_UPDATE_USER, VERSION, MX_AS, MX_HEIGHT, MX_RELATIVE, MX_WIDTH, MX_X, MX_Y, FK_MX_CELL_ID) VALUES ('ff808181725050fe017250b8d1fb0313', parsedatetime('26-05-2020 00:00:01.00', 'dd-MM-yyyy hh:mm:ss.SS'), 'admin', 1, parsedatetime('26-05-2020 00:00:01.00', 'dd-MM-yyyy hh:mm:ss.SS'), 'admin', 0, 'geometry', NULL, '1', NULL, NULL, NULL, 'ff808181725050fe017250b8d1fb0312');
INSERT INTO MX_GEOMETRY(ID, CRT_DTTM, CRT_USER, ENABLE_FLAG, LAST_UPDATE_DTTM, LAST_UPDATE_USER, VERSION, MX_AS, MX_HEIGHT, MX_RELATIVE, MX_WIDTH, MX_X, MX_Y, FK_MX_CELL_ID) VALUES ('ff808181725050fe017250b8d1fb0315', parsedatetime('26-05-2020 00:00:01.00', 'dd-MM-yyyy hh:mm:ss.SS'), 'admin', 1, parsedatetime('26-05-2020 00:00:01.00', 'dd-MM-yyyy hh:mm:ss.SS'), 'admin', 0, 'geometry', '66', NULL, '66', '360', '730', 'ff808181725050fe017250b8d1fb0314');
INSERT INTO MX_GEOMETRY(ID, CRT_DTTM, CRT_USER, ENABLE_FLAG, LAST_UPDATE_DTTM, LAST_UPDATE_USER, VERSION, MX_AS, MX_HEIGHT, MX_RELATIVE, MX_WIDTH, MX_X, MX_Y, FK_MX_CELL_ID) VALUES ('ff808181725050fe017250b8d1fb0317', parsedatetime('26-05-2020 00:00:01.00', 'dd-MM-yyyy hh:mm:ss.SS'), 'admin', 1, parsedatetime('26-05-2020 00:00:01.00', 'dd-MM-yyyy hh:mm:ss.SS'), 'admin', 0, 'geometry', NULL, '1', NULL, NULL, NULL, 'ff808181725050fe017250b8d1fb0316');
INSERT INTO MX_GEOMETRY(ID, CRT_DTTM, CRT_USER, ENABLE_FLAG, LAST_UPDATE_DTTM, LAST_UPDATE_USER, VERSION, MX_AS, MX_HEIGHT, MX_RELATIVE, MX_WIDTH, MX_X, MX_Y, FK_MX_CELL_ID) VALUES ('ff808181725050fe017250b8d1fb0319', parsedatetime('26-05-2020 00:00:01.00', 'dd-MM-yyyy hh:mm:ss.SS'), 'admin', 1, parsedatetime('26-05-2020 00:00:01.00', 'dd-MM-yyyy hh:mm:ss.SS'), 'admin', 0, 'geometry', NULL, '1', NULL, NULL, NULL, 'ff808181725050fe017250b8d1fb0318');
INSERT INTO MX_GEOMETRY(ID, CRT_DTTM, CRT_USER, ENABLE_FLAG, LAST_UPDATE_DTTM, LAST_UPDATE_USER, VERSION, MX_AS, MX_HEIGHT, MX_RELATIVE, MX_WIDTH, MX_X, MX_Y, FK_MX_CELL_ID) VALUES ('ff808181725050fe017250b8d1fb031b', parsedatetime('26-05-2020 00:00:01.00', 'dd-MM-yyyy hh:mm:ss.SS'), 'admin', 1, parsedatetime('26-05-2020 00:00:01.00', 'dd-MM-yyyy hh:mm:ss.SS'), 'admin', 0, 'geometry', '20', NULL, '200', '153', '360', 'ff808181725050fe017250b8d1fb031a');
INSERT INTO MX_GEOMETRY(ID, CRT_DTTM, CRT_USER, ENABLE_FLAG, LAST_UPDATE_DTTM, LAST_UPDATE_USER, VERSION, MX_AS, MX_HEIGHT, MX_RELATIVE, MX_WIDTH, MX_X, MX_Y, FK_MX_CELL_ID) VALUES ('ff808181725050fe017250b8d1fb031d', parsedatetime('26-05-2020 00:00:01.00', 'dd-MM-yyyy hh:mm:ss.SS'), 'admin', 1, parsedatetime('26-05-2020 00:00:01.00', 'dd-MM-yyyy hh:mm:ss.SS'), 'admin', 0, 'geometry', '66', NULL, '66', '476', '234', 'ff808181725050fe017250b8d1fb031c');
INSERT INTO MX_GEOMETRY(ID, CRT_DTTM, CRT_USER, ENABLE_FLAG, LAST_UPDATE_DTTM, LAST_UPDATE_USER, VERSION, MX_AS, MX_HEIGHT, MX_RELATIVE, MX_WIDTH, MX_X, MX_Y, FK_MX_CELL_ID) VALUES ('ff808181725050fe017250b8d1fb031f', parsedatetime('26-05-2020 00:00:01.00', 'dd-MM-yyyy hh:mm:ss.SS'), 'admin', 1, parsedatetime('26-05-2020 00:00:01.00', 'dd-MM-yyyy hh:mm:ss.SS'), 'admin', 0, 'geometry', NULL, '1', NULL, NULL, NULL, 'ff808181725050fe017250b8d1fb031e');
INSERT INTO MX_GEOMETRY(ID, CRT_DTTM, CRT_USER, ENABLE_FLAG, LAST_UPDATE_DTTM, LAST_UPDATE_USER, VERSION, MX_AS, MX_HEIGHT, MX_RELATIVE, MX_WIDTH, MX_X, MX_Y, FK_MX_CELL_ID) VALUES ('ff808181725050fe017250b8d1fb0321', parsedatetime('26-05-2020 00:00:01.00', 'dd-MM-yyyy hh:mm:ss.SS'), 'admin', 1, parsedatetime('26-05-2020 00:00:01.00', 'dd-MM-yyyy hh:mm:ss.SS'), 'admin', 0, 'geometry', NULL, '1', NULL, NULL, NULL, 'ff808181725050fe017250b8d1fb0320');
INSERT INTO MX_GEOMETRY(ID, CRT_DTTM, CRT_USER, ENABLE_FLAG, LAST_UPDATE_DTTM, LAST_UPDATE_USER, VERSION, MX_AS, MX_HEIGHT, MX_RELATIVE, MX_WIDTH, MX_X, MX_Y, FK_MX_CELL_ID) VALUES ('ff808181725050fe017250b8d1fb0323', parsedatetime('26-05-2020 00:00:01.00', 'dd-MM-yyyy hh:mm:ss.SS'), 'admin', 1, parsedatetime('26-05-2020 00:00:01.00', 'dd-MM-yyyy hh:mm:ss.SS'), 'admin', 0, 'geometry', '66', NULL, '66', '190', '840', 'ff808181725050fe017250b8d1fb0322');
INSERT INTO MX_GEOMETRY(ID, CRT_DTTM, CRT_USER, ENABLE_FLAG, LAST_UPDATE_DTTM, LAST_UPDATE_USER, VERSION, MX_AS, MX_HEIGHT, MX_RELATIVE, MX_WIDTH, MX_X, MX_Y, FK_MX_CELL_ID) VALUES ('ff808181725050fe017250b8d1fb0325', parsedatetime('26-05-2020 00:00:01.00', 'dd-MM-yyyy hh:mm:ss.SS'), 'admin', 1, parsedatetime('26-05-2020 00:00:01.00', 'dd-MM-yyyy hh:mm:ss.SS'), 'admin', 0, 'geometry', NULL, '1', NULL, NULL, NULL, 'ff808181725050fe017250b8d1fb0324');
INSERT INTO MX_GEOMETRY(ID, CRT_DTTM, CRT_USER, ENABLE_FLAG, LAST_UPDATE_DTTM, LAST_UPDATE_USER, VERSION, MX_AS, MX_HEIGHT, MX_RELATIVE, MX_WIDTH, MX_X, MX_Y, FK_MX_CELL_ID) VALUES ('ff808181725050fe017250b8d1fb0327', parsedatetime('26-05-2020 00:00:01.00', 'dd-MM-yyyy hh:mm:ss.SS'), 'admin', 1, parsedatetime('26-05-2020 00:00:01.00', 'dd-MM-yyyy hh:mm:ss.SS'), 'admin', 0, 'geometry', '66', NULL, '66', '360', '840', 'ff808181725050fe017250b8d1fb0326');
INSERT INTO MX_GEOMETRY(ID, CRT_DTTM, CRT_USER, ENABLE_FLAG, LAST_UPDATE_DTTM, LAST_UPDATE_USER, VERSION, MX_AS, MX_HEIGHT, MX_RELATIVE, MX_WIDTH, MX_X, MX_Y, FK_MX_CELL_ID) VALUES ('ff808181725050fe017250b8d1fb0329', parsedatetime('26-05-2020 00:00:01.00', 'dd-MM-yyyy hh:mm:ss.SS'), 'admin', 1, parsedatetime('26-05-2020 00:00:01.00', 'dd-MM-yyyy hh:mm:ss.SS'), 'admin', 0, 'geometry', '66', NULL, '66', '220', '394', 'ff808181725050fe017250b8d1fb0328');
INSERT INTO MX_GEOMETRY(ID, CRT_DTTM, CRT_USER, ENABLE_FLAG, LAST_UPDATE_DTTM, LAST_UPDATE_USER, VERSION, MX_AS, MX_HEIGHT, MX_RELATIVE, MX_WIDTH, MX_X, MX_Y, FK_MX_CELL_ID) VALUES ('ff808181725050fe017250b8d1fb032b', parsedatetime('26-05-2020 00:00:01.00', 'dd-MM-yyyy hh:mm:ss.SS'), 'admin', 1, parsedatetime('26-05-2020 00:00:01.00', 'dd-MM-yyyy hh:mm:ss.SS'), 'admin', 0, 'geometry', '20', NULL, '40', '435', '735', 'ff808181725050fe017250b8d1fb032a');
INSERT INTO MX_GEOMETRY(ID, CRT_DTTM, CRT_USER, ENABLE_FLAG, LAST_UPDATE_DTTM, LAST_UPDATE_USER, VERSION, MX_AS, MX_HEIGHT, MX_RELATIVE, MX_WIDTH, MX_X, MX_Y, FK_MX_CELL_ID) VALUES ('ff808181725050fe017250b8d1fb032d', parsedatetime('26-05-2020 00:00:01.00', 'dd-MM-yyyy hh:mm:ss.SS'), 'admin', 1, parsedatetime('26-05-2020 00:00:01.00', 'dd-MM-yyyy hh:mm:ss.SS'), 'admin', 0, 'geometry', '66', NULL, '66', '529', '840', 'ff808181725050fe017250b8d1fb032c');
INSERT INTO MX_GEOMETRY(ID, CRT_DTTM, CRT_USER, ENABLE_FLAG, LAST_UPDATE_DTTM, LAST_UPDATE_USER, VERSION, MX_AS, MX_HEIGHT, MX_RELATIVE, MX_WIDTH, MX_X, MX_Y, FK_MX_CELL_ID) VALUES ('ff808181725050fe017250b8d1fb032f', parsedatetime('26-05-2020 00:00:01.00', 'dd-MM-yyyy hh:mm:ss.SS'), 'admin', 1, parsedatetime('26-05-2020 00:00:01.00', 'dd-MM-yyyy hh:mm:ss.SS'), 'admin', 0, 'geometry', '20', NULL, '180', '560', '417', 'ff808181725050fe017250b8d1fb032e');
INSERT INTO MX_GEOMETRY(ID, CRT_DTTM, CRT_USER, ENABLE_FLAG, LAST_UPDATE_DTTM, LAST_UPDATE_USER, VERSION, MX_AS, MX_HEIGHT, MX_RELATIVE, MX_WIDTH, MX_X, MX_Y, FK_MX_CELL_ID) VALUES ('ff808181725050fe017250b8d1fb0331', parsedatetime('26-05-2020 00:00:01.00', 'dd-MM-yyyy hh:mm:ss.SS'), 'admin', 1, parsedatetime('26-05-2020 00:00:01.00', 'dd-MM-yyyy hh:mm:ss.SS'), 'admin', 0, 'geometry', '20', NULL, '250', '460', '200', 'ff808181725050fe017250b8d1fb0330');
INSERT INTO MX_GEOMETRY(ID, CRT_DTTM, CRT_USER, ENABLE_FLAG, LAST_UPDATE_DTTM, LAST_UPDATE_USER, VERSION, MX_AS, MX_HEIGHT, MX_RELATIVE, MX_WIDTH, MX_X, MX_Y, FK_MX_CELL_ID) VALUES ('ff808181725050fe017250b8d1fc0334', parsedatetime('26-05-2020 00:00:01.00', 'dd-MM-yyyy hh:mm:ss.SS'), 'admin', 1, parsedatetime('26-05-2020 00:00:01.00', 'dd-MM-yyyy hh:mm:ss.SS'), 'admin', 0, 'geometry', '66', NULL, '66', '450', '450', 'ff808181725050fe017250b8d1fc0333');
INSERT INTO MX_GEOMETRY(ID, CRT_DTTM, CRT_USER, ENABLE_FLAG, LAST_UPDATE_DTTM, LAST_UPDATE_USER, VERSION, MX_AS, MX_HEIGHT, MX_RELATIVE, MX_WIDTH, MX_X, MX_Y, FK_MX_CELL_ID) VALUES ('ff808181725050fe017250b8d1fc0336', parsedatetime('26-05-2020 00:00:01.00', 'dd-MM-yyyy hh:mm:ss.SS'), 'admin', 1, parsedatetime('26-05-2020 00:00:01.00', 'dd-MM-yyyy hh:mm:ss.SS'), 'admin', 0, 'geometry', '66', NULL, '66', '220', '450', 'ff808181725050fe017250b8d1fc0335');
INSERT INTO MX_GEOMETRY(ID, CRT_DTTM, CRT_USER, ENABLE_FLAG, LAST_UPDATE_DTTM, LAST_UPDATE_USER, VERSION, MX_AS, MX_HEIGHT, MX_RELATIVE, MX_WIDTH, MX_X, MX_Y, FK_MX_CELL_ID) VALUES ('ff808181725050fe017250b8d1fc0338', parsedatetime('26-05-2020 00:00:01.00', 'dd-MM-yyyy hh:mm:ss.SS'), 'admin', 1, parsedatetime('26-05-2020 00:00:01.00', 'dd-MM-yyyy hh:mm:ss.SS'), 'admin', 0, 'geometry', NULL, '1', NULL, NULL, NULL, 'ff808181725050fe017250b8d1fc0337');
INSERT INTO MX_GEOMETRY(ID, CRT_DTTM, CRT_USER, ENABLE_FLAG, LAST_UPDATE_DTTM, LAST_UPDATE_USER, VERSION, MX_AS, MX_HEIGHT, MX_RELATIVE, MX_WIDTH, MX_X, MX_Y, FK_MX_CELL_ID) VALUES ('ff808181725050fe017250b8d1fc035e', parsedatetime('26-05-2020 00:00:01.00', 'dd-MM-yyyy hh:mm:ss.SS'), 'admin', 1, parsedatetime('26-05-2020 00:00:01.00', 'dd-MM-yyyy hh:mm:ss.SS'), 'admin', 0, 'geometry', '20', NULL, '40', '435', '601', 'ff808181725050fe017250b8d1fc035d');
INSERT INTO MX_GEOMETRY(ID, CRT_DTTM, CRT_USER, ENABLE_FLAG, LAST_UPDATE_DTTM, LAST_UPDATE_USER, VERSION, MX_AS, MX_HEIGHT, MX_RELATIVE, MX_WIDTH, MX_X, MX_Y, FK_MX_CELL_ID) VALUES ('ff808181725050fe017250b8d1fd0360', parsedatetime('26-05-2020 00:00:01.00', 'dd-MM-yyyy hh:mm:ss.SS'), 'admin', 1, parsedatetime('26-05-2020 00:00:01.00', 'dd-MM-yyyy hh:mm:ss.SS'), 'admin', 0, 'geometry', '66', NULL, '66', '476', '394', 'ff808181725050fe017250b8d1fc035f');
INSERT INTO MX_GEOMETRY(ID, CRT_DTTM, CRT_USER, ENABLE_FLAG, LAST_UPDATE_DTTM, LAST_UPDATE_USER, VERSION, MX_AS, MX_HEIGHT, MX_RELATIVE, MX_WIDTH, MX_X, MX_Y, FK_MX_CELL_ID) VALUES ('ff808181725050fe017250b8d1fd0362', parsedatetime('26-05-2020 00:00:01.00', 'dd-MM-yyyy hh:mm:ss.SS'), 'admin', 1, parsedatetime('26-05-2020 00:00:01.00', 'dd-MM-yyyy hh:mm:ss.SS'), 'admin', 0, 'geometry', NULL, '1', NULL, NULL, NULL, 'ff808181725050fe017250b8d1fd0361');
INSERT INTO MX_GEOMETRY(ID, CRT_DTTM, CRT_USER, ENABLE_FLAG, LAST_UPDATE_DTTM, LAST_UPDATE_USER, VERSION, MX_AS, MX_HEIGHT, MX_RELATIVE, MX_WIDTH, MX_X, MX_Y, FK_MX_CELL_ID) VALUES ('ff808181725050fe017250b8d1fd0364', parsedatetime('26-05-2020 00:00:01.00', 'dd-MM-yyyy hh:mm:ss.SS'), 'admin', 1, parsedatetime('26-05-2020 00:00:01.00', 'dd-MM-yyyy hh:mm:ss.SS'), 'admin', 0, 'geometry', '66', NULL, '66', '360', '570', 'ff808181725050fe017250b8d1fd0363');
INSERT INTO MX_GEOMETRY(ID, CRT_DTTM, CRT_USER, ENABLE_FLAG, LAST_UPDATE_DTTM, LAST_UPDATE_USER, VERSION, MX_AS, MX_HEIGHT, MX_RELATIVE, MX_WIDTH, MX_X, MX_Y, FK_MX_CELL_ID) VALUES ('ff808181725050fe017250b8d1fd0366', parsedatetime('26-05-2020 00:00:01.00', 'dd-MM-yyyy hh:mm:ss.SS'), 'admin', 1, parsedatetime('26-05-2020 00:00:01.00', 'dd-MM-yyyy hh:mm:ss.SS'), 'admin', 0, 'geometry', NULL, '1', NULL, NULL, NULL, 'ff808181725050fe017250b8d1fd0365');
INSERT INTO MX_GEOMETRY(ID, CRT_DTTM, CRT_USER, ENABLE_FLAG, LAST_UPDATE_DTTM, LAST_UPDATE_USER, VERSION, MX_AS, MX_HEIGHT, MX_RELATIVE, MX_WIDTH, MX_X, MX_Y, FK_MX_CELL_ID) VALUES ('ff808181725050fe017250b8d1fd0368', parsedatetime('26-05-2020 00:00:01.00', 'dd-MM-yyyy hh:mm:ss.SS'), 'admin', 1, parsedatetime('26-05-2020 00:00:01.00', 'dd-MM-yyyy hh:mm:ss.SS'), 'admin', 0, 'geometry', '66', NULL, '66', '360', '730', 'ff808181725050fe017250b8d1fd0367');
INSERT INTO MX_GEOMETRY(ID, CRT_DTTM, CRT_USER, ENABLE_FLAG, LAST_UPDATE_DTTM, LAST_UPDATE_USER, VERSION, MX_AS, MX_HEIGHT, MX_RELATIVE, MX_WIDTH, MX_X, MX_Y, FK_MX_CELL_ID) VALUES ('ff808181725050fe017250b8d1fd036a', parsedatetime('26-05-2020 00:00:01.00', 'dd-MM-yyyy hh:mm:ss.SS'), 'admin', 1, parsedatetime('26-05-2020 00:00:01.00', 'dd-MM-yyyy hh:mm:ss.SS'), 'admin', 0, 'geometry', NULL, '1', NULL, NULL, NULL, 'ff808181725050fe017250b8d1fd0369');
INSERT INTO MX_GEOMETRY(ID, CRT_DTTM, CRT_USER, ENABLE_FLAG, LAST_UPDATE_DTTM, LAST_UPDATE_USER, VERSION, MX_AS, MX_HEIGHT, MX_RELATIVE, MX_WIDTH, MX_X, MX_Y, FK_MX_CELL_ID) VALUES ('ff808181725050fe017250b8d1fd036c', parsedatetime('26-05-2020 00:00:01.00', 'dd-MM-yyyy hh:mm:ss.SS'), 'admin', 1, parsedatetime('26-05-2020 00:00:01.00', 'dd-MM-yyyy hh:mm:ss.SS'), 'admin', 0, 'geometry', NULL, '1', NULL, NULL, NULL, 'ff808181725050fe017250b8d1fd036b');
INSERT INTO MX_GEOMETRY(ID, CRT_DTTM, CRT_USER, ENABLE_FLAG, LAST_UPDATE_DTTM, LAST_UPDATE_USER, VERSION, MX_AS, MX_HEIGHT, MX_RELATIVE, MX_WIDTH, MX_X, MX_Y, FK_MX_CELL_ID) VALUES ('ff808181725050fe017250b8d1fd036e', parsedatetime('26-05-2020 00:00:01.00', 'dd-MM-yyyy hh:mm:ss.SS'), 'admin', 1, parsedatetime('26-05-2020 00:00:01.00', 'dd-MM-yyyy hh:mm:ss.SS'), 'admin', 0, 'geometry', '20', NULL, '200', '153', '360', 'ff808181725050fe017250b8d1fd036d');
INSERT INTO MX_GEOMETRY(ID, CRT_DTTM, CRT_USER, ENABLE_FLAG, LAST_UPDATE_DTTM, LAST_UPDATE_USER, VERSION, MX_AS, MX_HEIGHT, MX_RELATIVE, MX_WIDTH, MX_X, MX_Y, FK_MX_CELL_ID) VALUES ('ff808181725050fe017250b8d1fd0370', parsedatetime('26-05-2020 00:00:01.00', 'dd-MM-yyyy hh:mm:ss.SS'), 'admin', 1, parsedatetime('26-05-2020 00:00:01.00', 'dd-MM-yyyy hh:mm:ss.SS'), 'admin', 0, 'geometry', '66', NULL, '66', '476', '234', 'ff808181725050fe017250b8d1fd036f');
INSERT INTO MX_GEOMETRY(ID, CRT_DTTM, CRT_USER, ENABLE_FLAG, LAST_UPDATE_DTTM, LAST_UPDATE_USER, VERSION, MX_AS, MX_HEIGHT, MX_RELATIVE, MX_WIDTH, MX_X, MX_Y, FK_MX_CELL_ID) VALUES ('ff808181725050fe017250b8d1fd0372', parsedatetime('26-05-2020 00:00:01.00', 'dd-MM-yyyy hh:mm:ss.SS'), 'admin', 1, parsedatetime('26-05-2020 00:00:01.00', 'dd-MM-yyyy hh:mm:ss.SS'), 'admin', 0, 'geometry', NULL, '1', NULL, NULL, NULL, 'ff808181725050fe017250b8d1fd0371');
INSERT INTO MX_GEOMETRY(ID, CRT_DTTM, CRT_USER, ENABLE_FLAG, LAST_UPDATE_DTTM, LAST_UPDATE_USER, VERSION, MX_AS, MX_HEIGHT, MX_RELATIVE, MX_WIDTH, MX_X, MX_Y, FK_MX_CELL_ID) VALUES ('ff808181725050fe017250b8d1fd0374', parsedatetime('26-05-2020 00:00:01.00', 'dd-MM-yyyy hh:mm:ss.SS'), 'admin', 1, parsedatetime('26-05-2020 00:00:01.00', 'dd-MM-yyyy hh:mm:ss.SS'), 'admin', 0, 'geometry', NULL, '1', NULL, NULL, NULL, 'ff808181725050fe017250b8d1fd0373');
INSERT INTO MX_GEOMETRY(ID, CRT_DTTM, CRT_USER, ENABLE_FLAG, LAST_UPDATE_DTTM, LAST_UPDATE_USER, VERSION, MX_AS, MX_HEIGHT, MX_RELATIVE, MX_WIDTH, MX_X, MX_Y, FK_MX_CELL_ID) VALUES ('ff808181725050fe017250b8d1fd0376', parsedatetime('26-05-2020 00:00:01.00', 'dd-MM-yyyy hh:mm:ss.SS'), 'admin', 1, parsedatetime('26-05-2020 00:00:01.00', 'dd-MM-yyyy hh:mm:ss.SS'), 'admin', 0, 'geometry', '66', NULL, '66', '190', '840', 'ff808181725050fe017250b8d1fd0375');
INSERT INTO MX_GEOMETRY(ID, CRT_DTTM, CRT_USER, ENABLE_FLAG, LAST_UPDATE_DTTM, LAST_UPDATE_USER, VERSION, MX_AS, MX_HEIGHT, MX_RELATIVE, MX_WIDTH, MX_X, MX_Y, FK_MX_CELL_ID) VALUES ('ff808181725050fe017250b8d1fd0378', parsedatetime('26-05-2020 00:00:01.00', 'dd-MM-yyyy hh:mm:ss.SS'), 'admin', 1, parsedatetime('26-05-2020 00:00:01.00', 'dd-MM-yyyy hh:mm:ss.SS'), 'admin', 0, 'geometry', NULL, '1', NULL, NULL, NULL, 'ff808181725050fe017250b8d1fd0377');
INSERT INTO MX_GEOMETRY(ID, CRT_DTTM, CRT_USER, ENABLE_FLAG, LAST_UPDATE_DTTM, LAST_UPDATE_USER, VERSION, MX_AS, MX_HEIGHT, MX_RELATIVE, MX_WIDTH, MX_X, MX_Y, FK_MX_CELL_ID) VALUES ('ff808181725050fe017250b8d1fd037a', parsedatetime('26-05-2020 00:00:01.00', 'dd-MM-yyyy hh:mm:ss.SS'), 'admin', 1, parsedatetime('26-05-2020 00:00:01.00', 'dd-MM-yyyy hh:mm:ss.SS'), 'admin', 0, 'geometry', '66', NULL, '66', '360', '840', 'ff808181725050fe017250b8d1fd0379');
INSERT INTO MX_GEOMETRY(ID, CRT_DTTM, CRT_USER, ENABLE_FLAG, LAST_UPDATE_DTTM, LAST_UPDATE_USER, VERSION, MX_AS, MX_HEIGHT, MX_RELATIVE, MX_WIDTH, MX_X, MX_Y, FK_MX_CELL_ID) VALUES ('ff808181725050fe017250b8d1fd037c', parsedatetime('26-05-2020 00:00:01.00', 'dd-MM-yyyy hh:mm:ss.SS'), 'admin', 1, parsedatetime('26-05-2020 00:00:01.00', 'dd-MM-yyyy hh:mm:ss.SS'), 'admin', 0, 'geometry', '66', NULL, '66', '220', '394', 'ff808181725050fe017250b8d1fd037b');
INSERT INTO MX_GEOMETRY(ID, CRT_DTTM, CRT_USER, ENABLE_FLAG, LAST_UPDATE_DTTM, LAST_UPDATE_USER, VERSION, MX_AS, MX_HEIGHT, MX_RELATIVE, MX_WIDTH, MX_X, MX_Y, FK_MX_CELL_ID) VALUES ('ff808181725050fe017250b8d1fd037e', parsedatetime('26-05-2020 00:00:01.00', 'dd-MM-yyyy hh:mm:ss.SS'), 'admin', 1, parsedatetime('26-05-2020 00:00:01.00', 'dd-MM-yyyy hh:mm:ss.SS'), 'admin', 0, 'geometry', '20', NULL, '40', '435', '735', 'ff808181725050fe017250b8d1fd037d');
INSERT INTO MX_GEOMETRY(ID, CRT_DTTM, CRT_USER, ENABLE_FLAG, LAST_UPDATE_DTTM, LAST_UPDATE_USER, VERSION, MX_AS, MX_HEIGHT, MX_RELATIVE, MX_WIDTH, MX_X, MX_Y, FK_MX_CELL_ID) VALUES ('ff808181725050fe017250b8d1fd0380', parsedatetime('26-05-2020 00:00:01.00', 'dd-MM-yyyy hh:mm:ss.SS'), 'admin', 1, parsedatetime('26-05-2020 00:00:01.00', 'dd-MM-yyyy hh:mm:ss.SS'), 'admin', 0, 'geometry', '66', NULL, '66', '529', '840', 'ff808181725050fe017250b8d1fd037f');
INSERT INTO MX_GEOMETRY(ID, CRT_DTTM, CRT_USER, ENABLE_FLAG, LAST_UPDATE_DTTM, LAST_UPDATE_USER, VERSION, MX_AS, MX_HEIGHT, MX_RELATIVE, MX_WIDTH, MX_X, MX_Y, FK_MX_CELL_ID) VALUES ('ff808181725050fe017250b8d1fd0382', parsedatetime('26-05-2020 00:00:01.00', 'dd-MM-yyyy hh:mm:ss.SS'), 'admin', 1, parsedatetime('26-05-2020 00:00:01.00', 'dd-MM-yyyy hh:mm:ss.SS'), 'admin', 0, 'geometry', '20', NULL, '180', '560', '417', 'ff808181725050fe017250b8d1fd0381');
INSERT INTO MX_GEOMETRY(ID, CRT_DTTM, CRT_USER, ENABLE_FLAG, LAST_UPDATE_DTTM, LAST_UPDATE_USER, VERSION, MX_AS, MX_HEIGHT, MX_RELATIVE, MX_WIDTH, MX_X, MX_Y, FK_MX_CELL_ID) VALUES ('ff808181725050fe017250b8d1fd0384', parsedatetime('26-05-2020 00:00:01.00', 'dd-MM-yyyy hh:mm:ss.SS'), 'admin', 1, parsedatetime('26-05-2020 00:00:01.00', 'dd-MM-yyyy hh:mm:ss.SS'), 'admin', 0, 'geometry', '20', NULL, '250', '460', '200', 'ff808181725050fe017250b8d1fd0383');
INSERT INTO MX_GEOMETRY(ID, CRT_DTTM, CRT_USER, ENABLE_FLAG, LAST_UPDATE_DTTM, LAST_UPDATE_USER, VERSION, MX_AS, MX_HEIGHT, MX_RELATIVE, MX_WIDTH, MX_X, MX_Y, FK_MX_CELL_ID) VALUES ('ff808181725050fe017250b8d1fe03a3', parsedatetime('26-05-2020 00:00:01.00', 'dd-MM-yyyy hh:mm:ss.SS'), 'admin', 1, parsedatetime('26-05-2020 00:00:01.00', 'dd-MM-yyyy hh:mm:ss.SS'), 'admin', 0, 'geometry', '20', NULL, '40', '435', '601', 'ff808181725050fe017250b8d1fe03a2');
INSERT INTO MX_GEOMETRY(ID, CRT_DTTM, CRT_USER, ENABLE_FLAG, LAST_UPDATE_DTTM, LAST_UPDATE_USER, VERSION, MX_AS, MX_HEIGHT, MX_RELATIVE, MX_WIDTH, MX_X, MX_Y, FK_MX_CELL_ID) VALUES ('ff808181725050fe017250b8d1fe03a5', parsedatetime('26-05-2020 00:00:01.00', 'dd-MM-yyyy hh:mm:ss.SS'), 'admin', 1, parsedatetime('26-05-2020 00:00:01.00', 'dd-MM-yyyy hh:mm:ss.SS'), 'admin', 0, 'geometry', '66', NULL, '66', '476', '394', 'ff808181725050fe017250b8d1fe03a4');
INSERT INTO MX_GEOMETRY(ID, CRT_DTTM, CRT_USER, ENABLE_FLAG, LAST_UPDATE_DTTM, LAST_UPDATE_USER, VERSION, MX_AS, MX_HEIGHT, MX_RELATIVE, MX_WIDTH, MX_X, MX_Y, FK_MX_CELL_ID) VALUES ('ff808181725050fe017250b8d1fe03a7', parsedatetime('26-05-2020 00:00:01.00', 'dd-MM-yyyy hh:mm:ss.SS'), 'admin', 1, parsedatetime('26-05-2020 00:00:01.00', 'dd-MM-yyyy hh:mm:ss.SS'), 'admin', 0, 'geometry', NULL, '1', NULL, NULL, NULL, 'ff808181725050fe017250b8d1fe03a6');
INSERT INTO MX_GEOMETRY(ID, CRT_DTTM, CRT_USER, ENABLE_FLAG, LAST_UPDATE_DTTM, LAST_UPDATE_USER, VERSION, MX_AS, MX_HEIGHT, MX_RELATIVE, MX_WIDTH, MX_X, MX_Y, FK_MX_CELL_ID) VALUES ('ff808181725050fe017250b8d1fe03a9', parsedatetime('26-05-2020 00:00:01.00', 'dd-MM-yyyy hh:mm:ss.SS'), 'admin', 1, parsedatetime('26-05-2020 00:00:01.00', 'dd-MM-yyyy hh:mm:ss.SS'), 'admin', 0, 'geometry', '66', NULL, '66', '360', '570', 'ff808181725050fe017250b8d1fe03a8');
INSERT INTO MX_GEOMETRY(ID, CRT_DTTM, CRT_USER, ENABLE_FLAG, LAST_UPDATE_DTTM, LAST_UPDATE_USER, VERSION, MX_AS, MX_HEIGHT, MX_RELATIVE, MX_WIDTH, MX_X, MX_Y, FK_MX_CELL_ID) VALUES ('ff808181725050fe017250b8d1fe03ab', parsedatetime('26-05-2020 00:00:01.00', 'dd-MM-yyyy hh:mm:ss.SS'), 'admin', 1, parsedatetime('26-05-2020 00:00:01.00', 'dd-MM-yyyy hh:mm:ss.SS'), 'admin', 0, 'geometry', NULL, '1', NULL, NULL, NULL, 'ff808181725050fe017250b8d1fe03aa');
INSERT INTO MX_GEOMETRY(ID, CRT_DTTM, CRT_USER, ENABLE_FLAG, LAST_UPDATE_DTTM, LAST_UPDATE_USER, VERSION, MX_AS, MX_HEIGHT, MX_RELATIVE, MX_WIDTH, MX_X, MX_Y, FK_MX_CELL_ID) VALUES ('ff808181725050fe017250b8d1fe03ad', parsedatetime('26-05-2020 00:00:01.00', 'dd-MM-yyyy hh:mm:ss.SS'), 'admin', 1, parsedatetime('26-05-2020 00:00:01.00', 'dd-MM-yyyy hh:mm:ss.SS'), 'admin', 0, 'geometry', '66', NULL, '66', '360', '730', 'ff808181725050fe017250b8d1fe03ac');
INSERT INTO MX_GEOMETRY(ID, CRT_DTTM, CRT_USER, ENABLE_FLAG, LAST_UPDATE_DTTM, LAST_UPDATE_USER, VERSION, MX_AS, MX_HEIGHT, MX_RELATIVE, MX_WIDTH, MX_X, MX_Y, FK_MX_CELL_ID) VALUES ('ff808181725050fe017250b8d1fe03af', parsedatetime('26-05-2020 00:00:01.00', 'dd-MM-yyyy hh:mm:ss.SS'), 'admin', 1, parsedatetime('26-05-2020 00:00:01.00', 'dd-MM-yyyy hh:mm:ss.SS'), 'admin', 0, 'geometry', NULL, '1', NULL, NULL, NULL, 'ff808181725050fe017250b8d1fe03ae');
INSERT INTO MX_GEOMETRY(ID, CRT_DTTM, CRT_USER, ENABLE_FLAG, LAST_UPDATE_DTTM, LAST_UPDATE_USER, VERSION, MX_AS, MX_HEIGHT, MX_RELATIVE, MX_WIDTH, MX_X, MX_Y, FK_MX_CELL_ID) VALUES ('ff808181725050fe017250b8d1fe03b1', parsedatetime('26-05-2020 00:00:01.00', 'dd-MM-yyyy hh:mm:ss.SS'), 'admin', 1, parsedatetime('26-05-2020 00:00:01.00', 'dd-MM-yyyy hh:mm:ss.SS'), 'admin', 0, 'geometry', NULL, '1', NULL, NULL, NULL, 'ff808181725050fe017250b8d1fe03b0');
INSERT INTO MX_GEOMETRY(ID, CRT_DTTM, CRT_USER, ENABLE_FLAG, LAST_UPDATE_DTTM, LAST_UPDATE_USER, VERSION, MX_AS, MX_HEIGHT, MX_RELATIVE, MX_WIDTH, MX_X, MX_Y, FK_MX_CELL_ID) VALUES ('ff808181725050fe017250b8d1fe03b3', parsedatetime('26-05-2020 00:00:01.00', 'dd-MM-yyyy hh:mm:ss.SS'), 'admin', 1, parsedatetime('26-05-2020 00:00:01.00', 'dd-MM-yyyy hh:mm:ss.SS'), 'admin', 0, 'geometry', '20', NULL, '200', '153', '360', 'ff808181725050fe017250b8d1fe03b2');
INSERT INTO MX_GEOMETRY(ID, CRT_DTTM, CRT_USER, ENABLE_FLAG, LAST_UPDATE_DTTM, LAST_UPDATE_USER, VERSION, MX_AS, MX_HEIGHT, MX_RELATIVE, MX_WIDTH, MX_X, MX_Y, FK_MX_CELL_ID) VALUES ('ff808181725050fe017250b8d1fe03b5', parsedatetime('26-05-2020 00:00:01.00', 'dd-MM-yyyy hh:mm:ss.SS'), 'admin', 1, parsedatetime('26-05-2020 00:00:01.00', 'dd-MM-yyyy hh:mm:ss.SS'), 'admin', 0, 'geometry', '66', NULL, '66', '476', '234', 'ff808181725050fe017250b8d1fe03b4');
INSERT INTO MX_GEOMETRY(ID, CRT_DTTM, CRT_USER, ENABLE_FLAG, LAST_UPDATE_DTTM, LAST_UPDATE_USER, VERSION, MX_AS, MX_HEIGHT, MX_RELATIVE, MX_WIDTH, MX_X, MX_Y, FK_MX_CELL_ID) VALUES ('ff808181725050fe017250b8d1fe03b7', parsedatetime('26-05-2020 00:00:01.00', 'dd-MM-yyyy hh:mm:ss.SS'), 'admin', 1, parsedatetime('26-05-2020 00:00:01.00', 'dd-MM-yyyy hh:mm:ss.SS'), 'admin', 0, 'geometry', NULL, '1', NULL, NULL, NULL, 'ff808181725050fe017250b8d1fe03b6');
INSERT INTO MX_GEOMETRY(ID, CRT_DTTM, CRT_USER, ENABLE_FLAG, LAST_UPDATE_DTTM, LAST_UPDATE_USER, VERSION, MX_AS, MX_HEIGHT, MX_RELATIVE, MX_WIDTH, MX_X, MX_Y, FK_MX_CELL_ID) VALUES ('ff808181725050fe017250b8d1fe03b9', parsedatetime('26-05-2020 00:00:01.00', 'dd-MM-yyyy hh:mm:ss.SS'), 'admin', 1, parsedatetime('26-05-2020 00:00:01.00', 'dd-MM-yyyy hh:mm:ss.SS'), 'admin', 0, 'geometry', NULL, '1', NULL, NULL, NULL, 'ff808181725050fe017250b8d1fe03b8');
INSERT INTO MX_GEOMETRY(ID, CRT_DTTM, CRT_USER, ENABLE_FLAG, LAST_UPDATE_DTTM, LAST_UPDATE_USER, VERSION, MX_AS, MX_HEIGHT, MX_RELATIVE, MX_WIDTH, MX_X, MX_Y, FK_MX_CELL_ID) VALUES ('ff808181725050fe017250b8d1fe03bb', parsedatetime('26-05-2020 00:00:01.00', 'dd-MM-yyyy hh:mm:ss.SS'), 'admin', 1, parsedatetime('26-05-2020 00:00:01.00', 'dd-MM-yyyy hh:mm:ss.SS'), 'admin', 0, 'geometry', '66', NULL, '66', '190', '840', 'ff808181725050fe017250b8d1fe03ba');
INSERT INTO MX_GEOMETRY(ID, CRT_DTTM, CRT_USER, ENABLE_FLAG, LAST_UPDATE_DTTM, LAST_UPDATE_USER, VERSION, MX_AS, MX_HEIGHT, MX_RELATIVE, MX_WIDTH, MX_X, MX_Y, FK_MX_CELL_ID) VALUES ('ff808181725050fe017250b8d1fe03bd', parsedatetime('26-05-2020 00:00:01.00', 'dd-MM-yyyy hh:mm:ss.SS'), 'admin', 1, parsedatetime('26-05-2020 00:00:01.00', 'dd-MM-yyyy hh:mm:ss.SS'), 'admin', 0, 'geometry', NULL, '1', NULL, NULL, NULL, 'ff808181725050fe017250b8d1fe03bc');
INSERT INTO MX_GEOMETRY(ID, CRT_DTTM, CRT_USER, ENABLE_FLAG, LAST_UPDATE_DTTM, LAST_UPDATE_USER, VERSION, MX_AS, MX_HEIGHT, MX_RELATIVE, MX_WIDTH, MX_X, MX_Y, FK_MX_CELL_ID) VALUES ('ff808181725050fe017250b8d1fe03bf', parsedatetime('26-05-2020 00:00:01.00', 'dd-MM-yyyy hh:mm:ss.SS'), 'admin', 1, parsedatetime('26-05-2020 00:00:01.00', 'dd-MM-yyyy hh:mm:ss.SS'), 'admin', 0, 'geometry', '66', NULL, '66', '360', '840', 'ff808181725050fe017250b8d1fe03be');
INSERT INTO MX_GEOMETRY(ID, CRT_DTTM, CRT_USER, ENABLE_FLAG, LAST_UPDATE_DTTM, LAST_UPDATE_USER, VERSION, MX_AS, MX_HEIGHT, MX_RELATIVE, MX_WIDTH, MX_X, MX_Y, FK_MX_CELL_ID) VALUES ('ff808181725050fe017250b8d1fe03c1', parsedatetime('26-05-2020 00:00:01.00', 'dd-MM-yyyy hh:mm:ss.SS'), 'admin', 1, parsedatetime('26-05-2020 00:00:01.00', 'dd-MM-yyyy hh:mm:ss.SS'), 'admin', 0, 'geometry', '66', NULL, '66', '220', '394', 'ff808181725050fe017250b8d1fe03c0');
INSERT INTO MX_GEOMETRY(ID, CRT_DTTM, CRT_USER, ENABLE_FLAG, LAST_UPDATE_DTTM, LAST_UPDATE_USER, VERSION, MX_AS, MX_HEIGHT, MX_RELATIVE, MX_WIDTH, MX_X, MX_Y, FK_MX_CELL_ID) VALUES ('ff808181725050fe017250b8d1fe03c3', parsedatetime('26-05-2020 00:00:01.00', 'dd-MM-yyyy hh:mm:ss.SS'), 'admin', 1, parsedatetime('26-05-2020 00:00:01.00', 'dd-MM-yyyy hh:mm:ss.SS'), 'admin', 0, 'geometry', '20', NULL, '40', '435', '735', 'ff808181725050fe017250b8d1fe03c2');
INSERT INTO MX_GEOMETRY(ID, CRT_DTTM, CRT_USER, ENABLE_FLAG, LAST_UPDATE_DTTM, LAST_UPDATE_USER, VERSION, MX_AS, MX_HEIGHT, MX_RELATIVE, MX_WIDTH, MX_X, MX_Y, FK_MX_CELL_ID) VALUES ('ff808181725050fe017250b8d1fe03c5', parsedatetime('26-05-2020 00:00:01.00', 'dd-MM-yyyy hh:mm:ss.SS'), 'admin', 1, parsedatetime('26-05-2020 00:00:01.00', 'dd-MM-yyyy hh:mm:ss.SS'), 'admin', 0, 'geometry', '66', NULL, '66', '529', '840', 'ff808181725050fe017250b8d1fe03c4');
INSERT INTO MX_GEOMETRY(ID, CRT_DTTM, CRT_USER, ENABLE_FLAG, LAST_UPDATE_DTTM, LAST_UPDATE_USER, VERSION, MX_AS, MX_HEIGHT, MX_RELATIVE, MX_WIDTH, MX_X, MX_Y, FK_MX_CELL_ID) VALUES ('ff808181725050fe017250b8d1ff03c7', parsedatetime('26-05-2020 00:00:01.00', 'dd-MM-yyyy hh:mm:ss.SS'), 'admin', 1, parsedatetime('26-05-2020 00:00:01.00', 'dd-MM-yyyy hh:mm:ss.SS'), 'admin', 0, 'geometry', '20', NULL, '180', '560', '417', 'ff808181725050fe017250b8d1fe03c6');
INSERT INTO MX_GEOMETRY(ID, CRT_DTTM, CRT_USER, ENABLE_FLAG, LAST_UPDATE_DTTM, LAST_UPDATE_USER, VERSION, MX_AS, MX_HEIGHT, MX_RELATIVE, MX_WIDTH, MX_X, MX_Y, FK_MX_CELL_ID) VALUES ('ff808181725050fe017250b8d1ff03c9', parsedatetime('26-05-2020 00:00:01.00', 'dd-MM-yyyy hh:mm:ss.SS'), 'admin', 1, parsedatetime('26-05-2020 00:00:01.00', 'dd-MM-yyyy hh:mm:ss.SS'), 'admin', 0, 'geometry', '20', NULL, '250', '460', '200', 'ff808181725050fe017250b8d1ff03c8');
INSERT INTO MX_GEOMETRY(ID, CRT_DTTM, CRT_USER, ENABLE_FLAG, LAST_UPDATE_DTTM, LAST_UPDATE_USER, VERSION, MX_AS, MX_HEIGHT, MX_RELATIVE, MX_WIDTH, MX_X, MX_Y, FK_MX_CELL_ID) VALUES ('ff808181725050fe017250b8d1ff03e8', parsedatetime('26-05-2020 00:00:01.00', 'dd-MM-yyyy hh:mm:ss.SS'), 'admin', 1, parsedatetime('26-05-2020 00:00:01.00', 'dd-MM-yyyy hh:mm:ss.SS'), 'admin', 0, 'geometry', '20', NULL, '40', '435', '601', 'ff808181725050fe017250b8d1ff03e7');
INSERT INTO MX_GEOMETRY(ID, CRT_DTTM, CRT_USER, ENABLE_FLAG, LAST_UPDATE_DTTM, LAST_UPDATE_USER, VERSION, MX_AS, MX_HEIGHT, MX_RELATIVE, MX_WIDTH, MX_X, MX_Y, FK_MX_CELL_ID) VALUES ('ff808181725050fe017250b8d1ff03ea', parsedatetime('26-05-2020 00:00:01.00', 'dd-MM-yyyy hh:mm:ss.SS'), 'admin', 1, parsedatetime('26-05-2020 00:00:01.00', 'dd-MM-yyyy hh:mm:ss.SS'), 'admin', 0, 'geometry', '66', NULL, '66', '476', '394', 'ff808181725050fe017250b8d1ff03e9');
INSERT INTO MX_GEOMETRY(ID, CRT_DTTM, CRT_USER, ENABLE_FLAG, LAST_UPDATE_DTTM, LAST_UPDATE_USER, VERSION, MX_AS, MX_HEIGHT, MX_RELATIVE, MX_WIDTH, MX_X, MX_Y, FK_MX_CELL_ID) VALUES ('ff808181725050fe017250b8d1ff03ec', parsedatetime('26-05-2020 00:00:01.00', 'dd-MM-yyyy hh:mm:ss.SS'), 'admin', 1, parsedatetime('26-05-2020 00:00:01.00', 'dd-MM-yyyy hh:mm:ss.SS'), 'admin', 0, 'geometry', NULL, '1', NULL, NULL, NULL, 'ff808181725050fe017250b8d1ff03eb');
INSERT INTO MX_GEOMETRY(ID, CRT_DTTM, CRT_USER, ENABLE_FLAG, LAST_UPDATE_DTTM, LAST_UPDATE_USER, VERSION, MX_AS, MX_HEIGHT, MX_RELATIVE, MX_WIDTH, MX_X, MX_Y, FK_MX_CELL_ID) VALUES ('ff808181725050fe017250b8d1ff03ee', parsedatetime('26-05-2020 00:00:01.00', 'dd-MM-yyyy hh:mm:ss.SS'), 'admin', 1, parsedatetime('26-05-2020 00:00:01.00', 'dd-MM-yyyy hh:mm:ss.SS'), 'admin', 0, 'geometry', '66', NULL, '66', '360', '570', 'ff808181725050fe017250b8d1ff03ed');
INSERT INTO MX_GEOMETRY(ID, CRT_DTTM, CRT_USER, ENABLE_FLAG, LAST_UPDATE_DTTM, LAST_UPDATE_USER, VERSION, MX_AS, MX_HEIGHT, MX_RELATIVE, MX_WIDTH, MX_X, MX_Y, FK_MX_CELL_ID) VALUES ('ff808181725050fe017250b8d1ff03f0', parsedatetime('26-05-2020 00:00:01.00', 'dd-MM-yyyy hh:mm:ss.SS'), 'admin', 1, parsedatetime('26-05-2020 00:00:01.00', 'dd-MM-yyyy hh:mm:ss.SS'), 'admin', 0, 'geometry', NULL, '1', NULL, NULL, NULL, 'ff808181725050fe017250b8d1ff03ef');
INSERT INTO MX_GEOMETRY(ID, CRT_DTTM, CRT_USER, ENABLE_FLAG, LAST_UPDATE_DTTM, LAST_UPDATE_USER, VERSION, MX_AS, MX_HEIGHT, MX_RELATIVE, MX_WIDTH, MX_X, MX_Y, FK_MX_CELL_ID) VALUES ('ff808181725050fe017250b8d1ff03f2', parsedatetime('26-05-2020 00:00:01.00', 'dd-MM-yyyy hh:mm:ss.SS'), 'admin', 1, parsedatetime('26-05-2020 00:00:01.00', 'dd-MM-yyyy hh:mm:ss.SS'), 'admin', 0, 'geometry', '66', NULL, '66', '360', '730', 'ff808181725050fe017250b8d1ff03f1');
INSERT INTO MX_GEOMETRY(ID, CRT_DTTM, CRT_USER, ENABLE_FLAG, LAST_UPDATE_DTTM, LAST_UPDATE_USER, VERSION, MX_AS, MX_HEIGHT, MX_RELATIVE, MX_WIDTH, MX_X, MX_Y, FK_MX_CELL_ID) VALUES ('ff808181725050fe017250b8d1ff03f4', parsedatetime('26-05-2020 00:00:01.00', 'dd-MM-yyyy hh:mm:ss.SS'), 'admin', 1, parsedatetime('26-05-2020 00:00:01.00', 'dd-MM-yyyy hh:mm:ss.SS'), 'admin', 0, 'geometry', NULL, '1', NULL, NULL, NULL, 'ff808181725050fe017250b8d1ff03f3');
INSERT INTO MX_GEOMETRY(ID, CRT_DTTM, CRT_USER, ENABLE_FLAG, LAST_UPDATE_DTTM, LAST_UPDATE_USER, VERSION, MX_AS, MX_HEIGHT, MX_RELATIVE, MX_WIDTH, MX_X, MX_Y, FK_MX_CELL_ID) VALUES ('ff808181725050fe017250b8d1ff03f6', parsedatetime('26-05-2020 00:00:01.00', 'dd-MM-yyyy hh:mm:ss.SS'), 'admin', 1, parsedatetime('26-05-2020 00:00:01.00', 'dd-MM-yyyy hh:mm:ss.SS'), 'admin', 0, 'geometry', NULL, '1', NULL, NULL, NULL, 'ff808181725050fe017250b8d1ff03f5');
INSERT INTO MX_GEOMETRY(ID, CRT_DTTM, CRT_USER, ENABLE_FLAG, LAST_UPDATE_DTTM, LAST_UPDATE_USER, VERSION, MX_AS, MX_HEIGHT, MX_RELATIVE, MX_WIDTH, MX_X, MX_Y, FK_MX_CELL_ID) VALUES ('ff808181725050fe017250b8d1ff03f8', parsedatetime('26-05-2020 00:00:01.00', 'dd-MM-yyyy hh:mm:ss.SS'), 'admin', 1, parsedatetime('26-05-2020 00:00:01.00', 'dd-MM-yyyy hh:mm:ss.SS'), 'admin', 0, 'geometry', '20', NULL, '200', '153', '360', 'ff808181725050fe017250b8d1ff03f7');
INSERT INTO MX_GEOMETRY(ID, CRT_DTTM, CRT_USER, ENABLE_FLAG, LAST_UPDATE_DTTM, LAST_UPDATE_USER, VERSION, MX_AS, MX_HEIGHT, MX_RELATIVE, MX_WIDTH, MX_X, MX_Y, FK_MX_CELL_ID) VALUES ('ff808181725050fe017250b8d1ff03fa', parsedatetime('26-05-2020 00:00:01.00', 'dd-MM-yyyy hh:mm:ss.SS'), 'admin', 1, parsedatetime('26-05-2020 00:00:01.00', 'dd-MM-yyyy hh:mm:ss.SS'), 'admin', 0, 'geometry', '66', NULL, '66', '476', '234', 'ff808181725050fe017250b8d1ff03f9');
INSERT INTO MX_GEOMETRY(ID, CRT_DTTM, CRT_USER, ENABLE_FLAG, LAST_UPDATE_DTTM, LAST_UPDATE_USER, VERSION, MX_AS, MX_HEIGHT, MX_RELATIVE, MX_WIDTH, MX_X, MX_Y, FK_MX_CELL_ID) VALUES ('ff808181725050fe017250b8d1ff03fc', parsedatetime('26-05-2020 00:00:01.00', 'dd-MM-yyyy hh:mm:ss.SS'), 'admin', 1, parsedatetime('26-05-2020 00:00:01.00', 'dd-MM-yyyy hh:mm:ss.SS'), 'admin', 0, 'geometry', NULL, '1', NULL, NULL, NULL, 'ff808181725050fe017250b8d1ff03fb');
INSERT INTO MX_GEOMETRY(ID, CRT_DTTM, CRT_USER, ENABLE_FLAG, LAST_UPDATE_DTTM, LAST_UPDATE_USER, VERSION, MX_AS, MX_HEIGHT, MX_RELATIVE, MX_WIDTH, MX_X, MX_Y, FK_MX_CELL_ID) VALUES ('ff808181725050fe017250b8d1ff03fe', parsedatetime('26-05-2020 00:00:01.00', 'dd-MM-yyyy hh:mm:ss.SS'), 'admin', 1, parsedatetime('26-05-2020 00:00:01.00', 'dd-MM-yyyy hh:mm:ss.SS'), 'admin', 0, 'geometry', NULL, '1', NULL, NULL, NULL, 'ff808181725050fe017250b8d1ff03fd');
INSERT INTO MX_GEOMETRY(ID, CRT_DTTM, CRT_USER, ENABLE_FLAG, LAST_UPDATE_DTTM, LAST_UPDATE_USER, VERSION, MX_AS, MX_HEIGHT, MX_RELATIVE, MX_WIDTH, MX_X, MX_Y, FK_MX_CELL_ID) VALUES ('ff808181725050fe017250b8d2000400', parsedatetime('26-05-2020 00:00:01.00', 'dd-MM-yyyy hh:mm:ss.SS'), 'admin', 1, parsedatetime('26-05-2020 00:00:01.00', 'dd-MM-yyyy hh:mm:ss.SS'), 'admin', 0, 'geometry', '66', NULL, '66', '190', '840', 'ff808181725050fe017250b8d1ff03ff');
INSERT INTO MX_GEOMETRY(ID, CRT_DTTM, CRT_USER, ENABLE_FLAG, LAST_UPDATE_DTTM, LAST_UPDATE_USER, VERSION, MX_AS, MX_HEIGHT, MX_RELATIVE, MX_WIDTH, MX_X, MX_Y, FK_MX_CELL_ID) VALUES ('ff808181725050fe017250b8d2000402', parsedatetime('26-05-2020 00:00:01.00', 'dd-MM-yyyy hh:mm:ss.SS'), 'admin', 1, parsedatetime('26-05-2020 00:00:01.00', 'dd-MM-yyyy hh:mm:ss.SS'), 'admin', 0, 'geometry', NULL, '1', NULL, NULL, NULL, 'ff808181725050fe017250b8d2000401');
INSERT INTO MX_GEOMETRY(ID, CRT_DTTM, CRT_USER, ENABLE_FLAG, LAST_UPDATE_DTTM, LAST_UPDATE_USER, VERSION, MX_AS, MX_HEIGHT, MX_RELATIVE, MX_WIDTH, MX_X, MX_Y, FK_MX_CELL_ID) VALUES ('ff808181725050fe017250b8d2000404', parsedatetime('26-05-2020 00:00:01.00', 'dd-MM-yyyy hh:mm:ss.SS'), 'admin', 1, parsedatetime('26-05-2020 00:00:01.00', 'dd-MM-yyyy hh:mm:ss.SS'), 'admin', 0, 'geometry', '66', NULL, '66', '360', '840', 'ff808181725050fe017250b8d2000403');
INSERT INTO MX_GEOMETRY(ID, CRT_DTTM, CRT_USER, ENABLE_FLAG, LAST_UPDATE_DTTM, LAST_UPDATE_USER, VERSION, MX_AS, MX_HEIGHT, MX_RELATIVE, MX_WIDTH, MX_X, MX_Y, FK_MX_CELL_ID) VALUES ('ff808181725050fe017250b8d2000406', parsedatetime('26-05-2020 00:00:01.00', 'dd-MM-yyyy hh:mm:ss.SS'), 'admin', 1, parsedatetime('26-05-2020 00:00:01.00', 'dd-MM-yyyy hh:mm:ss.SS'), 'admin', 0, 'geometry', '66', NULL, '66', '220', '394', 'ff808181725050fe017250b8d2000405');
INSERT INTO MX_GEOMETRY(ID, CRT_DTTM, CRT_USER, ENABLE_FLAG, LAST_UPDATE_DTTM, LAST_UPDATE_USER, VERSION, MX_AS, MX_HEIGHT, MX_RELATIVE, MX_WIDTH, MX_X, MX_Y, FK_MX_CELL_ID) VALUES ('ff808181725050fe017250b8d2000408', parsedatetime('26-05-2020 00:00:01.00', 'dd-MM-yyyy hh:mm:ss.SS'), 'admin', 1, parsedatetime('26-05-2020 00:00:01.00', 'dd-MM-yyyy hh:mm:ss.SS'), 'admin', 0, 'geometry', '20', NULL, '40', '435', '735', 'ff808181725050fe017250b8d2000407');
INSERT INTO MX_GEOMETRY(ID, CRT_DTTM, CRT_USER, ENABLE_FLAG, LAST_UPDATE_DTTM, LAST_UPDATE_USER, VERSION, MX_AS, MX_HEIGHT, MX_RELATIVE, MX_WIDTH, MX_X, MX_Y, FK_MX_CELL_ID) VALUES ('ff808181725050fe017250b8d200040a', parsedatetime('26-05-2020 00:00:01.00', 'dd-MM-yyyy hh:mm:ss.SS'), 'admin', 1, parsedatetime('26-05-2020 00:00:01.00', 'dd-MM-yyyy hh:mm:ss.SS'), 'admin', 0, 'geometry', '66', NULL, '66', '529', '840', 'ff808181725050fe017250b8d2000409');
INSERT INTO MX_GEOMETRY(ID, CRT_DTTM, CRT_USER, ENABLE_FLAG, LAST_UPDATE_DTTM, LAST_UPDATE_USER, VERSION, MX_AS, MX_HEIGHT, MX_RELATIVE, MX_WIDTH, MX_X, MX_Y, FK_MX_CELL_ID) VALUES ('ff808181725050fe017250b8d200040c', parsedatetime('26-05-2020 00:00:01.00', 'dd-MM-yyyy hh:mm:ss.SS'), 'admin', 1, parsedatetime('26-05-2020 00:00:01.00', 'dd-MM-yyyy hh:mm:ss.SS'), 'admin', 0, 'geometry', '20', NULL, '180', '560', '417', 'ff808181725050fe017250b8d200040b');
INSERT INTO MX_GEOMETRY(ID, CRT_DTTM, CRT_USER, ENABLE_FLAG, LAST_UPDATE_DTTM, LAST_UPDATE_USER, VERSION, MX_AS, MX_HEIGHT, MX_RELATIVE, MX_WIDTH, MX_X, MX_Y, FK_MX_CELL_ID) VALUES ('ff808181725050fe017250b8d200040e', parsedatetime('26-05-2020 00:00:01.00', 'dd-MM-yyyy hh:mm:ss.SS'), 'admin', 1, parsedatetime('26-05-2020 00:00:01.00', 'dd-MM-yyyy hh:mm:ss.SS'), 'admin', 0, 'geometry', '20', NULL, '250', '460', '200', 'ff808181725050fe017250b8d200040d');
INSERT INTO MX_GEOMETRY(ID, CRT_DTTM, CRT_USER, ENABLE_FLAG, LAST_UPDATE_DTTM, LAST_UPDATE_USER, VERSION, MX_AS, MX_HEIGHT, MX_RELATIVE, MX_WIDTH, MX_X, MX_Y, FK_MX_CELL_ID) VALUES ('ff808181725050fe017250b8d2000412', parsedatetime('26-05-2020 00:00:01.00', 'dd-MM-yyyy hh:mm:ss.SS'), 'admin', 1, parsedatetime('26-05-2020 00:00:01.00', 'dd-MM-yyyy hh:mm:ss.SS'), 'admin', 0, 'geometry', NULL, '1', NULL, NULL, NULL, 'ff808181725050fe017250b8d2000411');
INSERT INTO MX_GEOMETRY(ID, CRT_DTTM, CRT_USER, ENABLE_FLAG, LAST_UPDATE_DTTM, LAST_UPDATE_USER, VERSION, MX_AS, MX_HEIGHT, MX_RELATIVE, MX_WIDTH, MX_X, MX_Y, FK_MX_CELL_ID) VALUES ('ff808181725050fe017250b8d2000414', parsedatetime('26-05-2020 00:00:01.00', 'dd-MM-yyyy hh:mm:ss.SS'), 'admin', 1, parsedatetime('26-05-2020 00:00:01.00', 'dd-MM-yyyy hh:mm:ss.SS'), 'admin', 0, 'geometry', '30', NULL, '70', '-20', '310', 'ff808181725050fe017250b8d2000413');
INSERT INTO MX_GEOMETRY(ID, CRT_DTTM, CRT_USER, ENABLE_FLAG, LAST_UPDATE_DTTM, LAST_UPDATE_USER, VERSION, MX_AS, MX_HEIGHT, MX_RELATIVE, MX_WIDTH, MX_X, MX_Y, FK_MX_CELL_ID) VALUES ('ff808181725050fe017250b8d2000416', parsedatetime('26-05-2020 00:00:01.00', 'dd-MM-yyyy hh:mm:ss.SS'), 'admin', 1, parsedatetime('26-05-2020 00:00:01.00', 'dd-MM-yyyy hh:mm:ss.SS'), 'admin', 0, 'geometry', '66', NULL, '66', '257', '300', 'ff808181725050fe017250b8d2000415');
INSERT INTO MX_GEOMETRY(ID, CRT_DTTM, CRT_USER, ENABLE_FLAG, LAST_UPDATE_DTTM, LAST_UPDATE_USER, VERSION, MX_AS, MX_HEIGHT, MX_RELATIVE, MX_WIDTH, MX_X, MX_Y, FK_MX_CELL_ID) VALUES ('ff808181725050fe017250b8d2000418', parsedatetime('26-05-2020 00:00:01.00', 'dd-MM-yyyy hh:mm:ss.SS'), 'admin', 1, parsedatetime('26-05-2020 00:00:01.00', 'dd-MM-yyyy hh:mm:ss.SS'), 'admin', 0, 'geometry', NULL, '1', NULL, NULL, NULL, 'ff808181725050fe017250b8d2000417');
INSERT INTO MX_GEOMETRY(ID, CRT_DTTM, CRT_USER, ENABLE_FLAG, LAST_UPDATE_DTTM, LAST_UPDATE_USER, VERSION, MX_AS, MX_HEIGHT, MX_RELATIVE, MX_WIDTH, MX_X, MX_Y, FK_MX_CELL_ID) VALUES ('ff808181725050fe017250b8d200041a', parsedatetime('26-05-2020 00:00:01.00', 'dd-MM-yyyy hh:mm:ss.SS'), 'admin', 1, parsedatetime('26-05-2020 00:00:01.00', 'dd-MM-yyyy hh:mm:ss.SS'), 'admin', 0, 'geometry', NULL, '1', NULL, NULL, NULL, 'ff808181725050fe017250b8d2000419');
INSERT INTO MX_GEOMETRY(ID, CRT_DTTM, CRT_USER, ENABLE_FLAG, LAST_UPDATE_DTTM, LAST_UPDATE_USER, VERSION, MX_AS, MX_HEIGHT, MX_RELATIVE, MX_WIDTH, MX_X, MX_Y, FK_MX_CELL_ID) VALUES ('ff808181725050fe017250b8d200041c', parsedatetime('26-05-2020 00:00:01.00', 'dd-MM-yyyy hh:mm:ss.SS'), 'admin', 1, parsedatetime('26-05-2020 00:00:01.00', 'dd-MM-yyyy hh:mm:ss.SS'), 'admin', 0, 'geometry', '30', NULL, '80', '533', '336', 'ff808181725050fe017250b8d200041b');
INSERT INTO MX_GEOMETRY(ID, CRT_DTTM, CRT_USER, ENABLE_FLAG, LAST_UPDATE_DTTM, LAST_UPDATE_USER, VERSION, MX_AS, MX_HEIGHT, MX_RELATIVE, MX_WIDTH, MX_X, MX_Y, FK_MX_CELL_ID) VALUES ('ff808181725050fe017250b8d200041e', parsedatetime('26-05-2020 00:00:01.00', 'dd-MM-yyyy hh:mm:ss.SS'), 'admin', 1, parsedatetime('26-05-2020 00:00:01.00', 'dd-MM-yyyy hh:mm:ss.SS'), 'admin', 0, 'geometry', NULL, '1', NULL, NULL, NULL, 'ff808181725050fe017250b8d200041d');
INSERT INTO MX_GEOMETRY(ID, CRT_DTTM, CRT_USER, ENABLE_FLAG, LAST_UPDATE_DTTM, LAST_UPDATE_USER, VERSION, MX_AS, MX_HEIGHT, MX_RELATIVE, MX_WIDTH, MX_X, MX_Y, FK_MX_CELL_ID) VALUES ('ff808181725050fe017250b8d2000420', parsedatetime('26-05-2020 00:00:01.00', 'dd-MM-yyyy hh:mm:ss.SS'), 'admin', 1, parsedatetime('26-05-2020 00:00:01.00', 'dd-MM-yyyy hh:mm:ss.SS'), 'admin', 0, 'geometry', '66', NULL, '66', '257', '460', 'ff808181725050fe017250b8d200041f');
INSERT INTO MX_GEOMETRY(ID, CRT_DTTM, CRT_USER, ENABLE_FLAG, LAST_UPDATE_DTTM, LAST_UPDATE_USER, VERSION, MX_AS, MX_HEIGHT, MX_RELATIVE, MX_WIDTH, MX_X, MX_Y, FK_MX_CELL_ID) VALUES ('ff808181725050fe017250b8d2000422', parsedatetime('26-05-2020 00:00:01.00', 'dd-MM-yyyy hh:mm:ss.SS'), 'admin', 1, parsedatetime('26-05-2020 00:00:01.00', 'dd-MM-yyyy hh:mm:ss.SS'), 'admin', 0, 'geometry', '30', NULL, '80', '250', '250', 'ff808181725050fe017250b8d2000421');
INSERT INTO MX_GEOMETRY(ID, CRT_DTTM, CRT_USER, ENABLE_FLAG, LAST_UPDATE_DTTM, LAST_UPDATE_USER, VERSION, MX_AS, MX_HEIGHT, MX_RELATIVE, MX_WIDTH, MX_X, MX_Y, FK_MX_CELL_ID) VALUES ('ff808181725050fe017250b8d2000424', parsedatetime('26-05-2020 00:00:01.00', 'dd-MM-yyyy hh:mm:ss.SS'), 'admin', 1, parsedatetime('26-05-2020 00:00:01.00', 'dd-MM-yyyy hh:mm:ss.SS'), 'admin', 0, 'geometry', '66', NULL, '66', '540', '380', 'ff808181725050fe017250b8d2000423');
INSERT INTO MX_GEOMETRY(ID, CRT_DTTM, CRT_USER, ENABLE_FLAG, LAST_UPDATE_DTTM, LAST_UPDATE_USER, VERSION, MX_AS, MX_HEIGHT, MX_RELATIVE, MX_WIDTH, MX_X, MX_Y, FK_MX_CELL_ID) VALUES ('ff808181725050fe017250b8d2000426', parsedatetime('26-05-2020 00:00:01.00', 'dd-MM-yyyy hh:mm:ss.SS'), 'admin', 1, parsedatetime('26-05-2020 00:00:01.00', 'dd-MM-yyyy hh:mm:ss.SS'), 'admin', 0, 'geometry', '66', NULL, '66', '-20', '370', 'ff808181725050fe017250b8d2000425');
INSERT INTO MX_GEOMETRY(ID, CRT_DTTM, CRT_USER, ENABLE_FLAG, LAST_UPDATE_DTTM, LAST_UPDATE_USER, VERSION, MX_AS, MX_HEIGHT, MX_RELATIVE, MX_WIDTH, MX_X, MX_Y, FK_MX_CELL_ID) VALUES ('ff808181725050fe017250b8d2000428', parsedatetime('26-05-2020 00:00:01.00', 'dd-MM-yyyy hh:mm:ss.SS'), 'admin', 1, parsedatetime('26-05-2020 00:00:01.00', 'dd-MM-yyyy hh:mm:ss.SS'), 'admin', 0, 'geometry', '30', NULL, '70', '770', '336', 'ff808181725050fe017250b8d2000427');
INSERT INTO MX_GEOMETRY(ID, CRT_DTTM, CRT_USER, ENABLE_FLAG, LAST_UPDATE_DTTM, LAST_UPDATE_USER, VERSION, MX_AS, MX_HEIGHT, MX_RELATIVE, MX_WIDTH, MX_X, MX_Y, FK_MX_CELL_ID) VALUES ('ff808181725050fe017250b8d200042a', parsedatetime('26-05-2020 00:00:01.00', 'dd-MM-yyyy hh:mm:ss.SS'), 'admin', 1, parsedatetime('26-05-2020 00:00:01.00', 'dd-MM-yyyy hh:mm:ss.SS'), 'admin', 0, 'geometry', '66', NULL, '66', '772', '380', 'ff808181725050fe017250b8d2000429');
INSERT INTO MX_GEOMETRY(ID, CRT_DTTM, CRT_USER, ENABLE_FLAG, LAST_UPDATE_DTTM, LAST_UPDATE_USER, VERSION, MX_AS, MX_HEIGHT, MX_RELATIVE, MX_WIDTH, MX_X, MX_Y, FK_MX_CELL_ID) VALUES ('ff808181725050fe017250b8d200042c', parsedatetime('26-05-2020 00:00:01.00', 'dd-MM-yyyy hh:mm:ss.SS'), 'admin', 1, parsedatetime('26-05-2020 00:00:01.00', 'dd-MM-yyyy hh:mm:ss.SS'), 'admin', 0, 'geometry', NULL, '1', NULL, NULL, NULL, 'ff808181725050fe017250b8d200042b');
INSERT INTO MX_GEOMETRY(ID, CRT_DTTM, CRT_USER, ENABLE_FLAG, LAST_UPDATE_DTTM, LAST_UPDATE_USER, VERSION, MX_AS, MX_HEIGHT, MX_RELATIVE, MX_WIDTH, MX_X, MX_Y, FK_MX_CELL_ID) VALUES ('ff808181725050fe017250b8d200042e', parsedatetime('26-05-2020 00:00:01.00', 'dd-MM-yyyy hh:mm:ss.SS'), 'admin', 1, parsedatetime('26-05-2020 00:00:01.00', 'dd-MM-yyyy hh:mm:ss.SS'), 'admin', 0, 'geometry', '30', NULL, '80', '250', '580', 'ff808181725050fe017250b8d200042d');