-- ----------------------------
-- Delete and reload
-- ----------------------------
DELETE FROM sys_role WHERE fk_sys_user_id = '0641076d5ae840c09d2be5b71su00001';
DELETE FROM sys_user WHERE id = '0641076d5ae840c09d2be5b71su00001';
-- ----------------------------
-- Records of sys_user
-- ----------------------------
INSERT INTO `sys_user`(`id`, `crt_dttm`, `crt_user`, `enable_flag`, `last_update_dttm`, `last_update_user`, `version`, `age`, `name`, `password`, `sex`, `username`) VALUES ('0641076d5ae840c09d2be5b71su00001', NOW(), 'system', b'1', NOW(), 'system', 0, NULL, 'admin', '$2a$10$.PvkSt3Dxz7wopF.q.jNIecayq/b7BPB5ozELXFHxAJljN1hWbbmS', NULL, 'admin');
-- ----------------------------
-- Records of sys_role
-- ----------------------------
INSERT INTO `sys_role`(`id`, `role`, `fk_sys_user_id`) VALUES (0, 'ADMIN', '0641076d5ae840c09d2be5b71su00001');

-- ----------------------------
-- Delete and reload example data
-- ----------------------------
DELETE FROM flow_path WHERE fk_flow_id IN ('0641076d5ae840c09d2be5b71fw00001','0641076d5ae840c09d2be5b71fw00002');
DELETE FROM flow_stops_property WHERE fk_stops_id IN(SELECT f_s.id FROM flow_stops f_s WHERE f_s.fk_flow_id IN ('0641076d5ae840c09d2be5b71fw00001','0641076d5ae840c09d2be5b71fw00002'));
DELETE FROM flow_stops WHERE fk_flow_id IN ('0641076d5ae840c09d2be5b71fw00001','0641076d5ae840c09d2be5b71fw00002');
DELETE FROM mx_geometry WHERE fk_mx_cell_id IN (SELECT m_c.id FROM mx_cell m_c WHERE m_c.fk_mx_graph_id IN (SELECT m_g_m.id FROM mx_graph_model m_g_m WHERE m_g_m.fk_flow_id IN ('0641076d5ae840c09d2be5b71fw00001','0641076d5ae840c09d2be5b71fw00002')));
DELETE FROM mx_cell WHERE fk_mx_graph_id IN (SELECT m_g_m.id FROM mx_graph_model m_g_m WHERE m_g_m.fk_flow_id IN ('0641076d5ae840c09d2be5b71fw00001','0641076d5ae840c09d2be5b71fw00002'));
DELETE FROM mx_graph_model WHERE fk_flow_id IN ('0641076d5ae840c09d2be5b71fw00001','0641076d5ae840c09d2be5b71fw00002');
DELETE FROM flow WHERE id IN ('0641076d5ae840c09d2be5b71fw00001','0641076d5ae840c09d2be5b71fw00002');

-- ----------------------------
-- Records of flow
-- ----------------------------
INSERT INTO `flow`(`id`, `crt_dttm`, `crt_user`, `enable_flag`, `last_update_dttm`, `last_update_user`, `version`, `description`, `driver_memory`, `executor_cores`, `executor_memory`, `executor_number`, `is_example`, `name`, `uuid`) VALUES ('0641076d5ae840c09d2be5b71fw00001', NOW(), 'admin', b'1', NOW(), 'admin', 0, 'parse xml and csv file， and put data into csv、json and hive table', '1g', '1', '1g', '1', b'1', 'Example1', '0641076d5ae840c09d2be5b71fw00001');
INSERT INTO `flow`(`id`, `crt_dttm`, `crt_user`, `enable_flag`, `last_update_dttm`, `last_update_user`, `version`, `description`, `driver_memory`, `executor_cores`, `executor_memory`, `executor_number`, `is_example`, `name`, `uuid`) VALUES ('0641076d5ae840c09d2be5b71fw00002', NOW(), 'admin', b'1', NOW(), 'admin', 0, 'dblp parser', '4g', '6', '4g', '3', b'1', 'Example2', '0641076d5ae840c09d2be5b71fw00002');


-- ----------------------------
-- Records of mx_graph_model
-- ----------------------------
INSERT INTO `mx_graph_model`(`id`, `crt_dttm`, `crt_user`, `enable_flag`, `last_update_dttm`, `last_update_user`, `version`, `mx_arrows`, `mx_background`, `mx_connect`, `mx_dx`, `mx_dy`, `mx_fold`, `mx_grid`, `mx_gridsize`, `mx_guides`, `mx_page`, `mx_pageheight`, `mx_pagescale`, `mx_pagewidth`, `mx_tooltips`, `fk_flow_id`) VALUES ('0641076d5ae840c09d2be5b71mgm0001', NOW(), 'admin', b'1', NOW(), 'admin', 0, '1', '#ffffff', '1', '1353', '681', '1', '1', '10', '1', '1', '1169', '1', '827', '1', '0641076d5ae840c09d2be5b71fw00001');
INSERT INTO `mx_graph_model`(`id`, `crt_dttm`, `crt_user`, `enable_flag`, `last_update_dttm`, `last_update_user`, `version`, `mx_arrows`, `mx_background`, `mx_connect`, `mx_dx`, `mx_dy`, `mx_fold`, `mx_grid`, `mx_gridsize`, `mx_guides`, `mx_page`, `mx_pageheight`, `mx_pagescale`, `mx_pagewidth`, `mx_tooltips`, `fk_flow_id`) VALUES ('0641076d5ae840c09d2be5b71mgm0002', NOW(), 'admin', b'1', NOW(), 'admin', 0, '1', '#ffffff', '1', '1353', '681', '1', '1', '10', '1', '1', '1169', '1', '827', '1', '0641076d5ae840c09d2be5b71fw00002');


-- ----------------------------
-- Records of mx_cell
-- ----------------------------
INSERT INTO `mx_cell`(`id`, `crt_dttm`, `crt_user`, `enable_flag`, `last_update_dttm`, `last_update_user`, `version`, `mx_edge`, `mx_pageid`, `mx_parent`, `mx_source`, `mx_style`, `mx_target`, `mx_value`, `mx_vertex`, `fk_mx_graph_id`) VALUES ('0641076d5ae840c09d2be5b71mc00001', NOW(), 'admin', b'1', NOW(), 'admin', 0, '1', '106', '1', '89', 'edgeStyle=orthogonalEdgeStyle;rounded=0;html=1;entryX=0.5;entryY=0;jettySize=auto;orthogonalLoop=1;', '90', NULL, NULL, '0641076d5ae840c09d2be5b71mgm0002');
INSERT INTO `mx_cell`(`id`, `crt_dttm`, `crt_user`, `enable_flag`, `last_update_dttm`, `last_update_user`, `version`, `mx_edge`, `mx_pageid`, `mx_parent`, `mx_source`, `mx_style`, `mx_target`, `mx_value`, `mx_vertex`, `fk_mx_graph_id`) VALUES ('0641076d5ae840c09d2be5b71mc00002', NOW(), 'admin', b'1', NOW(), 'admin', 0, NULL, '86', '1', NULL, 'image;html=1;labelBackgroundColor=#ffffff00;image=/piflow-web/images/PutHiveStreaming_128x128.png', NULL, 'PutHiveStreaming_proceedings', '1', '0641076d5ae840c09d2be5b71mgm0002');
INSERT INTO `mx_cell`(`id`, `crt_dttm`, `crt_user`, `enable_flag`, `last_update_dttm`, `last_update_user`, `version`, `mx_edge`, `mx_pageid`, `mx_parent`, `mx_source`, `mx_style`, `mx_target`, `mx_value`, `mx_vertex`, `fk_mx_graph_id`) VALUES ('0641076d5ae840c09d2be5b71mc00003', NOW(), 'admin', b'1', NOW(), 'admin', 0, '1', '100', '1', '74', 'edgeStyle=orthogonalEdgeStyle;rounded=0;html=1;entryX=0.5;entryY=0;jettySize=auto;orthogonalLoop=1;', '48', NULL, NULL, '0641076d5ae840c09d2be5b71mgm0002');
INSERT INTO `mx_cell`(`id`, `crt_dttm`, `crt_user`, `enable_flag`, `last_update_dttm`, `last_update_user`, `version`, `mx_edge`, `mx_pageid`, `mx_parent`, `mx_source`, `mx_style`, `mx_target`, `mx_value`, `mx_vertex`, `fk_mx_graph_id`) VALUES ('0641076d5ae840c09d2be5b71mc00004', NOW(), 'admin', b'1', NOW(), 'admin', 0, '1', '108', '1', '90', 'edgeStyle=orthogonalEdgeStyle;rounded=0;html=1;entryX=0.5;entryY=0;jettySize=auto;orthogonalLoop=1;', '68', NULL, NULL, '0641076d5ae840c09d2be5b71mgm0002');
INSERT INTO `mx_cell`(`id`, `crt_dttm`, `crt_user`, `enable_flag`, `last_update_dttm`, `last_update_user`, `version`, `mx_edge`, `mx_pageid`, `mx_parent`, `mx_source`, `mx_style`, `mx_target`, `mx_value`, `mx_vertex`, `fk_mx_graph_id`) VALUES ('0641076d5ae840c09d2be5b71mc00005', NOW(), 'admin', b'1', NOW(), 'admin', 0, '1', '117', '1', '88', 'edgeStyle=orthogonalEdgeStyle;rounded=0;html=1;entryX=0.5;entryY=0;jettySize=auto;orthogonalLoop=1;', '75', NULL, NULL, '0641076d5ae840c09d2be5b71mgm0002');
INSERT INTO `mx_cell`(`id`, `crt_dttm`, `crt_user`, `enable_flag`, `last_update_dttm`, `last_update_user`, `version`, `mx_edge`, `mx_pageid`, `mx_parent`, `mx_source`, `mx_style`, `mx_target`, `mx_value`, `mx_vertex`, `fk_mx_graph_id`) VALUES ('0641076d5ae840c09d2be5b71mc00006', NOW(), 'admin', b'1', NOW(), 'admin', 0, NULL, '59', '1', NULL, 'image;html=1;labelBackgroundColor=#ffffff00;image=/piflow-web/images/XmlParser_128x128.png', NULL, 'XmlParser_incollection', '1', '0641076d5ae840c09d2be5b71mgm0002');
INSERT INTO `mx_cell`(`id`, `crt_dttm`, `crt_user`, `enable_flag`, `last_update_dttm`, `last_update_user`, `version`, `mx_edge`, `mx_pageid`, `mx_parent`, `mx_source`, `mx_style`, `mx_target`, `mx_value`, `mx_vertex`, `fk_mx_graph_id`) VALUES ('0641076d5ae840c09d2be5b71mc00007', NOW(), 'admin', b'1', NOW(), 'admin', 0, '1', '109', '1', '68', 'edgeStyle=orthogonalEdgeStyle;rounded=0;html=1;entryX=0.5;entryY=0;jettySize=auto;orthogonalLoop=1;', '62', NULL, NULL, '0641076d5ae840c09d2be5b71mgm0002');
INSERT INTO `mx_cell`(`id`, `crt_dttm`, `crt_user`, `enable_flag`, `last_update_dttm`, `last_update_user`, `version`, `mx_edge`, `mx_pageid`, `mx_parent`, `mx_source`, `mx_style`, `mx_target`, `mx_value`, `mx_vertex`, `fk_mx_graph_id`) VALUES ('0641076d5ae840c09d2be5b71mc00008', NOW(), 'admin', b'1', NOW(), 'admin', 0, '1', '113', '1', '49', 'edgeStyle=orthogonalEdgeStyle;rounded=0;html=1;jettySize=auto;orthogonalLoop=1;', '71', NULL, NULL, '0641076d5ae840c09d2be5b71mgm0002');
INSERT INTO `mx_cell`(`id`, `crt_dttm`, `crt_user`, `enable_flag`, `last_update_dttm`, `last_update_user`, `version`, `mx_edge`, `mx_pageid`, `mx_parent`, `mx_source`, `mx_style`, `mx_target`, `mx_value`, `mx_vertex`, `fk_mx_graph_id`) VALUES ('0641076d5ae840c09d2be5b71mc00009', NOW(), 'admin', b'1', NOW(), 'admin', 0, NULL, '66', '1', NULL, 'image;html=1;labelBackgroundColor=#ffffff00;image=/piflow-web/images/ConvertSchema_128x128.png', NULL, 'ConvertSchema_www', '1', '0641076d5ae840c09d2be5b71mgm0002');
INSERT INTO `mx_cell`(`id`, `crt_dttm`, `crt_user`, `enable_flag`, `last_update_dttm`, `last_update_user`, `version`, `mx_edge`, `mx_pageid`, `mx_parent`, `mx_source`, `mx_style`, `mx_target`, `mx_value`, `mx_vertex`, `fk_mx_graph_id`) VALUES ('0641076d5ae840c09d2be5b71mc00010', NOW(), 'admin', b'1', NOW(), 'admin', 0, NULL, '3', '1', NULL, 'image;html=1;labelBackgroundColor=#ffffff;image=/piflow-web/images/SelectField_128x128.png', NULL, 'SelectField', '1', '0641076d5ae840c09d2be5b71mgm0001');
INSERT INTO `mx_cell`(`id`, `crt_dttm`, `crt_user`, `enable_flag`, `last_update_dttm`, `last_update_user`, `version`, `mx_edge`, `mx_pageid`, `mx_parent`, `mx_source`, `mx_style`, `mx_target`, `mx_value`, `mx_vertex`, `fk_mx_graph_id`) VALUES ('0641076d5ae840c09d2be5b71mc00011', NOW(), 'admin', b'1', NOW(), 'admin', 0, '1', '14', '1', '9', 'edgeStyle=orthogonalEdgeStyle;rounded=0;html=1;jettySize=auto;orthogonalLoop=1;noEdgeStyle=1;orthogonal=1;', '13', NULL, NULL, '0641076d5ae840c09d2be5b71mgm0001');
INSERT INTO `mx_cell`(`id`, `crt_dttm`, `crt_user`, `enable_flag`, `last_update_dttm`, `last_update_user`, `version`, `mx_edge`, `mx_pageid`, `mx_parent`, `mx_source`, `mx_style`, `mx_target`, `mx_value`, `mx_vertex`, `fk_mx_graph_id`) VALUES ('0641076d5ae840c09d2be5b71mc00012', NOW(), 'admin', b'1', NOW(), 'admin', 0, NULL, '61', '1', NULL, 'image;html=1;labelBackgroundColor=#ffffff00;image=/piflow-web/images/PutHiveStreaming_128x128.png', NULL, 'PutHiveStreaming_incollection', '1', '0641076d5ae840c09d2be5b71mgm0002');
INSERT INTO `mx_cell`(`id`, `crt_dttm`, `crt_user`, `enable_flag`, `last_update_dttm`, `last_update_user`, `version`, `mx_edge`, `mx_pageid`, `mx_parent`, `mx_source`, `mx_style`, `mx_target`, `mx_value`, `mx_vertex`, `fk_mx_graph_id`) VALUES ('0641076d5ae840c09d2be5b71mc00013', NOW(), 'admin', b'1', NOW(), 'admin', 0, '1', '7', '1', '3', 'edgeStyle=orthogonalEdgeStyle;rounded=0;html=1;entryX=0.5;entryY=0;jettySize=auto;orthogonalLoop=1;noEdgeStyle=1;orthogonal=1;', '6', NULL, NULL, '0641076d5ae840c09d2be5b71mgm0001');
INSERT INTO `mx_cell`(`id`, `crt_dttm`, `crt_user`, `enable_flag`, `last_update_dttm`, `last_update_user`, `version`, `mx_edge`, `mx_pageid`, `mx_parent`, `mx_source`, `mx_style`, `mx_target`, `mx_value`, `mx_vertex`, `fk_mx_graph_id`) VALUES ('0641076d5ae840c09d2be5b71mc00014', NOW(), 'admin', b'1', NOW(), 'admin', 0, '1', '95', '1', '55', 'edgeStyle=orthogonalEdgeStyle;rounded=0;html=1;entryX=0.5;entryY=0;jettySize=auto;orthogonalLoop=1;', '58', NULL, NULL, '0641076d5ae840c09d2be5b71mgm0002');
INSERT INTO `mx_cell`(`id`, `crt_dttm`, `crt_user`, `enable_flag`, `last_update_dttm`, `last_update_user`, `version`, `mx_edge`, `mx_pageid`, `mx_parent`, `mx_source`, `mx_style`, `mx_target`, `mx_value`, `mx_vertex`, `fk_mx_graph_id`) VALUES ('0641076d5ae840c09d2be5b71mc00015', NOW(), 'admin', b'1', NOW(), 'admin', 0, NULL, '50', '1', NULL, 'image;html=1;labelBackgroundColor=#ffffff00;image=/piflow-web/images/PutHiveStreaming_128x128.png', NULL, 'PutHiveStreaming_mastersthesis', '1', '0641076d5ae840c09d2be5b71mgm0002');
INSERT INTO `mx_cell`(`id`, `crt_dttm`, `crt_user`, `enable_flag`, `last_update_dttm`, `last_update_user`, `version`, `mx_edge`, `mx_pageid`, `mx_parent`, `mx_source`, `mx_style`, `mx_target`, `mx_value`, `mx_vertex`, `fk_mx_graph_id`) VALUES ('0641076d5ae840c09d2be5b71mc00016', NOW(), 'admin', b'1', NOW(), 'admin', 0, NULL, '65', '1', NULL, 'image;html=1;labelBackgroundColor=#ffffff00;image=/piflow-web/images/SelectField_128x128.png', NULL, 'SelectField_proceedings', '1', '0641076d5ae840c09d2be5b71mgm0002');
INSERT INTO `mx_cell`(`id`, `crt_dttm`, `crt_user`, `enable_flag`, `last_update_dttm`, `last_update_user`, `version`, `mx_edge`, `mx_pageid`, `mx_parent`, `mx_source`, `mx_style`, `mx_target`, `mx_value`, `mx_vertex`, `fk_mx_graph_id`) VALUES ('0641076d5ae840c09d2be5b71mc00017', NOW(), 'admin', b'1', NOW(), 'admin', 0, NULL, '60', '1', NULL, 'image;html=1;labelBackgroundColor=#ffffff00;image=/piflow-web/images/XmlParser_128x128.png', NULL, 'XmlParser_www', '1', '0641076d5ae840c09d2be5b71mgm0002');
INSERT INTO `mx_cell`(`id`, `crt_dttm`, `crt_user`, `enable_flag`, `last_update_dttm`, `last_update_user`, `version`, `mx_edge`, `mx_pageid`, `mx_parent`, `mx_source`, `mx_style`, `mx_target`, `mx_value`, `mx_vertex`, `fk_mx_graph_id`) VALUES ('0641076d5ae840c09d2be5b71mc00018', NOW(), 'admin', b'1', NOW(), 'admin', 0, NULL, '68', '1', NULL, 'image;html=1;labelBackgroundColor=#ffffff00;image=/piflow-web/images/SelectField_128x128.png', NULL, 'SelectField_book', '1', '0641076d5ae840c09d2be5b71mgm0002');
INSERT INTO `mx_cell`(`id`, `crt_dttm`, `crt_user`, `enable_flag`, `last_update_dttm`, `last_update_user`, `version`, `mx_edge`, `mx_pageid`, `mx_parent`, `mx_source`, `mx_style`, `mx_target`, `mx_value`, `mx_vertex`, `fk_mx_graph_id`) VALUES ('0641076d5ae840c09d2be5b71mc00019', NOW(), 'admin', b'1', NOW(), 'admin', 0, '1', '129', '1', '85', 'edgeStyle=orthogonalEdgeStyle;rounded=0;html=1;entryX=0.5;entryY=0;jettySize=auto;orthogonalLoop=1;', '76', NULL, NULL, '0641076d5ae840c09d2be5b71mgm0002');
INSERT INTO `mx_cell`(`id`, `crt_dttm`, `crt_user`, `enable_flag`, `last_update_dttm`, `last_update_user`, `version`, `mx_edge`, `mx_pageid`, `mx_parent`, `mx_source`, `mx_style`, `mx_target`, `mx_value`, `mx_vertex`, `fk_mx_graph_id`) VALUES ('0641076d5ae840c09d2be5b71mc00020', NOW(), 'admin', b'1', NOW(), 'admin', 0, '1', '103', '1', '59', 'edgeStyle=orthogonalEdgeStyle;rounded=0;html=1;entryX=0.5;entryY=0;jettySize=auto;orthogonalLoop=1;', '69', NULL, NULL, '0641076d5ae840c09d2be5b71mgm0002');
INSERT INTO `mx_cell`(`id`, `crt_dttm`, `crt_user`, `enable_flag`, `last_update_dttm`, `last_update_user`, `version`, `mx_edge`, `mx_pageid`, `mx_parent`, `mx_source`, `mx_style`, `mx_target`, `mx_value`, `mx_vertex`, `fk_mx_graph_id`) VALUES ('0641076d5ae840c09d2be5b71mc00021', NOW(), 'admin', b'1', NOW(), 'admin', 0, '1', '110', '1', '70', 'edgeStyle=orthogonalEdgeStyle;rounded=0;html=1;entryX=0.5;entryY=0;jettySize=auto;orthogonalLoop=1;', '56', NULL, NULL, '0641076d5ae840c09d2be5b71mgm0002');
INSERT INTO `mx_cell`(`id`, `crt_dttm`, `crt_user`, `enable_flag`, `last_update_dttm`, `last_update_user`, `version`, `mx_edge`, `mx_pageid`, `mx_parent`, `mx_source`, `mx_style`, `mx_target`, `mx_value`, `mx_vertex`, `fk_mx_graph_id`) VALUES ('0641076d5ae840c09d2be5b71mc00022', NOW(), 'admin', b'1', NOW(), 'admin', 0, NULL, '48', '1', NULL, 'image;html=1;labelBackgroundColor=#ffffff00;image=/piflow-web/images/PutHiveStreaming_128x128.png', NULL, 'PutHiveStreaming_www', '1', '0641076d5ae840c09d2be5b71mgm0002');
INSERT INTO `mx_cell`(`id`, `crt_dttm`, `crt_user`, `enable_flag`, `last_update_dttm`, `last_update_user`, `version`, `mx_edge`, `mx_pageid`, `mx_parent`, `mx_source`, `mx_style`, `mx_target`, `mx_value`, `mx_vertex`, `fk_mx_graph_id`) VALUES ('0641076d5ae840c09d2be5b71mc00023', NOW(), 'admin', b'1', NOW(), 'admin', 0, NULL, '70', '1', NULL, 'image;html=1;labelBackgroundColor=#ffffff00;image=/piflow-web/images/XmlParser_128x128.png', NULL, 'XmlParser_proceedings', '1', '0641076d5ae840c09d2be5b71mgm0002');
INSERT INTO `mx_cell`(`id`, `crt_dttm`, `crt_user`, `enable_flag`, `last_update_dttm`, `last_update_user`, `version`, `mx_edge`, `mx_pageid`, `mx_parent`, `mx_source`, `mx_style`, `mx_target`, `mx_value`, `mx_vertex`, `fk_mx_graph_id`) VALUES ('0641076d5ae840c09d2be5b71mc00024', NOW(), 'admin', b'1', NOW(), 'admin', 0, '1', '126', '1', '85', 'edgeStyle=orthogonalEdgeStyle;rounded=0;html=1;entryX=0.5;entryY=0;jettySize=auto;orthogonalLoop=1;', '89', NULL, NULL, '0641076d5ae840c09d2be5b71mgm0002');
INSERT INTO `mx_cell`(`id`, `crt_dttm`, `crt_user`, `enable_flag`, `last_update_dttm`, `last_update_user`, `version`, `mx_edge`, `mx_pageid`, `mx_parent`, `mx_source`, `mx_style`, `mx_target`, `mx_value`, `mx_vertex`, `fk_mx_graph_id`) VALUES ('0641076d5ae840c09d2be5b71mc00025', NOW(), 'admin', b'1', NOW(), 'admin', 0, '1', '63', '1', '64', 'edgeStyle=orthogonalEdgeStyle;rounded=0;html=1;entryX=0.5;entryY=0;jettySize=auto;orthogonalLoop=1;', '85', NULL, NULL, '0641076d5ae840c09d2be5b71mgm0002');
INSERT INTO `mx_cell`(`id`, `crt_dttm`, `crt_user`, `enable_flag`, `last_update_dttm`, `last_update_user`, `version`, `mx_edge`, `mx_pageid`, `mx_parent`, `mx_source`, `mx_style`, `mx_target`, `mx_value`, `mx_vertex`, `fk_mx_graph_id`) VALUES ('0641076d5ae840c09d2be5b71mc00026', NOW(), 'admin', b'1', NOW(), 'admin', 0, '1', '105', '1', '52', 'edgeStyle=orthogonalEdgeStyle;rounded=0;html=1;jettySize=auto;orthogonalLoop=1;', '61', NULL, NULL, '0641076d5ae840c09d2be5b71mgm0002');
INSERT INTO `mx_cell`(`id`, `crt_dttm`, `crt_user`, `enable_flag`, `last_update_dttm`, `last_update_user`, `version`, `mx_edge`, `mx_pageid`, `mx_parent`, `mx_source`, `mx_style`, `mx_target`, `mx_value`, `mx_vertex`, `fk_mx_graph_id`) VALUES ('0641076d5ae840c09d2be5b71mc00027', NOW(), 'admin', b'1', NOW(), 'admin', 0, '1', '8', '1', '5', 'edgeStyle=orthogonalEdgeStyle;rounded=0;html=1;entryX=0.5;entryY=0;jettySize=auto;orthogonalLoop=1;noEdgeStyle=1;orthogonal=1;', '6', NULL, NULL, '0641076d5ae840c09d2be5b71mgm0001');
INSERT INTO `mx_cell`(`id`, `crt_dttm`, `crt_user`, `enable_flag`, `last_update_dttm`, `last_update_user`, `version`, `mx_edge`, `mx_pageid`, `mx_parent`, `mx_source`, `mx_style`, `mx_target`, `mx_value`, `mx_vertex`, `fk_mx_graph_id`) VALUES ('0641076d5ae840c09d2be5b71mc00028', NOW(), 'admin', b'1', NOW(), 'admin', 0, '1', '128', '1', '85', 'edgeStyle=orthogonalEdgeStyle;rounded=0;html=1;entryX=0.5;entryY=0;jettySize=auto;orthogonalLoop=1;', '49', NULL, NULL, '0641076d5ae840c09d2be5b71mgm0002');
INSERT INTO `mx_cell`(`id`, `crt_dttm`, `crt_user`, `enable_flag`, `last_update_dttm`, `last_update_user`, `version`, `mx_edge`, `mx_pageid`, `mx_parent`, `mx_source`, `mx_style`, `mx_target`, `mx_value`, `mx_vertex`, `fk_mx_graph_id`) VALUES ('0641076d5ae840c09d2be5b71mc00029', NOW(), 'admin', b'1', NOW(), 'admin', 0, NULL, '64', '1', NULL, 'image;html=1;labelBackgroundColor=#ffffff00;image=/piflow-web/images/UnzipFilesOnHDFS_128x128.png', NULL, 'UnzipFilesOnHDFS', '1', '0641076d5ae840c09d2be5b71mgm0002');
INSERT INTO `mx_cell`(`id`, `crt_dttm`, `crt_user`, `enable_flag`, `last_update_dttm`, `last_update_user`, `version`, `mx_edge`, `mx_pageid`, `mx_parent`, `mx_source`, `mx_style`, `mx_target`, `mx_value`, `mx_vertex`, `fk_mx_graph_id`) VALUES ('0641076d5ae840c09d2be5b71mc00030', NOW(), 'admin', b'1', NOW(), 'admin', 0, '1', '4', '1', '2', 'edgeStyle=orthogonalEdgeStyle;rounded=0;html=1;jettySize=auto;orthogonalLoop=1;noEdgeStyle=1;orthogonal=1;', '3', NULL, NULL, '0641076d5ae840c09d2be5b71mgm0001');
INSERT INTO `mx_cell`(`id`, `crt_dttm`, `crt_user`, `enable_flag`, `last_update_dttm`, `last_update_user`, `version`, `mx_edge`, `mx_pageid`, `mx_parent`, `mx_source`, `mx_style`, `mx_target`, `mx_value`, `mx_vertex`, `fk_mx_graph_id`) VALUES ('0641076d5ae840c09d2be5b71mc00031', NOW(), 'admin', b'1', NOW(), 'admin', 0, '1', '12', '1', '9', 'edgeStyle=orthogonalEdgeStyle;rounded=0;html=1;jettySize=auto;orthogonalLoop=1;noEdgeStyle=1;orthogonal=1;', '11', NULL, NULL, '0641076d5ae840c09d2be5b71mgm0001');
INSERT INTO `mx_cell`(`id`, `crt_dttm`, `crt_user`, `enable_flag`, `last_update_dttm`, `last_update_user`, `version`, `mx_edge`, `mx_pageid`, `mx_parent`, `mx_source`, `mx_style`, `mx_target`, `mx_value`, `mx_vertex`, `fk_mx_graph_id`) VALUES ('0641076d5ae840c09d2be5b71mc00032', NOW(), 'admin', b'1', NOW(), 'admin', 0, NULL, '85', '1', NULL, 'image;html=1;labelBackgroundColor=#ffffff00;image=/piflow-web/images/Fork_128x128.png', NULL, 'Fork', '1', '0641076d5ae840c09d2be5b71mgm0002');
INSERT INTO `mx_cell`(`id`, `crt_dttm`, `crt_user`, `enable_flag`, `last_update_dttm`, `last_update_user`, `version`, `mx_edge`, `mx_pageid`, `mx_parent`, `mx_source`, `mx_style`, `mx_target`, `mx_value`, `mx_vertex`, `fk_mx_graph_id`) VALUES ('0641076d5ae840c09d2be5b71mc00033', NOW(), 'admin', b'1', NOW(), 'admin', 0, NULL, '89', '1', NULL, 'image;html=1;labelBackgroundColor=#ffffff00;image=/piflow-web/images/XmlParser_128x128.png', NULL, 'XmlParser_book', '1', '0641076d5ae840c09d2be5b71mgm0002');
INSERT INTO `mx_cell`(`id`, `crt_dttm`, `crt_user`, `enable_flag`, `last_update_dttm`, `last_update_user`, `version`, `mx_edge`, `mx_pageid`, `mx_parent`, `mx_source`, `mx_style`, `mx_target`, `mx_value`, `mx_vertex`, `fk_mx_graph_id`) VALUES ('0641076d5ae840c09d2be5b71mc00034', NOW(), 'admin', b'1', NOW(), 'admin', 0, '1', '118', '1', '75', 'edgeStyle=orthogonalEdgeStyle;rounded=0;html=1;entryX=0.5;entryY=0;jettySize=auto;orthogonalLoop=1;', '51', NULL, NULL, '0641076d5ae840c09d2be5b71mgm0002');
INSERT INTO `mx_cell`(`id`, `crt_dttm`, `crt_user`, `enable_flag`, `last_update_dttm`, `last_update_user`, `version`, `mx_edge`, `mx_pageid`, `mx_parent`, `mx_source`, `mx_style`, `mx_target`, `mx_value`, `mx_vertex`, `fk_mx_graph_id`) VALUES ('0641076d5ae840c09d2be5b71mc00035', NOW(), 'admin', b'1', NOW(), 'admin', 0, NULL, '11', '1', NULL, 'image;html=1;labelBackgroundColor=#ffffff;image=/piflow-web/images/PutHiveStreaming_128x128.png', NULL, 'PutHiveStreaming', '1', '0641076d5ae840c09d2be5b71mgm0001');
INSERT INTO `mx_cell`(`id`, `crt_dttm`, `crt_user`, `enable_flag`, `last_update_dttm`, `last_update_user`, `version`, `mx_edge`, `mx_pageid`, `mx_parent`, `mx_source`, `mx_style`, `mx_target`, `mx_value`, `mx_vertex`, `fk_mx_graph_id`) VALUES ('0641076d5ae840c09d2be5b71mc00036', NOW(), 'admin', b'1', NOW(), 'admin', 0, NULL, '0', '', NULL, NULL, NULL, NULL, NULL, '0641076d5ae840c09d2be5b71mgm0002');
INSERT INTO `mx_cell`(`id`, `crt_dttm`, `crt_user`, `enable_flag`, `last_update_dttm`, `last_update_user`, `version`, `mx_edge`, `mx_pageid`, `mx_parent`, `mx_source`, `mx_style`, `mx_target`, `mx_value`, `mx_vertex`, `fk_mx_graph_id`) VALUES ('0641076d5ae840c09d2be5b71mc00037', NOW(), 'admin', b'1', NOW(), 'admin', 0, NULL, '49', '1', NULL, 'image;html=1;labelBackgroundColor=#ffffff00;image=/piflow-web/images/XmlParser_128x128.png', NULL, 'XmlParser_inproceedings', '1', '0641076d5ae840c09d2be5b71mgm0002');
INSERT INTO `mx_cell`(`id`, `crt_dttm`, `crt_user`, `enable_flag`, `last_update_dttm`, `last_update_user`, `version`, `mx_edge`, `mx_pageid`, `mx_parent`, `mx_source`, `mx_style`, `mx_target`, `mx_value`, `mx_vertex`, `fk_mx_graph_id`) VALUES ('0641076d5ae840c09d2be5b71mc00038', NOW(), 'admin', b'1', NOW(), 'admin', 0, '1', '98', '1', '60', 'edgeStyle=orthogonalEdgeStyle;rounded=0;html=1;jettySize=auto;orthogonalLoop=1;', '66', NULL, NULL, '0641076d5ae840c09d2be5b71mgm0002');
INSERT INTO `mx_cell`(`id`, `crt_dttm`, `crt_user`, `enable_flag`, `last_update_dttm`, `last_update_user`, `version`, `mx_edge`, `mx_pageid`, `mx_parent`, `mx_source`, `mx_style`, `mx_target`, `mx_value`, `mx_vertex`, `fk_mx_graph_id`) VALUES ('0641076d5ae840c09d2be5b71mc00039', NOW(), 'admin', b'1', NOW(), 'admin', 0, '1', '125', '1', '85', 'edgeStyle=orthogonalEdgeStyle;rounded=0;html=1;entryX=0.5;entryY=0;jettySize=auto;orthogonalLoop=1;', '59', NULL, NULL, '0641076d5ae840c09d2be5b71mgm0002');
INSERT INTO `mx_cell`(`id`, `crt_dttm`, `crt_user`, `enable_flag`, `last_update_dttm`, `last_update_user`, `version`, `mx_edge`, `mx_pageid`, `mx_parent`, `mx_source`, `mx_style`, `mx_target`, `mx_value`, `mx_vertex`, `fk_mx_graph_id`) VALUES ('0641076d5ae840c09d2be5b71mc00040', NOW(), 'admin', b'1', NOW(), 'admin', 0, NULL, '56', '1', NULL, 'image;html=1;labelBackgroundColor=#ffffff00;image=/piflow-web/images/ConvertSchema_128x128.png', NULL, 'ConvertSchema_proceedings', '1', '0641076d5ae840c09d2be5b71mgm0002');
INSERT INTO `mx_cell`(`id`, `crt_dttm`, `crt_user`, `enable_flag`, `last_update_dttm`, `last_update_user`, `version`, `mx_edge`, `mx_pageid`, `mx_parent`, `mx_source`, `mx_style`, `mx_target`, `mx_value`, `mx_vertex`, `fk_mx_graph_id`) VALUES ('0641076d5ae840c09d2be5b71mc00041', NOW(), 'admin', b'1', NOW(), 'admin', 0, NULL, '1', '0', NULL, NULL, NULL, NULL, NULL, '0641076d5ae840c09d2be5b71mgm0002');
INSERT INTO `mx_cell`(`id`, `crt_dttm`, `crt_user`, `enable_flag`, `last_update_dttm`, `last_update_user`, `version`, `mx_edge`, `mx_pageid`, `mx_parent`, `mx_source`, `mx_style`, `mx_target`, `mx_value`, `mx_vertex`, `fk_mx_graph_id`) VALUES ('0641076d5ae840c09d2be5b71mc00042', NOW(), 'admin', b'1', NOW(), 'admin', 0, NULL, '76', '1', NULL, 'image;html=1;labelBackgroundColor=#ffffff00;image=/piflow-web/images/XmlParser_128x128.png', NULL, 'XmlParser_article', '1', '0641076d5ae840c09d2be5b71mgm0002');
INSERT INTO `mx_cell`(`id`, `crt_dttm`, `crt_user`, `enable_flag`, `last_update_dttm`, `last_update_user`, `version`, `mx_edge`, `mx_pageid`, `mx_parent`, `mx_source`, `mx_style`, `mx_target`, `mx_value`, `mx_vertex`, `fk_mx_graph_id`) VALUES ('0641076d5ae840c09d2be5b71mc00043', NOW(), 'admin', b'1', NOW(), 'admin', 0, '1', '94', '1', '91', 'edgeStyle=orthogonalEdgeStyle;rounded=0;html=1;entryX=0.5;entryY=0;jettySize=auto;orthogonalLoop=1;', '73', NULL, NULL, '0641076d5ae840c09d2be5b71mgm0002');
INSERT INTO `mx_cell`(`id`, `crt_dttm`, `crt_user`, `enable_flag`, `last_update_dttm`, `last_update_user`, `version`, `mx_edge`, `mx_pageid`, `mx_parent`, `mx_source`, `mx_style`, `mx_target`, `mx_value`, `mx_vertex`, `fk_mx_graph_id`) VALUES ('0641076d5ae840c09d2be5b71mc00044', NOW(), 'admin', b'1', NOW(), 'admin', 0, NULL, '71', '1', NULL, 'image;html=1;labelBackgroundColor=#ffffff00;image=/piflow-web/images/ConvertSchema_128x128.png', NULL, 'ConvertSchema_inproceedings', '1', '0641076d5ae840c09d2be5b71mgm0002');
INSERT INTO `mx_cell`(`id`, `crt_dttm`, `crt_user`, `enable_flag`, `last_update_dttm`, `last_update_user`, `version`, `mx_edge`, `mx_pageid`, `mx_parent`, `mx_source`, `mx_style`, `mx_target`, `mx_value`, `mx_vertex`, `fk_mx_graph_id`) VALUES ('0641076d5ae840c09d2be5b71mc00045', NOW(), 'admin', b'1', NOW(), 'admin', 0, '1', '115', '1', '87', 'edgeStyle=orthogonalEdgeStyle;rounded=0;html=1;entryX=0.5;entryY=0;jettySize=auto;orthogonalLoop=1;', '54', NULL, NULL, '0641076d5ae840c09d2be5b71mgm0002');
INSERT INTO `mx_cell`(`id`, `crt_dttm`, `crt_user`, `enable_flag`, `last_update_dttm`, `last_update_user`, `version`, `mx_edge`, `mx_pageid`, `mx_parent`, `mx_source`, `mx_style`, `mx_target`, `mx_value`, `mx_vertex`, `fk_mx_graph_id`) VALUES ('0641076d5ae840c09d2be5b71mc00046', NOW(), 'admin', b'1', NOW(), 'admin', 0, NULL, '54', '1', NULL, 'image;html=1;labelBackgroundColor=#ffffff00;image=/piflow-web/images/PutHiveStreaming_128x128.png', NULL, 'PutHiveStreaming_inproceedings', '1', '0641076d5ae840c09d2be5b71mgm0002');
INSERT INTO `mx_cell`(`id`, `crt_dttm`, `crt_user`, `enable_flag`, `last_update_dttm`, `last_update_user`, `version`, `mx_edge`, `mx_pageid`, `mx_parent`, `mx_source`, `mx_style`, `mx_target`, `mx_value`, `mx_vertex`, `fk_mx_graph_id`) VALUES ('0641076d5ae840c09d2be5b71mc00047', NOW(), 'admin', b'1', NOW(), 'admin', 0, NULL, '58', '1', NULL, 'image;html=1;labelBackgroundColor=#ffffff00;image=/piflow-web/images/ConvertSchema_128x128.png', NULL, 'ConvertSchema_mastersthesis', '1', '0641076d5ae840c09d2be5b71mgm0002');
INSERT INTO `mx_cell`(`id`, `crt_dttm`, `crt_user`, `enable_flag`, `last_update_dttm`, `last_update_user`, `version`, `mx_edge`, `mx_pageid`, `mx_parent`, `mx_source`, `mx_style`, `mx_target`, `mx_value`, `mx_vertex`, `fk_mx_graph_id`) VALUES ('0641076d5ae840c09d2be5b71mc00048', NOW(), 'admin', b'1', NOW(), 'admin', 0, '1', '104', '1', '69', 'edgeStyle=orthogonalEdgeStyle;rounded=0;html=1;entryX=0.5;entryY=0;jettySize=auto;orthogonalLoop=1;', '52', NULL, NULL, '0641076d5ae840c09d2be5b71mgm0002');
INSERT INTO `mx_cell`(`id`, `crt_dttm`, `crt_user`, `enable_flag`, `last_update_dttm`, `last_update_user`, `version`, `mx_edge`, `mx_pageid`, `mx_parent`, `mx_source`, `mx_style`, `mx_target`, `mx_value`, `mx_vertex`, `fk_mx_graph_id`) VALUES ('0641076d5ae840c09d2be5b71mc00049', NOW(), 'admin', b'1', NOW(), 'admin', 0, '1', '114', '1', '71', 'edgeStyle=orthogonalEdgeStyle;rounded=0;html=1;entryX=0.5;entryY=0;jettySize=auto;orthogonalLoop=1;', '87', NULL, NULL, '0641076d5ae840c09d2be5b71mgm0002');
INSERT INTO `mx_cell`(`id`, `crt_dttm`, `crt_user`, `enable_flag`, `last_update_dttm`, `last_update_user`, `version`, `mx_edge`, `mx_pageid`, `mx_parent`, `mx_source`, `mx_style`, `mx_target`, `mx_value`, `mx_vertex`, `fk_mx_graph_id`) VALUES ('0641076d5ae840c09d2be5b71mc00050', NOW(), 'admin', b'1', NOW(), 'admin', 0, NULL, '51', '1', NULL, 'image;html=1;labelBackgroundColor=#ffffff00;image=/piflow-web/images/PutHiveStreaming_128x128.png', NULL, 'PutHiveStreaming_article', '1', '0641076d5ae840c09d2be5b71mgm0002');
INSERT INTO `mx_cell`(`id`, `crt_dttm`, `crt_user`, `enable_flag`, `last_update_dttm`, `last_update_user`, `version`, `mx_edge`, `mx_pageid`, `mx_parent`, `mx_source`, `mx_style`, `mx_target`, `mx_value`, `mx_vertex`, `fk_mx_graph_id`) VALUES ('0641076d5ae840c09d2be5b71mc00051', NOW(), 'admin', b'1', NOW(), 'admin', 0, NULL, '88', '1', NULL, 'image;html=1;labelBackgroundColor=#ffffff00;image=/piflow-web/images/ConvertSchema_128x128.png', NULL, 'ConvertSchema_article', '1', '0641076d5ae840c09d2be5b71mgm0002');
INSERT INTO `mx_cell`(`id`, `crt_dttm`, `crt_user`, `enable_flag`, `last_update_dttm`, `last_update_user`, `version`, `mx_edge`, `mx_pageid`, `mx_parent`, `mx_source`, `mx_style`, `mx_target`, `mx_value`, `mx_vertex`, `fk_mx_graph_id`) VALUES ('0641076d5ae840c09d2be5b71mc00052', NOW(), 'admin', b'1', NOW(), 'admin', 0, '1', '124', '1', '85', 'edgeStyle=orthogonalEdgeStyle;rounded=0;html=1;entryX=0.5;entryY=0;jettySize=auto;orthogonalLoop=1;', '60', NULL, NULL, '0641076d5ae840c09d2be5b71mgm0002');
INSERT INTO `mx_cell`(`id`, `crt_dttm`, `crt_user`, `enable_flag`, `last_update_dttm`, `last_update_user`, `version`, `mx_edge`, `mx_pageid`, `mx_parent`, `mx_source`, `mx_style`, `mx_target`, `mx_value`, `mx_vertex`, `fk_mx_graph_id`) VALUES ('0641076d5ae840c09d2be5b71mc00053', NOW(), 'admin', b'1', NOW(), 'admin', 0, NULL, '62', '1', NULL, 'image;html=1;labelBackgroundColor=#ffffff00;image=/piflow-web/images/PutHiveStreaming_128x128.png', NULL, 'PutHiveStreaming_book', '1', '0641076d5ae840c09d2be5b71mgm0002');
INSERT INTO `mx_cell`(`id`, `crt_dttm`, `crt_user`, `enable_flag`, `last_update_dttm`, `last_update_user`, `version`, `mx_edge`, `mx_pageid`, `mx_parent`, `mx_source`, `mx_style`, `mx_target`, `mx_value`, `mx_vertex`, `fk_mx_graph_id`) VALUES ('0641076d5ae840c09d2be5b71mc00054', NOW(), 'admin', b'1', NOW(), 'admin', 0, NULL, '13', '1', NULL, 'image;html=1;labelBackgroundColor=#ffffff;image=/piflow-web/images/CsvSave_128x128.png', NULL, 'CsvSave', '1', '0641076d5ae840c09d2be5b71mgm0001');
INSERT INTO `mx_cell`(`id`, `crt_dttm`, `crt_user`, `enable_flag`, `last_update_dttm`, `last_update_user`, `version`, `mx_edge`, `mx_pageid`, `mx_parent`, `mx_source`, `mx_style`, `mx_target`, `mx_value`, `mx_vertex`, `fk_mx_graph_id`) VALUES ('0641076d5ae840c09d2be5b71mc00055', NOW(), 'admin', b'1', NOW(), 'admin', 0, NULL, '87', '1', NULL, 'image;html=1;labelBackgroundColor=#ffffff00;image=/piflow-web/images/SelectField_128x128.png', NULL, 'SelectField_inproceedings', '1', '0641076d5ae840c09d2be5b71mgm0002');
INSERT INTO `mx_cell`(`id`, `crt_dttm`, `crt_user`, `enable_flag`, `last_update_dttm`, `last_update_user`, `version`, `mx_edge`, `mx_pageid`, `mx_parent`, `mx_source`, `mx_style`, `mx_target`, `mx_value`, `mx_vertex`, `fk_mx_graph_id`) VALUES ('0641076d5ae840c09d2be5b71mc00056', NOW(), 'admin', b'1', NOW(), 'admin', 0, NULL, '130', '1', NULL, 'image;html=1;labelBackgroundColor=#ffffff00;image=/piflow-web/images/FileDownHDFS_128x128.png', NULL, 'FileDownHDFS', '1', '0641076d5ae840c09d2be5b71mgm0002');
INSERT INTO `mx_cell`(`id`, `crt_dttm`, `crt_user`, `enable_flag`, `last_update_dttm`, `last_update_user`, `version`, `mx_edge`, `mx_pageid`, `mx_parent`, `mx_source`, `mx_style`, `mx_target`, `mx_value`, `mx_vertex`, `fk_mx_graph_id`) VALUES ('0641076d5ae840c09d2be5b71mc00057', NOW(), 'admin', b'1', NOW(), 'admin', 0, NULL, '5', '1', NULL, 'image;html=1;labelBackgroundColor=#ffffff;image=/piflow-web/images/CsvParser_128x128.png', NULL, 'CsvParser', '1', '0641076d5ae840c09d2be5b71mgm0001');
INSERT INTO `mx_cell`(`id`, `crt_dttm`, `crt_user`, `enable_flag`, `last_update_dttm`, `last_update_user`, `version`, `mx_edge`, `mx_pageid`, `mx_parent`, `mx_source`, `mx_style`, `mx_target`, `mx_value`, `mx_vertex`, `fk_mx_graph_id`) VALUES ('0641076d5ae840c09d2be5b71mc00058', NOW(), 'admin', b'1', NOW(), 'admin', 0, '1', '96', '1', '58', 'edgeStyle=orthogonalEdgeStyle;rounded=0;html=1;entryX=0.5;entryY=0;jettySize=auto;orthogonalLoop=1;', '72', NULL, NULL, '0641076d5ae840c09d2be5b71mgm0002');
INSERT INTO `mx_cell`(`id`, `crt_dttm`, `crt_user`, `enable_flag`, `last_update_dttm`, `last_update_user`, `version`, `mx_edge`, `mx_pageid`, `mx_parent`, `mx_source`, `mx_style`, `mx_target`, `mx_value`, `mx_vertex`, `fk_mx_graph_id`) VALUES ('0641076d5ae840c09d2be5b71mc00059', NOW(), 'admin', b'1', NOW(), 'admin', 0, NULL, '74', '1', NULL, 'image;html=1;labelBackgroundColor=#ffffff00;image=/piflow-web/images/SelectField_128x128.png', NULL, 'SelectField_www', '1', '0641076d5ae840c09d2be5b71mgm0002');
INSERT INTO `mx_cell`(`id`, `crt_dttm`, `crt_user`, `enable_flag`, `last_update_dttm`, `last_update_user`, `version`, `mx_edge`, `mx_pageid`, `mx_parent`, `mx_source`, `mx_style`, `mx_target`, `mx_value`, `mx_vertex`, `fk_mx_graph_id`) VALUES ('0641076d5ae840c09d2be5b71mc00060', NOW(), 'admin', b'1', NOW(), 'admin', 0, NULL, '57', '1', NULL, 'image;html=1;labelBackgroundColor=#ffffff00;image=/piflow-web/images/ConvertSchema_128x128.png', NULL, 'ConvertSchema_phdthesis', '1', '0641076d5ae840c09d2be5b71mgm0002');
INSERT INTO `mx_cell`(`id`, `crt_dttm`, `crt_user`, `enable_flag`, `last_update_dttm`, `last_update_user`, `version`, `mx_edge`, `mx_pageid`, `mx_parent`, `mx_source`, `mx_style`, `mx_target`, `mx_value`, `mx_vertex`, `fk_mx_graph_id`) VALUES ('0641076d5ae840c09d2be5b71mc00061', NOW(), 'admin', b'1', NOW(), 'admin', 0, NULL, '2', '1', NULL, 'image;html=1;labelBackgroundColor=#ffffff;image=/piflow-web/images/XmlParser_128x128.png', NULL, 'XmlParser', '1', '0641076d5ae840c09d2be5b71mgm0001');
INSERT INTO `mx_cell`(`id`, `crt_dttm`, `crt_user`, `enable_flag`, `last_update_dttm`, `last_update_user`, `version`, `mx_edge`, `mx_pageid`, `mx_parent`, `mx_source`, `mx_style`, `mx_target`, `mx_value`, `mx_vertex`, `fk_mx_graph_id`) VALUES ('0641076d5ae840c09d2be5b71mc00062', NOW(), 'admin', b'1', NOW(), 'admin', 0, '1', '112', '1', '65', 'edgeStyle=orthogonalEdgeStyle;rounded=0;html=1;entryX=0.5;entryY=0;jettySize=auto;orthogonalLoop=1;', '86', NULL, NULL, '0641076d5ae840c09d2be5b71mgm0002');
INSERT INTO `mx_cell`(`id`, `crt_dttm`, `crt_user`, `enable_flag`, `last_update_dttm`, `last_update_user`, `version`, `mx_edge`, `mx_pageid`, `mx_parent`, `mx_source`, `mx_style`, `mx_target`, `mx_value`, `mx_vertex`, `fk_mx_graph_id`) VALUES ('0641076d5ae840c09d2be5b71mc00063', NOW(), 'admin', b'1', NOW(), 'admin', 0, '1', '111', '1', '56', 'edgeStyle=orthogonalEdgeStyle;rounded=0;html=1;entryX=0.5;entryY=0;jettySize=auto;orthogonalLoop=1;', '65', NULL, NULL, '0641076d5ae840c09d2be5b71mgm0002');
INSERT INTO `mx_cell`(`id`, `crt_dttm`, `crt_user`, `enable_flag`, `last_update_dttm`, `last_update_user`, `version`, `mx_edge`, `mx_pageid`, `mx_parent`, `mx_source`, `mx_style`, `mx_target`, `mx_value`, `mx_vertex`, `fk_mx_graph_id`) VALUES ('0641076d5ae840c09d2be5b71mc00064', NOW(), 'admin', b'1', NOW(), 'admin', 0, '1', '138', '1', '130', 'edgeStyle=orthogonalEdgeStyle;rounded=0;html=1;entryX=0.5;entryY=0;jettySize=auto;orthogonalLoop=1;', '64', NULL, NULL, '0641076d5ae840c09d2be5b71mgm0002');
INSERT INTO `mx_cell`(`id`, `crt_dttm`, `crt_user`, `enable_flag`, `last_update_dttm`, `last_update_user`, `version`, `mx_edge`, `mx_pageid`, `mx_parent`, `mx_source`, `mx_style`, `mx_target`, `mx_value`, `mx_vertex`, `fk_mx_graph_id`) VALUES ('0641076d5ae840c09d2be5b71mc00065', NOW(), 'admin', b'1', NOW(), 'admin', 0, NULL, '6', '1', NULL, 'image;html=1;labelBackgroundColor=#ffffff;image=/piflow-web/images/Merge_128x128.png', NULL, 'Merge', '1', '0641076d5ae840c09d2be5b71mgm0001');
INSERT INTO `mx_cell`(`id`, `crt_dttm`, `crt_user`, `enable_flag`, `last_update_dttm`, `last_update_user`, `version`, `mx_edge`, `mx_pageid`, `mx_parent`, `mx_source`, `mx_style`, `mx_target`, `mx_value`, `mx_vertex`, `fk_mx_graph_id`) VALUES ('0641076d5ae840c09d2be5b71mc00066', NOW(), 'admin', b'1', NOW(), 'admin', 0, NULL, '73', '1', NULL, 'image;html=1;labelBackgroundColor=#ffffff00;image=/piflow-web/images/PutHiveStreaming_128x128.png', NULL, 'PutHiveStreaming_phdthesis', '1', '0641076d5ae840c09d2be5b71mgm0002');
INSERT INTO `mx_cell`(`id`, `crt_dttm`, `crt_user`, `enable_flag`, `last_update_dttm`, `last_update_user`, `version`, `mx_edge`, `mx_pageid`, `mx_parent`, `mx_source`, `mx_style`, `mx_target`, `mx_value`, `mx_vertex`, `fk_mx_graph_id`) VALUES ('0641076d5ae840c09d2be5b71mc00067', NOW(), 'admin', b'1', NOW(), 'admin', 0, NULL, '52', '1', NULL, 'image;html=1;labelBackgroundColor=#ffffff00;image=/piflow-web/images/SelectField_128x128.png', NULL, 'SelectField_incollection', '1', '0641076d5ae840c09d2be5b71mgm0002');
INSERT INTO `mx_cell`(`id`, `crt_dttm`, `crt_user`, `enable_flag`, `last_update_dttm`, `last_update_user`, `version`, `mx_edge`, `mx_pageid`, `mx_parent`, `mx_source`, `mx_style`, `mx_target`, `mx_value`, `mx_vertex`, `fk_mx_graph_id`) VALUES ('0641076d5ae840c09d2be5b71mc00068', NOW(), 'admin', b'1', NOW(), 'admin', 0, NULL, '90', '1', NULL, 'image;html=1;labelBackgroundColor=#ffffff00;image=/piflow-web/images/ConvertSchema_128x128.png', NULL, 'ConvertSchema_book', '1', '0641076d5ae840c09d2be5b71mgm0002');
INSERT INTO `mx_cell`(`id`, `crt_dttm`, `crt_user`, `enable_flag`, `last_update_dttm`, `last_update_user`, `version`, `mx_edge`, `mx_pageid`, `mx_parent`, `mx_source`, `mx_style`, `mx_target`, `mx_value`, `mx_vertex`, `fk_mx_graph_id`) VALUES ('0641076d5ae840c09d2be5b71mc00069', NOW(), 'admin', b'1', NOW(), 'admin', 0, '1', '123', '1', '85', 'edgeStyle=orthogonalEdgeStyle;rounded=0;html=1;entryX=0.5;entryY=0;jettySize=auto;orthogonalLoop=1;', '55', NULL, NULL, '0641076d5ae840c09d2be5b71mgm0002');
INSERT INTO `mx_cell`(`id`, `crt_dttm`, `crt_user`, `enable_flag`, `last_update_dttm`, `last_update_user`, `version`, `mx_edge`, `mx_pageid`, `mx_parent`, `mx_source`, `mx_style`, `mx_target`, `mx_value`, `mx_vertex`, `fk_mx_graph_id`) VALUES ('0641076d5ae840c09d2be5b71mc00070', NOW(), 'admin', b'1', NOW(), 'admin', 0, '1', '16', '1', '9', 'edgeStyle=orthogonalEdgeStyle;rounded=0;html=1;noEdgeStyle=1;orthogonal=1;', '15', NULL, NULL, '0641076d5ae840c09d2be5b71mgm0001');
INSERT INTO `mx_cell`(`id`, `crt_dttm`, `crt_user`, `enable_flag`, `last_update_dttm`, `last_update_user`, `version`, `mx_edge`, `mx_pageid`, `mx_parent`, `mx_source`, `mx_style`, `mx_target`, `mx_value`, `mx_vertex`, `fk_mx_graph_id`) VALUES ('0641076d5ae840c09d2be5b71mc00071', NOW(), 'admin', b'1', NOW(), 'admin', 0, NULL, '75', '1', NULL, 'image;html=1;labelBackgroundColor=#ffffff00;image=/piflow-web/images/SelectField_128x128.png', NULL, 'SelectField_article', '1', '0641076d5ae840c09d2be5b71mgm0002');
INSERT INTO `mx_cell`(`id`, `crt_dttm`, `crt_user`, `enable_flag`, `last_update_dttm`, `last_update_user`, `version`, `mx_edge`, `mx_pageid`, `mx_parent`, `mx_source`, `mx_style`, `mx_target`, `mx_value`, `mx_vertex`, `fk_mx_graph_id`) VALUES ('0641076d5ae840c09d2be5b71mc00072', NOW(), 'admin', b'1', NOW(), 'admin', 0, NULL, '1', '0', NULL, NULL, NULL, NULL, NULL, '0641076d5ae840c09d2be5b71mgm0001');
INSERT INTO `mx_cell`(`id`, `crt_dttm`, `crt_user`, `enable_flag`, `last_update_dttm`, `last_update_user`, `version`, `mx_edge`, `mx_pageid`, `mx_parent`, `mx_source`, `mx_style`, `mx_target`, `mx_value`, `mx_vertex`, `fk_mx_graph_id`) VALUES ('0641076d5ae840c09d2be5b71mc00073', NOW(), 'admin', b'1', NOW(), 'admin', 0, '1', '10', '1', '6', 'edgeStyle=orthogonalEdgeStyle;rounded=0;html=1;entryX=0.5;entryY=0;jettySize=auto;orthogonalLoop=1;noEdgeStyle=1;orthogonal=1;exitX=0.5;exitY=1;', '9', NULL, NULL, '0641076d5ae840c09d2be5b71mgm0001');
INSERT INTO `mx_cell`(`id`, `crt_dttm`, `crt_user`, `enable_flag`, `last_update_dttm`, `last_update_user`, `version`, `mx_edge`, `mx_pageid`, `mx_parent`, `mx_source`, `mx_style`, `mx_target`, `mx_value`, `mx_vertex`, `fk_mx_graph_id`) VALUES ('0641076d5ae840c09d2be5b71mc00074', NOW(), 'admin', b'1', NOW(), 'admin', 0, NULL, '0', '', NULL, NULL, NULL, NULL, NULL, '0641076d5ae840c09d2be5b71mgm0001');
INSERT INTO `mx_cell`(`id`, `crt_dttm`, `crt_user`, `enable_flag`, `last_update_dttm`, `last_update_user`, `version`, `mx_edge`, `mx_pageid`, `mx_parent`, `mx_source`, `mx_style`, `mx_target`, `mx_value`, `mx_vertex`, `fk_mx_graph_id`) VALUES ('0641076d5ae840c09d2be5b71mc00075', NOW(), 'admin', b'1', NOW(), 'admin', 0, '1', '99', '1', '66', 'edgeStyle=orthogonalEdgeStyle;rounded=0;html=1;entryX=0.5;entryY=0;jettySize=auto;orthogonalLoop=1;', '74', NULL, NULL, '0641076d5ae840c09d2be5b71mgm0002');
INSERT INTO `mx_cell`(`id`, `crt_dttm`, `crt_user`, `enable_flag`, `last_update_dttm`, `last_update_user`, `version`, `mx_edge`, `mx_pageid`, `mx_parent`, `mx_source`, `mx_style`, `mx_target`, `mx_value`, `mx_vertex`, `fk_mx_graph_id`) VALUES ('0641076d5ae840c09d2be5b71mc00076', NOW(), 'admin', b'1', NOW(), 'admin', 0, '1', '97', '1', '72', 'edgeStyle=orthogonalEdgeStyle;rounded=0;html=1;entryX=0.5;entryY=0;jettySize=auto;orthogonalLoop=1;', '50', NULL, NULL, '0641076d5ae840c09d2be5b71mgm0002');
INSERT INTO `mx_cell`(`id`, `crt_dttm`, `crt_user`, `enable_flag`, `last_update_dttm`, `last_update_user`, `version`, `mx_edge`, `mx_pageid`, `mx_parent`, `mx_source`, `mx_style`, `mx_target`, `mx_value`, `mx_vertex`, `fk_mx_graph_id`) VALUES ('0641076d5ae840c09d2be5b71mc00077', NOW(), 'admin', b'1', NOW(), 'admin', 0, NULL, '72', '1', NULL, 'image;html=1;labelBackgroundColor=#ffffff00;image=/piflow-web/images/SelectField_128x128.png', NULL, 'SelectField_mastersthesis', '1', '0641076d5ae840c09d2be5b71mgm0002');
INSERT INTO `mx_cell`(`id`, `crt_dttm`, `crt_user`, `enable_flag`, `last_update_dttm`, `last_update_user`, `version`, `mx_edge`, `mx_pageid`, `mx_parent`, `mx_source`, `mx_style`, `mx_target`, `mx_value`, `mx_vertex`, `fk_mx_graph_id`) VALUES ('0641076d5ae840c09d2be5b71mc00078', NOW(), 'admin', b'1', NOW(), 'admin', 0, '1', '122', '1', '85', 'edgeStyle=orthogonalEdgeStyle;rounded=0;html=1;entryX=0.5;entryY=0;jettySize=auto;orthogonalLoop=1;', '67', NULL, NULL, '0641076d5ae840c09d2be5b71mgm0002');
INSERT INTO `mx_cell`(`id`, `crt_dttm`, `crt_user`, `enable_flag`, `last_update_dttm`, `last_update_user`, `version`, `mx_edge`, `mx_pageid`, `mx_parent`, `mx_source`, `mx_style`, `mx_target`, `mx_value`, `mx_vertex`, `fk_mx_graph_id`) VALUES ('0641076d5ae840c09d2be5b71mc00079', NOW(), 'admin', b'1', NOW(), 'admin', 0, NULL, '91', '1', NULL, 'image;html=1;labelBackgroundColor=#ffffff00;image=/piflow-web/images/SelectField_128x128.png', NULL, 'SelectField_phdthesis', '1', '0641076d5ae840c09d2be5b71mgm0002');
INSERT INTO `mx_cell`(`id`, `crt_dttm`, `crt_user`, `enable_flag`, `last_update_dttm`, `last_update_user`, `version`, `mx_edge`, `mx_pageid`, `mx_parent`, `mx_source`, `mx_style`, `mx_target`, `mx_value`, `mx_vertex`, `fk_mx_graph_id`) VALUES ('0641076d5ae840c09d2be5b71mc00080', NOW(), 'admin', b'1', NOW(), 'admin', 0, '1', '127', '1', '85', 'edgeStyle=orthogonalEdgeStyle;rounded=0;html=1;entryX=0.5;entryY=0;jettySize=auto;orthogonalLoop=1;', '70', NULL, NULL, '0641076d5ae840c09d2be5b71mgm0002');
INSERT INTO `mx_cell`(`id`, `crt_dttm`, `crt_user`, `enable_flag`, `last_update_dttm`, `last_update_user`, `version`, `mx_edge`, `mx_pageid`, `mx_parent`, `mx_source`, `mx_style`, `mx_target`, `mx_value`, `mx_vertex`, `fk_mx_graph_id`) VALUES ('0641076d5ae840c09d2be5b71mc00081', NOW(), 'admin', b'1', NOW(), 'admin', 0, '1', '116', '1', '76', 'edgeStyle=orthogonalEdgeStyle;rounded=0;html=1;jettySize=auto;orthogonalLoop=1;', '88', NULL, NULL, '0641076d5ae840c09d2be5b71mgm0002');
INSERT INTO `mx_cell`(`id`, `crt_dttm`, `crt_user`, `enable_flag`, `last_update_dttm`, `last_update_user`, `version`, `mx_edge`, `mx_pageid`, `mx_parent`, `mx_source`, `mx_style`, `mx_target`, `mx_value`, `mx_vertex`, `fk_mx_graph_id`) VALUES ('0641076d5ae840c09d2be5b71mc00082', NOW(), 'admin', b'1', NOW(), 'admin', 0, NULL, '15', '1', NULL, 'image;html=1;labelBackgroundColor=#ffffff;image=/piflow-web/images/JsonSave_128x128.png', NULL, 'JsonSave', '1', '0641076d5ae840c09d2be5b71mgm0001');
INSERT INTO `mx_cell`(`id`, `crt_dttm`, `crt_user`, `enable_flag`, `last_update_dttm`, `last_update_user`, `version`, `mx_edge`, `mx_pageid`, `mx_parent`, `mx_source`, `mx_style`, `mx_target`, `mx_value`, `mx_vertex`, `fk_mx_graph_id`) VALUES ('0641076d5ae840c09d2be5b71mc00083', NOW(), 'admin', b'1', NOW(), 'admin', 0, '1', '93', '1', '57', 'edgeStyle=orthogonalEdgeStyle;rounded=0;html=1;entryX=0.5;entryY=0;jettySize=auto;orthogonalLoop=1;', '91', NULL, NULL, '0641076d5ae840c09d2be5b71mgm0002');
INSERT INTO `mx_cell`(`id`, `crt_dttm`, `crt_user`, `enable_flag`, `last_update_dttm`, `last_update_user`, `version`, `mx_edge`, `mx_pageid`, `mx_parent`, `mx_source`, `mx_style`, `mx_target`, `mx_value`, `mx_vertex`, `fk_mx_graph_id`) VALUES ('0641076d5ae840c09d2be5b71mc00084', NOW(), 'admin', b'1', NOW(), 'admin', 0, '1', '92', '1', '67', 'edgeStyle=orthogonalEdgeStyle;rounded=0;html=1;entryX=0.5;entryY=0;jettySize=auto;orthogonalLoop=1;', '57', NULL, NULL, '0641076d5ae840c09d2be5b71mgm0002');
INSERT INTO `mx_cell`(`id`, `crt_dttm`, `crt_user`, `enable_flag`, `last_update_dttm`, `last_update_user`, `version`, `mx_edge`, `mx_pageid`, `mx_parent`, `mx_source`, `mx_style`, `mx_target`, `mx_value`, `mx_vertex`, `fk_mx_graph_id`) VALUES ('0641076d5ae840c09d2be5b71mc00085', NOW(), 'admin', b'1', NOW(), 'admin', 0, NULL, '55', '1', NULL, 'image;html=1;labelBackgroundColor=#ffffff00;image=/piflow-web/images/XmlParser_128x128.png', NULL, 'XmlParser_mastersthesis', '1', '0641076d5ae840c09d2be5b71mgm0002');
INSERT INTO `mx_cell`(`id`, `crt_dttm`, `crt_user`, `enable_flag`, `last_update_dttm`, `last_update_user`, `version`, `mx_edge`, `mx_pageid`, `mx_parent`, `mx_source`, `mx_style`, `mx_target`, `mx_value`, `mx_vertex`, `fk_mx_graph_id`) VALUES ('0641076d5ae840c09d2be5b71mc00086', NOW(), 'admin', b'1', NOW(), 'admin', 0, NULL, '9', '1', NULL, 'image;html=1;labelBackgroundColor=#ffffff;image=/piflow-web/images/Fork_128x128.png', NULL, 'Fork', '1', '0641076d5ae840c09d2be5b71mgm0001');
INSERT INTO `mx_cell`(`id`, `crt_dttm`, `crt_user`, `enable_flag`, `last_update_dttm`, `last_update_user`, `version`, `mx_edge`, `mx_pageid`, `mx_parent`, `mx_source`, `mx_style`, `mx_target`, `mx_value`, `mx_vertex`, `fk_mx_graph_id`) VALUES ('0641076d5ae840c09d2be5b71mc00087', NOW(), 'admin', b'1', NOW(), 'admin', 0, NULL, '69', '1', NULL, 'image;html=1;labelBackgroundColor=#ffffff00;image=/piflow-web/images/ConvertSchema_128x128.png', NULL, 'ConvertSchema_incollection', '1', '0641076d5ae840c09d2be5b71mgm0002');
INSERT INTO `mx_cell`(`id`, `crt_dttm`, `crt_user`, `enable_flag`, `last_update_dttm`, `last_update_user`, `version`, `mx_edge`, `mx_pageid`, `mx_parent`, `mx_source`, `mx_style`, `mx_target`, `mx_value`, `mx_vertex`, `fk_mx_graph_id`) VALUES ('0641076d5ae840c09d2be5b71mc00088', NOW(), 'admin', b'1', NOW(), 'admin', 0, NULL, '67', '1', NULL, 'image;html=1;labelBackgroundColor=#ffffff00;image=/piflow-web/images/XmlParser_128x128.png', NULL, 'XmlParser_phdthesis', '1', '0641076d5ae840c09d2be5b71mgm0002');


-- ----------------------------
-- Records of mx_geometry
-- ----------------------------
INSERT INTO `mx_geometry`(`id`, `crt_dttm`, `crt_user`, `enable_flag`, `last_update_dttm`, `last_update_user`, `version`, `mx_as`, `mx_height`, `mx_relative`, `mx_width`, `mx_x`, `mx_y`, `fk_mx_cell_id`) VALUES ('0641076d5ae840c09d2be5b71mg00001', NOW(), 'admin', b'1', NOW(), 'admin', 0, 'geometry', NULL, '1', NULL, NULL, NULL, '0641076d5ae840c09d2be5b71mc00024');
INSERT INTO `mx_geometry`(`id`, `crt_dttm`, `crt_user`, `enable_flag`, `last_update_dttm`, `last_update_user`, `version`, `mx_as`, `mx_height`, `mx_relative`, `mx_width`, `mx_x`, `mx_y`, `fk_mx_cell_id`) VALUES ('0641076d5ae840c09d2be5b71mg00002', NOW(), 'admin', b'1', NOW(), 'admin', 0, 'geometry', '66', NULL, '66', '1300', '800', '0641076d5ae840c09d2be5b71mc00071');
INSERT INTO `mx_geometry`(`id`, `crt_dttm`, `crt_user`, `enable_flag`, `last_update_dttm`, `last_update_user`, `version`, `mx_as`, `mx_height`, `mx_relative`, `mx_width`, `mx_x`, `mx_y`, `fk_mx_cell_id`) VALUES ('0641076d5ae840c09d2be5b71mg00003', NOW(), 'admin', b'1', NOW(), 'admin', 0, 'geometry', '66', NULL, '66', '100', '400', '0641076d5ae840c09d2be5b71mc00088');
INSERT INTO `mx_geometry`(`id`, `crt_dttm`, `crt_user`, `enable_flag`, `last_update_dttm`, `last_update_user`, `version`, `mx_as`, `mx_height`, `mx_relative`, `mx_width`, `mx_x`, `mx_y`, `fk_mx_cell_id`) VALUES ('0641076d5ae840c09d2be5b71mg00004', NOW(), 'admin', b'1', NOW(), 'admin', 0, 'geometry', '66', NULL, '66', '1000', '990', '0641076d5ae840c09d2be5b71mc00002');
INSERT INTO `mx_geometry`(`id`, `crt_dttm`, `crt_user`, `enable_flag`, `last_update_dttm`, `last_update_user`, `version`, `mx_as`, `mx_height`, `mx_relative`, `mx_width`, `mx_x`, `mx_y`, `fk_mx_cell_id`) VALUES ('0641076d5ae840c09d2be5b71mg00005', NOW(), 'admin', b'1', NOW(), 'admin', 0, 'geometry', NULL, '1', NULL, NULL, NULL, '0641076d5ae840c09d2be5b71mc00052');
INSERT INTO `mx_geometry`(`id`, `crt_dttm`, `crt_user`, `enable_flag`, `last_update_dttm`, `last_update_user`, `version`, `mx_as`, `mx_height`, `mx_relative`, `mx_width`, `mx_x`, `mx_y`, `fk_mx_cell_id`) VALUES ('0641076d5ae840c09d2be5b71mg00006', NOW(), 'admin', b'1', NOW(), 'admin', 0, 'geometry', '66', NULL, '66', '700', '240', '0641076d5ae840c09d2be5b71mc00032');
INSERT INTO `mx_geometry`(`id`, `crt_dttm`, `crt_user`, `enable_flag`, `last_update_dttm`, `last_update_user`, `version`, `mx_as`, `mx_height`, `mx_relative`, `mx_width`, `mx_x`, `mx_y`, `fk_mx_cell_id`) VALUES ('0641076d5ae840c09d2be5b71mg00007', NOW(), 'admin', b'1', NOW(), 'admin', 0, 'geometry', '66', NULL, '66', '100', '600', '0641076d5ae840c09d2be5b71mc00060');
INSERT INTO `mx_geometry`(`id`, `crt_dttm`, `crt_user`, `enable_flag`, `last_update_dttm`, `last_update_user`, `version`, `mx_as`, `mx_height`, `mx_relative`, `mx_width`, `mx_x`, `mx_y`, `fk_mx_cell_id`) VALUES ('0641076d5ae840c09d2be5b71mg00008', NOW(), 'admin', b'1', NOW(), 'admin', 0, 'geometry', '66', NULL, '66', '550', '800', '0641076d5ae840c09d2be5b71mc00067');
INSERT INTO `mx_geometry`(`id`, `crt_dttm`, `crt_user`, `enable_flag`, `last_update_dttm`, `last_update_user`, `version`, `mx_as`, `mx_height`, `mx_relative`, `mx_width`, `mx_x`, `mx_y`, `fk_mx_cell_id`) VALUES ('0641076d5ae840c09d2be5b71mg00009', NOW(), 'admin', b'1', NOW(), 'admin', 0, 'geometry', NULL, '1', NULL, NULL, NULL, '0641076d5ae840c09d2be5b71mc00048');
INSERT INTO `mx_geometry`(`id`, `crt_dttm`, `crt_user`, `enable_flag`, `last_update_dttm`, `last_update_user`, `version`, `mx_as`, `mx_height`, `mx_relative`, `mx_width`, `mx_x`, `mx_y`, `fk_mx_cell_id`) VALUES ('0641076d5ae840c09d2be5b71mg00010', NOW(), 'admin', b'1', NOW(), 'admin', 0, 'geometry', NULL, '1', NULL, NULL, NULL, '0641076d5ae840c09d2be5b71mc00008');
INSERT INTO `mx_geometry`(`id`, `crt_dttm`, `crt_user`, `enable_flag`, `last_update_dttm`, `last_update_user`, `version`, `mx_as`, `mx_height`, `mx_relative`, `mx_width`, `mx_x`, `mx_y`, `fk_mx_cell_id`) VALUES ('0641076d5ae840c09d2be5b71mg00011', NOW(), 'admin', b'1', NOW(), 'admin', 0, 'geometry', NULL, '1', NULL, NULL, NULL, '0641076d5ae840c09d2be5b71mc00003');
INSERT INTO `mx_geometry`(`id`, `crt_dttm`, `crt_user`, `enable_flag`, `last_update_dttm`, `last_update_user`, `version`, `mx_as`, `mx_height`, `mx_relative`, `mx_width`, `mx_x`, `mx_y`, `fk_mx_cell_id`) VALUES ('0641076d5ae840c09d2be5b71mg00012', NOW(), 'admin', b'1', NOW(), 'admin', 0, 'geometry', NULL, '1', NULL, NULL, NULL, '0641076d5ae840c09d2be5b71mc00004');
INSERT INTO `mx_geometry`(`id`, `crt_dttm`, `crt_user`, `enable_flag`, `last_update_dttm`, `last_update_user`, `version`, `mx_as`, `mx_height`, `mx_relative`, `mx_width`, `mx_x`, `mx_y`, `fk_mx_cell_id`) VALUES ('0641076d5ae840c09d2be5b71mg00013', NOW(), 'admin', b'1', NOW(), 'admin', 0, 'geometry', '66', NULL, '66', '1150', '400', '0641076d5ae840c09d2be5b71mc00037');
INSERT INTO `mx_geometry`(`id`, `crt_dttm`, `crt_user`, `enable_flag`, `last_update_dttm`, `last_update_user`, `version`, `mx_as`, `mx_height`, `mx_relative`, `mx_width`, `mx_x`, `mx_y`, `fk_mx_cell_id`) VALUES ('0641076d5ae840c09d2be5b71mg00014', NOW(), 'admin', b'1', NOW(), 'admin', 0, 'geometry', '66', NULL, '66', '400', '1000', '0641076d5ae840c09d2be5b71mc00022');
INSERT INTO `mx_geometry`(`id`, `crt_dttm`, `crt_user`, `enable_flag`, `last_update_dttm`, `last_update_user`, `version`, `mx_as`, `mx_height`, `mx_relative`, `mx_width`, `mx_x`, `mx_y`, `fk_mx_cell_id`) VALUES ('0641076d5ae840c09d2be5b71mg00015', NOW(), 'admin', b'1', NOW(), 'admin', 0, 'geometry', NULL, '1', NULL, NULL, NULL, '0641076d5ae840c09d2be5b71mc00011');
INSERT INTO `mx_geometry`(`id`, `crt_dttm`, `crt_user`, `enable_flag`, `last_update_dttm`, `last_update_user`, `version`, `mx_as`, `mx_height`, `mx_relative`, `mx_width`, `mx_x`, `mx_y`, `fk_mx_cell_id`) VALUES ('0641076d5ae840c09d2be5b71mg00016', NOW(), 'admin', b'1', NOW(), 'admin', 0, 'geometry', '66', NULL, '66', '250', '400', '0641076d5ae840c09d2be5b71mc00085');
INSERT INTO `mx_geometry`(`id`, `crt_dttm`, `crt_user`, `enable_flag`, `last_update_dttm`, `last_update_user`, `version`, `mx_as`, `mx_height`, `mx_relative`, `mx_width`, `mx_x`, `mx_y`, `fk_mx_cell_id`) VALUES ('0641076d5ae840c09d2be5b71mg00017', NOW(), 'admin', b'1', NOW(), 'admin', 0, 'geometry', NULL, '1', NULL, NULL, NULL, '0641076d5ae840c09d2be5b71mc00049');
INSERT INTO `mx_geometry`(`id`, `crt_dttm`, `crt_user`, `enable_flag`, `last_update_dttm`, `last_update_user`, `version`, `mx_as`, `mx_height`, `mx_relative`, `mx_width`, `mx_x`, `mx_y`, `fk_mx_cell_id`) VALUES ('0641076d5ae840c09d2be5b71mg00018', NOW(), 'admin', b'1', NOW(), 'admin', 0, 'geometry', NULL, '1', NULL, NULL, NULL, '0641076d5ae840c09d2be5b71mc00063');
INSERT INTO `mx_geometry`(`id`, `crt_dttm`, `crt_user`, `enable_flag`, `last_update_dttm`, `last_update_user`, `version`, `mx_as`, `mx_height`, `mx_relative`, `mx_width`, `mx_x`, `mx_y`, `fk_mx_cell_id`) VALUES ('0641076d5ae840c09d2be5b71mg00019', NOW(), 'admin', b'1', NOW(), 'admin', 0, 'geometry', '66', NULL, '66', '1000', '800', '0641076d5ae840c09d2be5b71mc00016');
INSERT INTO `mx_geometry`(`id`, `crt_dttm`, `crt_user`, `enable_flag`, `last_update_dttm`, `last_update_user`, `version`, `mx_as`, `mx_height`, `mx_relative`, `mx_width`, `mx_x`, `mx_y`, `fk_mx_cell_id`) VALUES ('0641076d5ae840c09d2be5b71mg00020', NOW(), 'admin', b'1', NOW(), 'admin', 0, 'geometry', NULL, '1', NULL, NULL, NULL, '0641076d5ae840c09d2be5b71mc00069');
INSERT INTO `mx_geometry`(`id`, `crt_dttm`, `crt_user`, `enable_flag`, `last_update_dttm`, `last_update_user`, `version`, `mx_as`, `mx_height`, `mx_relative`, `mx_width`, `mx_x`, `mx_y`, `fk_mx_cell_id`) VALUES ('0641076d5ae840c09d2be5b71mg00021', NOW(), 'admin', b'1', NOW(), 'admin', 0, 'geometry', NULL, '1', NULL, NULL, NULL, '0641076d5ae840c09d2be5b71mc00021');
INSERT INTO `mx_geometry`(`id`, `crt_dttm`, `crt_user`, `enable_flag`, `last_update_dttm`, `last_update_user`, `version`, `mx_as`, `mx_height`, `mx_relative`, `mx_width`, `mx_x`, `mx_y`, `fk_mx_cell_id`) VALUES ('0641076d5ae840c09d2be5b71mg00022', NOW(), 'admin', b'1', NOW(), 'admin', 0, 'geometry', NULL, '1', NULL, NULL, NULL, '0641076d5ae840c09d2be5b71mc00026');
INSERT INTO `mx_geometry`(`id`, `crt_dttm`, `crt_user`, `enable_flag`, `last_update_dttm`, `last_update_user`, `version`, `mx_as`, `mx_height`, `mx_relative`, `mx_width`, `mx_x`, `mx_y`, `fk_mx_cell_id`) VALUES ('0641076d5ae840c09d2be5b71mg00023', NOW(), 'admin', b'1', NOW(), 'admin', 0, 'geometry', NULL, '1', NULL, NULL, NULL, '0641076d5ae840c09d2be5b71mc00081');
INSERT INTO `mx_geometry`(`id`, `crt_dttm`, `crt_user`, `enable_flag`, `last_update_dttm`, `last_update_user`, `version`, `mx_as`, `mx_height`, `mx_relative`, `mx_width`, `mx_x`, `mx_y`, `fk_mx_cell_id`) VALUES ('0641076d5ae840c09d2be5b71mg00024', NOW(), 'admin', b'1', NOW(), 'admin', 0, 'geometry', '66', NULL, '66', '250', '800', '0641076d5ae840c09d2be5b71mc00077');
INSERT INTO `mx_geometry`(`id`, `crt_dttm`, `crt_user`, `enable_flag`, `last_update_dttm`, `last_update_user`, `version`, `mx_as`, `mx_height`, `mx_relative`, `mx_width`, `mx_x`, `mx_y`, `fk_mx_cell_id`) VALUES ('0641076d5ae840c09d2be5b71mg00025', NOW(), 'admin', b'1', NOW(), 'admin', 0, 'geometry', NULL, '1', NULL, NULL, NULL, '0641076d5ae840c09d2be5b71mc00084');
INSERT INTO `mx_geometry`(`id`, `crt_dttm`, `crt_user`, `enable_flag`, `last_update_dttm`, `last_update_user`, `version`, `mx_as`, `mx_height`, `mx_relative`, `mx_width`, `mx_x`, `mx_y`, `fk_mx_cell_id`) VALUES ('0641076d5ae840c09d2be5b71mg00026', NOW(), 'admin', b'1', NOW(), 'admin', 0, 'geometry', NULL, '1', NULL, NULL, NULL, '0641076d5ae840c09d2be5b71mc00034');
INSERT INTO `mx_geometry`(`id`, `crt_dttm`, `crt_user`, `enable_flag`, `last_update_dttm`, `last_update_user`, `version`, `mx_as`, `mx_height`, `mx_relative`, `mx_width`, `mx_x`, `mx_y`, `fk_mx_cell_id`) VALUES ('0641076d5ae840c09d2be5b71mg00027', NOW(), 'admin', b'1', NOW(), 'admin', 0, 'geometry', '66', NULL, '66', '1300', '990', '0641076d5ae840c09d2be5b71mc00050');
INSERT INTO `mx_geometry`(`id`, `crt_dttm`, `crt_user`, `enable_flag`, `last_update_dttm`, `last_update_user`, `version`, `mx_as`, `mx_height`, `mx_relative`, `mx_width`, `mx_x`, `mx_y`, `fk_mx_cell_id`) VALUES ('0641076d5ae840c09d2be5b71mg00028', NOW(), 'admin', b'1', NOW(), 'admin', 0, 'geometry', NULL, '1', NULL, NULL, NULL, '0641076d5ae840c09d2be5b71mc00083');
INSERT INTO `mx_geometry`(`id`, `crt_dttm`, `crt_user`, `enable_flag`, `last_update_dttm`, `last_update_user`, `version`, `mx_as`, `mx_height`, `mx_relative`, `mx_width`, `mx_x`, `mx_y`, `fk_mx_cell_id`) VALUES ('0641076d5ae840c09d2be5b71mg00029', NOW(), 'admin', b'1', NOW(), 'admin', 0, 'geometry', '66', NULL, '66', '1150', '990', '0641076d5ae840c09d2be5b71mc00046');
INSERT INTO `mx_geometry`(`id`, `crt_dttm`, `crt_user`, `enable_flag`, `last_update_dttm`, `last_update_user`, `version`, `mx_as`, `mx_height`, `mx_relative`, `mx_width`, `mx_x`, `mx_y`, `fk_mx_cell_id`) VALUES ('0641076d5ae840c09d2be5b71mg00030', NOW(), 'admin', b'1', NOW(), 'admin', 0, 'geometry', NULL, '1', NULL, NULL, NULL, '0641076d5ae840c09d2be5b71mc00014');
INSERT INTO `mx_geometry`(`id`, `crt_dttm`, `crt_user`, `enable_flag`, `last_update_dttm`, `last_update_user`, `version`, `mx_as`, `mx_height`, `mx_relative`, `mx_width`, `mx_x`, `mx_y`, `fk_mx_cell_id`) VALUES ('0641076d5ae840c09d2be5b71mg00031', NOW(), 'admin', b'1', NOW(), 'admin', 0, 'geometry', NULL, '1', NULL, NULL, NULL, '0641076d5ae840c09d2be5b71mc00031');
INSERT INTO `mx_geometry`(`id`, `crt_dttm`, `crt_user`, `enable_flag`, `last_update_dttm`, `last_update_user`, `version`, `mx_as`, `mx_height`, `mx_relative`, `mx_width`, `mx_x`, `mx_y`, `fk_mx_cell_id`) VALUES ('0641076d5ae840c09d2be5b71mg00032', NOW(), 'admin', b'1', NOW(), 'admin', 0, 'geometry', NULL, '1', NULL, NULL, NULL, '0641076d5ae840c09d2be5b71mc00001');
INSERT INTO `mx_geometry`(`id`, `crt_dttm`, `crt_user`, `enable_flag`, `last_update_dttm`, `last_update_user`, `version`, `mx_as`, `mx_height`, `mx_relative`, `mx_width`, `mx_x`, `mx_y`, `fk_mx_cell_id`) VALUES ('0641076d5ae840c09d2be5b71mg00033', NOW(), 'admin', b'1', NOW(), 'admin', 0, 'geometry', '66', NULL, '66', '250', '1000', '0641076d5ae840c09d2be5b71mc00015');
INSERT INTO `mx_geometry`(`id`, `crt_dttm`, `crt_user`, `enable_flag`, `last_update_dttm`, `last_update_user`, `version`, `mx_as`, `mx_height`, `mx_relative`, `mx_width`, `mx_x`, `mx_y`, `fk_mx_cell_id`) VALUES ('0641076d5ae840c09d2be5b71mg00034', NOW(), 'admin', b'1', NOW(), 'admin', 0, 'geometry', '66', NULL, '66', '400', '800', '0641076d5ae840c09d2be5b71mc00059');
INSERT INTO `mx_geometry`(`id`, `crt_dttm`, `crt_user`, `enable_flag`, `last_update_dttm`, `last_update_user`, `version`, `mx_as`, `mx_height`, `mx_relative`, `mx_width`, `mx_x`, `mx_y`, `fk_mx_cell_id`) VALUES ('0641076d5ae840c09d2be5b71mg00035', NOW(), 'admin', b'1', NOW(), 'admin', 0, 'geometry', '66', NULL, '66', '400', '600', '0641076d5ae840c09d2be5b71mc00009');
INSERT INTO `mx_geometry`(`id`, `crt_dttm`, `crt_user`, `enable_flag`, `last_update_dttm`, `last_update_user`, `version`, `mx_as`, `mx_height`, `mx_relative`, `mx_width`, `mx_x`, `mx_y`, `fk_mx_cell_id`) VALUES ('0641076d5ae840c09d2be5b71mg00036', NOW(), 'admin', b'1', NOW(), 'admin', 0, 'geometry', '70', NULL, '70', '698', '120', '0641076d5ae840c09d2be5b71mc00029');
INSERT INTO `mx_geometry`(`id`, `crt_dttm`, `crt_user`, `enable_flag`, `last_update_dttm`, `last_update_user`, `version`, `mx_as`, `mx_height`, `mx_relative`, `mx_width`, `mx_x`, `mx_y`, `fk_mx_cell_id`) VALUES ('0641076d5ae840c09d2be5b71mg00037', NOW(), 'admin', b'1', NOW(), 'admin', 0, 'geometry', '66', NULL, '66', '376.875', '568', '0641076d5ae840c09d2be5b71mc00086');
INSERT INTO `mx_geometry`(`id`, `crt_dttm`, `crt_user`, `enable_flag`, `last_update_dttm`, `last_update_user`, `version`, `mx_as`, `mx_height`, `mx_relative`, `mx_width`, `mx_x`, `mx_y`, `fk_mx_cell_id`) VALUES ('0641076d5ae840c09d2be5b71mg00038', NOW(), 'admin', b'1', NOW(), 'admin', 0, 'geometry', '66', NULL, '66', '484.5', '754', '0641076d5ae840c09d2be5b71mc00035');
INSERT INTO `mx_geometry`(`id`, `crt_dttm`, `crt_user`, `enable_flag`, `last_update_dttm`, `last_update_user`, `version`, `mx_as`, `mx_height`, `mx_relative`, `mx_width`, `mx_x`, `mx_y`, `fk_mx_cell_id`) VALUES ('0641076d5ae840c09d2be5b71mg00039', NOW(), 'admin', b'1', NOW(), 'admin', 0, 'geometry', NULL, '1', NULL, NULL, NULL, '0641076d5ae840c09d2be5b71mc00028');
INSERT INTO `mx_geometry`(`id`, `crt_dttm`, `crt_user`, `enable_flag`, `last_update_dttm`, `last_update_user`, `version`, `mx_as`, `mx_height`, `mx_relative`, `mx_width`, `mx_x`, `mx_y`, `fk_mx_cell_id`) VALUES ('0641076d5ae840c09d2be5b71mg00040', NOW(), 'admin', b'1', NOW(), 'admin', 0, 'geometry', '70', NULL, '70', '698', '10', '0641076d5ae840c09d2be5b71mc00056');
INSERT INTO `mx_geometry`(`id`, `crt_dttm`, `crt_user`, `enable_flag`, `last_update_dttm`, `last_update_user`, `version`, `mx_as`, `mx_height`, `mx_relative`, `mx_width`, `mx_x`, `mx_y`, `fk_mx_cell_id`) VALUES ('0641076d5ae840c09d2be5b71mg00041', NOW(), 'admin', b'1', NOW(), 'admin', 0, 'geometry', NULL, '1', NULL, NULL, NULL, '0641076d5ae840c09d2be5b71mc00027');
INSERT INTO `mx_geometry`(`id`, `crt_dttm`, `crt_user`, `enable_flag`, `last_update_dttm`, `last_update_user`, `version`, `mx_as`, `mx_height`, `mx_relative`, `mx_width`, `mx_x`, `mx_y`, `fk_mx_cell_id`) VALUES ('0641076d5ae840c09d2be5b71mg00042', NOW(), 'admin', b'1', NOW(), 'admin', 0, 'geometry', NULL, '1', NULL, NULL, NULL, '0641076d5ae840c09d2be5b71mc00005');
INSERT INTO `mx_geometry`(`id`, `crt_dttm`, `crt_user`, `enable_flag`, `last_update_dttm`, `last_update_user`, `version`, `mx_as`, `mx_height`, `mx_relative`, `mx_width`, `mx_x`, `mx_y`, `fk_mx_cell_id`) VALUES ('0641076d5ae840c09d2be5b71mg00043', NOW(), 'admin', b'1', NOW(), 'admin', 0, 'geometry', NULL, '1', NULL, NULL, NULL, '0641076d5ae840c09d2be5b71mc00039');
INSERT INTO `mx_geometry`(`id`, `crt_dttm`, `crt_user`, `enable_flag`, `last_update_dttm`, `last_update_user`, `version`, `mx_as`, `mx_height`, `mx_relative`, `mx_width`, `mx_x`, `mx_y`, `fk_mx_cell_id`) VALUES ('0641076d5ae840c09d2be5b71mg00044', NOW(), 'admin', b'1', NOW(), 'admin', 0, 'geometry', NULL, '1', NULL, NULL, NULL, '0641076d5ae840c09d2be5b71mc00058');
INSERT INTO `mx_geometry`(`id`, `crt_dttm`, `crt_user`, `enable_flag`, `last_update_dttm`, `last_update_user`, `version`, `mx_as`, `mx_height`, `mx_relative`, `mx_width`, `mx_x`, `mx_y`, `fk_mx_cell_id`) VALUES ('0641076d5ae840c09d2be5b71mg00045', NOW(), 'admin', b'1', NOW(), 'admin', 0, 'geometry', NULL, '1', NULL, NULL, NULL, '0641076d5ae840c09d2be5b71mc00064');
INSERT INTO `mx_geometry`(`id`, `crt_dttm`, `crt_user`, `enable_flag`, `last_update_dttm`, `last_update_user`, `version`, `mx_as`, `mx_height`, `mx_relative`, `mx_width`, `mx_x`, `mx_y`, `fk_mx_cell_id`) VALUES ('0641076d5ae840c09d2be5b71mg00046', NOW(), 'admin', b'1', NOW(), 'admin', 0, 'geometry', '66', NULL, '66', '550', '400', '0641076d5ae840c09d2be5b71mc00006');
INSERT INTO `mx_geometry`(`id`, `crt_dttm`, `crt_user`, `enable_flag`, `last_update_dttm`, `last_update_user`, `version`, `mx_as`, `mx_height`, `mx_relative`, `mx_width`, `mx_x`, `mx_y`, `fk_mx_cell_id`) VALUES ('0641076d5ae840c09d2be5b71mg00047', NOW(), 'admin', b'1', NOW(), 'admin', 0, 'geometry', '66', NULL, '66', '1000', '600', '0641076d5ae840c09d2be5b71mc00040');
INSERT INTO `mx_geometry`(`id`, `crt_dttm`, `crt_user`, `enable_flag`, `last_update_dttm`, `last_update_user`, `version`, `mx_as`, `mx_height`, `mx_relative`, `mx_width`, `mx_x`, `mx_y`, `fk_mx_cell_id`) VALUES ('0641076d5ae840c09d2be5b71mg00048', NOW(), 'admin', b'1', NOW(), 'admin', 0, 'geometry', '66', NULL, '66', '1150', '800', '0641076d5ae840c09d2be5b71mc00055');
INSERT INTO `mx_geometry`(`id`, `crt_dttm`, `crt_user`, `enable_flag`, `last_update_dttm`, `last_update_user`, `version`, `mx_as`, `mx_height`, `mx_relative`, `mx_width`, `mx_x`, `mx_y`, `fk_mx_cell_id`) VALUES ('0641076d5ae840c09d2be5b71mg00049', NOW(), 'admin', b'1', NOW(), 'admin', 0, 'geometry', '66', NULL, '66', '400', '400', '0641076d5ae840c09d2be5b71mc00017');
INSERT INTO `mx_geometry`(`id`, `crt_dttm`, `crt_user`, `enable_flag`, `last_update_dttm`, `last_update_user`, `version`, `mx_as`, `mx_height`, `mx_relative`, `mx_width`, `mx_x`, `mx_y`, `fk_mx_cell_id`) VALUES ('0641076d5ae840c09d2be5b71mg00050', NOW(), 'admin', b'1', NOW(), 'admin', 0, 'geometry', NULL, '1', NULL, NULL, NULL, '0641076d5ae840c09d2be5b71mc00013');
INSERT INTO `mx_geometry`(`id`, `crt_dttm`, `crt_user`, `enable_flag`, `last_update_dttm`, `last_update_user`, `version`, `mx_as`, `mx_height`, `mx_relative`, `mx_width`, `mx_x`, `mx_y`, `fk_mx_cell_id`) VALUES ('0641076d5ae840c09d2be5b71mg00051', NOW(), 'admin', b'1', NOW(), 'admin', 0, 'geometry', NULL, '1', NULL, NULL, NULL, '0641076d5ae840c09d2be5b71mc00078');
INSERT INTO `mx_geometry`(`id`, `crt_dttm`, `crt_user`, `enable_flag`, `last_update_dttm`, `last_update_user`, `version`, `mx_as`, `mx_height`, `mx_relative`, `mx_width`, `mx_x`, `mx_y`, `fk_mx_cell_id`) VALUES ('0641076d5ae840c09d2be5b71mg00052', NOW(), 'admin', b'1', NOW(), 'admin', 0, 'geometry', '66', NULL, '66', '300.5', '196', '0641076d5ae840c09d2be5b71mc00057');
INSERT INTO `mx_geometry`(`id`, `crt_dttm`, `crt_user`, `enable_flag`, `last_update_dttm`, `last_update_user`, `version`, `mx_as`, `mx_height`, `mx_relative`, `mx_width`, `mx_x`, `mx_y`, `fk_mx_cell_id`) VALUES ('0641076d5ae840c09d2be5b71mg00053', NOW(), 'admin', b'1', NOW(), 'admin', 0, 'geometry', '66', NULL, '66', '1300', '400', '0641076d5ae840c09d2be5b71mc00042');
INSERT INTO `mx_geometry`(`id`, `crt_dttm`, `crt_user`, `enable_flag`, `last_update_dttm`, `last_update_user`, `version`, `mx_as`, `mx_height`, `mx_relative`, `mx_width`, `mx_x`, `mx_y`, `fk_mx_cell_id`) VALUES ('0641076d5ae840c09d2be5b71mg00054', NOW(), 'admin', b'1', NOW(), 'admin', 0, 'geometry', NULL, '1', NULL, NULL, NULL, '0641076d5ae840c09d2be5b71mc00007');
INSERT INTO `mx_geometry`(`id`, `crt_dttm`, `crt_user`, `enable_flag`, `last_update_dttm`, `last_update_user`, `version`, `mx_as`, `mx_height`, `mx_relative`, `mx_width`, `mx_x`, `mx_y`, `fk_mx_cell_id`) VALUES ('0641076d5ae840c09d2be5b71mg00055', NOW(), 'admin', b'1', NOW(), 'admin', 0, 'geometry', '66', NULL, '66', '100', '1000', '0641076d5ae840c09d2be5b71mc00066');
INSERT INTO `mx_geometry`(`id`, `crt_dttm`, `crt_user`, `enable_flag`, `last_update_dttm`, `last_update_user`, `version`, `mx_as`, `mx_height`, `mx_relative`, `mx_width`, `mx_x`, `mx_y`, `fk_mx_cell_id`) VALUES ('0641076d5ae840c09d2be5b71mg00056', NOW(), 'admin', b'1', NOW(), 'admin', 0, 'geometry', NULL, '1', NULL, NULL, NULL, '0641076d5ae840c09d2be5b71mc00045');
INSERT INTO `mx_geometry`(`id`, `crt_dttm`, `crt_user`, `enable_flag`, `last_update_dttm`, `last_update_user`, `version`, `mx_as`, `mx_height`, `mx_relative`, `mx_width`, `mx_x`, `mx_y`, `fk_mx_cell_id`) VALUES ('0641076d5ae840c09d2be5b71mg00057', NOW(), 'admin', b'1', NOW(), 'admin', 0, 'geometry', NULL, '1', NULL, NULL, NULL, '0641076d5ae840c09d2be5b71mc00070');
INSERT INTO `mx_geometry`(`id`, `crt_dttm`, `crt_user`, `enable_flag`, `last_update_dttm`, `last_update_user`, `version`, `mx_as`, `mx_height`, `mx_relative`, `mx_width`, `mx_x`, `mx_y`, `fk_mx_cell_id`) VALUES ('0641076d5ae840c09d2be5b71mg00058', NOW(), 'admin', b'1', NOW(), 'admin', 0, 'geometry', NULL, '1', NULL, NULL, NULL, '0641076d5ae840c09d2be5b71mc00076');
INSERT INTO `mx_geometry`(`id`, `crt_dttm`, `crt_user`, `enable_flag`, `last_update_dttm`, `last_update_user`, `version`, `mx_as`, `mx_height`, `mx_relative`, `mx_width`, `mx_x`, `mx_y`, `fk_mx_cell_id`) VALUES ('0641076d5ae840c09d2be5b71mg00059', NOW(), 'admin', b'1', NOW(), 'admin', 0, 'geometry', NULL, '1', NULL, NULL, NULL, '0641076d5ae840c09d2be5b71mc00075');
INSERT INTO `mx_geometry`(`id`, `crt_dttm`, `crt_user`, `enable_flag`, `last_update_dttm`, `last_update_user`, `version`, `mx_as`, `mx_height`, `mx_relative`, `mx_width`, `mx_x`, `mx_y`, `fk_mx_cell_id`) VALUES ('0641076d5ae840c09d2be5b71mg00060', NOW(), 'admin', b'1', NOW(), 'admin', 0, 'geometry', '66', NULL, '66', '550', '1000', '0641076d5ae840c09d2be5b71mc00012');
INSERT INTO `mx_geometry`(`id`, `crt_dttm`, `crt_user`, `enable_flag`, `last_update_dttm`, `last_update_user`, `version`, `mx_as`, `mx_height`, `mx_relative`, `mx_width`, `mx_x`, `mx_y`, `fk_mx_cell_id`) VALUES ('0641076d5ae840c09d2be5b71mg00061', NOW(), 'admin', b'1', NOW(), 'admin', 0, 'geometry', '66', NULL, '66', '850', '600', '0641076d5ae840c09d2be5b71mc00068');
INSERT INTO `mx_geometry`(`id`, `crt_dttm`, `crt_user`, `enable_flag`, `last_update_dttm`, `last_update_user`, `version`, `mx_as`, `mx_height`, `mx_relative`, `mx_width`, `mx_x`, `mx_y`, `fk_mx_cell_id`) VALUES ('0641076d5ae840c09d2be5b71mg00062', NOW(), 'admin', b'1', NOW(), 'admin', 0, 'geometry', '66', NULL, '66', '277', '754', '0641076d5ae840c09d2be5b71mc00082');
INSERT INTO `mx_geometry`(`id`, `crt_dttm`, `crt_user`, `enable_flag`, `last_update_dttm`, `last_update_user`, `version`, `mx_as`, `mx_height`, `mx_relative`, `mx_width`, `mx_x`, `mx_y`, `fk_mx_cell_id`) VALUES ('0641076d5ae840c09d2be5b71mg00063', NOW(), 'admin', b'1', NOW(), 'admin', 0, 'geometry', NULL, '1', NULL, NULL, NULL, '0641076d5ae840c09d2be5b71mc00038');
INSERT INTO `mx_geometry`(`id`, `crt_dttm`, `crt_user`, `enable_flag`, `last_update_dttm`, `last_update_user`, `version`, `mx_as`, `mx_height`, `mx_relative`, `mx_width`, `mx_x`, `mx_y`, `fk_mx_cell_id`) VALUES ('0641076d5ae840c09d2be5b71mg00064', NOW(), 'admin', b'1', NOW(), 'admin', 0, 'geometry', NULL, '1', NULL, NULL, NULL, '0641076d5ae840c09d2be5b71mc00030');
INSERT INTO `mx_geometry`(`id`, `crt_dttm`, `crt_user`, `enable_flag`, `last_update_dttm`, `last_update_user`, `version`, `mx_as`, `mx_height`, `mx_relative`, `mx_width`, `mx_x`, `mx_y`, `fk_mx_cell_id`) VALUES ('0641076d5ae840c09d2be5b71mg00065', NOW(), 'admin', b'1', NOW(), 'admin', 0, 'geometry', NULL, '1', NULL, NULL, NULL, '0641076d5ae840c09d2be5b71mc00019');
INSERT INTO `mx_geometry`(`id`, `crt_dttm`, `crt_user`, `enable_flag`, `last_update_dttm`, `last_update_user`, `version`, `mx_as`, `mx_height`, `mx_relative`, `mx_width`, `mx_x`, `mx_y`, `fk_mx_cell_id`) VALUES ('0641076d5ae840c09d2be5b71mg00066', NOW(), 'admin', b'1', NOW(), 'admin', 0, 'geometry', NULL, '1', NULL, NULL, NULL, '0641076d5ae840c09d2be5b71mc00062');
INSERT INTO `mx_geometry`(`id`, `crt_dttm`, `crt_user`, `enable_flag`, `last_update_dttm`, `last_update_user`, `version`, `mx_as`, `mx_height`, `mx_relative`, `mx_width`, `mx_x`, `mx_y`, `fk_mx_cell_id`) VALUES ('0641076d5ae840c09d2be5b71mg00067', NOW(), 'admin', b'1', NOW(), 'admin', 0, 'geometry', '66', NULL, '66', '436.5', '10', '0641076d5ae840c09d2be5b71mc00061');
INSERT INTO `mx_geometry`(`id`, `crt_dttm`, `crt_user`, `enable_flag`, `last_update_dttm`, `last_update_user`, `version`, `mx_as`, `mx_height`, `mx_relative`, `mx_width`, `mx_x`, `mx_y`, `fk_mx_cell_id`) VALUES ('0641076d5ae840c09d2be5b71mg00068', NOW(), 'admin', b'1', NOW(), 'admin', 0, 'geometry', '66', NULL, '66', '850', '990', '0641076d5ae840c09d2be5b71mc00053');
INSERT INTO `mx_geometry`(`id`, `crt_dttm`, `crt_user`, `enable_flag`, `last_update_dttm`, `last_update_user`, `version`, `mx_as`, `mx_height`, `mx_relative`, `mx_width`, `mx_x`, `mx_y`, `fk_mx_cell_id`) VALUES ('0641076d5ae840c09d2be5b71mg00069', NOW(), 'admin', b'1', NOW(), 'admin', 0, 'geometry', '66', NULL, '66', '250', '600', '0641076d5ae840c09d2be5b71mc00047');
INSERT INTO `mx_geometry`(`id`, `crt_dttm`, `crt_user`, `enable_flag`, `last_update_dttm`, `last_update_user`, `version`, `mx_as`, `mx_height`, `mx_relative`, `mx_width`, `mx_x`, `mx_y`, `fk_mx_cell_id`) VALUES ('0641076d5ae840c09d2be5b71mg00070', NOW(), 'admin', b'1', NOW(), 'admin', 0, 'geometry', '66', NULL, '66', '376.625', '382', '0641076d5ae840c09d2be5b71mc00065');
INSERT INTO `mx_geometry`(`id`, `crt_dttm`, `crt_user`, `enable_flag`, `last_update_dttm`, `last_update_user`, `version`, `mx_as`, `mx_height`, `mx_relative`, `mx_width`, `mx_x`, `mx_y`, `fk_mx_cell_id`) VALUES ('0641076d5ae840c09d2be5b71mg00071', NOW(), 'admin', b'1', NOW(), 'admin', 0, 'geometry', '66', NULL, '66', '100', '800', '0641076d5ae840c09d2be5b71mc00079');
INSERT INTO `mx_geometry`(`id`, `crt_dttm`, `crt_user`, `enable_flag`, `last_update_dttm`, `last_update_user`, `version`, `mx_as`, `mx_height`, `mx_relative`, `mx_width`, `mx_x`, `mx_y`, `fk_mx_cell_id`) VALUES ('0641076d5ae840c09d2be5b71mg00072', NOW(), 'admin', b'1', NOW(), 'admin', 0, 'geometry', '66', NULL, '66', '1300', '600', '0641076d5ae840c09d2be5b71mc00051');
INSERT INTO `mx_geometry`(`id`, `crt_dttm`, `crt_user`, `enable_flag`, `last_update_dttm`, `last_update_user`, `version`, `mx_as`, `mx_height`, `mx_relative`, `mx_width`, `mx_x`, `mx_y`, `fk_mx_cell_id`) VALUES ('0641076d5ae840c09d2be5b71mg00073', NOW(), 'admin', b'1', NOW(), 'admin', 0, 'geometry', NULL, '1', NULL, NULL, NULL, '0641076d5ae840c09d2be5b71mc00043');
INSERT INTO `mx_geometry`(`id`, `crt_dttm`, `crt_user`, `enable_flag`, `last_update_dttm`, `last_update_user`, `version`, `mx_as`, `mx_height`, `mx_relative`, `mx_width`, `mx_x`, `mx_y`, `fk_mx_cell_id`) VALUES ('0641076d5ae840c09d2be5b71mg00074', NOW(), 'admin', b'1', NOW(), 'admin', 0, 'geometry', NULL, '1', NULL, NULL, NULL, '0641076d5ae840c09d2be5b71mc00025');
INSERT INTO `mx_geometry`(`id`, `crt_dttm`, `crt_user`, `enable_flag`, `last_update_dttm`, `last_update_user`, `version`, `mx_as`, `mx_height`, `mx_relative`, `mx_width`, `mx_x`, `mx_y`, `fk_mx_cell_id`) VALUES ('0641076d5ae840c09d2be5b71mg00075', NOW(), 'admin', b'1', NOW(), 'admin', 0, 'geometry', '66', NULL, '66', '850', '800', '0641076d5ae840c09d2be5b71mc00018');
INSERT INTO `mx_geometry`(`id`, `crt_dttm`, `crt_user`, `enable_flag`, `last_update_dttm`, `last_update_user`, `version`, `mx_as`, `mx_height`, `mx_relative`, `mx_width`, `mx_x`, `mx_y`, `fk_mx_cell_id`) VALUES ('0641076d5ae840c09d2be5b71mg00076', NOW(), 'admin', b'1', NOW(), 'admin', 0, 'geometry', '66', NULL, '66', '850', '400', '0641076d5ae840c09d2be5b71mc00033');
INSERT INTO `mx_geometry`(`id`, `crt_dttm`, `crt_user`, `enable_flag`, `last_update_dttm`, `last_update_user`, `version`, `mx_as`, `mx_height`, `mx_relative`, `mx_width`, `mx_x`, `mx_y`, `fk_mx_cell_id`) VALUES ('0641076d5ae840c09d2be5b71mg00077', NOW(), 'admin', b'1', NOW(), 'admin', 0, 'geometry', '66', NULL, '66', '451.5', '196', '0641076d5ae840c09d2be5b71mc00010');
INSERT INTO `mx_geometry`(`id`, `crt_dttm`, `crt_user`, `enable_flag`, `last_update_dttm`, `last_update_user`, `version`, `mx_as`, `mx_height`, `mx_relative`, `mx_width`, `mx_x`, `mx_y`, `fk_mx_cell_id`) VALUES ('0641076d5ae840c09d2be5b71mg00078', NOW(), 'admin', b'1', NOW(), 'admin', 0, 'geometry', '66', NULL, '66', '1150', '600', '0641076d5ae840c09d2be5b71mc00044');
INSERT INTO `mx_geometry`(`id`, `crt_dttm`, `crt_user`, `enable_flag`, `last_update_dttm`, `last_update_user`, `version`, `mx_as`, `mx_height`, `mx_relative`, `mx_width`, `mx_x`, `mx_y`, `fk_mx_cell_id`) VALUES ('0641076d5ae840c09d2be5b71mg00079', NOW(), 'admin', b'1', NOW(), 'admin', 0, 'geometry', NULL, '1', NULL, NULL, NULL, '0641076d5ae840c09d2be5b71mc00020');
INSERT INTO `mx_geometry`(`id`, `crt_dttm`, `crt_user`, `enable_flag`, `last_update_dttm`, `last_update_user`, `version`, `mx_as`, `mx_height`, `mx_relative`, `mx_width`, `mx_x`, `mx_y`, `fk_mx_cell_id`) VALUES ('0641076d5ae840c09d2be5b71mg00080', NOW(), 'admin', b'1', NOW(), 'admin', 0, 'geometry', '66', NULL, '66', '1000', '400', '0641076d5ae840c09d2be5b71mc00023');
INSERT INTO `mx_geometry`(`id`, `crt_dttm`, `crt_user`, `enable_flag`, `last_update_dttm`, `last_update_user`, `version`, `mx_as`, `mx_height`, `mx_relative`, `mx_width`, `mx_x`, `mx_y`, `fk_mx_cell_id`) VALUES ('0641076d5ae840c09d2be5b71mg00081', NOW(), 'admin', b'1', NOW(), 'admin', 0, 'geometry', '66', NULL, '66', '550', '600', '0641076d5ae840c09d2be5b71mc00087');
INSERT INTO `mx_geometry`(`id`, `crt_dttm`, `crt_user`, `enable_flag`, `last_update_dttm`, `last_update_user`, `version`, `mx_as`, `mx_height`, `mx_relative`, `mx_width`, `mx_x`, `mx_y`, `fk_mx_cell_id`) VALUES ('0641076d5ae840c09d2be5b71mg00082', NOW(), 'admin', b'1', NOW(), 'admin', 0, 'geometry', NULL, '1', NULL, NULL, NULL, '0641076d5ae840c09d2be5b71mc00080');
INSERT INTO `mx_geometry`(`id`, `crt_dttm`, `crt_user`, `enable_flag`, `last_update_dttm`, `last_update_user`, `version`, `mx_as`, `mx_height`, `mx_relative`, `mx_width`, `mx_x`, `mx_y`, `fk_mx_cell_id`) VALUES ('0641076d5ae840c09d2be5b71mg00083', NOW(), 'admin', b'1', NOW(), 'admin', 0, 'geometry', NULL, '1', NULL, NULL, NULL, '0641076d5ae840c09d2be5b71mc00073');
INSERT INTO `mx_geometry`(`id`, `crt_dttm`, `crt_user`, `enable_flag`, `last_update_dttm`, `last_update_user`, `version`, `mx_as`, `mx_height`, `mx_relative`, `mx_width`, `mx_x`, `mx_y`, `fk_mx_cell_id`) VALUES ('0641076d5ae840c09d2be5b71mg00084', NOW(), 'admin', b'1', NOW(), 'admin', 0, 'geometry', '66', NULL, '66', '373', '754', '0641076d5ae840c09d2be5b71mc00054');


-- ----------------------------
-- Records of flow_stops
-- ----------------------------
INSERT INTO `flow_stops`(`id`, `crt_dttm`, `crt_user`, `enable_flag`, `last_update_dttm`, `last_update_user`, `version`, `bundel`, `description`, `groups`, `in_port_type`, `inports`, `is_checkpoint`, `name`, `out_port_type`, `outports`, `owner`, `page_id`, `start_time`, `state`, `stop_time`, `fk_flow_id`) VALUES ('0641076d5ae840c09d2be5b71fs00001', NOW(), 'admin', b'1', NOW(), 'admin', 0, 'cn.piflow.bundle.hdfs.UnzipFilesOnHDFS', 'Unzip files on HDFS', 'Hdfs', 'DEFAULT', 'Default', b'0', 'UnzipFilesOnHDFS137', 'DEFAULT', 'Default', 'yangqidong@cnic.cn', '137', NULL, NULL, NULL, '0641076d5ae840c09d2be5b71fw00002');
INSERT INTO `flow_stops`(`id`, `crt_dttm`, `crt_user`, `enable_flag`, `last_update_dttm`, `last_update_user`, `version`, `bundel`, `description`, `groups`, `in_port_type`, `inports`, `is_checkpoint`, `name`, `out_port_type`, `outports`, `owner`, `page_id`, `start_time`, `state`, `stop_time`, `fk_flow_id`) VALUES ('0641076d5ae840c09d2be5b71fs00002', NOW(), 'admin', b'1', NOW(), 'admin', 0, 'cn.piflow.bundle.common.Merge', 'Merge data into one stop.', 'CommonGroup', 'ANY', 'Any', b'1', 'Merge', 'DEFAULT', 'Default', 'xjzhu@cnic.cn', '6', NULL, NULL, NULL, '0641076d5ae840c09d2be5b71fw00001');
INSERT INTO `flow_stops`(`id`, `crt_dttm`, `crt_user`, `enable_flag`, `last_update_dttm`, `last_update_user`, `version`, `bundel`, `description`, `groups`, `in_port_type`, `inports`, `is_checkpoint`, `name`, `out_port_type`, `outports`, `owner`, `page_id`, `start_time`, `state`, `stop_time`, `fk_flow_id`) VALUES ('0641076d5ae840c09d2be5b71fs00003', NOW(), 'admin', b'1', NOW(), 'admin', 0, 'cn.piflow.bundle.xml.XmlParser', 'Parse xml file.', 'Xml', 'DEFAULT', 'Default', b'0', 'XmlParser_incollection', 'DEFAULT', 'Default', 'xjzhu@cnic.cn', '59', NULL, NULL, NULL, '0641076d5ae840c09d2be5b71fw00002');
INSERT INTO `flow_stops`(`id`, `crt_dttm`, `crt_user`, `enable_flag`, `last_update_dttm`, `last_update_user`, `version`, `bundel`, `description`, `groups`, `in_port_type`, `inports`, `is_checkpoint`, `name`, `out_port_type`, `outports`, `owner`, `page_id`, `start_time`, `state`, `stop_time`, `fk_flow_id`) VALUES ('0641076d5ae840c09d2be5b71fs00004', NOW(), 'admin', b'1', NOW(), 'admin', 0, 'cn.piflow.bundle.xml.XmlParser', 'Parse xml file.', 'Xml', 'DEFAULT', 'Default', b'0', 'XmlParser_phdthesis', 'DEFAULT', 'Default', 'xjzhu@cnic.cn', '67', NULL, NULL, NULL, '0641076d5ae840c09d2be5b71fw00002');
INSERT INTO `flow_stops`(`id`, `crt_dttm`, `crt_user`, `enable_flag`, `last_update_dttm`, `last_update_user`, `version`, `bundel`, `description`, `groups`, `in_port_type`, `inports`, `is_checkpoint`, `name`, `out_port_type`, `outports`, `owner`, `page_id`, `start_time`, `state`, `stop_time`, `fk_flow_id`) VALUES ('0641076d5ae840c09d2be5b71fs00005', NOW(), 'admin', b'1', NOW(), 'admin', 0, 'cn.piflow.bundle.hive.PutHiveStreaming', 'Save data into hive.', 'Hive', 'DEFAULT', 'Default', b'0', 'PutHiveStreaming_www', 'NONE', 'None', 'xjzhu@cnic.cn', '48', NULL, NULL, NULL, '0641076d5ae840c09d2be5b71fw00002');
INSERT INTO `flow_stops`(`id`, `crt_dttm`, `crt_user`, `enable_flag`, `last_update_dttm`, `last_update_user`, `version`, `bundel`, `description`, `groups`, `in_port_type`, `inports`, `is_checkpoint`, `name`, `out_port_type`, `outports`, `owner`, `page_id`, `start_time`, `state`, `stop_time`, `fk_flow_id`) VALUES ('0641076d5ae840c09d2be5b71fs00006', NOW(), 'admin', b'1', NOW(), 'admin', 0, 'cn.piflow.bundle.hive.PutHiveStreaming', 'Save data into hive.', 'Hive', 'DEFAULT', 'Default', b'0', 'PutHiveStreaming_phdthesis', 'NONE', 'None', 'xjzhu@cnic.cn', '73', NULL, NULL, NULL, '0641076d5ae840c09d2be5b71fw00002');
INSERT INTO `flow_stops`(`id`, `crt_dttm`, `crt_user`, `enable_flag`, `last_update_dttm`, `last_update_user`, `version`, `bundel`, `description`, `groups`, `in_port_type`, `inports`, `is_checkpoint`, `name`, `out_port_type`, `outports`, `owner`, `page_id`, `start_time`, `state`, `stop_time`, `fk_flow_id`) VALUES ('0641076d5ae840c09d2be5b71fs00007', NOW(), 'admin', b'1', NOW(), 'admin', 0, 'cn.piflow.bundle.xml.XmlParser', 'Parse xml file.', 'Xml', 'DEFAULT', 'Default', b'0', 'XmlParser_inproceedings', 'DEFAULT', 'Default', 'xjzhu@cnic.cn', '49', NULL, NULL, NULL, '0641076d5ae840c09d2be5b71fw00002');
INSERT INTO `flow_stops`(`id`, `crt_dttm`, `crt_user`, `enable_flag`, `last_update_dttm`, `last_update_user`, `version`, `bundel`, `description`, `groups`, `in_port_type`, `inports`, `is_checkpoint`, `name`, `out_port_type`, `outports`, `owner`, `page_id`, `start_time`, `state`, `stop_time`, `fk_flow_id`) VALUES ('0641076d5ae840c09d2be5b71fs00008', NOW(), 'admin', b'1', NOW(), 'admin', 0, 'cn.piflow.bundle.csv.CsvSave', 'Save data into csv file.', 'CsvGroup', 'DEFAULT', 'Default', b'0', 'CsvSave', 'NONE', 'None', 'xjzhu@cnic.cn', '13', NULL, NULL, NULL, '0641076d5ae840c09d2be5b71fw00001');
INSERT INTO `flow_stops`(`id`, `crt_dttm`, `crt_user`, `enable_flag`, `last_update_dttm`, `last_update_user`, `version`, `bundel`, `description`, `groups`, `in_port_type`, `inports`, `is_checkpoint`, `name`, `out_port_type`, `outports`, `owner`, `page_id`, `start_time`, `state`, `stop_time`, `fk_flow_id`) VALUES ('0641076d5ae840c09d2be5b71fs00009', NOW(), 'admin', b'1', NOW(), 'admin', 0, 'cn.piflow.bundle.common.SelectField', 'Select data field.', 'Common', 'DEFAULT', 'Default', b'0', 'SelectField_inproceedings', 'DEFAULT', 'Default', 'xjzhu@cnic.cn', '87', NULL, NULL, NULL, '0641076d5ae840c09d2be5b71fw00002');
INSERT INTO `flow_stops`(`id`, `crt_dttm`, `crt_user`, `enable_flag`, `last_update_dttm`, `last_update_user`, `version`, `bundel`, `description`, `groups`, `in_port_type`, `inports`, `is_checkpoint`, `name`, `out_port_type`, `outports`, `owner`, `page_id`, `start_time`, `state`, `stop_time`, `fk_flow_id`) VALUES ('0641076d5ae840c09d2be5b71fs00010', NOW(), 'admin', b'1', NOW(), 'admin', 0, 'cn.piflow.bundle.xml.XmlParser', 'Parse xml file.', 'Xml', 'DEFAULT', 'Default', b'0', 'XmlParser_proceedings', 'DEFAULT', 'Default', 'xjzhu@cnic.cn', '70', NULL, NULL, NULL, '0641076d5ae840c09d2be5b71fw00002');
INSERT INTO `flow_stops`(`id`, `crt_dttm`, `crt_user`, `enable_flag`, `last_update_dttm`, `last_update_user`, `version`, `bundel`, `description`, `groups`, `in_port_type`, `inports`, `is_checkpoint`, `name`, `out_port_type`, `outports`, `owner`, `page_id`, `start_time`, `state`, `stop_time`, `fk_flow_id`) VALUES ('0641076d5ae840c09d2be5b71fs00011', NOW(), 'admin', b'1', NOW(), 'admin', 0, 'cn.piflow.bundle.common.ConvertSchema', 'Transform field name', 'Common', 'DEFAULT', 'Default', b'0', 'ConvertSchema_incollection', 'DEFAULT', 'Default', 'yangqidong@cnic.cn', '69', NULL, NULL, NULL, '0641076d5ae840c09d2be5b71fw00002');
INSERT INTO `flow_stops`(`id`, `crt_dttm`, `crt_user`, `enable_flag`, `last_update_dttm`, `last_update_user`, `version`, `bundel`, `description`, `groups`, `in_port_type`, `inports`, `is_checkpoint`, `name`, `out_port_type`, `outports`, `owner`, `page_id`, `start_time`, `state`, `stop_time`, `fk_flow_id`) VALUES ('0641076d5ae840c09d2be5b71fs00012', NOW(), 'admin', b'1', NOW(), 'admin', 0, 'cn.piflow.bundle.xml.XmlParser', 'Parse xml file.', 'XmlGroup', 'NONE', 'None', b'0', 'XmlParser', 'DEFAULT', 'Default', 'xjzhu@cnic.cn', '2', NULL, NULL, NULL, '0641076d5ae840c09d2be5b71fw00001');
INSERT INTO `flow_stops`(`id`, `crt_dttm`, `crt_user`, `enable_flag`, `last_update_dttm`, `last_update_user`, `version`, `bundel`, `description`, `groups`, `in_port_type`, `inports`, `is_checkpoint`, `name`, `out_port_type`, `outports`, `owner`, `page_id`, `start_time`, `state`, `stop_time`, `fk_flow_id`) VALUES ('0641076d5ae840c09d2be5b71fs00013', NOW(), 'admin', b'1', NOW(), 'admin', 0, 'cn.piflow.bundle.common.ConvertSchema', 'Transform field name', 'Common', 'DEFAULT', 'Default', b'0', 'ConvertSchema_www', 'DEFAULT', 'Default', 'yangqidong@cnic.cn', '66', NULL, NULL, NULL, '0641076d5ae840c09d2be5b71fw00002');
INSERT INTO `flow_stops`(`id`, `crt_dttm`, `crt_user`, `enable_flag`, `last_update_dttm`, `last_update_user`, `version`, `bundel`, `description`, `groups`, `in_port_type`, `inports`, `is_checkpoint`, `name`, `out_port_type`, `outports`, `owner`, `page_id`, `start_time`, `state`, `stop_time`, `fk_flow_id`) VALUES ('0641076d5ae840c09d2be5b71fs00014', NOW(), 'admin', b'1', NOW(), 'admin', 0, 'cn.piflow.bundle.hive.PutHiveStreaming', 'Save data into hive.', 'Hive', 'DEFAULT', 'Default', b'0', 'PutHiveStreaming_article', 'NONE', 'None', 'xjzhu@cnic.cn', '51', NULL, NULL, NULL, '0641076d5ae840c09d2be5b71fw00002');
INSERT INTO `flow_stops`(`id`, `crt_dttm`, `crt_user`, `enable_flag`, `last_update_dttm`, `last_update_user`, `version`, `bundel`, `description`, `groups`, `in_port_type`, `inports`, `is_checkpoint`, `name`, `out_port_type`, `outports`, `owner`, `page_id`, `start_time`, `state`, `stop_time`, `fk_flow_id`) VALUES ('0641076d5ae840c09d2be5b71fs00015', NOW(), 'admin', b'1', NOW(), 'admin', 0, 'cn.piflow.bundle.common.ConvertSchema', 'Transform field name', 'Common', 'DEFAULT', 'Default', b'0', 'ConvertSchema_article', 'DEFAULT', 'Default', 'yangqidong@cnic.cn', '88', NULL, NULL, NULL, '0641076d5ae840c09d2be5b71fw00002');
INSERT INTO `flow_stops`(`id`, `crt_dttm`, `crt_user`, `enable_flag`, `last_update_dttm`, `last_update_user`, `version`, `bundel`, `description`, `groups`, `in_port_type`, `inports`, `is_checkpoint`, `name`, `out_port_type`, `outports`, `owner`, `page_id`, `start_time`, `state`, `stop_time`, `fk_flow_id`) VALUES ('0641076d5ae840c09d2be5b71fs00016', NOW(), 'admin', b'1', NOW(), 'admin', 0, 'cn.piflow.bundle.common.SelectField', 'Select data field.', 'Common', 'DEFAULT', 'Default', b'0', 'SelectField_proceedings', 'DEFAULT', 'Default', 'xjzhu@cnic.cn', '65', NULL, NULL, NULL, '0641076d5ae840c09d2be5b71fw00002');
INSERT INTO `flow_stops`(`id`, `crt_dttm`, `crt_user`, `enable_flag`, `last_update_dttm`, `last_update_user`, `version`, `bundel`, `description`, `groups`, `in_port_type`, `inports`, `is_checkpoint`, `name`, `out_port_type`, `outports`, `owner`, `page_id`, `start_time`, `state`, `stop_time`, `fk_flow_id`) VALUES ('0641076d5ae840c09d2be5b71fs00017', NOW(), 'admin', b'1', NOW(), 'admin', 0, 'cn.piflow.bundle.hdfs.UnzipFilesOnHDFS', 'Unzip files on HDFS', 'Hdfs', 'DEFAULT', 'Default', b'0', 'UnzipFilesOnHDFS134', 'DEFAULT', 'Default', 'yangqidong@cnic.cn', '134', NULL, NULL, NULL, '0641076d5ae840c09d2be5b71fw00002');
INSERT INTO `flow_stops`(`id`, `crt_dttm`, `crt_user`, `enable_flag`, `last_update_dttm`, `last_update_user`, `version`, `bundel`, `description`, `groups`, `in_port_type`, `inports`, `is_checkpoint`, `name`, `out_port_type`, `outports`, `owner`, `page_id`, `start_time`, `state`, `stop_time`, `fk_flow_id`) VALUES ('0641076d5ae840c09d2be5b71fs00018', NOW(), 'admin', b'1', NOW(), 'admin', 0, 'cn.piflow.bundle.common.SelectField', 'Select data field.', 'Common', 'DEFAULT', 'Default', b'0', 'SelectField_www', 'DEFAULT', 'Default', 'xjzhu@cnic.cn', '74', NULL, NULL, NULL, '0641076d5ae840c09d2be5b71fw00002');
INSERT INTO `flow_stops`(`id`, `crt_dttm`, `crt_user`, `enable_flag`, `last_update_dttm`, `last_update_user`, `version`, `bundel`, `description`, `groups`, `in_port_type`, `inports`, `is_checkpoint`, `name`, `out_port_type`, `outports`, `owner`, `page_id`, `start_time`, `state`, `stop_time`, `fk_flow_id`) VALUES ('0641076d5ae840c09d2be5b71fs00019', NOW(), 'admin', b'1', NOW(), 'admin', 0, 'cn.piflow.bundle.hive.PutHiveStreaming', 'Save data into hive.', 'Hive', 'DEFAULT', 'Default', b'0', 'PutHiveStreaming_proceedings', 'NONE', 'None', 'xjzhu@cnic.cn', '86', NULL, NULL, NULL, '0641076d5ae840c09d2be5b71fw00002');
INSERT INTO `flow_stops`(`id`, `crt_dttm`, `crt_user`, `enable_flag`, `last_update_dttm`, `last_update_user`, `version`, `bundel`, `description`, `groups`, `in_port_type`, `inports`, `is_checkpoint`, `name`, `out_port_type`, `outports`, `owner`, `page_id`, `start_time`, `state`, `stop_time`, `fk_flow_id`) VALUES ('0641076d5ae840c09d2be5b71fs00020', NOW(), 'admin', b'1', NOW(), 'admin', 0, 'cn.piflow.bundle.hdfs.UnzipFilesOnHDFS', 'Unzip files on HDFS', 'Hdfs', 'DEFAULT', 'Default', b'0', 'UnzipFilesOnHDFS135', 'DEFAULT', 'Default', 'yangqidong@cnic.cn', '135', NULL, NULL, NULL, '0641076d5ae840c09d2be5b71fw00002');
INSERT INTO `flow_stops`(`id`, `crt_dttm`, `crt_user`, `enable_flag`, `last_update_dttm`, `last_update_user`, `version`, `bundel`, `description`, `groups`, `in_port_type`, `inports`, `is_checkpoint`, `name`, `out_port_type`, `outports`, `owner`, `page_id`, `start_time`, `state`, `stop_time`, `fk_flow_id`) VALUES ('0641076d5ae840c09d2be5b71fs00021', NOW(), 'admin', b'1', NOW(), 'admin', 0, 'cn.piflow.bundle.xml.XmlParser', 'Parse xml file.', 'Xml', 'DEFAULT', 'Default', b'0', 'XmlParser_book', 'DEFAULT', 'Default', 'xjzhu@cnic.cn', '89', NULL, NULL, NULL, '0641076d5ae840c09d2be5b71fw00002');
INSERT INTO `flow_stops`(`id`, `crt_dttm`, `crt_user`, `enable_flag`, `last_update_dttm`, `last_update_user`, `version`, `bundel`, `description`, `groups`, `in_port_type`, `inports`, `is_checkpoint`, `name`, `out_port_type`, `outports`, `owner`, `page_id`, `start_time`, `state`, `stop_time`, `fk_flow_id`) VALUES ('0641076d5ae840c09d2be5b71fs00022', NOW(), 'admin', b'1', NOW(), 'admin', 0, 'cn.piflow.bundle.hdfs.UnzipFilesOnHDFS', 'Unzip files on HDFS', 'Hdfs', 'DEFAULT', 'Default', b'0', 'UnzipFilesOnHDFS133', 'DEFAULT', 'Default', 'yangqidong@cnic.cn', '133', NULL, NULL, NULL, '0641076d5ae840c09d2be5b71fw00002');
INSERT INTO `flow_stops`(`id`, `crt_dttm`, `crt_user`, `enable_flag`, `last_update_dttm`, `last_update_user`, `version`, `bundel`, `description`, `groups`, `in_port_type`, `inports`, `is_checkpoint`, `name`, `out_port_type`, `outports`, `owner`, `page_id`, `start_time`, `state`, `stop_time`, `fk_flow_id`) VALUES ('0641076d5ae840c09d2be5b71fs00023', NOW(), 'admin', b'1', NOW(), 'admin', 0, 'cn.piflow.bundle.common.Fork', 'Fork data into diffenrent stop.', 'Common', 'DEFAULT', 'Default', b'0', 'Fork', 'ANY', 'Any', 'xjzhu@cnic.cn', '85', NULL, NULL, NULL, '0641076d5ae840c09d2be5b71fw00002');
INSERT INTO `flow_stops`(`id`, `crt_dttm`, `crt_user`, `enable_flag`, `last_update_dttm`, `last_update_user`, `version`, `bundel`, `description`, `groups`, `in_port_type`, `inports`, `is_checkpoint`, `name`, `out_port_type`, `outports`, `owner`, `page_id`, `start_time`, `state`, `stop_time`, `fk_flow_id`) VALUES ('0641076d5ae840c09d2be5b71fs00024', NOW(), 'admin', b'1', NOW(), 'admin', 0, 'cn.piflow.bundle.json.JsonSave', 'Save data into json file.', 'JsonGroup', 'DEFAULT', 'Default', b'0', 'JsonSave', 'NONE', 'None', 'xjzhu@cnic.cn', '15', NULL, NULL, NULL, '0641076d5ae840c09d2be5b71fw00001');
INSERT INTO `flow_stops`(`id`, `crt_dttm`, `crt_user`, `enable_flag`, `last_update_dttm`, `last_update_user`, `version`, `bundel`, `description`, `groups`, `in_port_type`, `inports`, `is_checkpoint`, `name`, `out_port_type`, `outports`, `owner`, `page_id`, `start_time`, `state`, `stop_time`, `fk_flow_id`) VALUES ('0641076d5ae840c09d2be5b71fs00025', NOW(), 'admin', b'1', NOW(), 'admin', 0, 'cn.piflow.bundle.xml.XmlParser', 'Parse xml file.', 'Xml', 'DEFAULT', 'Default', b'0', 'XmlParser_www', 'DEFAULT', 'Default', 'xjzhu@cnic.cn', '60', NULL, NULL, NULL, '0641076d5ae840c09d2be5b71fw00002');
INSERT INTO `flow_stops`(`id`, `crt_dttm`, `crt_user`, `enable_flag`, `last_update_dttm`, `last_update_user`, `version`, `bundel`, `description`, `groups`, `in_port_type`, `inports`, `is_checkpoint`, `name`, `out_port_type`, `outports`, `owner`, `page_id`, `start_time`, `state`, `stop_time`, `fk_flow_id`) VALUES ('0641076d5ae840c09d2be5b71fs00026', NOW(), 'admin', b'1', NOW(), 'admin', 0, 'cn.piflow.bundle.common.SelectField', 'Select data field.', 'Common', 'DEFAULT', 'Default', b'0', 'SelectField_mastersthesis', 'DEFAULT', 'Default', 'xjzhu@cnic.cn', '72', NULL, NULL, NULL, '0641076d5ae840c09d2be5b71fw00002');
INSERT INTO `flow_stops`(`id`, `crt_dttm`, `crt_user`, `enable_flag`, `last_update_dttm`, `last_update_user`, `version`, `bundel`, `description`, `groups`, `in_port_type`, `inports`, `is_checkpoint`, `name`, `out_port_type`, `outports`, `owner`, `page_id`, `start_time`, `state`, `stop_time`, `fk_flow_id`) VALUES ('0641076d5ae840c09d2be5b71fs00027', NOW(), 'admin', b'1', NOW(), 'admin', 0, 'cn.piflow.bundle.common.SelectField', 'Select data field.', 'Common', 'DEFAULT', 'Default', b'0', 'SelectField_book', 'DEFAULT', 'Default', 'xjzhu@cnic.cn', '68', NULL, NULL, NULL, '0641076d5ae840c09d2be5b71fw00002');
INSERT INTO `flow_stops`(`id`, `crt_dttm`, `crt_user`, `enable_flag`, `last_update_dttm`, `last_update_user`, `version`, `bundel`, `description`, `groups`, `in_port_type`, `inports`, `is_checkpoint`, `name`, `out_port_type`, `outports`, `owner`, `page_id`, `start_time`, `state`, `stop_time`, `fk_flow_id`) VALUES ('0641076d5ae840c09d2be5b71fs00028', NOW(), 'admin', b'1', NOW(), 'admin', 0, 'cn.piflow.bundle.hive.PutHiveStreaming', 'Save data into hive.', 'Hive', 'DEFAULT', 'Default', b'0', 'PutHiveStreaming_inproceedings', 'NONE', 'None', 'xjzhu@cnic.cn', '54', NULL, NULL, NULL, '0641076d5ae840c09d2be5b71fw00002');
INSERT INTO `flow_stops`(`id`, `crt_dttm`, `crt_user`, `enable_flag`, `last_update_dttm`, `last_update_user`, `version`, `bundel`, `description`, `groups`, `in_port_type`, `inports`, `is_checkpoint`, `name`, `out_port_type`, `outports`, `owner`, `page_id`, `start_time`, `state`, `stop_time`, `fk_flow_id`) VALUES ('0641076d5ae840c09d2be5b71fs00029', NOW(), 'admin', b'1', NOW(), 'admin', 0, 'cn.piflow.bundle.hdfs.UnzipFilesOnHDFS', 'Unzip files on HDFS', 'Hdfs', 'DEFAULT', 'Default', b'0', 'UnzipFilesOnHDFS', 'DEFAULT', 'Default', 'yangqidong@cnic.cn', '64', NULL, NULL, NULL, '0641076d5ae840c09d2be5b71fw00002');
INSERT INTO `flow_stops`(`id`, `crt_dttm`, `crt_user`, `enable_flag`, `last_update_dttm`, `last_update_user`, `version`, `bundel`, `description`, `groups`, `in_port_type`, `inports`, `is_checkpoint`, `name`, `out_port_type`, `outports`, `owner`, `page_id`, `start_time`, `state`, `stop_time`, `fk_flow_id`) VALUES ('0641076d5ae840c09d2be5b71fs00030', NOW(), 'admin', b'1', NOW(), 'admin', 0, 'cn.piflow.bundle.common.SelectField', 'Select data field.', 'Common', 'DEFAULT', 'Default', b'0', 'SelectField_incollection', 'DEFAULT', 'Default', 'xjzhu@cnic.cn', '52', NULL, NULL, NULL, '0641076d5ae840c09d2be5b71fw00002');
INSERT INTO `flow_stops`(`id`, `crt_dttm`, `crt_user`, `enable_flag`, `last_update_dttm`, `last_update_user`, `version`, `bundel`, `description`, `groups`, `in_port_type`, `inports`, `is_checkpoint`, `name`, `out_port_type`, `outports`, `owner`, `page_id`, `start_time`, `state`, `stop_time`, `fk_flow_id`) VALUES ('0641076d5ae840c09d2be5b71fs00031', NOW(), 'admin', b'1', NOW(), 'admin', 0, 'cn.piflow.bundle.common.SelectField', 'Select data field.', 'Common', 'DEFAULT', 'Default', b'0', 'SelectField_article', 'DEFAULT', 'Default', 'xjzhu@cnic.cn', '75', NULL, NULL, NULL, '0641076d5ae840c09d2be5b71fw00002');
INSERT INTO `flow_stops`(`id`, `crt_dttm`, `crt_user`, `enable_flag`, `last_update_dttm`, `last_update_user`, `version`, `bundel`, `description`, `groups`, `in_port_type`, `inports`, `is_checkpoint`, `name`, `out_port_type`, `outports`, `owner`, `page_id`, `start_time`, `state`, `stop_time`, `fk_flow_id`) VALUES ('0641076d5ae840c09d2be5b71fs00032', NOW(), 'admin', b'1', NOW(), 'admin', 0, 'cn.piflow.bundle.common.Fork', 'Fork data into diffenrent stop.', 'CommonGroup', 'DEFAULT', 'Default', b'0', 'Fork', 'ANY', 'Any', 'xjzhu@cnic.cn', '9', NULL, NULL, NULL, '0641076d5ae840c09d2be5b71fw00001');
INSERT INTO `flow_stops`(`id`, `crt_dttm`, `crt_user`, `enable_flag`, `last_update_dttm`, `last_update_user`, `version`, `bundel`, `description`, `groups`, `in_port_type`, `inports`, `is_checkpoint`, `name`, `out_port_type`, `outports`, `owner`, `page_id`, `start_time`, `state`, `stop_time`, `fk_flow_id`) VALUES ('0641076d5ae840c09d2be5b71fs00033', NOW(), 'admin', b'1', NOW(), 'admin', 0, 'cn.piflow.bundle.common.ConvertSchema', 'Transform field name', 'Common', 'DEFAULT', 'Default', b'0', 'ConvertSchema_proceedings', 'DEFAULT', 'Default', 'yangqidong@cnic.cn', '56', NULL, NULL, NULL, '0641076d5ae840c09d2be5b71fw00002');
INSERT INTO `flow_stops`(`id`, `crt_dttm`, `crt_user`, `enable_flag`, `last_update_dttm`, `last_update_user`, `version`, `bundel`, `description`, `groups`, `in_port_type`, `inports`, `is_checkpoint`, `name`, `out_port_type`, `outports`, `owner`, `page_id`, `start_time`, `state`, `stop_time`, `fk_flow_id`) VALUES ('0641076d5ae840c09d2be5b71fs00034', NOW(), 'admin', b'1', NOW(), 'admin', 0, 'cn.piflow.bundle.hive.PutHiveStreaming', 'Save data into hive.', 'Hive', 'DEFAULT', 'Default', b'0', 'PutHiveStreaming_mastersthesis', 'NONE', 'None', 'xjzhu@cnic.cn', '50', NULL, NULL, NULL, '0641076d5ae840c09d2be5b71fw00002');
INSERT INTO `flow_stops`(`id`, `crt_dttm`, `crt_user`, `enable_flag`, `last_update_dttm`, `last_update_user`, `version`, `bundel`, `description`, `groups`, `in_port_type`, `inports`, `is_checkpoint`, `name`, `out_port_type`, `outports`, `owner`, `page_id`, `start_time`, `state`, `stop_time`, `fk_flow_id`) VALUES ('0641076d5ae840c09d2be5b71fs00035', NOW(), 'admin', b'1', NOW(), 'admin', 0, 'cn.piflow.bundle.common.ConvertSchema', 'Transform field name', 'Common', 'DEFAULT', 'Default', b'0', 'ConvertSchema_mastersthesis', 'DEFAULT', 'Default', 'yangqidong@cnic.cn', '58', NULL, NULL, NULL, '0641076d5ae840c09d2be5b71fw00002');
INSERT INTO `flow_stops`(`id`, `crt_dttm`, `crt_user`, `enable_flag`, `last_update_dttm`, `last_update_user`, `version`, `bundel`, `description`, `groups`, `in_port_type`, `inports`, `is_checkpoint`, `name`, `out_port_type`, `outports`, `owner`, `page_id`, `start_time`, `state`, `stop_time`, `fk_flow_id`) VALUES ('0641076d5ae840c09d2be5b71fs00036', NOW(), 'admin', b'1', NOW(), 'admin', 0, 'cn.piflow.bundle.csv.CsvParser', 'Parse csv file.', 'CsvGroup', 'NONE', 'None', b'0', 'CsvParser', 'DEFAULT', 'Default', 'xjzhu@cnic.cn', '5', NULL, NULL, NULL, '0641076d5ae840c09d2be5b71fw00001');
INSERT INTO `flow_stops`(`id`, `crt_dttm`, `crt_user`, `enable_flag`, `last_update_dttm`, `last_update_user`, `version`, `bundel`, `description`, `groups`, `in_port_type`, `inports`, `is_checkpoint`, `name`, `out_port_type`, `outports`, `owner`, `page_id`, `start_time`, `state`, `stop_time`, `fk_flow_id`) VALUES ('0641076d5ae840c09d2be5b71fs00037', NOW(), 'admin', b'1', NOW(), 'admin', 0, 'cn.piflow.bundle.common.SelectField', 'Select data field.', 'Common', 'DEFAULT', 'Default', b'0', 'SelectField_phdthesis', 'DEFAULT', 'Default', 'xjzhu@cnic.cn', '91', NULL, NULL, NULL, '0641076d5ae840c09d2be5b71fw00002');
INSERT INTO `flow_stops`(`id`, `crt_dttm`, `crt_user`, `enable_flag`, `last_update_dttm`, `last_update_user`, `version`, `bundel`, `description`, `groups`, `in_port_type`, `inports`, `is_checkpoint`, `name`, `out_port_type`, `outports`, `owner`, `page_id`, `start_time`, `state`, `stop_time`, `fk_flow_id`) VALUES ('0641076d5ae840c09d2be5b71fs00038', NOW(), 'admin', b'1', NOW(), 'admin', 0, 'cn.piflow.bundle.hive.PutHiveStreaming', 'Save data into hive.', 'HiveGroup', 'DEFAULT', 'Default', b'0', 'PutHiveStreaming', 'NONE', 'None', 'xjzhu@cnic.cn', '11', NULL, NULL, NULL, '0641076d5ae840c09d2be5b71fw00001');
INSERT INTO `flow_stops`(`id`, `crt_dttm`, `crt_user`, `enable_flag`, `last_update_dttm`, `last_update_user`, `version`, `bundel`, `description`, `groups`, `in_port_type`, `inports`, `is_checkpoint`, `name`, `out_port_type`, `outports`, `owner`, `page_id`, `start_time`, `state`, `stop_time`, `fk_flow_id`) VALUES ('0641076d5ae840c09d2be5b71fs00039', NOW(), 'admin', b'1', NOW(), 'admin', 0, 'cn.piflow.bundle.http.FileDownHDFS', 'Download the network link to HDFS', 'Http', 'NONE', 'None', b'0', 'FileDownHDFS', 'DEFAULT', 'Default', 'yangqidong@cnic.cn', '130', NULL, NULL, NULL, '0641076d5ae840c09d2be5b71fw00002');
INSERT INTO `flow_stops`(`id`, `crt_dttm`, `crt_user`, `enable_flag`, `last_update_dttm`, `last_update_user`, `version`, `bundel`, `description`, `groups`, `in_port_type`, `inports`, `is_checkpoint`, `name`, `out_port_type`, `outports`, `owner`, `page_id`, `start_time`, `state`, `stop_time`, `fk_flow_id`) VALUES ('0641076d5ae840c09d2be5b71fs00040', NOW(), 'admin', b'1', NOW(), 'admin', 0, 'cn.piflow.bundle.common.SelectField', 'Select data field.', 'CommonGroup', 'DEFAULT', 'Default', b'1', 'SelectField', 'DEFAULT', 'Default', 'xjzhu@cnic.cn', '3', NULL, NULL, NULL, '0641076d5ae840c09d2be5b71fw00001');
INSERT INTO `flow_stops`(`id`, `crt_dttm`, `crt_user`, `enable_flag`, `last_update_dttm`, `last_update_user`, `version`, `bundel`, `description`, `groups`, `in_port_type`, `inports`, `is_checkpoint`, `name`, `out_port_type`, `outports`, `owner`, `page_id`, `start_time`, `state`, `stop_time`, `fk_flow_id`) VALUES ('0641076d5ae840c09d2be5b71fs00041', NOW(), 'admin', b'1', NOW(), 'admin', 0, 'cn.piflow.bundle.common.ConvertSchema', 'Transform field name', 'Common', 'DEFAULT', 'Default', b'0', 'ConvertSchema_book', 'DEFAULT', 'Default', 'yangqidong@cnic.cn', '90', NULL, NULL, NULL, '0641076d5ae840c09d2be5b71fw00002');
INSERT INTO `flow_stops`(`id`, `crt_dttm`, `crt_user`, `enable_flag`, `last_update_dttm`, `last_update_user`, `version`, `bundel`, `description`, `groups`, `in_port_type`, `inports`, `is_checkpoint`, `name`, `out_port_type`, `outports`, `owner`, `page_id`, `start_time`, `state`, `stop_time`, `fk_flow_id`) VALUES ('0641076d5ae840c09d2be5b71fs00042', NOW(), 'admin', b'1', NOW(), 'admin', 0, 'cn.piflow.bundle.hive.PutHiveStreaming', 'Save data into hive.', 'Hive', 'DEFAULT', 'Default', b'0', 'PutHiveStreaming_book', 'NONE', 'None', 'xjzhu@cnic.cn', '62', NULL, NULL, NULL, '0641076d5ae840c09d2be5b71fw00002');
INSERT INTO `flow_stops`(`id`, `crt_dttm`, `crt_user`, `enable_flag`, `last_update_dttm`, `last_update_user`, `version`, `bundel`, `description`, `groups`, `in_port_type`, `inports`, `is_checkpoint`, `name`, `out_port_type`, `outports`, `owner`, `page_id`, `start_time`, `state`, `stop_time`, `fk_flow_id`) VALUES ('0641076d5ae840c09d2be5b71fs00043', NOW(), 'admin', b'1', NOW(), 'admin', 0, 'cn.piflow.bundle.xml.XmlParser', 'Parse xml file.', 'Xml', 'DEFAULT', 'Default', b'0', 'XmlParser_article', 'DEFAULT', 'Default', 'xjzhu@cnic.cn', '76', NULL, NULL, NULL, '0641076d5ae840c09d2be5b71fw00002');
INSERT INTO `flow_stops`(`id`, `crt_dttm`, `crt_user`, `enable_flag`, `last_update_dttm`, `last_update_user`, `version`, `bundel`, `description`, `groups`, `in_port_type`, `inports`, `is_checkpoint`, `name`, `out_port_type`, `outports`, `owner`, `page_id`, `start_time`, `state`, `stop_time`, `fk_flow_id`) VALUES ('0641076d5ae840c09d2be5b71fs00044', NOW(), 'admin', b'1', NOW(), 'admin', 0, 'cn.piflow.bundle.xml.XmlParser', 'Parse xml file.', 'Xml', 'DEFAULT', 'Default', b'0', 'XmlParser_mastersthesis', 'DEFAULT', 'Default', 'xjzhu@cnic.cn', '55', NULL, NULL, NULL, '0641076d5ae840c09d2be5b71fw00002');
INSERT INTO `flow_stops`(`id`, `crt_dttm`, `crt_user`, `enable_flag`, `last_update_dttm`, `last_update_user`, `version`, `bundel`, `description`, `groups`, `in_port_type`, `inports`, `is_checkpoint`, `name`, `out_port_type`, `outports`, `owner`, `page_id`, `start_time`, `state`, `stop_time`, `fk_flow_id`) VALUES ('0641076d5ae840c09d2be5b71fs00045', NOW(), 'admin', b'1', NOW(), 'admin', 0, 'cn.piflow.bundle.hdfs.UnzipFilesOnHDFS', 'Unzip files on HDFS', 'Hdfs', 'DEFAULT', 'Default', b'0', 'UnzipFilesOnHDFS136', 'DEFAULT', 'Default', 'yangqidong@cnic.cn', '136', NULL, NULL, NULL, '0641076d5ae840c09d2be5b71fw00002');
INSERT INTO `flow_stops`(`id`, `crt_dttm`, `crt_user`, `enable_flag`, `last_update_dttm`, `last_update_user`, `version`, `bundel`, `description`, `groups`, `in_port_type`, `inports`, `is_checkpoint`, `name`, `out_port_type`, `outports`, `owner`, `page_id`, `start_time`, `state`, `stop_time`, `fk_flow_id`) VALUES ('0641076d5ae840c09d2be5b71fs00046', NOW(), 'admin', b'1', NOW(), 'admin', 0, 'cn.piflow.bundle.common.ConvertSchema', 'Transform field name', 'Common', 'DEFAULT', 'Default', b'0', 'ConvertSchema_inproceedings', 'DEFAULT', 'Default', 'yangqidong@cnic.cn', '71', NULL, NULL, NULL, '0641076d5ae840c09d2be5b71fw00002');
INSERT INTO `flow_stops`(`id`, `crt_dttm`, `crt_user`, `enable_flag`, `last_update_dttm`, `last_update_user`, `version`, `bundel`, `description`, `groups`, `in_port_type`, `inports`, `is_checkpoint`, `name`, `out_port_type`, `outports`, `owner`, `page_id`, `start_time`, `state`, `stop_time`, `fk_flow_id`) VALUES ('0641076d5ae840c09d2be5b71fs00047', NOW(), 'admin', b'1', NOW(), 'admin', 0, 'cn.piflow.bundle.hive.PutHiveStreaming', 'Save data into hive.', 'Hive', 'DEFAULT', 'Default', b'0', 'PutHiveStreaming_incollection', 'NONE', 'None', 'xjzhu@cnic.cn', '61', NULL, NULL, NULL, '0641076d5ae840c09d2be5b71fw00002');
INSERT INTO `flow_stops`(`id`, `crt_dttm`, `crt_user`, `enable_flag`, `last_update_dttm`, `last_update_user`, `version`, `bundel`, `description`, `groups`, `in_port_type`, `inports`, `is_checkpoint`, `name`, `out_port_type`, `outports`, `owner`, `page_id`, `start_time`, `state`, `stop_time`, `fk_flow_id`) VALUES ('0641076d5ae840c09d2be5b71fs00048', NOW(), 'admin', b'1', NOW(), 'admin', 0, 'cn.piflow.bundle.common.ConvertSchema', 'Transform field name', 'Common', 'DEFAULT', 'Default', b'0', 'ConvertSchema_phdthesis', 'DEFAULT', 'Default', 'yangqidong@cnic.cn', '57', NULL, NULL, NULL, '0641076d5ae840c09d2be5b71fw00002');


-- ----------------------------
-- Records of flow_stops_property
-- ----------------------------
INSERT INTO `flow_stops_property`(`id`, `crt_dttm`, `crt_user`, `enable_flag`, `last_update_dttm`, `last_update_user`, `version`, `allowable_values`, `custom_value`, `description`, `display_name`, `is_select`, `name`, `property_required`, `property_sensitive`, `fk_stops_id`) VALUES ('0641076d5ae840c09d2be5b71fsp0001', NOW(), 'admin', b'1', NOW(), 'admin', 0, '[]', '_corrupt_record->corrupt_record,_key->key,_mdate->mdate,_publtype->publtype', 'schema', 'schema', b'0', 'schema', b'0', b'0', '0641076d5ae840c09d2be5b71fs00046');
INSERT INTO `flow_stops_property`(`id`, `crt_dttm`, `crt_user`, `enable_flag`, `last_update_dttm`, `last_update_user`, `version`, `allowable_values`, `custom_value`, `description`, `display_name`, `is_select`, `name`, `property_required`, `property_sensitive`, `fk_stops_id`) VALUES ('0641076d5ae840c09d2be5b71fsp0002', NOW(), 'admin', b'1', NOW(), 'admin', 0, '[]', '_corrupt_record->corrupt_record,_key->key,_mdate->mdate,_publtype->publtype', 'schema', 'schema', b'0', 'schema', b'0', b'0', '0641076d5ae840c09d2be5b71fs00011');
INSERT INTO `flow_stops_property`(`id`, `crt_dttm`, `crt_user`, `enable_flag`, `last_update_dttm`, `last_update_user`, `version`, `allowable_values`, `custom_value`, `description`, `display_name`, `is_select`, `name`, `property_required`, `property_sensitive`, `fk_stops_id`) VALUES ('0641076d5ae840c09d2be5b71fsp0003', NOW(), 'admin', b'1', NOW(), 'admin', 0, '[]', 'true', 'isCustomize', 'isCustomize', b'0', 'isCustomize', b'0', b'0', '0641076d5ae840c09d2be5b71fs00029');
INSERT INTO `flow_stops_property`(`id`, `crt_dttm`, `crt_user`, `enable_flag`, `last_update_dttm`, `last_update_user`, `version`, `allowable_values`, `custom_value`, `description`, `display_name`, `is_select`, `name`, `property_required`, `property_sensitive`, `fk_stops_id`) VALUES ('0641076d5ae840c09d2be5b71fsp0004', NOW(), 'admin', b'1', NOW(), 'admin', 0, '[]', 'proceedings', 'rowTag', 'rowTag', b'0', 'rowTag', b'0', b'0', '0641076d5ae840c09d2be5b71fs00010');
INSERT INTO `flow_stops_property`(`id`, `crt_dttm`, `crt_user`, `enable_flag`, `last_update_dttm`, `last_update_user`, `version`, `allowable_values`, `custom_value`, `description`, `display_name`, `is_select`, `name`, `property_required`, `property_sensitive`, `fk_stops_id`) VALUES ('0641076d5ae840c09d2be5b71fsp0005', NOW(), 'admin', b'1', NOW(), 'admin', 0, '[]', 'hdfs://10.0.88.109:8020/web/dblp/dblp.xml.gz', 'savePath', 'savePath', b'0', 'savePath', b'0', b'0', '0641076d5ae840c09d2be5b71fs00039');
INSERT INTO `flow_stops_property`(`id`, `crt_dttm`, `crt_user`, `enable_flag`, `last_update_dttm`, `last_update_user`, `version`, `allowable_values`, `custom_value`, `description`, `display_name`, `is_select`, `name`, `property_required`, `property_sensitive`, `fk_stops_id`) VALUES ('0641076d5ae840c09d2be5b71fsp0006', NOW(), 'admin', b'1', NOW(), 'admin', 0, '[]', 'corrupt_record,key,mdate,author,school,title,year', 'schema', 'schema', b'0', 'schema', b'0', b'0', '0641076d5ae840c09d2be5b71fs00026');
INSERT INTO `flow_stops_property`(`id`, `crt_dttm`, `crt_user`, `enable_flag`, `last_update_dttm`, `last_update_user`, `version`, `allowable_values`, `custom_value`, `description`, `display_name`, `is_select`, `name`, `property_required`, `property_sensitive`, `fk_stops_id`) VALUES ('0641076d5ae840c09d2be5b71fsp0007', NOW(), 'admin', b'1', NOW(), 'admin', 0, '[]', 'dblp', 'DataBase', 'DataBase', b'0', 'database', b'0', b'0', '0641076d5ae840c09d2be5b71fs00028');
INSERT INTO `flow_stops_property`(`id`, `crt_dttm`, `crt_user`, `enable_flag`, `last_update_dttm`, `last_update_user`, `version`, `allowable_values`, `custom_value`, `description`, `display_name`, `is_select`, `name`, `property_required`, `property_sensitive`, `fk_stops_id`) VALUES ('0641076d5ae840c09d2be5b71fsp0008', NOW(), 'admin', b'1', NOW(), 'admin', 0, '[]', '/web/dblp/dblp.xml.gz', 'filePath', 'filePath', b'0', 'filePath', b'0', b'0', '0641076d5ae840c09d2be5b71fs00029');
INSERT INTO `flow_stops_property`(`id`, `crt_dttm`, `crt_user`, `enable_flag`, `last_update_dttm`, `last_update_user`, `version`, `allowable_values`, `custom_value`, `description`, `display_name`, `is_select`, `name`, `property_required`, `property_sensitive`, `fk_stops_id`) VALUES ('0641076d5ae840c09d2be5b71fsp0009', NOW(), 'admin', b'1', NOW(), 'admin', 0, '[]', 'hdfs://10.0.88.109:8020', 'hdfsUrl', 'hdfsUrl', b'0', 'hdfsUrl', b'0', b'0', '0641076d5ae840c09d2be5b71fs00029');
INSERT INTO `flow_stops_property`(`id`, `crt_dttm`, `crt_user`, `enable_flag`, `last_update_dttm`, `last_update_user`, `version`, `allowable_values`, `custom_value`, `description`, `display_name`, `is_select`, `name`, `property_required`, `property_sensitive`, `fk_stops_id`) VALUES ('0641076d5ae840c09d2be5b71fsp0010', NOW(), 'admin', b'1', NOW(), 'admin', 0, '[]', 'title,author,pages', 'schema', 'schema', b'0', 'schema', b'0', b'0', '0641076d5ae840c09d2be5b71fs00036');
INSERT INTO `flow_stops_property`(`id`, `crt_dttm`, `crt_user`, `enable_flag`, `last_update_dttm`, `last_update_user`, `version`, `allowable_values`, `custom_value`, `description`, `display_name`, `is_select`, `name`, `property_required`, `property_sensitive`, `fk_stops_id`) VALUES ('0641076d5ae840c09d2be5b71fsp0011', NOW(), 'admin', b'1', NOW(), 'admin', 0, '[]', 'hdfs://10.0.86.89:9000/xjzhu/dblp.mini.xml', 'xmlpath', 'xmlpath', b'0', 'xmlpath', b'0', b'0', '0641076d5ae840c09d2be5b71fs00012');
INSERT INTO `flow_stops_property`(`id`, `crt_dttm`, `crt_user`, `enable_flag`, `last_update_dttm`, `last_update_user`, `version`, `allowable_values`, `custom_value`, `description`, `display_name`, `is_select`, `name`, `property_required`, `property_sensitive`, `fk_stops_id`) VALUES ('0641076d5ae840c09d2be5b71fsp0012', NOW(), 'admin', b'1', NOW(), 'admin', 0, '[]', 'corrupt_record,key,mdate,author,booktitle,cite,crossref,editor,ee,i,isbn,journal,note,number,pages,publisher,series,sup,title,url,volume,year', 'schema', 'schema', b'0', 'schema', b'0', b'0', '0641076d5ae840c09d2be5b71fs00016');
INSERT INTO `flow_stops_property`(`id`, `crt_dttm`, `crt_user`, `enable_flag`, `last_update_dttm`, `last_update_user`, `version`, `allowable_values`, `custom_value`, `description`, `display_name`, `is_select`, `name`, `property_required`, `property_sensitive`, `fk_stops_id`) VALUES ('0641076d5ae840c09d2be5b71fsp0013', NOW(), 'admin', b'1', NOW(), 'admin', 0, '[]', 'hdfs://10.0.88.109:8020/web/dblp/dblp.xml', 'xmlpath', 'xmlpath', b'0', 'xmlpath', b'0', b'0', '0641076d5ae840c09d2be5b71fs00003');
INSERT INTO `flow_stops_property`(`id`, `crt_dttm`, `crt_user`, `enable_flag`, `last_update_dttm`, `last_update_user`, `version`, `allowable_values`, `custom_value`, `description`, `display_name`, `is_select`, `name`, `property_required`, `property_sensitive`, `fk_stops_id`) VALUES ('0641076d5ae840c09d2be5b71fsp0014', NOW(), 'admin', b'1', NOW(), 'admin', 0, '[]', 'www', 'Table', 'Table', b'0', 'table', b'0', b'0', '0641076d5ae840c09d2be5b71fs00005');
INSERT INTO `flow_stops_property`(`id`, `crt_dttm`, `crt_user`, `enable_flag`, `last_update_dttm`, `last_update_user`, `version`, `allowable_values`, `custom_value`, `description`, `display_name`, `is_select`, `name`, `property_required`, `property_sensitive`, `fk_stops_id`) VALUES ('0641076d5ae840c09d2be5b71fsp0015', NOW(), 'admin', b'1', NOW(), 'admin', 0, '[]', 'dblp', 'DataBase', 'DataBase', b'0', 'database', b'0', b'0', '0641076d5ae840c09d2be5b71fs00034');
INSERT INTO `flow_stops_property`(`id`, `crt_dttm`, `crt_user`, `enable_flag`, `last_update_dttm`, `last_update_user`, `version`, `allowable_values`, `custom_value`, `description`, `display_name`, `is_select`, `name`, `property_required`, `property_sensitive`, `fk_stops_id`) VALUES ('0641076d5ae840c09d2be5b71fsp0016', NOW(), 'admin', b'1', NOW(), 'admin', 0, '[]', '', 'filePath', 'filePath', b'0', 'filePath', b'0', b'0', '0641076d5ae840c09d2be5b71fs00022');
INSERT INTO `flow_stops_property`(`id`, `crt_dttm`, `crt_user`, `enable_flag`, `last_update_dttm`, `last_update_user`, `version`, `allowable_values`, `custom_value`, `description`, `display_name`, `is_select`, `name`, `property_required`, `property_sensitive`, `fk_stops_id`) VALUES ('0641076d5ae840c09d2be5b71fsp0017', NOW(), 'admin', b'1', NOW(), 'admin', 0, '[]', 'false', 'header', 'header', b'0', 'header', b'0', b'0', '0641076d5ae840c09d2be5b71fs00036');
INSERT INTO `flow_stops_property`(`id`, `crt_dttm`, `crt_user`, `enable_flag`, `last_update_dttm`, `last_update_user`, `version`, `allowable_values`, `custom_value`, `description`, `display_name`, `is_select`, `name`, `property_required`, `property_sensitive`, `fk_stops_id`) VALUES ('0641076d5ae840c09d2be5b71fsp0018', NOW(), 'admin', b'1', NOW(), 'admin', 0, '[]', '', 'isCustomize', 'isCustomize', b'0', 'isCustomize', b'0', b'0', '0641076d5ae840c09d2be5b71fs00001');
INSERT INTO `flow_stops_property`(`id`, `crt_dttm`, `crt_user`, `enable_flag`, `last_update_dttm`, `last_update_user`, `version`, `allowable_values`, `custom_value`, `description`, `display_name`, `is_select`, `name`, `property_required`, `property_sensitive`, `fk_stops_id`) VALUES ('0641076d5ae840c09d2be5b71fsp0019', NOW(), 'admin', b'1', NOW(), 'admin', 0, '[]', 'book', 'Table', 'Table', b'0', 'table', b'0', b'0', '0641076d5ae840c09d2be5b71fs00042');
INSERT INTO `flow_stops_property`(`id`, `crt_dttm`, `crt_user`, `enable_flag`, `last_update_dttm`, `last_update_user`, `version`, `allowable_values`, `custom_value`, `description`, `display_name`, `is_select`, `name`, `property_required`, `property_sensitive`, `fk_stops_id`) VALUES ('0641076d5ae840c09d2be5b71fsp0020', NOW(), 'admin', b'1', NOW(), 'admin', 0, '[]', '', 'isCustomize', 'isCustomize', b'0', 'isCustomize', b'0', b'0', '0641076d5ae840c09d2be5b71fs00022');
INSERT INTO `flow_stops_property`(`id`, `crt_dttm`, `crt_user`, `enable_flag`, `last_update_dttm`, `last_update_user`, `version`, `allowable_values`, `custom_value`, `description`, `display_name`, `is_select`, `name`, `property_required`, `property_sensitive`, `fk_stops_id`) VALUES ('0641076d5ae840c09d2be5b71fsp0021', NOW(), 'admin', b'1', NOW(), 'admin', 0, '[]', 'phdthesis', 'rowTag', 'rowTag', b'0', 'rowTag', b'0', b'0', '0641076d5ae840c09d2be5b71fs00004');
INSERT INTO `flow_stops_property`(`id`, `crt_dttm`, `crt_user`, `enable_flag`, `last_update_dttm`, `last_update_user`, `version`, `allowable_values`, `custom_value`, `description`, `display_name`, `is_select`, `name`, `property_required`, `property_sensitive`, `fk_stops_id`) VALUES ('0641076d5ae840c09d2be5b71fsp0022', NOW(), 'admin', b'1', NOW(), 'admin', 0, '[]', 'dblp', 'DataBase', 'DataBase', b'0', 'database', b'0', b'0', '0641076d5ae840c09d2be5b71fs00047');
INSERT INTO `flow_stops_property`(`id`, `crt_dttm`, `crt_user`, `enable_flag`, `last_update_dttm`, `last_update_user`, `version`, `allowable_values`, `custom_value`, `description`, `display_name`, `is_select`, `name`, `property_required`, `property_sensitive`, `fk_stops_id`) VALUES ('0641076d5ae840c09d2be5b71fsp0023', NOW(), 'admin', b'1', NOW(), 'admin', 0, '[]', 'true', 'header', 'header', b'0', 'header', b'0', b'0', '0641076d5ae840c09d2be5b71fs00008');
INSERT INTO `flow_stops_property`(`id`, `crt_dttm`, `crt_user`, `enable_flag`, `last_update_dttm`, `last_update_user`, `version`, `allowable_values`, `custom_value`, `description`, `display_name`, `is_select`, `name`, `property_required`, `property_sensitive`, `fk_stops_id`) VALUES ('0641076d5ae840c09d2be5b71fsp0024', NOW(), 'admin', b'1', NOW(), 'admin', 0, '[]', '_corrupt_record->corrupt_record,_key->key,_mdate->mdate,_publtype->publtype', 'schema', 'schema', b'0', 'schema', b'0', b'0', '0641076d5ae840c09d2be5b71fs00041');
INSERT INTO `flow_stops_property`(`id`, `crt_dttm`, `crt_user`, `enable_flag`, `last_update_dttm`, `last_update_user`, `version`, `allowable_values`, `custom_value`, `description`, `display_name`, `is_select`, `name`, `property_required`, `property_sensitive`, `fk_stops_id`) VALUES ('0641076d5ae840c09d2be5b71fsp0025', NOW(), 'admin', b'1', NOW(), 'admin', 0, '[]', 'dblp', 'DataBase', 'DataBase', b'0', 'database', b'0', b'0', '0641076d5ae840c09d2be5b71fs00014');
INSERT INTO `flow_stops_property`(`id`, `crt_dttm`, `crt_user`, `enable_flag`, `last_update_dttm`, `last_update_user`, `version`, `allowable_values`, `custom_value`, `description`, `display_name`, `is_select`, `name`, `property_required`, `property_sensitive`, `fk_stops_id`) VALUES ('0641076d5ae840c09d2be5b71fsp0026', NOW(), 'admin', b'1', NOW(), 'admin', 0, '[]', '', 'savePath', 'savePath', b'0', 'savePath', b'0', b'0', '0641076d5ae840c09d2be5b71fs00022');
INSERT INTO `flow_stops_property`(`id`, `crt_dttm`, `crt_user`, `enable_flag`, `last_update_dttm`, `last_update_user`, `version`, `allowable_values`, `custom_value`, `description`, `display_name`, `is_select`, `name`, `property_required`, `property_sensitive`, `fk_stops_id`) VALUES ('0641076d5ae840c09d2be5b71fsp0027', NOW(), 'admin', b'1', NOW(), 'admin', 0, '[]', 'corrupt_record,key,mdate,publtype,author,booktitle,cite,crossref,editor,note,title,url,year', 'schema', 'schema', b'0', 'schema', b'0', b'0', '0641076d5ae840c09d2be5b71fs00018');
INSERT INTO `flow_stops_property`(`id`, `crt_dttm`, `crt_user`, `enable_flag`, `last_update_dttm`, `last_update_user`, `version`, `allowable_values`, `custom_value`, `description`, `display_name`, `is_select`, `name`, `property_required`, `property_sensitive`, `fk_stops_id`) VALUES ('0641076d5ae840c09d2be5b71fsp0028', NOW(), 'admin', b'1', NOW(), 'admin', 0, '[]', 'mastersthesis', 'Table', 'Table', b'0', 'table', b'0', b'0', '0641076d5ae840c09d2be5b71fs00034');
INSERT INTO `flow_stops_property`(`id`, `crt_dttm`, `crt_user`, `enable_flag`, `last_update_dttm`, `last_update_user`, `version`, `allowable_values`, `custom_value`, `description`, `display_name`, `is_select`, `name`, `property_required`, `property_sensitive`, `fk_stops_id`) VALUES ('0641076d5ae840c09d2be5b71fsp0029', NOW(), 'admin', b'1', NOW(), 'admin', 0, '[]', '', 'savePath', 'savePath', b'0', 'savePath', b'0', b'0', '0641076d5ae840c09d2be5b71fs00045');
INSERT INTO `flow_stops_property`(`id`, `crt_dttm`, `crt_user`, `enable_flag`, `last_update_dttm`, `last_update_user`, `version`, `allowable_values`, `custom_value`, `description`, `display_name`, `is_select`, `name`, `property_required`, `property_sensitive`, `fk_stops_id`) VALUES ('0641076d5ae840c09d2be5b71fsp0030', NOW(), 'admin', b'1', NOW(), 'admin', 0, '[]', 'hdfs://10.0.88.109:8020/web/dblp/dblp.xml', 'xmlpath', 'xmlpath', b'0', 'xmlpath', b'0', b'0', '0641076d5ae840c09d2be5b71fs00007');
INSERT INTO `flow_stops_property`(`id`, `crt_dttm`, `crt_user`, `enable_flag`, `last_update_dttm`, `last_update_user`, `version`, `allowable_values`, `custom_value`, `description`, `display_name`, `is_select`, `name`, `property_required`, `property_sensitive`, `fk_stops_id`) VALUES ('0641076d5ae840c09d2be5b71fsp0031', NOW(), 'admin', b'1', NOW(), 'admin', 0, '[]', '', 'isCustomize', 'isCustomize', b'0', 'isCustomize', b'0', b'0', '0641076d5ae840c09d2be5b71fs00017');
INSERT INTO `flow_stops_property`(`id`, `crt_dttm`, `crt_user`, `enable_flag`, `last_update_dttm`, `last_update_user`, `version`, `allowable_values`, `custom_value`, `description`, `display_name`, `is_select`, `name`, `property_required`, `property_sensitive`, `fk_stops_id`) VALUES ('0641076d5ae840c09d2be5b71fsp0032', NOW(), 'admin', b'1', NOW(), 'admin', 0, '[]', 'incollection', 'rowTag', 'rowTag', b'0', 'rowTag', b'0', b'0', '0641076d5ae840c09d2be5b71fs00003');
INSERT INTO `flow_stops_property`(`id`, `crt_dttm`, `crt_user`, `enable_flag`, `last_update_dttm`, `last_update_user`, `version`, `allowable_values`, `custom_value`, `description`, `display_name`, `is_select`, `name`, `property_required`, `property_sensitive`, `fk_stops_id`) VALUES ('0641076d5ae840c09d2be5b71fsp0033', NOW(), 'admin', b'1', NOW(), 'admin', 0, '[]', '', 'hdfsUrl', 'hdfsUrl', b'0', 'hdfsUrl', b'0', b'0', '0641076d5ae840c09d2be5b71fs00020');
INSERT INTO `flow_stops_property`(`id`, `crt_dttm`, `crt_user`, `enable_flag`, `last_update_dttm`, `last_update_user`, `version`, `allowable_values`, `custom_value`, `description`, `display_name`, `is_select`, `name`, `property_required`, `property_sensitive`, `fk_stops_id`) VALUES ('0641076d5ae840c09d2be5b71fsp0034', NOW(), 'admin', b'1', NOW(), 'admin', 0, '[]', '', 'isCustomize', 'isCustomize', b'0', 'isCustomize', b'0', b'0', '0641076d5ae840c09d2be5b71fs00045');
INSERT INTO `flow_stops_property`(`id`, `crt_dttm`, `crt_user`, `enable_flag`, `last_update_dttm`, `last_update_user`, `version`, `allowable_values`, `custom_value`, `description`, `display_name`, `is_select`, `name`, `property_required`, `property_sensitive`, `fk_stops_id`) VALUES ('0641076d5ae840c09d2be5b71fsp0035', NOW(), 'admin', b'1', NOW(), 'admin', 0, '[]', '', 'hdfsUrl', 'hdfsUrl', b'0', 'hdfsUrl', b'0', b'0', '0641076d5ae840c09d2be5b71fs00022');
INSERT INTO `flow_stops_property`(`id`, `crt_dttm`, `crt_user`, `enable_flag`, `last_update_dttm`, `last_update_user`, `version`, `allowable_values`, `custom_value`, `description`, `display_name`, `is_select`, `name`, `property_required`, `property_sensitive`, `fk_stops_id`) VALUES ('0641076d5ae840c09d2be5b71fsp0036', NOW(), 'admin', b'1', NOW(), 'admin', 0, '[]', 'corrupt_record,key,mdate,publtype,author,booktitle,cdrom,cite,crossref,editor,ee,i,journal,month,note,number,pages,publisher,sub,sup,title,tt,url,volume,year', 'schema', 'schema', b'0', 'schema', b'0', b'0', '0641076d5ae840c09d2be5b71fs00031');
INSERT INTO `flow_stops_property`(`id`, `crt_dttm`, `crt_user`, `enable_flag`, `last_update_dttm`, `last_update_user`, `version`, `allowable_values`, `custom_value`, `description`, `display_name`, `is_select`, `name`, `property_required`, `property_sensitive`, `fk_stops_id`) VALUES ('0641076d5ae840c09d2be5b71fsp0037', NOW(), 'admin', b'1', NOW(), 'admin', 0, '[]', 'sparktest', 'DataBase', 'DataBase', b'0', 'database', b'0', b'0', '0641076d5ae840c09d2be5b71fs00038');
INSERT INTO `flow_stops_property`(`id`, `crt_dttm`, `crt_user`, `enable_flag`, `last_update_dttm`, `last_update_user`, `version`, `allowable_values`, `custom_value`, `description`, `display_name`, `is_select`, `name`, `property_required`, `property_sensitive`, `fk_stops_id`) VALUES ('0641076d5ae840c09d2be5b71fsp0038', NOW(), 'admin', b'1', NOW(), 'admin', 0, '[]', '', 'hdfsUrl', 'hdfsUrl', b'0', 'hdfsUrl', b'0', b'0', '0641076d5ae840c09d2be5b71fs00045');
INSERT INTO `flow_stops_property`(`id`, `crt_dttm`, `crt_user`, `enable_flag`, `last_update_dttm`, `last_update_user`, `version`, `allowable_values`, `custom_value`, `description`, `display_name`, `is_select`, `name`, `property_required`, `property_sensitive`, `fk_stops_id`) VALUES ('0641076d5ae840c09d2be5b71fsp0039', NOW(), 'admin', b'1', NOW(), 'admin', 0, '[]', '', 'savePath', 'savePath', b'0', 'savePath', b'0', b'0', '0641076d5ae840c09d2be5b71fs00020');
INSERT INTO `flow_stops_property`(`id`, `crt_dttm`, `crt_user`, `enable_flag`, `last_update_dttm`, `last_update_user`, `version`, `allowable_values`, `custom_value`, `description`, `display_name`, `is_select`, `name`, `property_required`, `property_sensitive`, `fk_stops_id`) VALUES ('0641076d5ae840c09d2be5b71fsp0040', NOW(), 'admin', b'1', NOW(), 'admin', 0, '[]', '', 'hdfsUrl', 'hdfsUrl', b'0', 'hdfsUrl', b'0', b'0', '0641076d5ae840c09d2be5b71fs00001');
INSERT INTO `flow_stops_property`(`id`, `crt_dttm`, `crt_user`, `enable_flag`, `last_update_dttm`, `last_update_user`, `version`, `allowable_values`, `custom_value`, `description`, `display_name`, `is_select`, `name`, `property_required`, `property_sensitive`, `fk_stops_id`) VALUES ('0641076d5ae840c09d2be5b71fsp0041', NOW(), 'admin', b'1', NOW(), 'admin', 0, '[]', 'mastersthesis', 'rowTag', 'rowTag', b'0', 'rowTag', b'0', b'0', '0641076d5ae840c09d2be5b71fs00044');
INSERT INTO `flow_stops_property`(`id`, `crt_dttm`, `crt_user`, `enable_flag`, `last_update_dttm`, `last_update_user`, `version`, `allowable_values`, `custom_value`, `description`, `display_name`, `is_select`, `name`, `property_required`, `property_sensitive`, `fk_stops_id`) VALUES ('0641076d5ae840c09d2be5b71fsp0042', NOW(), 'admin', b'1', NOW(), 'admin', 0, '[]', 'inproceedings', 'Table', 'Table', b'0', 'table', b'0', b'0', '0641076d5ae840c09d2be5b71fs00028');
INSERT INTO `flow_stops_property`(`id`, `crt_dttm`, `crt_user`, `enable_flag`, `last_update_dttm`, `last_update_user`, `version`, `allowable_values`, `custom_value`, `description`, `display_name`, `is_select`, `name`, `property_required`, `property_sensitive`, `fk_stops_id`) VALUES ('0641076d5ae840c09d2be5b71fsp0043', NOW(), 'admin', b'1', NOW(), 'admin', 0, '[]', 'dblp', 'DataBase', 'DataBase', b'0', 'database', b'0', b'0', '0641076d5ae840c09d2be5b71fs00005');
INSERT INTO `flow_stops_property`(`id`, `crt_dttm`, `crt_user`, `enable_flag`, `last_update_dttm`, `last_update_user`, `version`, `allowable_values`, `custom_value`, `description`, `display_name`, `is_select`, `name`, `property_required`, `property_sensitive`, `fk_stops_id`) VALUES ('0641076d5ae840c09d2be5b71fsp0044', NOW(), 'admin', b'1', NOW(), 'admin', 0, '[]', 'phdthesis', 'rowTag', 'rowTag', b'0', 'rowTag', b'0', b'0', '0641076d5ae840c09d2be5b71fs00012');
INSERT INTO `flow_stops_property`(`id`, `crt_dttm`, `crt_user`, `enable_flag`, `last_update_dttm`, `last_update_user`, `version`, `allowable_values`, `custom_value`, `description`, `display_name`, `is_select`, `name`, `property_required`, `property_sensitive`, `fk_stops_id`) VALUES ('0641076d5ae840c09d2be5b71fsp0045', NOW(), 'admin', b'1', NOW(), 'admin', 0, '[]', 'https://dblp.dagstuhl.de/xml/dblp.xml.gz', 'URL', 'URL', b'0', 'url_str', b'0', b'0', '0641076d5ae840c09d2be5b71fs00039');
INSERT INTO `flow_stops_property`(`id`, `crt_dttm`, `crt_user`, `enable_flag`, `last_update_dttm`, `last_update_user`, `version`, `allowable_values`, `custom_value`, `description`, `display_name`, `is_select`, `name`, `property_required`, `property_sensitive`, `fk_stops_id`) VALUES ('0641076d5ae840c09d2be5b71fsp0046', NOW(), 'admin', b'1', NOW(), 'admin', 0, '[]', 'corrupt_record,key,mdate,publtype,author,booktitle,cdrom,cite,crossref,editor,ee,i,note,number,pages,sub,sup,title,tt,url,year', 'schema', 'schema', b'0', 'schema', b'0', b'0', '0641076d5ae840c09d2be5b71fs00009');
INSERT INTO `flow_stops_property`(`id`, `crt_dttm`, `crt_user`, `enable_flag`, `last_update_dttm`, `last_update_user`, `version`, `allowable_values`, `custom_value`, `description`, `display_name`, `is_select`, `name`, `property_required`, `property_sensitive`, `fk_stops_id`) VALUES ('0641076d5ae840c09d2be5b71fsp0047', NOW(), 'admin', b'1', NOW(), 'admin', 0, '[]', '', 'isCustomize', 'isCustomize', b'0', 'isCustomize', b'0', b'0', '0641076d5ae840c09d2be5b71fs00020');
INSERT INTO `flow_stops_property`(`id`, `crt_dttm`, `crt_user`, `enable_flag`, `last_update_dttm`, `last_update_user`, `version`, `allowable_values`, `custom_value`, `description`, `display_name`, `is_select`, `name`, `property_required`, `property_sensitive`, `fk_stops_id`) VALUES ('0641076d5ae840c09d2be5b71fsp0048', NOW(), 'admin', b'1', NOW(), 'admin', 0, '[]', '/web/dblp/', 'savePath', 'savePath', b'0', 'savePath', b'0', b'0', '0641076d5ae840c09d2be5b71fs00029');
INSERT INTO `flow_stops_property`(`id`, `crt_dttm`, `crt_user`, `enable_flag`, `last_update_dttm`, `last_update_user`, `version`, `allowable_values`, `custom_value`, `description`, `display_name`, `is_select`, `name`, `property_required`, `property_sensitive`, `fk_stops_id`) VALUES ('0641076d5ae840c09d2be5b71fsp0049', NOW(), 'admin', b'1', NOW(), 'admin', 0, '[]', 'hdfs://10.0.88.109:8020/web/dblp/dblp.xml', 'xmlpath', 'xmlpath', b'0', 'xmlpath', b'0', b'0', '0641076d5ae840c09d2be5b71fs00025');
INSERT INTO `flow_stops_property`(`id`, `crt_dttm`, `crt_user`, `enable_flag`, `last_update_dttm`, `last_update_user`, `version`, `allowable_values`, `custom_value`, `description`, `display_name`, `is_select`, `name`, `property_required`, `property_sensitive`, `fk_stops_id`) VALUES ('0641076d5ae840c09d2be5b71fsp0050', NOW(), 'admin', b'1', NOW(), 'admin', 0, '[]', '', 'filePath', 'filePath', b'0', 'filePath', b'0', b'0', '0641076d5ae840c09d2be5b71fs00020');
INSERT INTO `flow_stops_property`(`id`, `crt_dttm`, `crt_user`, `enable_flag`, `last_update_dttm`, `last_update_user`, `version`, `allowable_values`, `custom_value`, `description`, `display_name`, `is_select`, `name`, `property_required`, `property_sensitive`, `fk_stops_id`) VALUES ('0641076d5ae840c09d2be5b71fsp0051', NOW(), 'admin', b'1', NOW(), 'admin', 0, '[]', '_corrupt_record->corrupt_record,_key->key,_mdate->mdate,_publtype->publtype', 'schema', 'schema', b'0', 'schema', b'0', b'0', '0641076d5ae840c09d2be5b71fs00015');
INSERT INTO `flow_stops_property`(`id`, `crt_dttm`, `crt_user`, `enable_flag`, `last_update_dttm`, `last_update_user`, `version`, `allowable_values`, `custom_value`, `description`, `display_name`, `is_select`, `name`, `property_required`, `property_sensitive`, `fk_stops_id`) VALUES ('0641076d5ae840c09d2be5b71fsp0052', NOW(), 'admin', b'1', NOW(), 'admin', 0, '[]', 'data1,data2', 'inports', 'inports', b'0', 'inports', b'0', b'0', '0641076d5ae840c09d2be5b71fs00002');
INSERT INTO `flow_stops_property`(`id`, `crt_dttm`, `crt_user`, `enable_flag`, `last_update_dttm`, `last_update_user`, `version`, `allowable_values`, `custom_value`, `description`, `display_name`, `is_select`, `name`, `property_required`, `property_sensitive`, `fk_stops_id`) VALUES ('0641076d5ae840c09d2be5b71fsp0053', NOW(), 'admin', b'1', NOW(), 'admin', 0, '[]', '', 'savePath', 'savePath', b'0', 'savePath', b'0', b'0', '0641076d5ae840c09d2be5b71fs00001');
INSERT INTO `flow_stops_property`(`id`, `crt_dttm`, `crt_user`, `enable_flag`, `last_update_dttm`, `last_update_user`, `version`, `allowable_values`, `custom_value`, `description`, `display_name`, `is_select`, `name`, `property_required`, `property_sensitive`, `fk_stops_id`) VALUES ('0641076d5ae840c09d2be5b71fsp0054', NOW(), 'admin', b'1', NOW(), 'admin', 0, '[]', '', 'filePath', 'filePath', b'0', 'filePath', b'0', b'0', '0641076d5ae840c09d2be5b71fs00017');
INSERT INTO `flow_stops_property`(`id`, `crt_dttm`, `crt_user`, `enable_flag`, `last_update_dttm`, `last_update_user`, `version`, `allowable_values`, `custom_value`, `description`, `display_name`, `is_select`, `name`, `property_required`, `property_sensitive`, `fk_stops_id`) VALUES ('0641076d5ae840c09d2be5b71fsp0055', NOW(), 'admin', b'1', NOW(), 'admin', 0, '[]', 'article', 'Table', 'Table', b'0', 'table', b'0', b'0', '0641076d5ae840c09d2be5b71fs00014');
INSERT INTO `flow_stops_property`(`id`, `crt_dttm`, `crt_user`, `enable_flag`, `last_update_dttm`, `last_update_user`, `version`, `allowable_values`, `custom_value`, `description`, `display_name`, `is_select`, `name`, `property_required`, `property_sensitive`, `fk_stops_id`) VALUES ('0641076d5ae840c09d2be5b71fsp0056', NOW(), 'admin', b'1', NOW(), 'admin', 0, '[]', 'corrupt_record,key,mdate,publtype,author,booktitle,crossref,ee,i,pages,sub,sup,title,url,year', 'schema', 'schema', b'0', 'schema', b'0', b'0', '0641076d5ae840c09d2be5b71fs00030');
INSERT INTO `flow_stops_property`(`id`, `crt_dttm`, `crt_user`, `enable_flag`, `last_update_dttm`, `last_update_user`, `version`, `allowable_values`, `custom_value`, `description`, `display_name`, `is_select`, `name`, `property_required`, `property_sensitive`, `fk_stops_id`) VALUES ('0641076d5ae840c09d2be5b71fsp0057', NOW(), 'admin', b'1', NOW(), 'admin', 0, '[]', 'dblp', 'DataBase', 'DataBase', b'0', 'database', b'0', b'0', '0641076d5ae840c09d2be5b71fs00019');
INSERT INTO `flow_stops_property`(`id`, `crt_dttm`, `crt_user`, `enable_flag`, `last_update_dttm`, `last_update_user`, `version`, `allowable_values`, `custom_value`, `description`, `display_name`, `is_select`, `name`, `property_required`, `property_sensitive`, `fk_stops_id`) VALUES ('0641076d5ae840c09d2be5b71fsp0058', NOW(), 'admin', b'1', NOW(), 'admin', 0, '[]', 'out1,out2,out3', 'outports', 'outports', b'0', 'outports', b'0', b'0', '0641076d5ae840c09d2be5b71fs00032');
INSERT INTO `flow_stops_property`(`id`, `crt_dttm`, `crt_user`, `enable_flag`, `last_update_dttm`, `last_update_user`, `version`, `allowable_values`, `custom_value`, `description`, `display_name`, `is_select`, `name`, `property_required`, `property_sensitive`, `fk_stops_id`) VALUES ('0641076d5ae840c09d2be5b71fsp0059', NOW(), 'admin', b'1', NOW(), 'admin', 0, '[]', 'article', 'rowTag', 'rowTag', b'0', 'rowTag', b'0', b'0', '0641076d5ae840c09d2be5b71fs00043');
INSERT INTO `flow_stops_property`(`id`, `crt_dttm`, `crt_user`, `enable_flag`, `last_update_dttm`, `last_update_user`, `version`, `allowable_values`, `custom_value`, `description`, `display_name`, `is_select`, `name`, `property_required`, `property_sensitive`, `fk_stops_id`) VALUES ('0641076d5ae840c09d2be5b71fsp0060', NOW(), 'admin', b'1', NOW(), 'admin', 0, '[]', '_corrupt_record->corrupt_record,_key->key,_mdate->mdate,_publtype->publtype', 'schema', 'schema', b'0', 'schema', b'0', b'0', '0641076d5ae840c09d2be5b71fs00013');
INSERT INTO `flow_stops_property`(`id`, `crt_dttm`, `crt_user`, `enable_flag`, `last_update_dttm`, `last_update_user`, `version`, `allowable_values`, `custom_value`, `description`, `display_name`, `is_select`, `name`, `property_required`, `property_sensitive`, `fk_stops_id`) VALUES ('0641076d5ae840c09d2be5b71fsp0061', NOW(), 'admin', b'1', NOW(), 'admin', 0, '[]', '_corrupt_record->corrupt_record,_key->key,_mdate->mdate,_publtype->publtype', 'schema', 'schema', b'0', 'schema', b'0', b'0', '0641076d5ae840c09d2be5b71fs00048');
INSERT INTO `flow_stops_property`(`id`, `crt_dttm`, `crt_user`, `enable_flag`, `last_update_dttm`, `last_update_user`, `version`, `allowable_values`, `custom_value`, `description`, `display_name`, `is_select`, `name`, `property_required`, `property_sensitive`, `fk_stops_id`) VALUES ('0641076d5ae840c09d2be5b71fsp0062', NOW(), 'admin', b'1', NOW(), 'admin', 0, '[]', 'inproceedings', 'rowTag', 'rowTag', b'0', 'rowTag', b'0', b'0', '0641076d5ae840c09d2be5b71fs00007');
INSERT INTO `flow_stops_property`(`id`, `crt_dttm`, `crt_user`, `enable_flag`, `last_update_dttm`, `last_update_user`, `version`, `allowable_values`, `custom_value`, `description`, `display_name`, `is_select`, `name`, `property_required`, `property_sensitive`, `fk_stops_id`) VALUES ('0641076d5ae840c09d2be5b71fsp0063', NOW(), 'admin', b'1', NOW(), 'admin', 0, '[]', 'dblp', 'DataBase', 'DataBase', b'0', 'database', b'0', b'0', '0641076d5ae840c09d2be5b71fs00006');
INSERT INTO `flow_stops_property`(`id`, `crt_dttm`, `crt_user`, `enable_flag`, `last_update_dttm`, `last_update_user`, `version`, `allowable_values`, `custom_value`, `description`, `display_name`, `is_select`, `name`, `property_required`, `property_sensitive`, `fk_stops_id`) VALUES ('0641076d5ae840c09d2be5b71fsp0064', NOW(), 'admin', b'1', NOW(), 'admin', 0, '[]', 'corrupt_record,key,mdate,publtype,author,booktitle,editor,ee,isbn,note,pages,publisher,school,series,sub,sup,title,url,volume,year', 'schema', 'schema', b'0', 'schema', b'0', b'0', '0641076d5ae840c09d2be5b71fs00027');
INSERT INTO `flow_stops_property`(`id`, `crt_dttm`, `crt_user`, `enable_flag`, `last_update_dttm`, `last_update_user`, `version`, `allowable_values`, `custom_value`, `description`, `display_name`, `is_select`, `name`, `property_required`, `property_sensitive`, `fk_stops_id`) VALUES ('0641076d5ae840c09d2be5b71fsp0065', NOW(), 'admin', b'1', NOW(), 'admin', 0, '[]', 'hdfs://10.0.88.109:8020/web/dblp/dblp.xml', 'xmlpath', 'xmlpath', b'0', 'xmlpath', b'0', b'0', '0641076d5ae840c09d2be5b71fs00004');
INSERT INTO `flow_stops_property`(`id`, `crt_dttm`, `crt_user`, `enable_flag`, `last_update_dttm`, `last_update_user`, `version`, `allowable_values`, `custom_value`, `description`, `display_name`, `is_select`, `name`, `property_required`, `property_sensitive`, `fk_stops_id`) VALUES ('0641076d5ae840c09d2be5b71fsp0066', NOW(), 'admin', b'1', NOW(), 'admin', 0, '[]', 'out1,out2,out3,out4,out5,out6,out7,out8', 'outports', 'outports', b'0', 'outports', b'0', b'0', '0641076d5ae840c09d2be5b71fs00023');
INSERT INTO `flow_stops_property`(`id`, `crt_dttm`, `crt_user`, `enable_flag`, `last_update_dttm`, `last_update_user`, `version`, `allowable_values`, `custom_value`, `description`, `display_name`, `is_select`, `name`, `property_required`, `property_sensitive`, `fk_stops_id`) VALUES ('0641076d5ae840c09d2be5b71fsp0067', NOW(), 'admin', b'1', NOW(), 'admin', 0, '[]', 'dblp', 'DataBase', 'DataBase', b'0', 'database', b'0', b'0', '0641076d5ae840c09d2be5b71fs00042');
INSERT INTO `flow_stops_property`(`id`, `crt_dttm`, `crt_user`, `enable_flag`, `last_update_dttm`, `last_update_user`, `version`, `allowable_values`, `custom_value`, `description`, `display_name`, `is_select`, `name`, `property_required`, `property_sensitive`, `fk_stops_id`) VALUES ('0641076d5ae840c09d2be5b71fsp0068', NOW(), 'admin', b'1', NOW(), 'admin', 0, '[]', '', 'hdfsUrl', 'hdfsUrl', b'0', 'hdfsUrl', b'0', b'0', '0641076d5ae840c09d2be5b71fs00017');
INSERT INTO `flow_stops_property`(`id`, `crt_dttm`, `crt_user`, `enable_flag`, `last_update_dttm`, `last_update_user`, `version`, `allowable_values`, `custom_value`, `description`, `display_name`, `is_select`, `name`, `property_required`, `property_sensitive`, `fk_stops_id`) VALUES ('0641076d5ae840c09d2be5b71fsp0069', NOW(), 'admin', b'1', NOW(), 'admin', 0, '[]', 'incollection', 'Table', 'Table', b'0', 'table', b'0', b'0', '0641076d5ae840c09d2be5b71fs00047');
INSERT INTO `flow_stops_property`(`id`, `crt_dttm`, `crt_user`, `enable_flag`, `last_update_dttm`, `last_update_user`, `version`, `allowable_values`, `custom_value`, `description`, `display_name`, `is_select`, `name`, `property_required`, `property_sensitive`, `fk_stops_id`) VALUES ('0641076d5ae840c09d2be5b71fsp0070', NOW(), 'admin', b'1', NOW(), 'admin', 0, '[]', 'book', 'rowTag', 'rowTag', b'0', 'rowTag', b'0', b'0', '0641076d5ae840c09d2be5b71fs00021');
INSERT INTO `flow_stops_property`(`id`, `crt_dttm`, `crt_user`, `enable_flag`, `last_update_dttm`, `last_update_user`, `version`, `allowable_values`, `custom_value`, `description`, `display_name`, `is_select`, `name`, `property_required`, `property_sensitive`, `fk_stops_id`) VALUES ('0641076d5ae840c09d2be5b71fsp0071', NOW(), 'admin', b'1', NOW(), 'admin', 0, '[]', '', 'filePath', 'filePath', b'0', 'filePath', b'0', b'0', '0641076d5ae840c09d2be5b71fs00001');
INSERT INTO `flow_stops_property`(`id`, `crt_dttm`, `crt_user`, `enable_flag`, `last_update_dttm`, `last_update_user`, `version`, `allowable_values`, `custom_value`, `description`, `display_name`, `is_select`, `name`, `property_required`, `property_sensitive`, `fk_stops_id`) VALUES ('0641076d5ae840c09d2be5b71fsp0072', NOW(), 'admin', b'1', NOW(), 'admin', 0, '[]', '_corrupt_record->corrupt_record,_key->key,_mdate->mdate,_publtype->publtype', 'schema', 'schema', b'0', 'schema', b'0', b'0', '0641076d5ae840c09d2be5b71fs00033');
INSERT INTO `flow_stops_property`(`id`, `crt_dttm`, `crt_user`, `enable_flag`, `last_update_dttm`, `last_update_user`, `version`, `allowable_values`, `custom_value`, `description`, `display_name`, `is_select`, `name`, `property_required`, `property_sensitive`, `fk_stops_id`) VALUES ('0641076d5ae840c09d2be5b71fsp0073', NOW(), 'admin', b'1', NOW(), 'admin', 0, '[]', 'www', 'rowTag', 'rowTag', b'0', 'rowTag', b'0', b'0', '0641076d5ae840c09d2be5b71fs00025');
INSERT INTO `flow_stops_property`(`id`, `crt_dttm`, `crt_user`, `enable_flag`, `last_update_dttm`, `last_update_user`, `version`, `allowable_values`, `custom_value`, `description`, `display_name`, `is_select`, `name`, `property_required`, `property_sensitive`, `fk_stops_id`) VALUES ('0641076d5ae840c09d2be5b71fsp0074', NOW(), 'admin', b'1', NOW(), 'admin', 0, '[]', 'hdfs://10.0.88.109:8020/web/dblp/dblp.xml', 'xmlpath', 'xmlpath', b'0', 'xmlpath', b'0', b'0', '0641076d5ae840c09d2be5b71fs00021');
INSERT INTO `flow_stops_property`(`id`, `crt_dttm`, `crt_user`, `enable_flag`, `last_update_dttm`, `last_update_user`, `version`, `allowable_values`, `custom_value`, `description`, `display_name`, `is_select`, `name`, `property_required`, `property_sensitive`, `fk_stops_id`) VALUES ('0641076d5ae840c09d2be5b71fsp0075', NOW(), 'admin', b'1', NOW(), 'admin', 0, '[]', 'hdfs://10.0.88.109:8020/web/dblp/dblp.xml', 'xmlpath', 'xmlpath', b'0', 'xmlpath', b'0', b'0', '0641076d5ae840c09d2be5b71fs00043');
INSERT INTO `flow_stops_property`(`id`, `crt_dttm`, `crt_user`, `enable_flag`, `last_update_dttm`, `last_update_user`, `version`, `allowable_values`, `custom_value`, `description`, `display_name`, `is_select`, `name`, `property_required`, `property_sensitive`, `fk_stops_id`) VALUES ('0641076d5ae840c09d2be5b71fsp0076', NOW(), 'admin', b'1', NOW(), 'admin', 0, '[]', 'proceedings', 'Table', 'Table', b'0', 'table', b'0', b'0', '0641076d5ae840c09d2be5b71fs00019');
INSERT INTO `flow_stops_property`(`id`, `crt_dttm`, `crt_user`, `enable_flag`, `last_update_dttm`, `last_update_user`, `version`, `allowable_values`, `custom_value`, `description`, `display_name`, `is_select`, `name`, `property_required`, `property_sensitive`, `fk_stops_id`) VALUES ('0641076d5ae840c09d2be5b71fsp0077', NOW(), 'admin', b'1', NOW(), 'admin', 0, '[]', 'hdfs://10.0.86.89:9000/xjzhu/phdthesis.csv', 'csvPath', 'csvPath', b'0', 'csvPath', b'0', b'0', '0641076d5ae840c09d2be5b71fs00036');
INSERT INTO `flow_stops_property`(`id`, `crt_dttm`, `crt_user`, `enable_flag`, `last_update_dttm`, `last_update_user`, `version`, `allowable_values`, `custom_value`, `description`, `display_name`, `is_select`, `name`, `property_required`, `property_sensitive`, `fk_stops_id`) VALUES ('0641076d5ae840c09d2be5b71fsp0078', NOW(), 'admin', b'1', NOW(), 'admin', 0, '[]', 'title,author,pages', 'schema', 'schema', b'0', 'schema', b'0', b'0', '0641076d5ae840c09d2be5b71fs00040');
INSERT INTO `flow_stops_property`(`id`, `crt_dttm`, `crt_user`, `enable_flag`, `last_update_dttm`, `last_update_user`, `version`, `allowable_values`, `custom_value`, `description`, `display_name`, `is_select`, `name`, `property_required`, `property_sensitive`, `fk_stops_id`) VALUES ('0641076d5ae840c09d2be5b71fsp0079', NOW(), 'admin', b'1', NOW(), 'admin', 0, '[]', 'dblp_phdthesis', 'Table', 'Table', b'0', 'table', b'0', b'0', '0641076d5ae840c09d2be5b71fs00038');
INSERT INTO `flow_stops_property`(`id`, `crt_dttm`, `crt_user`, `enable_flag`, `last_update_dttm`, `last_update_user`, `version`, `allowable_values`, `custom_value`, `description`, `display_name`, `is_select`, `name`, `property_required`, `property_sensitive`, `fk_stops_id`) VALUES ('0641076d5ae840c09d2be5b71fsp0080', NOW(), 'admin', b'1', NOW(), 'admin', 0, '[]', 'hdfs://10.0.86.89:9000/xjzhu/phdthesis_result.csv', 'csvSavePath', 'csvSavePath', b'0', 'csvSavePath', b'0', b'0', '0641076d5ae840c09d2be5b71fs00008');
INSERT INTO `flow_stops_property`(`id`, `crt_dttm`, `crt_user`, `enable_flag`, `last_update_dttm`, `last_update_user`, `version`, `allowable_values`, `custom_value`, `description`, `display_name`, `is_select`, `name`, `property_required`, `property_sensitive`, `fk_stops_id`) VALUES ('0641076d5ae840c09d2be5b71fsp0081', NOW(), 'admin', b'1', NOW(), 'admin', 0, '[]', ',', 'delimiter', 'delimiter', b'0', 'delimiter', b'0', b'0', '0641076d5ae840c09d2be5b71fs00008');
INSERT INTO `flow_stops_property`(`id`, `crt_dttm`, `crt_user`, `enable_flag`, `last_update_dttm`, `last_update_user`, `version`, `allowable_values`, `custom_value`, `description`, `display_name`, `is_select`, `name`, `property_required`, `property_sensitive`, `fk_stops_id`) VALUES ('0641076d5ae840c09d2be5b71fsp0082', NOW(), 'admin', b'1', NOW(), 'admin', 0, '[]', ',', 'delimiter', 'delimiter', b'0', 'delimiter', b'0', b'0', '0641076d5ae840c09d2be5b71fs00036');
INSERT INTO `flow_stops_property`(`id`, `crt_dttm`, `crt_user`, `enable_flag`, `last_update_dttm`, `last_update_user`, `version`, `allowable_values`, `custom_value`, `description`, `display_name`, `is_select`, `name`, `property_required`, `property_sensitive`, `fk_stops_id`) VALUES ('0641076d5ae840c09d2be5b71fsp0083', NOW(), 'admin', b'1', NOW(), 'admin', 0, '[]', 'phdthesis', 'Table', 'Table', b'0', 'table', b'0', b'0', '0641076d5ae840c09d2be5b71fs00006');
INSERT INTO `flow_stops_property`(`id`, `crt_dttm`, `crt_user`, `enable_flag`, `last_update_dttm`, `last_update_user`, `version`, `allowable_values`, `custom_value`, `description`, `display_name`, `is_select`, `name`, `property_required`, `property_sensitive`, `fk_stops_id`) VALUES ('0641076d5ae840c09d2be5b71fsp0084', NOW(), 'admin', b'1', NOW(), 'admin', 0, '[]', '', 'filePath', 'filePath', b'0', 'filePath', b'0', b'0', '0641076d5ae840c09d2be5b71fs00045');
INSERT INTO `flow_stops_property`(`id`, `crt_dttm`, `crt_user`, `enable_flag`, `last_update_dttm`, `last_update_user`, `version`, `allowable_values`, `custom_value`, `description`, `display_name`, `is_select`, `name`, `property_required`, `property_sensitive`, `fk_stops_id`) VALUES ('0641076d5ae840c09d2be5b71fsp0085', NOW(), 'admin', b'1', NOW(), 'admin', 0, '[]', 'corrupt_record,key,mdate,publtype,author,ee,i,isbn,month,note,number,pages,publisher,school,series,sub,sup,title,url,volume,year', 'schema', 'schema', b'0', 'schema', b'0', b'0', '0641076d5ae840c09d2be5b71fs00037');
INSERT INTO `flow_stops_property`(`id`, `crt_dttm`, `crt_user`, `enable_flag`, `last_update_dttm`, `last_update_user`, `version`, `allowable_values`, `custom_value`, `description`, `display_name`, `is_select`, `name`, `property_required`, `property_sensitive`, `fk_stops_id`) VALUES ('0641076d5ae840c09d2be5b71fsp0086', NOW(), 'admin', b'1', NOW(), 'admin', 0, '[]', 'hdfs://10.0.86.89:9000/xjzhu/phdthesis.json', 'jsonSavePath', 'jsonSavePath', b'0', 'jsonSavePath', b'0', b'0', '0641076d5ae840c09d2be5b71fs00024');
INSERT INTO `flow_stops_property`(`id`, `crt_dttm`, `crt_user`, `enable_flag`, `last_update_dttm`, `last_update_user`, `version`, `allowable_values`, `custom_value`, `description`, `display_name`, `is_select`, `name`, `property_required`, `property_sensitive`, `fk_stops_id`) VALUES ('0641076d5ae840c09d2be5b71fsp0087', NOW(), 'admin', b'1', NOW(), 'admin', 0, '[]', '', 'savePath', 'savePath', b'0', 'savePath', b'0', b'0', '0641076d5ae840c09d2be5b71fs00017');
INSERT INTO `flow_stops_property`(`id`, `crt_dttm`, `crt_user`, `enable_flag`, `last_update_dttm`, `last_update_user`, `version`, `allowable_values`, `custom_value`, `description`, `display_name`, `is_select`, `name`, `property_required`, `property_sensitive`, `fk_stops_id`) VALUES ('0641076d5ae840c09d2be5b71fsp0088', NOW(), 'admin', b'1', NOW(), 'admin', 0, '[]', '_corrupt_record->corrupt_record,_key->key,_mdate->mdate,_publtype->publtype', 'schema', 'schema', b'0', 'schema', b'0', b'0', '0641076d5ae840c09d2be5b71fs00035');
INSERT INTO `flow_stops_property`(`id`, `crt_dttm`, `crt_user`, `enable_flag`, `last_update_dttm`, `last_update_user`, `version`, `allowable_values`, `custom_value`, `description`, `display_name`, `is_select`, `name`, `property_required`, `property_sensitive`, `fk_stops_id`) VALUES ('0641076d5ae840c09d2be5b71fsp0089', NOW(), 'admin', b'1', NOW(), 'admin', 0, '[]', 'hdfs://10.0.88.109:8020/web/dblp/dblp.xml', 'xmlpath', 'xmlpath', b'0', 'xmlpath', b'0', b'0', '0641076d5ae840c09d2be5b71fs00044');
INSERT INTO `flow_stops_property`(`id`, `crt_dttm`, `crt_user`, `enable_flag`, `last_update_dttm`, `last_update_user`, `version`, `allowable_values`, `custom_value`, `description`, `display_name`, `is_select`, `name`, `property_required`, `property_sensitive`, `fk_stops_id`) VALUES ('0641076d5ae840c09d2be5b71fsp0090', NOW(), 'admin', b'1', NOW(), 'admin', 0, '[]', 'hdfs://10.0.88.109:8020/web/dblp/dblp.xml', 'xmlpath', 'xmlpath', b'0', 'xmlpath', b'0', b'0', '0641076d5ae840c09d2be5b71fs00010');


-- ----------------------------
-- Records of flow_path
-- ----------------------------
INSERT INTO `flow_path`(`id`, `crt_dttm`, `crt_user`, `enable_flag`, `last_update_dttm`, `last_update_user`, `version`, `line_from`, `line_inport`, `line_outport`, `page_id`, `line_to`, `fk_flow_id`) VALUES ('0641076d5ae840c09d2be5b71fp00001', NOW(), 'admin', b'1', NOW(), 'admin', 0, '56', '', '', '111', '65', '0641076d5ae840c09d2be5b71fw00002');
INSERT INTO `flow_path`(`id`, `crt_dttm`, `crt_user`, `enable_flag`, `last_update_dttm`, `last_update_user`, `version`, `line_from`, `line_inport`, `line_outport`, `page_id`, `line_to`, `fk_flow_id`) VALUES ('0641076d5ae840c09d2be5b71fp00002', NOW(), 'admin', b'1', NOW(), 'admin', 0, '90', '', '', '108', '68', '0641076d5ae840c09d2be5b71fw00002');
INSERT INTO `flow_path`(`id`, `crt_dttm`, `crt_user`, `enable_flag`, `last_update_dttm`, `last_update_user`, `version`, `line_from`, `line_inport`, `line_outport`, `page_id`, `line_to`, `fk_flow_id`) VALUES ('0641076d5ae840c09d2be5b71fp00003', NOW(), 'admin', b'1', NOW(), 'admin', 0, '91', '', '', '94', '73', '0641076d5ae840c09d2be5b71fw00002');
INSERT INTO `flow_path`(`id`, `crt_dttm`, `crt_user`, `enable_flag`, `last_update_dttm`, `last_update_user`, `version`, `line_from`, `line_inport`, `line_outport`, `page_id`, `line_to`, `fk_flow_id`) VALUES ('0641076d5ae840c09d2be5b71fp00004', NOW(), 'admin', b'1', NOW(), 'admin', 0, '55', '', '', '95', '58', '0641076d5ae840c09d2be5b71fw00002');
INSERT INTO `flow_path`(`id`, `crt_dttm`, `crt_user`, `enable_flag`, `last_update_dttm`, `last_update_user`, `version`, `line_from`, `line_inport`, `line_outport`, `page_id`, `line_to`, `fk_flow_id`) VALUES ('0641076d5ae840c09d2be5b71fp00005', NOW(), 'admin', b'1', NOW(), 'admin', 0, '68', '', '', '109', '62', '0641076d5ae840c09d2be5b71fw00002');
INSERT INTO `flow_path`(`id`, `crt_dttm`, `crt_user`, `enable_flag`, `last_update_dttm`, `last_update_user`, `version`, `line_from`, `line_inport`, `line_outport`, `page_id`, `line_to`, `fk_flow_id`) VALUES ('0641076d5ae840c09d2be5b71fp00006', NOW(), 'admin', b'1', NOW(), 'admin', 0, '87', '', '', '115', '54', '0641076d5ae840c09d2be5b71fw00002');
INSERT INTO `flow_path`(`id`, `crt_dttm`, `crt_user`, `enable_flag`, `last_update_dttm`, `last_update_user`, `version`, `line_from`, `line_inport`, `line_outport`, `page_id`, `line_to`, `fk_flow_id`) VALUES ('0641076d5ae840c09d2be5b71fp00007', NOW(), 'admin', b'1', NOW(), 'admin', 0, '85', '', 'out6', '127', '70', '0641076d5ae840c09d2be5b71fw00002');
INSERT INTO `flow_path`(`id`, `crt_dttm`, `crt_user`, `enable_flag`, `last_update_dttm`, `last_update_user`, `version`, `line_from`, `line_inport`, `line_outport`, `page_id`, `line_to`, `fk_flow_id`) VALUES ('0641076d5ae840c09d2be5b71fp00008', NOW(), 'admin', b'1', NOW(), 'admin', 0, '59', '', '', '103', '69', '0641076d5ae840c09d2be5b71fw00002');
INSERT INTO `flow_path`(`id`, `crt_dttm`, `crt_user`, `enable_flag`, `last_update_dttm`, `last_update_user`, `version`, `line_from`, `line_inport`, `line_outport`, `page_id`, `line_to`, `fk_flow_id`) VALUES ('0641076d5ae840c09d2be5b71fp00009', NOW(), 'admin', b'1', NOW(), 'admin', 0, '76', '', '', '116', '88', '0641076d5ae840c09d2be5b71fw00002');
INSERT INTO `flow_path`(`id`, `crt_dttm`, `crt_user`, `enable_flag`, `last_update_dttm`, `last_update_user`, `version`, `line_from`, `line_inport`, `line_outport`, `page_id`, `line_to`, `fk_flow_id`) VALUES ('0641076d5ae840c09d2be5b71fp00010', NOW(), 'admin', b'1', NOW(), 'admin', 0, '71', '', '', '114', '87', '0641076d5ae840c09d2be5b71fw00002');
INSERT INTO `flow_path`(`id`, `crt_dttm`, `crt_user`, `enable_flag`, `last_update_dttm`, `last_update_user`, `version`, `line_from`, `line_inport`, `line_outport`, `page_id`, `line_to`, `fk_flow_id`) VALUES ('0641076d5ae840c09d2be5b71fp00011', NOW(), 'Add', b'1', NOW(), 'admin', 0, '5', 'data2', '', '8', '6', '0641076d5ae840c09d2be5b71fw00001');
INSERT INTO `flow_path`(`id`, `crt_dttm`, `crt_user`, `enable_flag`, `last_update_dttm`, `last_update_user`, `version`, `line_from`, `line_inport`, `line_outport`, `page_id`, `line_to`, `fk_flow_id`) VALUES ('0641076d5ae840c09d2be5b71fp00012', NOW(), 'Add', b'1', NOW(), 'admin', 0, '9', '', 'out2', '14', '13', '0641076d5ae840c09d2be5b71fw00001');
INSERT INTO `flow_path`(`id`, `crt_dttm`, `crt_user`, `enable_flag`, `last_update_dttm`, `last_update_user`, `version`, `line_from`, `line_inport`, `line_outport`, `page_id`, `line_to`, `fk_flow_id`) VALUES ('0641076d5ae840c09d2be5b71fp00013', NOW(), 'Add', b'1', NOW(), 'admin', 0, '2', '', '', '4', '3', '0641076d5ae840c09d2be5b71fw00001');
INSERT INTO `flow_path`(`id`, `crt_dttm`, `crt_user`, `enable_flag`, `last_update_dttm`, `last_update_user`, `version`, `line_from`, `line_inport`, `line_outport`, `page_id`, `line_to`, `fk_flow_id`) VALUES ('0641076d5ae840c09d2be5b71fp00014', NOW(), 'admin', b'1', NOW(), 'admin', 0, '85', '', 'out3', '124', '60', '0641076d5ae840c09d2be5b71fw00002');
INSERT INTO `flow_path`(`id`, `crt_dttm`, `crt_user`, `enable_flag`, `last_update_dttm`, `last_update_user`, `version`, `line_from`, `line_inport`, `line_outport`, `page_id`, `line_to`, `fk_flow_id`) VALUES ('0641076d5ae840c09d2be5b71fp00015', NOW(), 'admin', b'1', NOW(), 'admin', 0, '72', '', '', '97', '50', '0641076d5ae840c09d2be5b71fw00002');
INSERT INTO `flow_path`(`id`, `crt_dttm`, `crt_user`, `enable_flag`, `last_update_dttm`, `last_update_user`, `version`, `line_from`, `line_inport`, `line_outport`, `page_id`, `line_to`, `fk_flow_id`) VALUES ('0641076d5ae840c09d2be5b71fp00016', NOW(), 'admin', b'1', NOW(), 'admin', 0, '58', '', '', '96', '72', '0641076d5ae840c09d2be5b71fw00002');
INSERT INTO `flow_path`(`id`, `crt_dttm`, `crt_user`, `enable_flag`, `last_update_dttm`, `last_update_user`, `version`, `line_from`, `line_inport`, `line_outport`, `page_id`, `line_to`, `fk_flow_id`) VALUES ('0641076d5ae840c09d2be5b71fp00017', NOW(), 'admin', b'1', NOW(), 'admin', 0, '64', '', '', '63', '85', '0641076d5ae840c09d2be5b71fw00002');
INSERT INTO `flow_path`(`id`, `crt_dttm`, `crt_user`, `enable_flag`, `last_update_dttm`, `last_update_user`, `version`, `line_from`, `line_inport`, `line_outport`, `page_id`, `line_to`, `fk_flow_id`) VALUES ('0641076d5ae840c09d2be5b71fp00018', NOW(), 'admin', b'1', NOW(), 'admin', 0, '74', '', '', '100', '48', '0641076d5ae840c09d2be5b71fw00002');
INSERT INTO `flow_path`(`id`, `crt_dttm`, `crt_user`, `enable_flag`, `last_update_dttm`, `last_update_user`, `version`, `line_from`, `line_inport`, `line_outport`, `page_id`, `line_to`, `fk_flow_id`) VALUES ('0641076d5ae840c09d2be5b71fp00019', NOW(), 'admin', b'1', NOW(), 'admin', 0, '67', '', '', '92', '57', '0641076d5ae840c09d2be5b71fw00002');
INSERT INTO `flow_path`(`id`, `crt_dttm`, `crt_user`, `enable_flag`, `last_update_dttm`, `last_update_user`, `version`, `line_from`, `line_inport`, `line_outport`, `page_id`, `line_to`, `fk_flow_id`) VALUES ('0641076d5ae840c09d2be5b71fp00020', NOW(), 'admin', b'1', NOW(), 'admin', 0, '85', '', 'out5', '126', '89', '0641076d5ae840c09d2be5b71fw00002');
INSERT INTO `flow_path`(`id`, `crt_dttm`, `crt_user`, `enable_flag`, `last_update_dttm`, `last_update_user`, `version`, `line_from`, `line_inport`, `line_outport`, `page_id`, `line_to`, `fk_flow_id`) VALUES ('0641076d5ae840c09d2be5b71fp00021', NOW(), 'admin', b'1', NOW(), 'admin', 0, '85', '', 'out4', '125', '59', '0641076d5ae840c09d2be5b71fw00002');
INSERT INTO `flow_path`(`id`, `crt_dttm`, `crt_user`, `enable_flag`, `last_update_dttm`, `last_update_user`, `version`, `line_from`, `line_inport`, `line_outport`, `page_id`, `line_to`, `fk_flow_id`) VALUES ('0641076d5ae840c09d2be5b71fp00022', NOW(), 'admin', b'1', NOW(), 'admin', 0, '85', '', 'out8', '129', '76', '0641076d5ae840c09d2be5b71fw00002');
INSERT INTO `flow_path`(`id`, `crt_dttm`, `crt_user`, `enable_flag`, `last_update_dttm`, `last_update_user`, `version`, `line_from`, `line_inport`, `line_outport`, `page_id`, `line_to`, `fk_flow_id`) VALUES ('0641076d5ae840c09d2be5b71fp00023', NOW(), 'Add', b'1', NOW(), 'admin', 0, '3', 'data1', '', '7', '6', '0641076d5ae840c09d2be5b71fw00001');
INSERT INTO `flow_path`(`id`, `crt_dttm`, `crt_user`, `enable_flag`, `last_update_dttm`, `last_update_user`, `version`, `line_from`, `line_inport`, `line_outport`, `page_id`, `line_to`, `fk_flow_id`) VALUES ('0641076d5ae840c09d2be5b71fp00024', NOW(), 'admin', b'1', NOW(), 'admin', 0, '49', '', '', '113', '71', '0641076d5ae840c09d2be5b71fw00002');
INSERT INTO `flow_path`(`id`, `crt_dttm`, `crt_user`, `enable_flag`, `last_update_dttm`, `last_update_user`, `version`, `line_from`, `line_inport`, `line_outport`, `page_id`, `line_to`, `fk_flow_id`) VALUES ('0641076d5ae840c09d2be5b71fp00025', NOW(), 'admin', b'1', NOW(), 'admin', 0, '70', '', '', '110', '56', '0641076d5ae840c09d2be5b71fw00002');
INSERT INTO `flow_path`(`id`, `crt_dttm`, `crt_user`, `enable_flag`, `last_update_dttm`, `last_update_user`, `version`, `line_from`, `line_inport`, `line_outport`, `page_id`, `line_to`, `fk_flow_id`) VALUES ('0641076d5ae840c09d2be5b71fp00026', NOW(), 'admin', b'1', NOW(), 'admin', 0, '57', '', '', '93', '91', '0641076d5ae840c09d2be5b71fw00002');
INSERT INTO `flow_path`(`id`, `crt_dttm`, `crt_user`, `enable_flag`, `last_update_dttm`, `last_update_user`, `version`, `line_from`, `line_inport`, `line_outport`, `page_id`, `line_to`, `fk_flow_id`) VALUES ('0641076d5ae840c09d2be5b71fp00027', NOW(), 'admin', b'1', NOW(), 'admin', 0, '75', '', '', '118', '51', '0641076d5ae840c09d2be5b71fw00002');
INSERT INTO `flow_path`(`id`, `crt_dttm`, `crt_user`, `enable_flag`, `last_update_dttm`, `last_update_user`, `version`, `line_from`, `line_inport`, `line_outport`, `page_id`, `line_to`, `fk_flow_id`) VALUES ('0641076d5ae840c09d2be5b71fp00028', NOW(), 'Add', b'1', NOW(), 'admin', 0, '9', '', 'out1', '12', '11', '0641076d5ae840c09d2be5b71fw00001');
INSERT INTO `flow_path`(`id`, `crt_dttm`, `crt_user`, `enable_flag`, `last_update_dttm`, `last_update_user`, `version`, `line_from`, `line_inport`, `line_outport`, `page_id`, `line_to`, `fk_flow_id`) VALUES ('0641076d5ae840c09d2be5b71fp00029', NOW(), 'admin', b'1', NOW(), 'admin', 0, '65', '', '', '112', '86', '0641076d5ae840c09d2be5b71fw00002');
INSERT INTO `flow_path`(`id`, `crt_dttm`, `crt_user`, `enable_flag`, `last_update_dttm`, `last_update_user`, `version`, `line_from`, `line_inport`, `line_outport`, `page_id`, `line_to`, `fk_flow_id`) VALUES ('0641076d5ae840c09d2be5b71fp00030', NOW(), 'admin', b'1', NOW(), 'admin', 0, '69', '', '', '104', '52', '0641076d5ae840c09d2be5b71fw00002');
INSERT INTO `flow_path`(`id`, `crt_dttm`, `crt_user`, `enable_flag`, `last_update_dttm`, `last_update_user`, `version`, `line_from`, `line_inport`, `line_outport`, `page_id`, `line_to`, `fk_flow_id`) VALUES ('0641076d5ae840c09d2be5b71fp00031', NOW(), 'admin', b'1', NOW(), 'admin', 0, '66', '', '', '99', '74', '0641076d5ae840c09d2be5b71fw00002');
INSERT INTO `flow_path`(`id`, `crt_dttm`, `crt_user`, `enable_flag`, `last_update_dttm`, `last_update_user`, `version`, `line_from`, `line_inport`, `line_outport`, `page_id`, `line_to`, `fk_flow_id`) VALUES ('0641076d5ae840c09d2be5b71fp00032', NOW(), 'Add', b'1', NOW(), 'admin', 0, '6', '', '', '10', '9', '0641076d5ae840c09d2be5b71fw00001');
INSERT INTO `flow_path`(`id`, `crt_dttm`, `crt_user`, `enable_flag`, `last_update_dttm`, `last_update_user`, `version`, `line_from`, `line_inport`, `line_outport`, `page_id`, `line_to`, `fk_flow_id`) VALUES ('0641076d5ae840c09d2be5b71fp00033', NOW(), 'admin', b'1', NOW(), 'admin', 0, '60', '', '', '98', '66', '0641076d5ae840c09d2be5b71fw00002');
INSERT INTO `flow_path`(`id`, `crt_dttm`, `crt_user`, `enable_flag`, `last_update_dttm`, `last_update_user`, `version`, `line_from`, `line_inport`, `line_outport`, `page_id`, `line_to`, `fk_flow_id`) VALUES ('0641076d5ae840c09d2be5b71fp00034', NOW(), 'admin', b'1', NOW(), 'admin', 0, '130', '', '', '138', '64', '0641076d5ae840c09d2be5b71fw00002');
INSERT INTO `flow_path`(`id`, `crt_dttm`, `crt_user`, `enable_flag`, `last_update_dttm`, `last_update_user`, `version`, `line_from`, `line_inport`, `line_outport`, `page_id`, `line_to`, `fk_flow_id`) VALUES ('0641076d5ae840c09d2be5b71fp00035', NOW(), 'Add', b'1', NOW(), 'admin', 0, '9', '', 'out3', '16', '15', '0641076d5ae840c09d2be5b71fw00001');
INSERT INTO `flow_path`(`id`, `crt_dttm`, `crt_user`, `enable_flag`, `last_update_dttm`, `last_update_user`, `version`, `line_from`, `line_inport`, `line_outport`, `page_id`, `line_to`, `fk_flow_id`) VALUES ('0641076d5ae840c09d2be5b71fp00036', NOW(), 'admin', b'1', NOW(), 'admin', 0, '89', '', '', '106', '90', '0641076d5ae840c09d2be5b71fw00002');
INSERT INTO `flow_path`(`id`, `crt_dttm`, `crt_user`, `enable_flag`, `last_update_dttm`, `last_update_user`, `version`, `line_from`, `line_inport`, `line_outport`, `page_id`, `line_to`, `fk_flow_id`) VALUES ('0641076d5ae840c09d2be5b71fp00037', NOW(), 'admin', b'1', NOW(), 'admin', 0, '85', '', 'out2', '123', '55', '0641076d5ae840c09d2be5b71fw00002');
INSERT INTO `flow_path`(`id`, `crt_dttm`, `crt_user`, `enable_flag`, `last_update_dttm`, `last_update_user`, `version`, `line_from`, `line_inport`, `line_outport`, `page_id`, `line_to`, `fk_flow_id`) VALUES ('0641076d5ae840c09d2be5b71fp00038', NOW(), 'admin', b'1', NOW(), 'admin', 0, '85', '', 'out1', '122', '67', '0641076d5ae840c09d2be5b71fw00002');
INSERT INTO `flow_path`(`id`, `crt_dttm`, `crt_user`, `enable_flag`, `last_update_dttm`, `last_update_user`, `version`, `line_from`, `line_inport`, `line_outport`, `page_id`, `line_to`, `fk_flow_id`) VALUES ('0641076d5ae840c09d2be5b71fp00039', NOW(), 'admin', b'1', NOW(), 'admin', 0, '52', '', '', '105', '61', '0641076d5ae840c09d2be5b71fw00002');
INSERT INTO `flow_path`(`id`, `crt_dttm`, `crt_user`, `enable_flag`, `last_update_dttm`, `last_update_user`, `version`, `line_from`, `line_inport`, `line_outport`, `page_id`, `line_to`, `fk_flow_id`) VALUES ('0641076d5ae840c09d2be5b71fp00040', NOW(), 'admin', b'1', NOW(), 'admin', 0, '88', '', '', '117', '75', '0641076d5ae840c09d2be5b71fw00002');
INSERT INTO `flow_path`(`id`, `crt_dttm`, `crt_user`, `enable_flag`, `last_update_dttm`, `last_update_user`, `version`, `line_from`, `line_inport`, `line_outport`, `page_id`, `line_to`, `fk_flow_id`) VALUES ('0641076d5ae840c09d2be5b71fp00041', NOW(), 'admin', b'1', NOW(), 'admin', 0, '85', '', 'out7', '128', '49', '0641076d5ae840c09d2be5b71fw00002');

