
INSERT INTO `flow`(`id`, `crt_dttm`, `crt_user`, `enable_flag`, `last_update_dttm`, `last_update_user`, `version`, `description`, `driver_memory`, `executor_cores`, `executor_memory`, `executor_number`, `is_example`, `name`, `uuid`, `page_id`, `fk_flow_group_id`) VALUES ('0641076d5ae840c09d2be5b71fw00001', '2020-05-26 00:00:01', 'admin', b'1', '2020-05-26 00:00:01', 'admin', 0, 'FlowExample', '1g', '1', '1g', '1', b'1', 'FlowExample', '0641076d5ae840c09d2be5b71fw00001', NULL, NULL);

INSERT INTO `flow_path`(`id`, `crt_dttm`, `crt_user`, `enable_flag`, `last_update_dttm`, `last_update_user`, `version`, `line_from`, `line_inport`, `line_outport`, `page_id`, `line_to`, `fk_flow_id`, `filter_condition`) VALUES ('ff808181725050fe01725071796d01f7', '2020-05-26 00:00:01', 'admin', b'1', '2020-05-26 00:00:01', 'admin', 0, '18', NULL, 'out3', '43', '22', '0641076d5ae840c09d2be5b71fw00001', NULL);
INSERT INTO `flow_path`(`id`, `crt_dttm`, `crt_user`, `enable_flag`, `last_update_dttm`, `last_update_user`, `version`, `line_from`, `line_inport`, `line_outport`, `page_id`, `line_to`, `fk_flow_id`, `filter_condition`) VALUES ('ff808181725050fe01725071796e01f8', '2020-05-26 00:00:02', 'admin', b'1', '2020-05-26 00:00:02', 'admin', 0, '18', NULL, 'out2', '42', '24', '0641076d5ae840c09d2be5b71fw00001', NULL);
INSERT INTO `flow_path`(`id`, `crt_dttm`, `crt_user`, `enable_flag`, `last_update_dttm`, `last_update_user`, `version`, `line_from`, `line_inport`, `line_outport`, `page_id`, `line_to`, `fk_flow_id`, `filter_condition`) VALUES ('ff808181725050fe01725071796e01f9', '2020-05-26 00:00:03', 'admin', b'1', '2020-05-26 00:00:03', 'admin', 0, '18', NULL, 'out1', '41', '20', '0641076d5ae840c09d2be5b71fw00001', NULL);
INSERT INTO `flow_path`(`id`, `crt_dttm`, `crt_user`, `enable_flag`, `last_update_dttm`, `last_update_user`, `version`, `line_from`, `line_inport`, `line_outport`, `page_id`, `line_to`, `fk_flow_id`, `filter_condition`) VALUES ('ff808181725050fe01725071796e01fa', '2020-05-26 00:00:04', 'admin', b'1', '2020-05-26 00:00:04', 'admin', 0, '15', NULL, NULL, '40', '18', '0641076d5ae840c09d2be5b71fw00001', NULL);
INSERT INTO `flow_path`(`id`, `crt_dttm`, `crt_user`, `enable_flag`, `last_update_dttm`, `last_update_user`, `version`, `line_from`, `line_inport`, `line_outport`, `page_id`, `line_to`, `fk_flow_id`, `filter_condition`) VALUES ('ff808181725050fe01725071796e01fb', '2020-05-26 00:00:05', 'admin', b'1', '2020-05-26 00:00:05', 'admin', 0, '13', 'data2', NULL, '39', '15', '0641076d5ae840c09d2be5b71fw00001', NULL);
INSERT INTO `flow_path`(`id`, `crt_dttm`, `crt_user`, `enable_flag`, `last_update_dttm`, `last_update_user`, `version`, `line_from`, `line_inport`, `line_outport`, `page_id`, `line_to`, `fk_flow_id`, `filter_condition`) VALUES ('ff808181725050fe01725071796e01fc', '2020-05-26 00:00:06', 'admin', b'1', '2020-05-26 00:00:06', 'admin', 0, '4', 'data1', NULL, '38', '15', '0641076d5ae840c09d2be5b71fw00001', NULL);
INSERT INTO `flow_path`(`id`, `crt_dttm`, `crt_user`, `enable_flag`, `last_update_dttm`, `last_update_user`, `version`, `line_from`, `line_inport`, `line_outport`, `page_id`, `line_to`, `fk_flow_id`, `filter_condition`) VALUES ('ff808181725050fe01725071796e01fd', '2020-05-26 00:00:07', 'admin', b'1', '2020-05-26 00:00:07', 'admin', 0, '9', NULL, NULL, '37', '13', '0641076d5ae840c09d2be5b71fw00001', NULL);

INSERT INTO `flow_stops`(`id`, `crt_dttm`, `crt_user`, `enable_flag`, `last_update_dttm`, `last_update_user`, `version`, `bundel`, `description`, `groups`, `in_port_type`, `inports`, `is_checkpoint`, `name`, `out_port_type`, `outports`, `owner`, `page_id`, `start_time`, `state`, `stop_time`, `fk_flow_id`, `is_customized`, `fk_data_source_id`) VALUES ('ff808181725050fe01725071796e01fe', '2020-05-26 00:00:01', 'admin', b'1', '2020-05-26 00:00:01', 'admin', 0, 'cn.piflow.bundle.common.Merge', 'Merge data into one stop', 'Common', 'ANY', 'Any', b'1', 'Merge', 'DEFAULT', 'Default', 'xjzhu@cnic.cn', '15', NULL, NULL, NULL, '0641076d5ae840c09d2be5b71fw00001', b'0', NULL);
INSERT INTO `flow_stops`(`id`, `crt_dttm`, `crt_user`, `enable_flag`, `last_update_dttm`, `last_update_user`, `version`, `bundel`, `description`, `groups`, `in_port_type`, `inports`, `is_checkpoint`, `name`, `out_port_type`, `outports`, `owner`, `page_id`, `start_time`, `state`, `stop_time`, `fk_flow_id`, `is_customized`, `fk_data_source_id`) VALUES ('ff808181725050fe01725071796e0200', '2020-05-26 00:00:02', 'admin', b'1', '2020-05-26 00:00:02', 'admin', 0, 'cn.piflow.bundle.common.Fork', 'Forking data to different stops', 'Common', 'DEFAULT', 'Default', b'1', 'Fork', 'ANY', 'Any', 'xjzhu@cnic.cn', '18', NULL, NULL, NULL, '0641076d5ae840c09d2be5b71fw00001', b'0', NULL);
INSERT INTO `flow_stops`(`id`, `crt_dttm`, `crt_user`, `enable_flag`, `last_update_dttm`, `last_update_user`, `version`, `bundel`, `description`, `groups`, `in_port_type`, `inports`, `is_checkpoint`, `name`, `out_port_type`, `outports`, `owner`, `page_id`, `start_time`, `state`, `stop_time`, `fk_flow_id`, `is_customized`, `fk_data_source_id`) VALUES ('ff808181725050fe01725071796e0202', '2020-05-26 00:00:03', 'admin', b'1', '2020-05-26 00:00:03', 'admin', 0, 'cn.piflow.bundle.common.SelectField', 'Select data column', 'Common', 'DEFAULT', 'Default', b'1', 'SelectField22', 'DEFAULT', 'Default', 'xjzhu@cnic.cn', '24', NULL, NULL, NULL, '0641076d5ae840c09d2be5b71fw00001', b'0', NULL);
INSERT INTO `flow_stops`(`id`, `crt_dttm`, `crt_user`, `enable_flag`, `last_update_dttm`, `last_update_user`, `version`, `bundel`, `description`, `groups`, `in_port_type`, `inports`, `is_checkpoint`, `name`, `out_port_type`, `outports`, `owner`, `page_id`, `start_time`, `state`, `stop_time`, `fk_flow_id`, `is_customized`, `fk_data_source_id`) VALUES ('ff808181725050fe01725071796e0204', '2020-05-26 00:00:04', 'admin', b'1', '2020-05-26 00:00:04', 'admin', 0, 'cn.piflow.bundle.common.SelectField', 'Select data column', 'Common', 'DEFAULT', 'Default', b'1', 'SelectField20', 'DEFAULT', 'Default', 'xjzhu@cnic.cn', '22', NULL, NULL, NULL, '0641076d5ae840c09d2be5b71fw00001', b'0', NULL);
INSERT INTO `flow_stops`(`id`, `crt_dttm`, `crt_user`, `enable_flag`, `last_update_dttm`, `last_update_user`, `version`, `bundel`, `description`, `groups`, `in_port_type`, `inports`, `is_checkpoint`, `name`, `out_port_type`, `outports`, `owner`, `page_id`, `start_time`, `state`, `stop_time`, `fk_flow_id`, `is_customized`, `fk_data_source_id`) VALUES ('ff808181725050fe01725071796e0206', '2020-05-26 00:00:05', 'admin', b'1', '2020-05-26 00:00:05', 'admin', 0, 'cn.piflow.bundle.common.SelectField', 'Select data column', 'Common', 'DEFAULT', 'Default', b'1', 'SelectField18', 'DEFAULT', 'Default', 'xjzhu@cnic.cn', '20', NULL, NULL, NULL, '0641076d5ae840c09d2be5b71fw00001', b'0', NULL);
INSERT INTO `flow_stops`(`id`, `crt_dttm`, `crt_user`, `enable_flag`, `last_update_dttm`, `last_update_user`, `version`, `bundel`, `description`, `groups`, `in_port_type`, `inports`, `is_checkpoint`, `name`, `out_port_type`, `outports`, `owner`, `page_id`, `start_time`, `state`, `stop_time`, `fk_flow_id`, `is_customized`, `fk_data_source_id`) VALUES ('ff808181725050fe01725071796e0208', '2020-05-26 00:00:06', 'admin', b'1', '2020-05-26 00:00:06', 'admin', 0, 'cn.piflow.bundle.common.SelectField', 'Select data column', 'Common', 'DEFAULT', 'Default', b'1', 'SelectField', 'DEFAULT', 'Default', 'xjzhu@cnic.cn', '13', NULL, NULL, NULL, '0641076d5ae840c09d2be5b71fw00001', b'0', NULL);
INSERT INTO `flow_stops`(`id`, `crt_dttm`, `crt_user`, `enable_flag`, `last_update_dttm`, `last_update_user`, `version`, `bundel`, `description`, `groups`, `in_port_type`, `inports`, `is_checkpoint`, `name`, `out_port_type`, `outports`, `owner`, `page_id`, `start_time`, `state`, `stop_time`, `fk_flow_id`, `is_customized`, `fk_data_source_id`) VALUES ('ff808181725050fe01725071796f020a', '2020-05-26 00:00:07', 'admin', b'1', '2020-05-26 00:00:07', 'admin', 0, 'cn.piflow.bundle.common.MockData', 'Mock dataframe.', 'Common', 'DEFAULT', 'Default', b'1', 'MockData7', 'DEFAULT', 'Default', 'xjzhu@cnic.cn', '9', NULL, NULL, NULL, '0641076d5ae840c09d2be5b71fw00001', b'0', NULL);
INSERT INTO `flow_stops`(`id`, `crt_dttm`, `crt_user`, `enable_flag`, `last_update_dttm`, `last_update_user`, `version`, `bundel`, `description`, `groups`, `in_port_type`, `inports`, `is_checkpoint`, `name`, `out_port_type`, `outports`, `owner`, `page_id`, `start_time`, `state`, `stop_time`, `fk_flow_id`, `is_customized`, `fk_data_source_id`) VALUES ('ff808181725050fe01725071796f020d', '2020-05-26 00:00:08', 'admin', b'1', '2020-05-26 00:00:08', 'admin', 0, 'cn.piflow.bundle.common.MockData', 'Mock dataframe.', 'Common', 'DEFAULT', 'Default', b'1', 'MockData', 'DEFAULT', 'Default', 'xjzhu@cnic.cn', '4', NULL, NULL, NULL, '0641076d5ae840c09d2be5b71fw00001', b'0', NULL);

INSERT INTO `flow_stops_property`(`id`, `crt_dttm`, `crt_user`, `enable_flag`, `last_update_dttm`, `last_update_user`, `version`, `allowable_values`, `custom_value`, `description`, `display_name`, `is_select`, `name`, `property_required`, `property_sensitive`, `fk_stops_id`, `is_locked`, `property_sort`, `is_old_data`) VALUES ('ff808181725050fe01725071796e01ff', '2020-05-26 00:00:01', 'admin', b'1', '2020-05-26 00:00:01', 'admin', 0, '[\"\"]', 'data2,data1,data2', 'Inports string are separated by commas', 'Inports', b'0', 'inports', b'1', b'0', 'ff808181725050fe01725071796e01fe', b'0', NULL, b'0');
INSERT INTO `flow_stops_property`(`id`, `crt_dttm`, `crt_user`, `enable_flag`, `last_update_dttm`, `last_update_user`, `version`, `allowable_values`, `custom_value`, `description`, `display_name`, `is_select`, `name`, `property_required`, `property_sensitive`, `fk_stops_id`, `is_locked`, `property_sort`, `is_old_data`) VALUES ('ff808181725050fe01725071796e0201', '2020-05-26 00:00:02', 'admin', b'1', '2020-05-26 00:00:02', 'admin', 0, '[\"\"]', 'out1,out3,out1,out2,out3', 'Output ports string with comma', 'outports', b'0', 'outports', b'1', b'0', 'ff808181725050fe01725071796e0200', b'0', NULL, b'0');
INSERT INTO `flow_stops_property`(`id`, `crt_dttm`, `crt_user`, `enable_flag`, `last_update_dttm`, `last_update_user`, `version`, `allowable_values`, `custom_value`, `description`, `display_name`, `is_select`, `name`, `property_required`, `property_sensitive`, `fk_stops_id`, `is_locked`, `property_sort`, `is_old_data`) VALUES ('ff808181725050fe01725071796e0203', '2020-05-26 00:00:03', 'admin', b'1', '2020-05-26 00:00:03', 'admin', 0, '[\"\"]', 'author', 'Select the column you want,multiple columns separated by commas', 'ColumnNames', b'0', 'columnNames', b'1', b'0', 'ff808181725050fe01725071796e0202', b'0', NULL, b'0');
INSERT INTO `flow_stops_property`(`id`, `crt_dttm`, `crt_user`, `enable_flag`, `last_update_dttm`, `last_update_user`, `version`, `allowable_values`, `custom_value`, `description`, `display_name`, `is_select`, `name`, `property_required`, `property_sensitive`, `fk_stops_id`, `is_locked`, `property_sort`, `is_old_data`) VALUES ('ff808181725050fe01725071796e0205', '2020-05-26 00:00:04', 'admin', b'1', '2020-05-26 00:00:04', 'admin', 0, '[\"\"]', 'age', 'Select the column you want,multiple columns separated by commas', 'ColumnNames', b'0', 'columnNames', b'1', b'0', 'ff808181725050fe01725071796e0204', b'0', NULL, b'0');
INSERT INTO `flow_stops_property`(`id`, `crt_dttm`, `crt_user`, `enable_flag`, `last_update_dttm`, `last_update_user`, `version`, `allowable_values`, `custom_value`, `description`, `display_name`, `is_select`, `name`, `property_required`, `property_sensitive`, `fk_stops_id`, `is_locked`, `property_sort`, `is_old_data`) VALUES ('ff808181725050fe01725071796e0207', '2020-05-26 00:00:05', 'admin', b'1', '2020-05-26 00:00:05', 'admin', 0, '[\"\"]', 'title', 'Select the column you want,multiple columns separated by commas', 'ColumnNames', b'0', 'columnNames', b'1', b'0', 'ff808181725050fe01725071796e0206', b'0', NULL, b'0');
INSERT INTO `flow_stops_property`(`id`, `crt_dttm`, `crt_user`, `enable_flag`, `last_update_dttm`, `last_update_user`, `version`, `allowable_values`, `custom_value`, `description`, `display_name`, `is_select`, `name`, `property_required`, `property_sensitive`, `fk_stops_id`, `is_locked`, `property_sort`, `is_old_data`) VALUES ('ff808181725050fe01725071796e0209', '2020-05-26 00:00:06', 'admin', b'1', '2020-05-26 00:00:06', 'admin', 0, '[\"\"]', 'title,author,age', 'Select the column you want,multiple columns separated by commas', 'ColumnNames', b'0', 'columnNames', b'1', b'0', 'ff808181725050fe01725071796e0208', b'0', NULL, b'0');
INSERT INTO `flow_stops_property`(`id`, `crt_dttm`, `crt_user`, `enable_flag`, `last_update_dttm`, `last_update_user`, `version`, `allowable_values`, `custom_value`, `description`, `display_name`, `is_select`, `name`, `property_required`, `property_sensitive`, `fk_stops_id`, `is_locked`, `property_sort`, `is_old_data`) VALUES ('ff808181725050fe01725071796f020b', '2020-05-26 00:00:07', 'admin', b'1', '2020-05-26 00:00:07', 'admin', 0, '[\"\"]', '10', 'The count of dataframe', 'Count', b'0', 'count', b'1', b'0', 'ff808181725050fe01725071796f020a', b'0', NULL, b'0');
INSERT INTO `flow_stops_property`(`id`, `crt_dttm`, `crt_user`, `enable_flag`, `last_update_dttm`, `last_update_user`, `version`, `allowable_values`, `custom_value`, `description`, `display_name`, `is_select`, `name`, `property_required`, `property_sensitive`, `fk_stops_id`, `is_locked`, `property_sort`, `is_old_data`) VALUES ('ff808181725050fe01725071796f020c', '2020-05-26 00:00:08', 'admin', b'1', '2020-05-26 00:00:08', 'admin', 0, '[\"\"]', 'title:String, author:String, age:Int, gender:String', 'The schema of mock data, format is column:columnType:isNullable. Separate multiple fields with commas. columnType can be String/Int/Long/Float/Double/Boolean. isNullable can be left blank, the default value is false. ', 'Schema', b'0', 'schema', b'1', b'0', 'ff808181725050fe01725071796f020a', b'0', NULL, b'0');
INSERT INTO `flow_stops_property`(`id`, `crt_dttm`, `crt_user`, `enable_flag`, `last_update_dttm`, `last_update_user`, `version`, `allowable_values`, `custom_value`, `description`, `display_name`, `is_select`, `name`, `property_required`, `property_sensitive`, `fk_stops_id`, `is_locked`, `property_sort`, `is_old_data`) VALUES ('ff808181725050fe01725071796f020e', '2020-05-26 00:00:09', 'admin', b'1', '2020-05-26 00:00:09', 'admin', 0, '[\"\"]', 'title:String, author:String, age:Int', 'The schema of mock data, format is column:columnType:isNullable. Separate multiple fields with commas. columnType can be String/Int/Long/Float/Double/Boolean. isNullable can be left blank, the default value is false. ', 'Schema', b'0', 'schema', b'1', b'0', 'ff808181725050fe01725071796f020d', b'0', NULL, b'0');
INSERT INTO `flow_stops_property`(`id`, `crt_dttm`, `crt_user`, `enable_flag`, `last_update_dttm`, `last_update_user`, `version`, `allowable_values`, `custom_value`, `description`, `display_name`, `is_select`, `name`, `property_required`, `property_sensitive`, `fk_stops_id`, `is_locked`, `property_sort`, `is_old_data`) VALUES ('ff808181725050fe01725071796f020f', '2020-05-26 00:00:10', 'admin', b'1', '2020-05-26 00:00:10', 'admin', 0, '[\"\"]', '10', 'The count of dataframe', 'Count', b'0', 'count', b'1', b'0', 'ff808181725050fe01725071796f020d', b'0', NULL, b'0');

INSERT INTO `mx_graph_model`(`id`, `crt_dttm`, `crt_user`, `enable_flag`, `last_update_dttm`, `last_update_user`, `version`, `mx_arrows`, `mx_background`, `mx_connect`, `mx_dx`, `mx_dy`, `mx_fold`, `mx_grid`, `mx_gridsize`, `mx_guides`, `mx_page`, `mx_pageheight`, `mx_pagescale`, `mx_pagewidth`, `mx_tooltips`, `fk_flow_id`, `fk_flow_group_id`, `fk_process_id`, `fk_process_group_id`) VALUES ('649e9ea8335e4b85bed7d4b6dd1c47d6', '2020-05-26 00:00:01', 'admin', b'1', '2020-05-26 00:00:01', 'admin', 1, NULL, NULL, NULL, NULL, NULL, NULL, NULL, NULL, NULL, NULL, NULL, NULL, NULL, NULL, '0641076d5ae840c09d2be5b71fw00001', NULL, NULL, NULL);

INSERT INTO `mx_cell`(`id`, `crt_dttm`, `crt_user`, `enable_flag`, `last_update_dttm`, `last_update_user`, `version`, `mx_edge`, `mx_pageid`, `mx_parent`, `mx_source`, `mx_style`, `mx_target`, `mx_value`, `mx_vertex`, `fk_mx_graph_id`) VALUES ('ff808181725050fe01725071796f0210', '2020-05-26 00:00:01', 'admin', b'1', '2020-05-26 00:00:01', 'admin', 0, NULL, '0', NULL, NULL, NULL, NULL, NULL, NULL, '649e9ea8335e4b85bed7d4b6dd1c47d6');
INSERT INTO `mx_cell`(`id`, `crt_dttm`, `crt_user`, `enable_flag`, `last_update_dttm`, `last_update_user`, `version`, `mx_edge`, `mx_pageid`, `mx_parent`, `mx_source`, `mx_style`, `mx_target`, `mx_value`, `mx_vertex`, `fk_mx_graph_id`) VALUES ('ff808181725050fe01725071796f0211', '2020-05-26 00:00:02', 'admin', b'1', '2020-05-26 00:00:02', 'admin', 0, NULL, '1', '0', NULL, NULL, NULL, NULL, NULL, '649e9ea8335e4b85bed7d4b6dd1c47d6');
INSERT INTO `mx_cell`(`id`, `crt_dttm`, `crt_user`, `enable_flag`, `last_update_dttm`, `last_update_user`, `version`, `mx_edge`, `mx_pageid`, `mx_parent`, `mx_source`, `mx_style`, `mx_target`, `mx_value`, `mx_vertex`, `fk_mx_graph_id`) VALUES ('ff808181725050fe01725071796f0212', '2020-05-26 00:00:03', 'admin', b'1', '2020-05-26 00:00:03', 'admin', 0, '1', '42', '1', '18', 'edgeStyle=orthogonalEdgeStyle;rounded=0;orthogonalLoop=1;jettySize=auto;html=1;', '24', NULL, NULL, '649e9ea8335e4b85bed7d4b6dd1c47d6');
INSERT INTO `mx_cell`(`id`, `crt_dttm`, `crt_user`, `enable_flag`, `last_update_dttm`, `last_update_user`, `version`, `mx_edge`, `mx_pageid`, `mx_parent`, `mx_source`, `mx_style`, `mx_target`, `mx_value`, `mx_vertex`, `fk_mx_graph_id`) VALUES ('ff808181725050fe01725071796f0214', '2020-05-26 00:00:04', 'admin', b'1', '2020-05-26 00:00:04', 'admin', 0, '1', '40', '1', '15', 'edgeStyle=orthogonalEdgeStyle;rounded=0;orthogonalLoop=1;jettySize=auto;html=1;', '18', NULL, NULL, '649e9ea8335e4b85bed7d4b6dd1c47d6');
INSERT INTO `mx_cell`(`id`, `crt_dttm`, `crt_user`, `enable_flag`, `last_update_dttm`, `last_update_user`, `version`, `mx_edge`, `mx_pageid`, `mx_parent`, `mx_source`, `mx_style`, `mx_target`, `mx_value`, `mx_vertex`, `fk_mx_graph_id`) VALUES ('ff808181725050fe01725071796f0216', '2020-05-26 00:00:05', 'admin', b'1', '2020-05-26 00:00:05', 'admin', 0, NULL, '26', '1', NULL, 'text;html=1;align=center;verticalAlign=middle;resizable=0;points=[];autosize=1;', NULL, '选择数据：<span style=\"font-size: 13.3333px\">title, author, age</span>', '1', '649e9ea8335e4b85bed7d4b6dd1c47d6');
INSERT INTO `mx_cell`(`id`, `crt_dttm`, `crt_user`, `enable_flag`, `last_update_dttm`, `last_update_user`, `version`, `mx_edge`, `mx_pageid`, `mx_parent`, `mx_source`, `mx_style`, `mx_target`, `mx_value`, `mx_vertex`, `fk_mx_graph_id`) VALUES ('ff808181725050fe01725071796f0218', '2020-05-26 00:00:06', 'admin', b'1', '2020-05-26 00:00:06', 'admin', 0, NULL, '18', '1', NULL, 'image;html=1;labelBackgroundColor=#ffffff00;image=/piflow-web/images/Fork_128x128.png', NULL, 'Fork', '1', '649e9ea8335e4b85bed7d4b6dd1c47d6');
INSERT INTO `mx_cell`(`id`, `crt_dttm`, `crt_user`, `enable_flag`, `last_update_dttm`, `last_update_user`, `version`, `mx_edge`, `mx_pageid`, `mx_parent`, `mx_source`, `mx_style`, `mx_target`, `mx_value`, `mx_vertex`, `fk_mx_graph_id`) VALUES ('ff808181725050fe01725071796f021a', '2020-05-26 00:00:07', 'admin', b'1', '2020-05-26 00:00:07', 'admin', 0, NULL, '20', '1', NULL, 'image;html=1;labelBackgroundColor=#ffffff00;image=/piflow-web/images/SelectField_128x128.png', NULL, 'SelectField18', '1', '649e9ea8335e4b85bed7d4b6dd1c47d6');
INSERT INTO `mx_cell`(`id`, `crt_dttm`, `crt_user`, `enable_flag`, `last_update_dttm`, `last_update_user`, `version`, `mx_edge`, `mx_pageid`, `mx_parent`, `mx_source`, `mx_style`, `mx_target`, `mx_value`, `mx_vertex`, `fk_mx_graph_id`) VALUES ('ff808181725050fe01725071796f021c', '2020-05-26 00:00:08', 'admin', b'1', '2020-05-26 00:00:08', 'admin', 0, NULL, '13', '1', NULL, 'image;html=1;labelBackgroundColor=#ffffff00;image=/piflow-web/images/SelectField_128x128.png', NULL, 'SelectField', '1', '649e9ea8335e4b85bed7d4b6dd1c47d6');
INSERT INTO `mx_cell`(`id`, `crt_dttm`, `crt_user`, `enable_flag`, `last_update_dttm`, `last_update_user`, `version`, `mx_edge`, `mx_pageid`, `mx_parent`, `mx_source`, `mx_style`, `mx_target`, `mx_value`, `mx_vertex`, `fk_mx_graph_id`) VALUES ('ff808181725050fe01725071796f021e', '2020-05-26 00:00:09', 'admin', b'1', '2020-05-26 00:00:09', 'admin', 0, NULL, '24', '1', NULL, 'image;html=1;labelBackgroundColor=#ffffff00;image=/piflow-web/images/SelectField_128x128.png', NULL, 'SelectField22', '1', '649e9ea8335e4b85bed7d4b6dd1c47d6');
INSERT INTO `mx_cell`(`id`, `crt_dttm`, `crt_user`, `enable_flag`, `last_update_dttm`, `last_update_user`, `version`, `mx_edge`, `mx_pageid`, `mx_parent`, `mx_source`, `mx_style`, `mx_target`, `mx_value`, `mx_vertex`, `fk_mx_graph_id`) VALUES ('ff808181725050fe01725071796f0220', '2020-05-26 00:00:10', 'admin', b'1', '2020-05-26 00:00:10', 'admin', 0, NULL, '15', '1', NULL, 'image;html=1;labelBackgroundColor=#ffffff00;image=/piflow-web/images/Merge_128x128.png', NULL, 'Merge', '1', '649e9ea8335e4b85bed7d4b6dd1c47d6');
INSERT INTO `mx_cell`(`id`, `crt_dttm`, `crt_user`, `enable_flag`, `last_update_dttm`, `last_update_user`, `version`, `mx_edge`, `mx_pageid`, `mx_parent`, `mx_source`, `mx_style`, `mx_target`, `mx_value`, `mx_vertex`, `fk_mx_graph_id`) VALUES ('ff808181725050fe01725071796f0222', '2020-05-26 00:00:11', 'admin', b'1', '2020-05-26 00:00:11', 'admin', 0, NULL, '9', '1', NULL, 'image;html=1;labelBackgroundColor=#ffffff00;image=/piflow-web/images/MockData_128x128.png', NULL, 'MockData7', '1', '649e9ea8335e4b85bed7d4b6dd1c47d6');
INSERT INTO `mx_cell`(`id`, `crt_dttm`, `crt_user`, `enable_flag`, `last_update_dttm`, `last_update_user`, `version`, `mx_edge`, `mx_pageid`, `mx_parent`, `mx_source`, `mx_style`, `mx_target`, `mx_value`, `mx_vertex`, `fk_mx_graph_id`) VALUES ('ff808181725050fe01725071796f0224', '2020-05-26 00:00:12', 'admin', b'1', '2020-05-26 00:00:12', 'admin', 0, NULL, '22', '1', NULL, 'image;html=1;labelBackgroundColor=#ffffff00;image=/piflow-web/images/SelectField_128x128.png', NULL, 'SelectField20', '1', '649e9ea8335e4b85bed7d4b6dd1c47d6');
INSERT INTO `mx_cell`(`id`, `crt_dttm`, `crt_user`, `enable_flag`, `last_update_dttm`, `last_update_user`, `version`, `mx_edge`, `mx_pageid`, `mx_parent`, `mx_source`, `mx_style`, `mx_target`, `mx_value`, `mx_vertex`, `fk_mx_graph_id`) VALUES ('ff808181725050fe01725071796f0226', '2020-05-26 00:00:13', 'admin', b'1', '2020-05-26 00:00:13', 'admin', 0, '1', '41', '1', '18', 'edgeStyle=orthogonalEdgeStyle;rounded=0;orthogonalLoop=1;jettySize=auto;html=1;', '20', NULL, NULL, '649e9ea8335e4b85bed7d4b6dd1c47d6');
INSERT INTO `mx_cell`(`id`, `crt_dttm`, `crt_user`, `enable_flag`, `last_update_dttm`, `last_update_user`, `version`, `mx_edge`, `mx_pageid`, `mx_parent`, `mx_source`, `mx_style`, `mx_target`, `mx_value`, `mx_vertex`, `fk_mx_graph_id`) VALUES ('ff808181725050fe01725071796f0228', '2020-05-26 00:00:14', 'admin', b'1', '2020-05-26 00:00:14', 'admin', 0, '1', '39', '1', '13', 'edgeStyle=orthogonalEdgeStyle;rounded=0;orthogonalLoop=1;jettySize=auto;html=1;entryX=0.5;entryY=0;entryDx=0;entryDy=0;', '15', NULL, NULL, '649e9ea8335e4b85bed7d4b6dd1c47d6');
INSERT INTO `mx_cell`(`id`, `crt_dttm`, `crt_user`, `enable_flag`, `last_update_dttm`, `last_update_user`, `version`, `mx_edge`, `mx_pageid`, `mx_parent`, `mx_source`, `mx_style`, `mx_target`, `mx_value`, `mx_vertex`, `fk_mx_graph_id`) VALUES ('ff808181725050fe01725071796f022a', '2020-05-26 00:00:15', 'admin', b'1', '2020-05-26 00:00:15', 'admin', 0, NULL, '27', '1', NULL, 'text;html=1;align=center;verticalAlign=middle;resizable=0;points=[];autosize=1;', NULL, '合流', '1', '649e9ea8335e4b85bed7d4b6dd1c47d6');
INSERT INTO `mx_cell`(`id`, `crt_dttm`, `crt_user`, `enable_flag`, `last_update_dttm`, `last_update_user`, `version`, `mx_edge`, `mx_pageid`, `mx_parent`, `mx_source`, `mx_style`, `mx_target`, `mx_value`, `mx_vertex`, `fk_mx_graph_id`) VALUES ('ff808181725050fe01725071796f022c', '2020-05-26 00:00:16', 'admin', b'1', '2020-05-26 00:00:16', 'admin', 0, NULL, '7', '1', NULL, 'text;html=1;align=center;verticalAlign=middle;resizable=0;points=[];autosize=1;', NULL, '模拟测试数据：<span style=\"font-size: 13.3333px\">title, author, age</span>', '1', '649e9ea8335e4b85bed7d4b6dd1c47d6');
INSERT INTO `mx_cell`(`id`, `crt_dttm`, `crt_user`, `enable_flag`, `last_update_dttm`, `last_update_user`, `version`, `mx_edge`, `mx_pageid`, `mx_parent`, `mx_source`, `mx_style`, `mx_target`, `mx_value`, `mx_vertex`, `fk_mx_graph_id`) VALUES ('ff808181725050fe01725071796f022e', '2020-05-26 00:00:17', 'admin', b'1', '2020-05-26 00:00:17', 'admin', 0, NULL, '28', '1', NULL, 'text;html=1;align=center;verticalAlign=middle;resizable=0;points=[];autosize=1;', NULL, '分流', '1', '649e9ea8335e4b85bed7d4b6dd1c47d6');
INSERT INTO `mx_cell`(`id`, `crt_dttm`, `crt_user`, `enable_flag`, `last_update_dttm`, `last_update_user`, `version`, `mx_edge`, `mx_pageid`, `mx_parent`, `mx_source`, `mx_style`, `mx_target`, `mx_value`, `mx_vertex`, `fk_mx_graph_id`) VALUES ('ff808181725050fe01725071796f0230', '2020-05-26 00:00:18', 'admin', b'1', '2020-05-26 00:00:18', 'admin', 0, '1', '38', '1', '4', 'edgeStyle=orthogonalEdgeStyle;rounded=0;orthogonalLoop=1;jettySize=auto;html=1;', '15', NULL, NULL, '649e9ea8335e4b85bed7d4b6dd1c47d6');
INSERT INTO `mx_cell`(`id`, `crt_dttm`, `crt_user`, `enable_flag`, `last_update_dttm`, `last_update_user`, `version`, `mx_edge`, `mx_pageid`, `mx_parent`, `mx_source`, `mx_style`, `mx_target`, `mx_value`, `mx_vertex`, `fk_mx_graph_id`) VALUES ('ff808181725050fe01725071796f0232', '2020-05-26 00:00:19', 'admin', b'1', '2020-05-26 00:00:19', 'admin', 0, '1', '43', '1', '18', 'edgeStyle=orthogonalEdgeStyle;rounded=0;orthogonalLoop=1;jettySize=auto;html=1;', '22', NULL, NULL, '649e9ea8335e4b85bed7d4b6dd1c47d6');
INSERT INTO `mx_cell`(`id`, `crt_dttm`, `crt_user`, `enable_flag`, `last_update_dttm`, `last_update_user`, `version`, `mx_edge`, `mx_pageid`, `mx_parent`, `mx_source`, `mx_style`, `mx_target`, `mx_value`, `mx_vertex`, `fk_mx_graph_id`) VALUES ('ff808181725050fe0172507179700234', '2020-05-26 00:00:20', 'admin', b'1', '2020-05-26 00:00:20', 'admin', 0, NULL, '12', '1', NULL, 'text;html=1;align=center;verticalAlign=middle;resizable=0;points=[];autosize=1;', NULL, '模拟生成数据：title, author, age, gender', '1', '649e9ea8335e4b85bed7d4b6dd1c47d6');
INSERT INTO `mx_cell`(`id`, `crt_dttm`, `crt_user`, `enable_flag`, `last_update_dttm`, `last_update_user`, `version`, `mx_edge`, `mx_pageid`, `mx_parent`, `mx_source`, `mx_style`, `mx_target`, `mx_value`, `mx_vertex`, `fk_mx_graph_id`) VALUES ('ff808181725050fe0172507179700236', '2020-05-26 00:00:21', 'admin', b'1', '2020-05-26 00:00:21', 'admin', 0, '1', '37', '1', '9', 'edgeStyle=orthogonalEdgeStyle;rounded=0;orthogonalLoop=1;jettySize=auto;html=1;', '13', NULL, NULL, '649e9ea8335e4b85bed7d4b6dd1c47d6');
INSERT INTO `mx_cell`(`id`, `crt_dttm`, `crt_user`, `enable_flag`, `last_update_dttm`, `last_update_user`, `version`, `mx_edge`, `mx_pageid`, `mx_parent`, `mx_source`, `mx_style`, `mx_target`, `mx_value`, `mx_vertex`, `fk_mx_graph_id`) VALUES ('ff808181725050fe0172507179700238', '2020-05-26 00:00:22', 'admin', b'1', '2020-05-26 00:00:22', 'admin', 0, NULL, '4', '1', NULL, 'image;html=1;labelBackgroundColor=#ffffff00;image=/piflow-web/images/MockData_128x128.png', NULL, 'MockData', '1', '649e9ea8335e4b85bed7d4b6dd1c47d6');

INSERT INTO `mx_geometry`(`id`, `crt_dttm`, `crt_user`, `enable_flag`, `last_update_dttm`, `last_update_user`, `version`, `mx_as`, `mx_height`, `mx_relative`, `mx_width`, `mx_x`, `mx_y`, `fk_mx_cell_id`) VALUES ('ff808181725050fe01725071796f0213', '2020-05-26 00:00:01', 'admin', b'1', '2020-05-26 00:00:01', 'admin', 0, 'geometry', NULL, '1', NULL, NULL, NULL, 'ff808181725050fe01725071796f0212');
INSERT INTO `mx_geometry`(`id`, `crt_dttm`, `crt_user`, `enable_flag`, `last_update_dttm`, `last_update_user`, `version`, `mx_as`, `mx_height`, `mx_relative`, `mx_width`, `mx_x`, `mx_y`, `fk_mx_cell_id`) VALUES ('ff808181725050fe01725071796f0215', '2020-05-26 00:00:02', 'admin', b'1', '2020-05-26 00:00:02', 'admin', 0, 'geometry', NULL, '1', NULL, NULL, NULL, 'ff808181725050fe01725071796f0214');
INSERT INTO `mx_geometry`(`id`, `crt_dttm`, `crt_user`, `enable_flag`, `last_update_dttm`, `last_update_user`, `version`, `mx_as`, `mx_height`, `mx_relative`, `mx_width`, `mx_x`, `mx_y`, `fk_mx_cell_id`) VALUES ('ff808181725050fe01725071796f0217', '2020-05-26 00:00:03', 'admin', b'1', '2020-05-26 00:00:03', 'admin', 0, 'geometry', '20', NULL, '180', '560', '417', 'ff808181725050fe01725071796f0216');
INSERT INTO `mx_geometry`(`id`, `crt_dttm`, `crt_user`, `enable_flag`, `last_update_dttm`, `last_update_user`, `version`, `mx_as`, `mx_height`, `mx_relative`, `mx_width`, `mx_x`, `mx_y`, `fk_mx_cell_id`) VALUES ('ff808181725050fe01725071796f0219', '2020-05-26 00:00:04', 'admin', b'1', '2020-05-26 00:00:04', 'admin', 0, 'geometry', '66', NULL, '66', '360', '730', 'ff808181725050fe01725071796f0218');
INSERT INTO `mx_geometry`(`id`, `crt_dttm`, `crt_user`, `enable_flag`, `last_update_dttm`, `last_update_user`, `version`, `mx_as`, `mx_height`, `mx_relative`, `mx_width`, `mx_x`, `mx_y`, `fk_mx_cell_id`) VALUES ('ff808181725050fe01725071796f021b', '2020-05-26 00:00:05', 'admin', b'1', '2020-05-26 00:00:05', 'admin', 0, 'geometry', '66', NULL, '66', '190', '840', 'ff808181725050fe01725071796f021a');
INSERT INTO `mx_geometry`(`id`, `crt_dttm`, `crt_user`, `enable_flag`, `last_update_dttm`, `last_update_user`, `version`, `mx_as`, `mx_height`, `mx_relative`, `mx_width`, `mx_x`, `mx_y`, `fk_mx_cell_id`) VALUES ('ff808181725050fe01725071796f021d', '2020-05-26 00:00:06', 'admin', b'1', '2020-05-26 00:00:06', 'admin', 0, 'geometry', '66', NULL, '66', '476', '394', 'ff808181725050fe01725071796f021c');
INSERT INTO `mx_geometry`(`id`, `crt_dttm`, `crt_user`, `enable_flag`, `last_update_dttm`, `last_update_user`, `version`, `mx_as`, `mx_height`, `mx_relative`, `mx_width`, `mx_x`, `mx_y`, `fk_mx_cell_id`) VALUES ('ff808181725050fe01725071796f021f', '2020-05-26 00:00:07', 'admin', b'1', '2020-05-26 00:00:07', 'admin', 0, 'geometry', '66', NULL, '66', '360', '840', 'ff808181725050fe01725071796f021e');
INSERT INTO `mx_geometry`(`id`, `crt_dttm`, `crt_user`, `enable_flag`, `last_update_dttm`, `last_update_user`, `version`, `mx_as`, `mx_height`, `mx_relative`, `mx_width`, `mx_x`, `mx_y`, `fk_mx_cell_id`) VALUES ('ff808181725050fe01725071796f0221', '2020-05-26 00:00:08', 'admin', b'1', '2020-05-26 00:00:08', 'admin', 0, 'geometry', '66', NULL, '66', '360', '570', 'ff808181725050fe01725071796f0220');
INSERT INTO `mx_geometry`(`id`, `crt_dttm`, `crt_user`, `enable_flag`, `last_update_dttm`, `last_update_user`, `version`, `mx_as`, `mx_height`, `mx_relative`, `mx_width`, `mx_x`, `mx_y`, `fk_mx_cell_id`) VALUES ('ff808181725050fe01725071796f0223', '2020-05-26 00:00:09', 'admin', b'1', '2020-05-26 00:00:09', 'admin', 0, 'geometry', '66', NULL, '66', '476', '234', 'ff808181725050fe01725071796f0222');
INSERT INTO `mx_geometry`(`id`, `crt_dttm`, `crt_user`, `enable_flag`, `last_update_dttm`, `last_update_user`, `version`, `mx_as`, `mx_height`, `mx_relative`, `mx_width`, `mx_x`, `mx_y`, `fk_mx_cell_id`) VALUES ('ff808181725050fe01725071796f0225', '2020-05-26 00:00:10', 'admin', b'1', '2020-05-26 00:00:10', 'admin', 0, 'geometry', '66', NULL, '66', '529', '840', 'ff808181725050fe01725071796f0224');
INSERT INTO `mx_geometry`(`id`, `crt_dttm`, `crt_user`, `enable_flag`, `last_update_dttm`, `last_update_user`, `version`, `mx_as`, `mx_height`, `mx_relative`, `mx_width`, `mx_x`, `mx_y`, `fk_mx_cell_id`) VALUES ('ff808181725050fe01725071796f0227', '2020-05-26 00:00:11', 'admin', b'1', '2020-05-26 00:00:11', 'admin', 0, 'geometry', NULL, '1', NULL, NULL, NULL, 'ff808181725050fe01725071796f0226');
INSERT INTO `mx_geometry`(`id`, `crt_dttm`, `crt_user`, `enable_flag`, `last_update_dttm`, `last_update_user`, `version`, `mx_as`, `mx_height`, `mx_relative`, `mx_width`, `mx_x`, `mx_y`, `fk_mx_cell_id`) VALUES ('ff808181725050fe01725071796f0229', '2020-05-26 00:00:12', 'admin', b'1', '2020-05-26 00:00:12', 'admin', 0, 'geometry', NULL, '1', NULL, NULL, NULL, 'ff808181725050fe01725071796f0228');
INSERT INTO `mx_geometry`(`id`, `crt_dttm`, `crt_user`, `enable_flag`, `last_update_dttm`, `last_update_user`, `version`, `mx_as`, `mx_height`, `mx_relative`, `mx_width`, `mx_x`, `mx_y`, `fk_mx_cell_id`) VALUES ('ff808181725050fe01725071796f022b', '2020-05-26 00:00:13', 'admin', b'1', '2020-05-26 00:00:13', 'admin', 0, 'geometry', '20', NULL, '40', '435', '601', 'ff808181725050fe01725071796f022a');
INSERT INTO `mx_geometry`(`id`, `crt_dttm`, `crt_user`, `enable_flag`, `last_update_dttm`, `last_update_user`, `version`, `mx_as`, `mx_height`, `mx_relative`, `mx_width`, `mx_x`, `mx_y`, `fk_mx_cell_id`) VALUES ('ff808181725050fe01725071796f022d', '2020-05-26 00:00:14', 'admin', b'1', '2020-05-26 00:00:14', 'admin', 0, 'geometry', '20', NULL, '200', '153', '360', 'ff808181725050fe01725071796f022c');
INSERT INTO `mx_geometry`(`id`, `crt_dttm`, `crt_user`, `enable_flag`, `last_update_dttm`, `last_update_user`, `version`, `mx_as`, `mx_height`, `mx_relative`, `mx_width`, `mx_x`, `mx_y`, `fk_mx_cell_id`) VALUES ('ff808181725050fe01725071796f022f', '2020-05-26 00:00:15', 'admin', b'1', '2020-05-26 00:00:15', 'admin', 0, 'geometry', '20', NULL, '40', '435', '735', 'ff808181725050fe01725071796f022e');
INSERT INTO `mx_geometry`(`id`, `crt_dttm`, `crt_user`, `enable_flag`, `last_update_dttm`, `last_update_user`, `version`, `mx_as`, `mx_height`, `mx_relative`, `mx_width`, `mx_x`, `mx_y`, `fk_mx_cell_id`) VALUES ('ff808181725050fe01725071796f0231', '2020-05-26 00:00:16', 'admin', b'1', '2020-05-26 00:00:16', 'admin', 0, 'geometry', NULL, '1', NULL, NULL, NULL, 'ff808181725050fe01725071796f0230');
INSERT INTO `mx_geometry`(`id`, `crt_dttm`, `crt_user`, `enable_flag`, `last_update_dttm`, `last_update_user`, `version`, `mx_as`, `mx_height`, `mx_relative`, `mx_width`, `mx_x`, `mx_y`, `fk_mx_cell_id`) VALUES ('ff808181725050fe01725071796f0233', '2020-05-26 00:00:17', 'admin', b'1', '2020-05-26 00:00:17', 'admin', 0, 'geometry', NULL, '1', NULL, NULL, NULL, 'ff808181725050fe01725071796f0232');
INSERT INTO `mx_geometry`(`id`, `crt_dttm`, `crt_user`, `enable_flag`, `last_update_dttm`, `last_update_user`, `version`, `mx_as`, `mx_height`, `mx_relative`, `mx_width`, `mx_x`, `mx_y`, `fk_mx_cell_id`) VALUES ('ff808181725050fe0172507179700235', '2020-05-26 00:00:18', 'admin', b'1', '2020-05-26 00:00:18', 'admin', 0, 'geometry', '20', NULL, '230', '490', '210', 'ff808181725050fe0172507179700234');
INSERT INTO `mx_geometry`(`id`, `crt_dttm`, `crt_user`, `enable_flag`, `last_update_dttm`, `last_update_user`, `version`, `mx_as`, `mx_height`, `mx_relative`, `mx_width`, `mx_x`, `mx_y`, `fk_mx_cell_id`) VALUES ('ff808181725050fe0172507179700237', '2020-05-26 00:00:19', 'admin', b'1', '2020-05-26 00:00:19', 'admin', 0, 'geometry', NULL, '1', NULL, NULL, NULL, 'ff808181725050fe0172507179700236');
INSERT INTO `mx_geometry`(`id`, `crt_dttm`, `crt_user`, `enable_flag`, `last_update_dttm`, `last_update_user`, `version`, `mx_as`, `mx_height`, `mx_relative`, `mx_width`, `mx_x`, `mx_y`, `fk_mx_cell_id`) VALUES ('ff808181725050fe0172507179700239', '2020-05-26 00:00:10', 'admin', b'1', '2020-05-26 00:00:10', 'admin', 0, 'geometry', '66', NULL, '66', '220', '394', 'ff808181725050fe0172507179700238');







INSERT INTO `flow_group`(`id`, `crt_dttm`, `crt_user`, `enable_flag`, `last_update_dttm`, `last_update_user`, `version`, `description`, `is_example`, `name`, `uuid`, `page_id`, `fk_flow_group_id`) VALUES ('ff808181725050fe017250group10002', '2020-05-26 00:00:01', 'admin', b'1', '2020-05-26 00:00:01', 'admin', 0, 'GroupExample', b'1', 'GroupExample', NULL, NULL, NULL);
INSERT INTO `flow_group`(`id`, `crt_dttm`, `crt_user`, `enable_flag`, `last_update_dttm`, `last_update_user`, `version`, `description`, `is_example`, `name`, `uuid`, `page_id`, `fk_flow_group_id`) VALUES ('ff808181725050fe017250b8d1f6023c', '2020-05-26 00:00:02', 'admin', b'1', '2020-05-26 00:00:02', 'admin', 0, 'first group， include f1 and f2', b'1', 'group_collect', NULL, '3', 'ff808181725050fe017250group10002');
INSERT INTO `flow_group`(`id`, `crt_dttm`, `crt_user`, `enable_flag`, `last_update_dttm`, `last_update_user`, `version`, `description`, `is_example`, `name`, `uuid`, `page_id`, `fk_flow_group_id`) VALUES ('ff808181725050fe017250b8d1fa02db', '2020-05-26 00:00:03', 'admin', b'1', '2020-05-26 00:00:03', 'admin', 0, 'g2， include f5', b'1', 'g2', NULL, '8', 'ff808181725050fe017250group10002');
INSERT INTO `flow_group`(`id`, `crt_dttm`, `crt_user`, `enable_flag`, `last_update_dttm`, `last_update_user`, `version`, `description`, `is_example`, `name`, `uuid`, `page_id`, `fk_flow_group_id`) VALUES ('ff808181725050fe017250b8d1f7023d', '2020-05-26 00:00:04', 'admin', b'1', '2020-05-26 00:00:04', 'admin', 0, 'innerGroup', b'1', 'innerGroup', NULL, '6', 'ff808181725050fe017250b8d1f6023c');

INSERT INTO `flow_group_path`(`id`, `crt_dttm`, `crt_user`, `enable_flag`, `last_update_dttm`, `last_update_user`, `version`, `filter_condition`, `line_from`, `line_inport`, `line_outport`, `page_id`, `line_to`, `fk_flow_group_id`) VALUES ('ff808181725050fe017250b8d1f8026b', '2020-05-26 00:00:01', 'admin', b'1', '2020-05-26 00:00:01', 'admin', 0, NULL, '3', NULL, NULL, '7', '6', 'ff808181725050fe017250b8d1f6023c');
INSERT INTO `flow_group_path`(`id`, `crt_dttm`, `crt_user`, `enable_flag`, `last_update_dttm`, `last_update_user`, `version`, `filter_condition`, `line_from`, `line_inport`, `line_outport`, `page_id`, `line_to`, `fk_flow_group_id`) VALUES ('ff808181725050fe017250b8d1f8026c', '2020-05-26 00:00:02', 'admin', b'1', '2020-05-26 00:00:02', 'admin', 0, NULL, '3', NULL, NULL, '5', '4', 'ff808181725050fe017250b8d1f6023c');
INSERT INTO `flow_group_path`(`id`, `crt_dttm`, `crt_user`, `enable_flag`, `last_update_dttm`, `last_update_user`, `version`, `filter_condition`, `line_from`, `line_inport`, `line_outport`, `page_id`, `line_to`, `fk_flow_group_id`) VALUES ('ff808181725050fe017250b8d1fa02dc', '2020-05-26 00:00:03', 'admin', b'1', '2020-05-26 00:00:03', 'admin', 0, NULL, '3', NULL, NULL, '5', '4', 'ff808181725050fe017250b8d1fa02db');
INSERT INTO `flow_group_path`(`id`, `crt_dttm`, `crt_user`, `enable_flag`, `last_update_dttm`, `last_update_user`, `version`, `filter_condition`, `line_from`, `line_inport`, `line_outport`, `page_id`, `line_to`, `fk_flow_group_id`) VALUES ('ff808181725050fe017250b8d1fc033b', '2020-05-26 00:00:04', 'admin', b'1', '2020-05-26 00:00:04', 'admin', 0, NULL, '8', NULL, NULL, '12', '11', 'ff808181725050fe017250group10002');
INSERT INTO `flow_group_path`(`id`, `crt_dttm`, `crt_user`, `enable_flag`, `last_update_dttm`, `last_update_user`, `version`, `filter_condition`, `line_from`, `line_inport`, `line_outport`, `page_id`, `line_to`, `fk_flow_group_id`) VALUES ('ff808181725050fe017250b8d1fc033c', '2020-05-26 00:00:05', 'admin', b'1', '2020-05-26 00:00:05', 'admin', 0, NULL, '5', NULL, NULL, '10', '8', 'ff808181725050fe017250group10002');
INSERT INTO `flow_group_path`(`id`, `crt_dttm`, `crt_user`, `enable_flag`, `last_update_dttm`, `last_update_user`, `version`, `filter_condition`, `line_from`, `line_inport`, `line_outport`, `page_id`, `line_to`, `fk_flow_group_id`) VALUES ('ff808181725050fe017250b8d1fc033d', '2020-05-26 00:00:06', 'admin', b'1', '2020-05-26 00:00:06', 'admin', 0, NULL, '4', NULL, NULL, '9', '8', 'ff808181725050fe017250group10002');
INSERT INTO `flow_group_path`(`id`, `crt_dttm`, `crt_user`, `enable_flag`, `last_update_dttm`, `last_update_user`, `version`, `filter_condition`, `line_from`, `line_inport`, `line_outport`, `page_id`, `line_to`, `fk_flow_group_id`) VALUES ('ff808181725050fe017250b8d1fc033e', '2020-05-26 00:00:07', 'admin', b'1', '2020-05-26 00:00:07', 'admin', 0, NULL, '3', NULL, NULL, '7', '5', 'ff808181725050fe017250group10002');
INSERT INTO `flow_group_path`(`id`, `crt_dttm`, `crt_user`, `enable_flag`, `last_update_dttm`, `last_update_user`, `version`, `filter_condition`, `line_from`, `line_inport`, `line_outport`, `page_id`, `line_to`, `fk_flow_group_id`) VALUES ('ff808181725050fe017250b8d1fc033f', '2020-05-26 00:00:08', 'admin', b'1', '2020-05-26 00:00:08', 'admin', 0, NULL, '3', NULL, NULL, '6', '4', 'ff808181725050fe017250group10002');

INSERT INTO `flow`(`id`, `crt_dttm`, `crt_user`, `enable_flag`, `last_update_dttm`, `last_update_user`, `version`, `description`, `driver_memory`, `executor_cores`, `executor_memory`, `executor_number`, `is_example`, `name`, `uuid`, `page_id`, `fk_flow_group_id`) VALUES ('ff808181725050fe017250b8d1f7023e', '2020-05-26 00:00:01', 'admin', b'1', '2020-05-26 00:00:01', 'admin', 0, NULL, '1g', '1', '1g', '1', b'1', 'CollectConferenceData', NULL, '5', 'ff808181725050fe017250b8d1f7023d');
INSERT INTO `flow`(`id`, `crt_dttm`, `crt_user`, `enable_flag`, `last_update_dttm`, `last_update_user`, `version`, `description`, `driver_memory`, `executor_cores`, `executor_memory`, `executor_number`, `is_example`, `name`, `uuid`, `page_id`, `fk_flow_group_id`) VALUES ('ff808181725050fe017250b8d1f70250', '2020-05-26 00:00:02', 'admin', b'1', '2020-05-26 00:00:02', 'admin', 0, 'mock data', '1g', '1', '1g', '1', b'1', 'CollectJournalFlow', NULL, '3', 'ff808181725050fe017250b8d1f7023d');
INSERT INTO `flow`(`id`, `crt_dttm`, `crt_user`, `enable_flag`, `last_update_dttm`, `last_update_user`, `version`, `description`, `driver_memory`, `executor_cores`, `executor_memory`, `executor_number`, `is_example`, `name`, `uuid`, `page_id`, `fk_flow_group_id`) VALUES ('ff808181725050fe017250b8d1f8026d', '2020-05-26 00:00:03', 'admin', b'1', '2020-05-26 00:00:03', 'admin', 0, 'f2', '1g', '1', '1g', '1', b'1', 'f2', NULL, '4', 'ff808181725050fe017250b8d1f6023c');
INSERT INTO `flow`(`id`, `crt_dttm`, `crt_user`, `enable_flag`, `last_update_dttm`, `last_update_user`, `version`, `description`, `driver_memory`, `executor_cores`, `executor_memory`, `executor_number`, `is_example`, `name`, `uuid`, `page_id`, `fk_flow_group_id`) VALUES ('ff808181725050fe017250b8d1f8027d', '2020-05-26 00:00:04', 'admin', b'1', '2020-05-26 00:00:04', 'admin', 0, 'f1', '1g', '1', '1g', '1', b'1', 'flow_backup', NULL, '3', 'ff808181725050fe017250b8d1f6023c');
INSERT INTO `flow`(`id`, `crt_dttm`, `crt_user`, `enable_flag`, `last_update_dttm`, `last_update_user`, `version`, `description`, `driver_memory`, `executor_cores`, `executor_memory`, `executor_number`, `is_example`, `name`, `uuid`, `page_id`, `fk_flow_group_id`) VALUES ('ff808181725050fe017250b8d1fa02dd', '2020-05-26 00:00:05', 'admin', b'1', '2020-05-26 00:00:05', 'admin', 0, 'mock data', '1g', '1', '1g', '1', b'1', 'person2Neo4j', NULL, '4', 'ff808181725050fe017250b8d1fa02db');
INSERT INTO `flow`(`id`, `crt_dttm`, `crt_user`, `enable_flag`, `last_update_dttm`, `last_update_user`, `version`, `description`, `driver_memory`, `executor_cores`, `executor_memory`, `executor_number`, `is_example`, `name`, `uuid`, `page_id`, `fk_flow_group_id`) VALUES ('ff808181725050fe017250b8d1fa02ed', '2020-05-26 00:00:06', 'admin', b'1', '2020-05-26 00:00:06', 'admin', 0, 'FlowExample', '1g', '1', '1g', '1', b'1', 'product2Neo4j', NULL, '3', 'ff808181725050fe017250b8d1fa02db');
INSERT INTO `flow`(`id`, `crt_dttm`, `crt_user`, `enable_flag`, `last_update_dttm`, `last_update_user`, `version`, `description`, `driver_memory`, `executor_cores`, `executor_memory`, `executor_number`, `is_example`, `name`, `uuid`, `page_id`, `fk_flow_group_id`) VALUES ('ff808181725050fe017250b8d1fc0340', '2020-05-26 00:00:07', 'admin', b'1', '2020-05-26 00:00:07', 'admin', 0, 'f4', '1g', '1', '1g', '1', b'1', 'flow_merge_person', NULL, '5', 'ff808181725050fe017250group10002');
INSERT INTO `flow`(`id`, `crt_dttm`, `crt_user`, `enable_flag`, `last_update_dttm`, `last_update_user`, `version`, `description`, `driver_memory`, `executor_cores`, `executor_memory`, `executor_number`, `is_example`, `name`, `uuid`, `page_id`, `fk_flow_group_id`) VALUES ('ff808181725050fe017250b8d1fd0385', '2020-05-26 00:00:08', 'admin', b'1', '2020-05-26 00:00:08', 'admin', 0, 'f3', '1g', '1', '1g', '1', b'1', 'flow_merge_product', NULL, '4', 'ff808181725050fe017250group10002');
INSERT INTO `flow`(`id`, `crt_dttm`, `crt_user`, `enable_flag`, `last_update_dttm`, `last_update_user`, `version`, `description`, `driver_memory`, `executor_cores`, `executor_memory`, `executor_number`, `is_example`, `name`, `uuid`, `page_id`, `fk_flow_group_id`) VALUES ('ff808181725050fe017250b8d1ff03ca', '2020-05-26 00:00:09', 'admin', b'1', '2020-05-26 00:00:09', 'admin', 0, 'f6', '1g', '1', '1g', '1', b'1', 'f6', NULL, '11', 'ff808181725050fe017250group10002');

INSERT INTO `flow_path`(`id`, `crt_dttm`, `crt_user`, `enable_flag`, `last_update_dttm`, `last_update_user`, `version`, `line_from`, `line_inport`, `line_outport`, `page_id`, `line_to`, `fk_flow_id`, `filter_condition`) VALUES ('ff808181725050fe017250b8d1f7023f', '2020-05-26 00:00:09', 'admin', b'1', '2020-05-26 00:00:09', 'admin', 0, '5', NULL, NULL, '10', '9', 'ff808181725050fe017250b8d1f7023e', NULL);
INSERT INTO `flow_path`(`id`, `crt_dttm`, `crt_user`, `enable_flag`, `last_update_dttm`, `last_update_user`, `version`, `line_from`, `line_inport`, `line_outport`, `page_id`, `line_to`, `fk_flow_id`, `filter_condition`) VALUES ('ff808181725050fe017250b8d1f70251', '2020-05-26 00:00:09', 'admin', b'1', '2020-05-26 00:00:09', 'admin', 0, '4', NULL, NULL, '6', '5', 'ff808181725050fe017250b8d1f70250', NULL);
INSERT INTO `flow_path`(`id`, `crt_dttm`, `crt_user`, `enable_flag`, `last_update_dttm`, `last_update_user`, `version`, `line_from`, `line_inport`, `line_outport`, `page_id`, `line_to`, `fk_flow_id`, `filter_condition`) VALUES ('ff808181725050fe017250b8d1f8026e', '2020-05-26 00:00:09', 'admin', b'1', '2020-05-26 00:00:09', 'admin', 0, '5', NULL, NULL, '7', '6', 'ff808181725050fe017250b8d1f8026d', NULL);
INSERT INTO `flow_path`(`id`, `crt_dttm`, `crt_user`, `enable_flag`, `last_update_dttm`, `last_update_user`, `version`, `line_from`, `line_inport`, `line_outport`, `page_id`, `line_to`, `fk_flow_id`, `filter_condition`) VALUES ('ff808181725050fe017250b8d1f8027e', '2020-05-26 00:00:09', 'admin', b'1', '2020-05-26 00:00:09', 'admin', 0, '19', NULL, 'out3', '44', '23', 'ff808181725050fe017250b8d1f8027d', NULL);
INSERT INTO `flow_path`(`id`, `crt_dttm`, `crt_user`, `enable_flag`, `last_update_dttm`, `last_update_user`, `version`, `line_from`, `line_inport`, `line_outport`, `page_id`, `line_to`, `fk_flow_id`, `filter_condition`) VALUES ('ff808181725050fe017250b8d1f8027f', '2020-05-26 00:00:09', 'admin', b'1', '2020-05-26 00:00:09', 'admin', 0, '19', NULL, 'out2', '43', '25', 'ff808181725050fe017250b8d1f8027d', NULL);
INSERT INTO `flow_path`(`id`, `crt_dttm`, `crt_user`, `enable_flag`, `last_update_dttm`, `last_update_user`, `version`, `line_from`, `line_inport`, `line_outport`, `page_id`, `line_to`, `fk_flow_id`, `filter_condition`) VALUES ('ff808181725050fe017250b8d1f80280', '2020-05-26 00:00:09', 'admin', b'1', '2020-05-26 00:00:09', 'admin', 0, '19', NULL, 'out1', '42', '21', 'ff808181725050fe017250b8d1f8027d', NULL);
INSERT INTO `flow_path`(`id`, `crt_dttm`, `crt_user`, `enable_flag`, `last_update_dttm`, `last_update_user`, `version`, `line_from`, `line_inport`, `line_outport`, `page_id`, `line_to`, `fk_flow_id`, `filter_condition`) VALUES ('ff808181725050fe017250b8d1f80281', '2020-05-26 00:00:09', 'admin', b'1', '2020-05-26 00:00:09', 'admin', 0, '16', NULL, NULL, '41', '19', 'ff808181725050fe017250b8d1f8027d', NULL);
INSERT INTO `flow_path`(`id`, `crt_dttm`, `crt_user`, `enable_flag`, `last_update_dttm`, `last_update_user`, `version`, `line_from`, `line_inport`, `line_outport`, `page_id`, `line_to`, `fk_flow_id`, `filter_condition`) VALUES ('ff808181725050fe017250b8d1f80282', '2020-05-26 00:00:09', 'admin', b'1', '2020-05-26 00:00:09', 'admin', 0, '14', 'data2', NULL, '40', '16', 'ff808181725050fe017250b8d1f8027d', NULL);
INSERT INTO `flow_path`(`id`, `crt_dttm`, `crt_user`, `enable_flag`, `last_update_dttm`, `last_update_user`, `version`, `line_from`, `line_inport`, `line_outport`, `page_id`, `line_to`, `fk_flow_id`, `filter_condition`) VALUES ('ff808181725050fe017250b8d1f80283', '2020-05-26 00:00:09', 'admin', b'1', '2020-05-26 00:00:09', 'admin', 0, '5', 'data1', NULL, '39', '16', 'ff808181725050fe017250b8d1f8027d', NULL);
INSERT INTO `flow_path`(`id`, `crt_dttm`, `crt_user`, `enable_flag`, `last_update_dttm`, `last_update_user`, `version`, `line_from`, `line_inport`, `line_outport`, `page_id`, `line_to`, `fk_flow_id`, `filter_condition`) VALUES ('ff808181725050fe017250b8d1f80284', '2020-05-26 00:00:09', 'admin', b'1', '2020-05-26 00:00:09', 'admin', 0, '10', NULL, NULL, '38', '14', 'ff808181725050fe017250b8d1f8027d', NULL);
INSERT INTO `flow_path`(`id`, `crt_dttm`, `crt_user`, `enable_flag`, `last_update_dttm`, `last_update_user`, `version`, `line_from`, `line_inport`, `line_outport`, `page_id`, `line_to`, `fk_flow_id`, `filter_condition`) VALUES ('ff808181725050fe017250b8d1fa02de', '2020-05-26 00:00:09', 'admin', b'1', '2020-05-26 00:00:09', 'admin', 0, '5', NULL, NULL, '8', '7', 'ff808181725050fe017250b8d1fa02dd', NULL);
INSERT INTO `flow_path`(`id`, `crt_dttm`, `crt_user`, `enable_flag`, `last_update_dttm`, `last_update_user`, `version`, `line_from`, `line_inport`, `line_outport`, `page_id`, `line_to`, `fk_flow_id`, `filter_condition`) VALUES ('ff808181725050fe017250b8d1fa02ee', '2020-05-26 00:00:09', 'admin', b'1', '2020-05-26 00:00:09', 'admin', 0, '18', NULL, 'out3', '43', '22', 'ff808181725050fe017250b8d1fa02ed', NULL);
INSERT INTO `flow_path`(`id`, `crt_dttm`, `crt_user`, `enable_flag`, `last_update_dttm`, `last_update_user`, `version`, `line_from`, `line_inport`, `line_outport`, `page_id`, `line_to`, `fk_flow_id`, `filter_condition`) VALUES ('ff808181725050fe017250b8d1fa02ef', '2020-05-26 00:00:09', 'admin', b'1', '2020-05-26 00:00:09', 'admin', 0, '18', NULL, 'out2', '42', '24', 'ff808181725050fe017250b8d1fa02ed', NULL);
INSERT INTO `flow_path`(`id`, `crt_dttm`, `crt_user`, `enable_flag`, `last_update_dttm`, `last_update_user`, `version`, `line_from`, `line_inport`, `line_outport`, `page_id`, `line_to`, `fk_flow_id`, `filter_condition`) VALUES ('ff808181725050fe017250b8d1fa02f0', '2020-05-26 00:00:09', 'admin', b'1', '2020-05-26 00:00:09', 'admin', 0, '18', NULL, 'out1', '41', '20', 'ff808181725050fe017250b8d1fa02ed', NULL);
INSERT INTO `flow_path`(`id`, `crt_dttm`, `crt_user`, `enable_flag`, `last_update_dttm`, `last_update_user`, `version`, `line_from`, `line_inport`, `line_outport`, `page_id`, `line_to`, `fk_flow_id`, `filter_condition`) VALUES ('ff808181725050fe017250b8d1fa02f1', '2020-05-26 00:00:09', 'admin', b'1', '2020-05-26 00:00:09', 'admin', 0, '15', NULL, NULL, '40', '18', 'ff808181725050fe017250b8d1fa02ed', NULL);
INSERT INTO `flow_path`(`id`, `crt_dttm`, `crt_user`, `enable_flag`, `last_update_dttm`, `last_update_user`, `version`, `line_from`, `line_inport`, `line_outport`, `page_id`, `line_to`, `fk_flow_id`, `filter_condition`) VALUES ('ff808181725050fe017250b8d1fa02f2', '2020-05-26 00:00:09', 'admin', b'1', '2020-05-26 00:00:09', 'admin', 0, '13', 'data2', NULL, '39', '15', 'ff808181725050fe017250b8d1fa02ed', NULL);
INSERT INTO `flow_path`(`id`, `crt_dttm`, `crt_user`, `enable_flag`, `last_update_dttm`, `last_update_user`, `version`, `line_from`, `line_inport`, `line_outport`, `page_id`, `line_to`, `fk_flow_id`, `filter_condition`) VALUES ('ff808181725050fe017250b8d1fa02f3', '2020-05-26 00:00:09', 'admin', b'1', '2020-05-26 00:00:09', 'admin', 0, '4', 'data1', NULL, '38', '15', 'ff808181725050fe017250b8d1fa02ed', NULL);
INSERT INTO `flow_path`(`id`, `crt_dttm`, `crt_user`, `enable_flag`, `last_update_dttm`, `last_update_user`, `version`, `line_from`, `line_inport`, `line_outport`, `page_id`, `line_to`, `fk_flow_id`, `filter_condition`) VALUES ('ff808181725050fe017250b8d1fa02f4', '2020-05-26 00:00:09', 'admin', b'1', '2020-05-26 00:00:09', 'admin', 0, '9', NULL, NULL, '37', '13', 'ff808181725050fe017250b8d1fa02ed', NULL);
INSERT INTO `flow_path`(`id`, `crt_dttm`, `crt_user`, `enable_flag`, `last_update_dttm`, `last_update_user`, `version`, `line_from`, `line_inport`, `line_outport`, `page_id`, `line_to`, `fk_flow_id`, `filter_condition`) VALUES ('ff808181725050fe017250b8d1fc0341', '2020-05-26 00:00:09', 'admin', b'1', '2020-05-26 00:00:09', 'admin', 0, '19', NULL, 'out3', '44', '23', 'ff808181725050fe017250b8d1fc0340', NULL);
INSERT INTO `flow_path`(`id`, `crt_dttm`, `crt_user`, `enable_flag`, `last_update_dttm`, `last_update_user`, `version`, `line_from`, `line_inport`, `line_outport`, `page_id`, `line_to`, `fk_flow_id`, `filter_condition`) VALUES ('ff808181725050fe017250b8d1fc0342', '2020-05-26 00:00:09', 'admin', b'1', '2020-05-26 00:00:09', 'admin', 0, '19', NULL, 'out2', '43', '25', 'ff808181725050fe017250b8d1fc0340', NULL);
INSERT INTO `flow_path`(`id`, `crt_dttm`, `crt_user`, `enable_flag`, `last_update_dttm`, `last_update_user`, `version`, `line_from`, `line_inport`, `line_outport`, `page_id`, `line_to`, `fk_flow_id`, `filter_condition`) VALUES ('ff808181725050fe017250b8d1fc0343', '2020-05-26 00:00:09', 'admin', b'1', '2020-05-26 00:00:09', 'admin', 0, '19', NULL, 'out1', '42', '21', 'ff808181725050fe017250b8d1fc0340', NULL);
INSERT INTO `flow_path`(`id`, `crt_dttm`, `crt_user`, `enable_flag`, `last_update_dttm`, `last_update_user`, `version`, `line_from`, `line_inport`, `line_outport`, `page_id`, `line_to`, `fk_flow_id`, `filter_condition`) VALUES ('ff808181725050fe017250b8d1fc0344', '2020-05-26 00:00:09', 'admin', b'1', '2020-05-26 00:00:09', 'admin', 0, '16', NULL, NULL, '41', '19', 'ff808181725050fe017250b8d1fc0340', NULL);
INSERT INTO `flow_path`(`id`, `crt_dttm`, `crt_user`, `enable_flag`, `last_update_dttm`, `last_update_user`, `version`, `line_from`, `line_inport`, `line_outport`, `page_id`, `line_to`, `fk_flow_id`, `filter_condition`) VALUES ('ff808181725050fe017250b8d1fc0345', '2020-05-26 00:00:09', 'admin', b'1', '2020-05-26 00:00:09', 'admin', 0, '14', 'data2', NULL, '40', '16', 'ff808181725050fe017250b8d1fc0340', NULL);
INSERT INTO `flow_path`(`id`, `crt_dttm`, `crt_user`, `enable_flag`, `last_update_dttm`, `last_update_user`, `version`, `line_from`, `line_inport`, `line_outport`, `page_id`, `line_to`, `fk_flow_id`, `filter_condition`) VALUES ('ff808181725050fe017250b8d1fc0346', '2020-05-26 00:00:09', 'admin', b'1', '2020-05-26 00:00:09', 'admin', 0, '5', 'data1', NULL, '39', '16', 'ff808181725050fe017250b8d1fc0340', NULL);
INSERT INTO `flow_path`(`id`, `crt_dttm`, `crt_user`, `enable_flag`, `last_update_dttm`, `last_update_user`, `version`, `line_from`, `line_inport`, `line_outport`, `page_id`, `line_to`, `fk_flow_id`, `filter_condition`) VALUES ('ff808181725050fe017250b8d1fc0347', '2020-05-26 00:00:09', 'admin', b'1', '2020-05-26 00:00:09', 'admin', 0, '10', NULL, NULL, '38', '14', 'ff808181725050fe017250b8d1fc0340', NULL);
INSERT INTO `flow_path`(`id`, `crt_dttm`, `crt_user`, `enable_flag`, `last_update_dttm`, `last_update_user`, `version`, `line_from`, `line_inport`, `line_outport`, `page_id`, `line_to`, `fk_flow_id`, `filter_condition`) VALUES ('ff808181725050fe017250b8d1fd0386', '2020-05-26 00:00:09', 'admin', b'1', '2020-05-26 00:00:09', 'admin', 0, '19', NULL, 'out3', '44', '23', 'ff808181725050fe017250b8d1fd0385', NULL);
INSERT INTO `flow_path`(`id`, `crt_dttm`, `crt_user`, `enable_flag`, `last_update_dttm`, `last_update_user`, `version`, `line_from`, `line_inport`, `line_outport`, `page_id`, `line_to`, `fk_flow_id`, `filter_condition`) VALUES ('ff808181725050fe017250b8d1fd0387', '2020-05-26 00:00:09', 'admin', b'1', '2020-05-26 00:00:09', 'admin', 0, '19', NULL, 'out2', '43', '25', 'ff808181725050fe017250b8d1fd0385', NULL);
INSERT INTO `flow_path`(`id`, `crt_dttm`, `crt_user`, `enable_flag`, `last_update_dttm`, `last_update_user`, `version`, `line_from`, `line_inport`, `line_outport`, `page_id`, `line_to`, `fk_flow_id`, `filter_condition`) VALUES ('ff808181725050fe017250b8d1fd0388', '2020-05-26 00:00:09', 'admin', b'1', '2020-05-26 00:00:09', 'admin', 0, '19', NULL, 'out1', '42', '21', 'ff808181725050fe017250b8d1fd0385', NULL);
INSERT INTO `flow_path`(`id`, `crt_dttm`, `crt_user`, `enable_flag`, `last_update_dttm`, `last_update_user`, `version`, `line_from`, `line_inport`, `line_outport`, `page_id`, `line_to`, `fk_flow_id`, `filter_condition`) VALUES ('ff808181725050fe017250b8d1fd0389', '2020-05-26 00:00:09', 'admin', b'1', '2020-05-26 00:00:09', 'admin', 0, '16', NULL, NULL, '41', '19', 'ff808181725050fe017250b8d1fd0385', NULL);
INSERT INTO `flow_path`(`id`, `crt_dttm`, `crt_user`, `enable_flag`, `last_update_dttm`, `last_update_user`, `version`, `line_from`, `line_inport`, `line_outport`, `page_id`, `line_to`, `fk_flow_id`, `filter_condition`) VALUES ('ff808181725050fe017250b8d1fd038a', '2020-05-26 00:00:09', 'admin', b'1', '2020-05-26 00:00:09', 'admin', 0, '14', 'data2', NULL, '40', '16', 'ff808181725050fe017250b8d1fd0385', NULL);
INSERT INTO `flow_path`(`id`, `crt_dttm`, `crt_user`, `enable_flag`, `last_update_dttm`, `last_update_user`, `version`, `line_from`, `line_inport`, `line_outport`, `page_id`, `line_to`, `fk_flow_id`, `filter_condition`) VALUES ('ff808181725050fe017250b8d1fd038b', '2020-05-26 00:00:09', 'admin', b'1', '2020-05-26 00:00:09', 'admin', 0, '5', 'data1', NULL, '39', '16', 'ff808181725050fe017250b8d1fd0385', NULL);
INSERT INTO `flow_path`(`id`, `crt_dttm`, `crt_user`, `enable_flag`, `last_update_dttm`, `last_update_user`, `version`, `line_from`, `line_inport`, `line_outport`, `page_id`, `line_to`, `fk_flow_id`, `filter_condition`) VALUES ('ff808181725050fe017250b8d1fd038c', '2020-05-26 00:00:09', 'admin', b'1', '2020-05-26 00:00:09', 'admin', 0, '10', NULL, NULL, '38', '14', 'ff808181725050fe017250b8d1fd0385', NULL);
INSERT INTO `flow_path`(`id`, `crt_dttm`, `crt_user`, `enable_flag`, `last_update_dttm`, `last_update_user`, `version`, `line_from`, `line_inport`, `line_outport`, `page_id`, `line_to`, `fk_flow_id`, `filter_condition`) VALUES ('ff808181725050fe017250b8d1ff03cb', '2020-05-26 00:00:09', 'admin', b'1', '2020-05-26 00:00:09', 'admin', 0, '19', NULL, 'out3', '44', '23', 'ff808181725050fe017250b8d1ff03ca', NULL);
INSERT INTO `flow_path`(`id`, `crt_dttm`, `crt_user`, `enable_flag`, `last_update_dttm`, `last_update_user`, `version`, `line_from`, `line_inport`, `line_outport`, `page_id`, `line_to`, `fk_flow_id`, `filter_condition`) VALUES ('ff808181725050fe017250b8d1ff03cc', '2020-05-26 00:00:09', 'admin', b'1', '2020-05-26 00:00:09', 'admin', 0, '19', NULL, 'out2', '43', '25', 'ff808181725050fe017250b8d1ff03ca', NULL);
INSERT INTO `flow_path`(`id`, `crt_dttm`, `crt_user`, `enable_flag`, `last_update_dttm`, `last_update_user`, `version`, `line_from`, `line_inport`, `line_outport`, `page_id`, `line_to`, `fk_flow_id`, `filter_condition`) VALUES ('ff808181725050fe017250b8d1ff03cd', '2020-05-26 00:00:09', 'admin', b'1', '2020-05-26 00:00:09', 'admin', 0, '19', NULL, 'out1', '42', '21', 'ff808181725050fe017250b8d1ff03ca', NULL);
INSERT INTO `flow_path`(`id`, `crt_dttm`, `crt_user`, `enable_flag`, `last_update_dttm`, `last_update_user`, `version`, `line_from`, `line_inport`, `line_outport`, `page_id`, `line_to`, `fk_flow_id`, `filter_condition`) VALUES ('ff808181725050fe017250b8d1ff03ce', '2020-05-26 00:00:09', 'admin', b'1', '2020-05-26 00:00:09', 'admin', 0, '16', NULL, NULL, '41', '19', 'ff808181725050fe017250b8d1ff03ca', NULL);
INSERT INTO `flow_path`(`id`, `crt_dttm`, `crt_user`, `enable_flag`, `last_update_dttm`, `last_update_user`, `version`, `line_from`, `line_inport`, `line_outport`, `page_id`, `line_to`, `fk_flow_id`, `filter_condition`) VALUES ('ff808181725050fe017250b8d1ff03cf', '2020-05-26 00:00:09', 'admin', b'1', '2020-05-26 00:00:09', 'admin', 0, '14', 'data2', NULL, '40', '16', 'ff808181725050fe017250b8d1ff03ca', NULL);
INSERT INTO `flow_path`(`id`, `crt_dttm`, `crt_user`, `enable_flag`, `last_update_dttm`, `last_update_user`, `version`, `line_from`, `line_inport`, `line_outport`, `page_id`, `line_to`, `fk_flow_id`, `filter_condition`) VALUES ('ff808181725050fe017250b8d1ff03d0', '2020-05-26 00:00:09', 'admin', b'1', '2020-05-26 00:00:09', 'admin', 0, '5', 'data1', NULL, '39', '16', 'ff808181725050fe017250b8d1ff03ca', NULL);
INSERT INTO `flow_path`(`id`, `crt_dttm`, `crt_user`, `enable_flag`, `last_update_dttm`, `last_update_user`, `version`, `line_from`, `line_inport`, `line_outport`, `page_id`, `line_to`, `fk_flow_id`, `filter_condition`) VALUES ('ff808181725050fe017250b8d1ff03d1', '2020-05-26 00:00:09', 'admin', b'1', '2020-05-26 00:00:09', 'admin', 0, '10', NULL, NULL, '38', '14', 'ff808181725050fe017250b8d1ff03ca', NULL);


INSERT INTO `flow_stops`(`id`, `crt_dttm`, `crt_user`, `enable_flag`, `last_update_dttm`, `last_update_user`, `version`, `bundel`, `description`, `groups`, `in_port_type`, `inports`, `is_checkpoint`, `name`, `out_port_type`, `outports`, `owner`, `page_id`, `start_time`, `state`, `stop_time`, `fk_flow_id`, `is_customized`, `fk_data_source_id`) VALUES ('ff808181725050fe017250b8d1f70240', '2020-05-26 00:00:09', 'admin', b'1', '2020-05-26 00:00:09', 'admin', 0, 'cn.piflow.bundle.common.SelectField', 'Select data column', 'Common', 'DEFAULT', 'Default', b'0', 'SelectField', 'DEFAULT', 'Default', 'xjzhu@cnic.cn', '9', NULL, NULL, NULL, 'ff808181725050fe017250b8d1f7023e', b'0', NULL);
INSERT INTO `flow_stops`(`id`, `crt_dttm`, `crt_user`, `enable_flag`, `last_update_dttm`, `last_update_user`, `version`, `bundel`, `description`, `groups`, `in_port_type`, `inports`, `is_checkpoint`, `name`, `out_port_type`, `outports`, `owner`, `page_id`, `start_time`, `state`, `stop_time`, `fk_flow_id`, `is_customized`, `fk_data_source_id`) VALUES ('ff808181725050fe017250b8d1f70242', '2020-05-26 00:00:09', 'admin', b'1', '2020-05-26 00:00:09', 'admin', 0, 'cn.piflow.bundle.common.MockData', 'Mock dataframe.', 'Common', 'DEFAULT', 'Default', b'1', 'MockData', 'DEFAULT', 'Default', 'xjzhu@cnic.cn', '5', NULL, NULL, NULL, 'ff808181725050fe017250b8d1f7023e', b'0', NULL);
INSERT INTO `flow_stops`(`id`, `crt_dttm`, `crt_user`, `enable_flag`, `last_update_dttm`, `last_update_user`, `version`, `bundel`, `description`, `groups`, `in_port_type`, `inports`, `is_checkpoint`, `name`, `out_port_type`, `outports`, `owner`, `page_id`, `start_time`, `state`, `stop_time`, `fk_flow_id`, `is_customized`, `fk_data_source_id`) VALUES ('ff808181725050fe017250b8d1f70252', '2020-05-26 00:00:09', 'admin', b'1', '2020-05-26 00:00:09', 'admin', 0, 'cn.piflow.bundle.common.SelectField', 'Select data column', 'Common', 'DEFAULT', 'Default', b'0', 'SelectField', 'DEFAULT', 'Default', 'xjzhu@cnic.cn', '5', NULL, NULL, NULL, 'ff808181725050fe017250b8d1f70250', b'0', NULL);
INSERT INTO `flow_stops`(`id`, `crt_dttm`, `crt_user`, `enable_flag`, `last_update_dttm`, `last_update_user`, `version`, `bundel`, `description`, `groups`, `in_port_type`, `inports`, `is_checkpoint`, `name`, `out_port_type`, `outports`, `owner`, `page_id`, `start_time`, `state`, `stop_time`, `fk_flow_id`, `is_customized`, `fk_data_source_id`) VALUES ('ff808181725050fe017250b8d1f70254', '2020-05-26 00:00:09', 'admin', b'1', '2020-05-26 00:00:09', 'admin', 0, 'cn.piflow.bundle.common.MockData', 'Mock dataframe.', 'Common', 'DEFAULT', 'Default', b'0', 'MockData', 'DEFAULT', 'Default', 'xjzhu@cnic.cn', '4', NULL, NULL, NULL, 'ff808181725050fe017250b8d1f70250', b'0', NULL);
INSERT INTO `flow_stops`(`id`, `crt_dttm`, `crt_user`, `enable_flag`, `last_update_dttm`, `last_update_user`, `version`, `bundel`, `description`, `groups`, `in_port_type`, `inports`, `is_checkpoint`, `name`, `out_port_type`, `outports`, `owner`, `page_id`, `start_time`, `state`, `stop_time`, `fk_flow_id`, `is_customized`, `fk_data_source_id`) VALUES ('ff808181725050fe017250b8d1f8026f', '2020-05-26 00:00:09', 'admin', b'1', '2020-05-26 00:00:09', 'admin', 0, 'cn.piflow.bundle.common.SelectField', 'Select data column', 'Common', 'DEFAULT', 'Default', b'0', 'SelectField', 'DEFAULT', 'Default', 'xjzhu@cnic.cn', '6', NULL, NULL, NULL, 'ff808181725050fe017250b8d1f8026d', b'0', NULL);
INSERT INTO `flow_stops`(`id`, `crt_dttm`, `crt_user`, `enable_flag`, `last_update_dttm`, `last_update_user`, `version`, `bundel`, `description`, `groups`, `in_port_type`, `inports`, `is_checkpoint`, `name`, `out_port_type`, `outports`, `owner`, `page_id`, `start_time`, `state`, `stop_time`, `fk_flow_id`, `is_customized`, `fk_data_source_id`) VALUES ('ff808181725050fe017250b8d1f80271', '2020-05-26 00:00:09', 'admin', b'1', '2020-05-26 00:00:09', 'admin', 0, 'cn.piflow.bundle.common.MockData', 'Mock dataframe.', 'Common', 'DEFAULT', 'Default', b'1', 'MockData', 'DEFAULT', 'Default', 'xjzhu@cnic.cn', '5', NULL, NULL, NULL, 'ff808181725050fe017250b8d1f8026d', b'0', NULL);
INSERT INTO `flow_stops`(`id`, `crt_dttm`, `crt_user`, `enable_flag`, `last_update_dttm`, `last_update_user`, `version`, `bundel`, `description`, `groups`, `in_port_type`, `inports`, `is_checkpoint`, `name`, `out_port_type`, `outports`, `owner`, `page_id`, `start_time`, `state`, `stop_time`, `fk_flow_id`, `is_customized`, `fk_data_source_id`) VALUES ('ff808181725050fe017250b8d1f80285', '2020-05-26 00:00:09', 'admin', b'1', '2020-05-26 00:00:09', 'admin', 0, 'cn.piflow.bundle.common.Merge', 'Merge data into one stop', 'Common', 'ANY', 'Any', b'1', 'Merge', 'DEFAULT', 'Default', 'xjzhu@cnic.cn', '16', NULL, NULL, NULL, 'ff808181725050fe017250b8d1f8027d', b'0', NULL);
INSERT INTO `flow_stops`(`id`, `crt_dttm`, `crt_user`, `enable_flag`, `last_update_dttm`, `last_update_user`, `version`, `bundel`, `description`, `groups`, `in_port_type`, `inports`, `is_checkpoint`, `name`, `out_port_type`, `outports`, `owner`, `page_id`, `start_time`, `state`, `stop_time`, `fk_flow_id`, `is_customized`, `fk_data_source_id`) VALUES ('ff808181725050fe017250b8d1f80287', '2020-05-26 00:00:09', 'admin', b'1', '2020-05-26 00:00:09', 'admin', 0, 'cn.piflow.bundle.common.Fork', 'Forking data to different stops', 'Common', 'DEFAULT', 'Default', b'1', 'Fork', 'ANY', 'Any', 'xjzhu@cnic.cn', '19', NULL, NULL, NULL, 'ff808181725050fe017250b8d1f8027d', b'0', NULL);
INSERT INTO `flow_stops`(`id`, `crt_dttm`, `crt_user`, `enable_flag`, `last_update_dttm`, `last_update_user`, `version`, `bundel`, `description`, `groups`, `in_port_type`, `inports`, `is_checkpoint`, `name`, `out_port_type`, `outports`, `owner`, `page_id`, `start_time`, `state`, `stop_time`, `fk_flow_id`, `is_customized`, `fk_data_source_id`) VALUES ('ff808181725050fe017250b8d1f80289', '2020-05-26 00:00:09', 'admin', b'1', '2020-05-26 00:00:09', 'admin', 0, 'cn.piflow.bundle.common.SelectField', 'Select data column', 'Common', 'DEFAULT', 'Default', b'1', 'SelectField22', 'DEFAULT', 'Default', 'xjzhu@cnic.cn', '25', NULL, NULL, NULL, 'ff808181725050fe017250b8d1f8027d', b'0', NULL);
INSERT INTO `flow_stops`(`id`, `crt_dttm`, `crt_user`, `enable_flag`, `last_update_dttm`, `last_update_user`, `version`, `bundel`, `description`, `groups`, `in_port_type`, `inports`, `is_checkpoint`, `name`, `out_port_type`, `outports`, `owner`, `page_id`, `start_time`, `state`, `stop_time`, `fk_flow_id`, `is_customized`, `fk_data_source_id`) VALUES ('ff808181725050fe017250b8d1f8028b', '2020-05-26 00:00:09', 'admin', b'1', '2020-05-26 00:00:09', 'admin', 0, 'cn.piflow.bundle.common.SelectField', 'Select data column', 'Common', 'DEFAULT', 'Default', b'1', 'SelectField20', 'DEFAULT', 'Default', 'xjzhu@cnic.cn', '23', NULL, NULL, NULL, 'ff808181725050fe017250b8d1f8027d', b'0', NULL);
INSERT INTO `flow_stops`(`id`, `crt_dttm`, `crt_user`, `enable_flag`, `last_update_dttm`, `last_update_user`, `version`, `bundel`, `description`, `groups`, `in_port_type`, `inports`, `is_checkpoint`, `name`, `out_port_type`, `outports`, `owner`, `page_id`, `start_time`, `state`, `stop_time`, `fk_flow_id`, `is_customized`, `fk_data_source_id`) VALUES ('ff808181725050fe017250b8d1f8028d', '2020-05-26 00:00:09', 'admin', b'1', '2020-05-26 00:00:09', 'admin', 0, 'cn.piflow.bundle.common.SelectField', 'Select data column', 'Common', 'DEFAULT', 'Default', b'1', 'SelectField18', 'DEFAULT', 'Default', 'xjzhu@cnic.cn', '21', NULL, NULL, NULL, 'ff808181725050fe017250b8d1f8027d', b'0', NULL);
INSERT INTO `flow_stops`(`id`, `crt_dttm`, `crt_user`, `enable_flag`, `last_update_dttm`, `last_update_user`, `version`, `bundel`, `description`, `groups`, `in_port_type`, `inports`, `is_checkpoint`, `name`, `out_port_type`, `outports`, `owner`, `page_id`, `start_time`, `state`, `stop_time`, `fk_flow_id`, `is_customized`, `fk_data_source_id`) VALUES ('ff808181725050fe017250b8d1f8028f', '2020-05-26 00:00:09', 'admin', b'1', '2020-05-26 00:00:09', 'admin', 0, 'cn.piflow.bundle.common.SelectField', 'Select data column', 'Common', 'DEFAULT', 'Default', b'1', 'SelectField', 'DEFAULT', 'Default', 'xjzhu@cnic.cn', '14', NULL, NULL, NULL, 'ff808181725050fe017250b8d1f8027d', b'0', NULL);
INSERT INTO `flow_stops`(`id`, `crt_dttm`, `crt_user`, `enable_flag`, `last_update_dttm`, `last_update_user`, `version`, `bundel`, `description`, `groups`, `in_port_type`, `inports`, `is_checkpoint`, `name`, `out_port_type`, `outports`, `owner`, `page_id`, `start_time`, `state`, `stop_time`, `fk_flow_id`, `is_customized`, `fk_data_source_id`) VALUES ('ff808181725050fe017250b8d1f90291', '2020-05-26 00:00:09', 'admin', b'1', '2020-05-26 00:00:09', 'admin', 0, 'cn.piflow.bundle.common.MockData', 'Mock dataframe.', 'Common', 'DEFAULT', 'Default', b'1', 'MockData7', 'DEFAULT', 'Default', 'xjzhu@cnic.cn', '10', NULL, NULL, NULL, 'ff808181725050fe017250b8d1f8027d', b'0', NULL);
INSERT INTO `flow_stops`(`id`, `crt_dttm`, `crt_user`, `enable_flag`, `last_update_dttm`, `last_update_user`, `version`, `bundel`, `description`, `groups`, `in_port_type`, `inports`, `is_checkpoint`, `name`, `out_port_type`, `outports`, `owner`, `page_id`, `start_time`, `state`, `stop_time`, `fk_flow_id`, `is_customized`, `fk_data_source_id`) VALUES ('ff808181725050fe017250b8d1f90294', '2020-05-26 00:00:09', 'admin', b'1', '2020-05-26 00:00:09', 'admin', 0, 'cn.piflow.bundle.common.MockData', 'Mock dataframe.', 'Common', 'DEFAULT', 'Default', b'1', 'MockData', 'DEFAULT', 'Default', 'xjzhu@cnic.cn', '5', NULL, NULL, NULL, 'ff808181725050fe017250b8d1f8027d', b'0', NULL);
INSERT INTO `flow_stops`(`id`, `crt_dttm`, `crt_user`, `enable_flag`, `last_update_dttm`, `last_update_user`, `version`, `bundel`, `description`, `groups`, `in_port_type`, `inports`, `is_checkpoint`, `name`, `out_port_type`, `outports`, `owner`, `page_id`, `start_time`, `state`, `stop_time`, `fk_flow_id`, `is_customized`, `fk_data_source_id`) VALUES ('ff808181725050fe017250b8d1fa02df', '2020-05-26 00:00:09', 'admin', b'1', '2020-05-26 00:00:09', 'admin', 0, 'cn.piflow.bundle.common.SelectField', 'Select data column', 'Common', 'DEFAULT', 'Default', b'0', 'SelectField', 'DEFAULT', 'Default', 'xjzhu@cnic.cn', '7', NULL, NULL, NULL, 'ff808181725050fe017250b8d1fa02dd', b'0', NULL);
INSERT INTO `flow_stops`(`id`, `crt_dttm`, `crt_user`, `enable_flag`, `last_update_dttm`, `last_update_user`, `version`, `bundel`, `description`, `groups`, `in_port_type`, `inports`, `is_checkpoint`, `name`, `out_port_type`, `outports`, `owner`, `page_id`, `start_time`, `state`, `stop_time`, `fk_flow_id`, `is_customized`, `fk_data_source_id`) VALUES ('ff808181725050fe017250b8d1fa02e1', '2020-05-26 00:00:09', 'admin', b'1', '2020-05-26 00:00:09', 'admin', 0, 'cn.piflow.bundle.common.MockData', 'Mock dataframe.', 'Common', 'DEFAULT', 'Default', b'0', 'MockData', 'DEFAULT', 'Default', 'xjzhu@cnic.cn', '5', NULL, NULL, NULL, 'ff808181725050fe017250b8d1fa02dd', b'0', NULL);
INSERT INTO `flow_stops`(`id`, `crt_dttm`, `crt_user`, `enable_flag`, `last_update_dttm`, `last_update_user`, `version`, `bundel`, `description`, `groups`, `in_port_type`, `inports`, `is_checkpoint`, `name`, `out_port_type`, `outports`, `owner`, `page_id`, `start_time`, `state`, `stop_time`, `fk_flow_id`, `is_customized`, `fk_data_source_id`) VALUES ('ff808181725050fe017250b8d1fa02f5', '2020-05-26 00:00:09', 'admin', b'1', '2020-05-26 00:00:09', 'admin', 0, 'cn.piflow.bundle.common.Merge', 'Merge data into one stop', 'Common', 'ANY', 'Any', b'0', 'Merge', 'DEFAULT', 'Default', 'xjzhu@cnic.cn', '15', NULL, NULL, NULL, 'ff808181725050fe017250b8d1fa02ed', b'0', NULL);
INSERT INTO `flow_stops`(`id`, `crt_dttm`, `crt_user`, `enable_flag`, `last_update_dttm`, `last_update_user`, `version`, `bundel`, `description`, `groups`, `in_port_type`, `inports`, `is_checkpoint`, `name`, `out_port_type`, `outports`, `owner`, `page_id`, `start_time`, `state`, `stop_time`, `fk_flow_id`, `is_customized`, `fk_data_source_id`) VALUES ('ff808181725050fe017250b8d1fa02f7', '2020-05-26 00:00:09', 'admin', b'1', '2020-05-26 00:00:09', 'admin', 0, 'cn.piflow.bundle.common.Fork', 'Forking data to different stops', 'Common', 'DEFAULT', 'Default', b'0', 'Fork', 'ANY', 'Any', 'xjzhu@cnic.cn', '18', NULL, NULL, NULL, 'ff808181725050fe017250b8d1fa02ed', b'0', NULL);
INSERT INTO `flow_stops`(`id`, `crt_dttm`, `crt_user`, `enable_flag`, `last_update_dttm`, `last_update_user`, `version`, `bundel`, `description`, `groups`, `in_port_type`, `inports`, `is_checkpoint`, `name`, `out_port_type`, `outports`, `owner`, `page_id`, `start_time`, `state`, `stop_time`, `fk_flow_id`, `is_customized`, `fk_data_source_id`) VALUES ('ff808181725050fe017250b8d1fa02f9', '2020-05-26 00:00:09', 'admin', b'1', '2020-05-26 00:00:09', 'admin', 0, 'cn.piflow.bundle.common.SelectField', 'Select data column', 'Common', 'DEFAULT', 'Default', b'0', 'SelectField22', 'DEFAULT', 'Default', 'xjzhu@cnic.cn', '24', NULL, NULL, NULL, 'ff808181725050fe017250b8d1fa02ed', b'0', NULL);
INSERT INTO `flow_stops`(`id`, `crt_dttm`, `crt_user`, `enable_flag`, `last_update_dttm`, `last_update_user`, `version`, `bundel`, `description`, `groups`, `in_port_type`, `inports`, `is_checkpoint`, `name`, `out_port_type`, `outports`, `owner`, `page_id`, `start_time`, `state`, `stop_time`, `fk_flow_id`, `is_customized`, `fk_data_source_id`) VALUES ('ff808181725050fe017250b8d1fb02fb', '2020-05-26 00:00:09', 'admin', b'1', '2020-05-26 00:00:09', 'admin', 0, 'cn.piflow.bundle.common.SelectField', 'Select data column', 'Common', 'DEFAULT', 'Default', b'0', 'SelectField20', 'DEFAULT', 'Default', 'xjzhu@cnic.cn', '22', NULL, NULL, NULL, 'ff808181725050fe017250b8d1fa02ed', b'0', NULL);
INSERT INTO `flow_stops`(`id`, `crt_dttm`, `crt_user`, `enable_flag`, `last_update_dttm`, `last_update_user`, `version`, `bundel`, `description`, `groups`, `in_port_type`, `inports`, `is_checkpoint`, `name`, `out_port_type`, `outports`, `owner`, `page_id`, `start_time`, `state`, `stop_time`, `fk_flow_id`, `is_customized`, `fk_data_source_id`) VALUES ('ff808181725050fe017250b8d1fb02fd', '2020-05-26 00:00:09', 'admin', b'1', '2020-05-26 00:00:09', 'admin', 0, 'cn.piflow.bundle.common.SelectField', 'Select data column', 'Common', 'DEFAULT', 'Default', b'0', 'SelectField18', 'DEFAULT', 'Default', 'xjzhu@cnic.cn', '20', NULL, NULL, NULL, 'ff808181725050fe017250b8d1fa02ed', b'0', NULL);
INSERT INTO `flow_stops`(`id`, `crt_dttm`, `crt_user`, `enable_flag`, `last_update_dttm`, `last_update_user`, `version`, `bundel`, `description`, `groups`, `in_port_type`, `inports`, `is_checkpoint`, `name`, `out_port_type`, `outports`, `owner`, `page_id`, `start_time`, `state`, `stop_time`, `fk_flow_id`, `is_customized`, `fk_data_source_id`) VALUES ('ff808181725050fe017250b8d1fb02ff', '2020-05-26 00:00:09', 'admin', b'1', '2020-05-26 00:00:09', 'admin', 0, 'cn.piflow.bundle.common.SelectField', 'Select data column', 'Common', 'DEFAULT', 'Default', b'0', 'SelectField', 'DEFAULT', 'Default', 'xjzhu@cnic.cn', '13', NULL, NULL, NULL, 'ff808181725050fe017250b8d1fa02ed', b'0', NULL);
INSERT INTO `flow_stops`(`id`, `crt_dttm`, `crt_user`, `enable_flag`, `last_update_dttm`, `last_update_user`, `version`, `bundel`, `description`, `groups`, `in_port_type`, `inports`, `is_checkpoint`, `name`, `out_port_type`, `outports`, `owner`, `page_id`, `start_time`, `state`, `stop_time`, `fk_flow_id`, `is_customized`, `fk_data_source_id`) VALUES ('ff808181725050fe017250b8d1fb0301', '2020-05-26 00:00:09', 'admin', b'1', '2020-05-26 00:00:09', 'admin', 0, 'cn.piflow.bundle.common.MockData', 'Mock dataframe.', 'Common', 'DEFAULT', 'Default', b'0', 'MockData7', 'DEFAULT', 'Default', 'xjzhu@cnic.cn', '9', NULL, NULL, NULL, 'ff808181725050fe017250b8d1fa02ed', b'0', NULL);
INSERT INTO `flow_stops`(`id`, `crt_dttm`, `crt_user`, `enable_flag`, `last_update_dttm`, `last_update_user`, `version`, `bundel`, `description`, `groups`, `in_port_type`, `inports`, `is_checkpoint`, `name`, `out_port_type`, `outports`, `owner`, `page_id`, `start_time`, `state`, `stop_time`, `fk_flow_id`, `is_customized`, `fk_data_source_id`) VALUES ('ff808181725050fe017250b8d1fb0304', '2020-05-26 00:00:09', 'admin', b'1', '2020-05-26 00:00:09', 'admin', 0, 'cn.piflow.bundle.common.MockData', 'Mock dataframe.', 'Common', 'DEFAULT', 'Default', b'0', 'MockData', 'DEFAULT', 'Default', 'xjzhu@cnic.cn', '4', NULL, NULL, NULL, 'ff808181725050fe017250b8d1fa02ed', b'0', NULL);
INSERT INTO `flow_stops`(`id`, `crt_dttm`, `crt_user`, `enable_flag`, `last_update_dttm`, `last_update_user`, `version`, `bundel`, `description`, `groups`, `in_port_type`, `inports`, `is_checkpoint`, `name`, `out_port_type`, `outports`, `owner`, `page_id`, `start_time`, `state`, `stop_time`, `fk_flow_id`, `is_customized`, `fk_data_source_id`) VALUES ('ff808181725050fe017250b8d1fc0348', '2020-05-26 00:00:09', 'admin', b'1', '2020-05-26 00:00:09', 'admin', 0, 'cn.piflow.bundle.common.Merge', 'Merge data into one stop', 'Common', 'ANY', 'Any', b'1', 'Merge', 'DEFAULT', 'Default', 'xjzhu@cnic.cn', '16', NULL, NULL, NULL, 'ff808181725050fe017250b8d1fc0340', b'0', NULL);
INSERT INTO `flow_stops`(`id`, `crt_dttm`, `crt_user`, `enable_flag`, `last_update_dttm`, `last_update_user`, `version`, `bundel`, `description`, `groups`, `in_port_type`, `inports`, `is_checkpoint`, `name`, `out_port_type`, `outports`, `owner`, `page_id`, `start_time`, `state`, `stop_time`, `fk_flow_id`, `is_customized`, `fk_data_source_id`) VALUES ('ff808181725050fe017250b8d1fc034a', '2020-05-26 00:00:09', 'admin', b'1', '2020-05-26 00:00:09', 'admin', 0, 'cn.piflow.bundle.common.Fork', 'Forking data to different stops', 'Common', 'DEFAULT', 'Default', b'1', 'Fork', 'ANY', 'Any', 'xjzhu@cnic.cn', '19', NULL, NULL, NULL, 'ff808181725050fe017250b8d1fc0340', b'0', NULL);
INSERT INTO `flow_stops`(`id`, `crt_dttm`, `crt_user`, `enable_flag`, `last_update_dttm`, `last_update_user`, `version`, `bundel`, `description`, `groups`, `in_port_type`, `inports`, `is_checkpoint`, `name`, `out_port_type`, `outports`, `owner`, `page_id`, `start_time`, `state`, `stop_time`, `fk_flow_id`, `is_customized`, `fk_data_source_id`) VALUES ('ff808181725050fe017250b8d1fc034c', '2020-05-26 00:00:09', 'admin', b'1', '2020-05-26 00:00:09', 'admin', 0, 'cn.piflow.bundle.common.SelectField', 'Select data column', 'Common', 'DEFAULT', 'Default', b'1', 'SelectField22', 'DEFAULT', 'Default', 'xjzhu@cnic.cn', '25', NULL, NULL, NULL, 'ff808181725050fe017250b8d1fc0340', b'0', NULL);
INSERT INTO `flow_stops`(`id`, `crt_dttm`, `crt_user`, `enable_flag`, `last_update_dttm`, `last_update_user`, `version`, `bundel`, `description`, `groups`, `in_port_type`, `inports`, `is_checkpoint`, `name`, `out_port_type`, `outports`, `owner`, `page_id`, `start_time`, `state`, `stop_time`, `fk_flow_id`, `is_customized`, `fk_data_source_id`) VALUES ('ff808181725050fe017250b8d1fc034e', '2020-05-26 00:00:09', 'admin', b'1', '2020-05-26 00:00:09', 'admin', 0, 'cn.piflow.bundle.common.SelectField', 'Select data column', 'Common', 'DEFAULT', 'Default', b'1', 'SelectField20', 'DEFAULT', 'Default', 'xjzhu@cnic.cn', '23', NULL, NULL, NULL, 'ff808181725050fe017250b8d1fc0340', b'0', NULL);
INSERT INTO `flow_stops`(`id`, `crt_dttm`, `crt_user`, `enable_flag`, `last_update_dttm`, `last_update_user`, `version`, `bundel`, `description`, `groups`, `in_port_type`, `inports`, `is_checkpoint`, `name`, `out_port_type`, `outports`, `owner`, `page_id`, `start_time`, `state`, `stop_time`, `fk_flow_id`, `is_customized`, `fk_data_source_id`) VALUES ('ff808181725050fe017250b8d1fc0350', '2020-05-26 00:00:09', 'admin', b'1', '2020-05-26 00:00:09', 'admin', 0, 'cn.piflow.bundle.common.SelectField', 'Select data column', 'Common', 'DEFAULT', 'Default', b'1', 'SelectField18', 'DEFAULT', 'Default', 'xjzhu@cnic.cn', '21', NULL, NULL, NULL, 'ff808181725050fe017250b8d1fc0340', b'0', NULL);
INSERT INTO `flow_stops`(`id`, `crt_dttm`, `crt_user`, `enable_flag`, `last_update_dttm`, `last_update_user`, `version`, `bundel`, `description`, `groups`, `in_port_type`, `inports`, `is_checkpoint`, `name`, `out_port_type`, `outports`, `owner`, `page_id`, `start_time`, `state`, `stop_time`, `fk_flow_id`, `is_customized`, `fk_data_source_id`) VALUES ('ff808181725050fe017250b8d1fc0352', '2020-05-26 00:00:09', 'admin', b'1', '2020-05-26 00:00:09', 'admin', 0, 'cn.piflow.bundle.common.SelectField', 'Select data column', 'Common', 'DEFAULT', 'Default', b'1', 'SelectField', 'DEFAULT', 'Default', 'xjzhu@cnic.cn', '14', NULL, NULL, NULL, 'ff808181725050fe017250b8d1fc0340', b'0', NULL);
INSERT INTO `flow_stops`(`id`, `crt_dttm`, `crt_user`, `enable_flag`, `last_update_dttm`, `last_update_user`, `version`, `bundel`, `description`, `groups`, `in_port_type`, `inports`, `is_checkpoint`, `name`, `out_port_type`, `outports`, `owner`, `page_id`, `start_time`, `state`, `stop_time`, `fk_flow_id`, `is_customized`, `fk_data_source_id`) VALUES ('ff808181725050fe017250b8d1fc0354', '2020-05-26 00:00:09', 'admin', b'1', '2020-05-26 00:00:09', 'admin', 0, 'cn.piflow.bundle.common.MockData', 'Mock dataframe.', 'Common', 'DEFAULT', 'Default', b'1', 'MockData7', 'DEFAULT', 'Default', 'xjzhu@cnic.cn', '10', NULL, NULL, NULL, 'ff808181725050fe017250b8d1fc0340', b'0', NULL);
INSERT INTO `flow_stops`(`id`, `crt_dttm`, `crt_user`, `enable_flag`, `last_update_dttm`, `last_update_user`, `version`, `bundel`, `description`, `groups`, `in_port_type`, `inports`, `is_checkpoint`, `name`, `out_port_type`, `outports`, `owner`, `page_id`, `start_time`, `state`, `stop_time`, `fk_flow_id`, `is_customized`, `fk_data_source_id`) VALUES ('ff808181725050fe017250b8d1fc0357', '2020-05-26 00:00:09', 'admin', b'1', '2020-05-26 00:00:09', 'admin', 0, 'cn.piflow.bundle.common.MockData', 'Mock dataframe.', 'Common', 'DEFAULT', 'Default', b'1', 'MockData', 'DEFAULT', 'Default', 'xjzhu@cnic.cn', '5', NULL, NULL, NULL, 'ff808181725050fe017250b8d1fc0340', b'0', NULL);
INSERT INTO `flow_stops`(`id`, `crt_dttm`, `crt_user`, `enable_flag`, `last_update_dttm`, `last_update_user`, `version`, `bundel`, `description`, `groups`, `in_port_type`, `inports`, `is_checkpoint`, `name`, `out_port_type`, `outports`, `owner`, `page_id`, `start_time`, `state`, `stop_time`, `fk_flow_id`, `is_customized`, `fk_data_source_id`) VALUES ('ff808181725050fe017250b8d1fd038d', '2020-05-26 00:00:09', 'admin', b'1', '2020-05-26 00:00:09', 'admin', 0, 'cn.piflow.bundle.common.Merge', 'Merge data into one stop', 'Common', 'ANY', 'Any', b'1', 'Merge', 'DEFAULT', 'Default', 'xjzhu@cnic.cn', '16', NULL, NULL, NULL, 'ff808181725050fe017250b8d1fd0385', b'0', NULL);
INSERT INTO `flow_stops`(`id`, `crt_dttm`, `crt_user`, `enable_flag`, `last_update_dttm`, `last_update_user`, `version`, `bundel`, `description`, `groups`, `in_port_type`, `inports`, `is_checkpoint`, `name`, `out_port_type`, `outports`, `owner`, `page_id`, `start_time`, `state`, `stop_time`, `fk_flow_id`, `is_customized`, `fk_data_source_id`) VALUES ('ff808181725050fe017250b8d1fd038f', '2020-05-26 00:00:09', 'admin', b'1', '2020-05-26 00:00:09', 'admin', 0, 'cn.piflow.bundle.common.Fork', 'Forking data to different stops', 'Common', 'DEFAULT', 'Default', b'1', 'Fork', 'ANY', 'Any', 'xjzhu@cnic.cn', '19', NULL, NULL, NULL, 'ff808181725050fe017250b8d1fd0385', b'0', NULL);
INSERT INTO `flow_stops`(`id`, `crt_dttm`, `crt_user`, `enable_flag`, `last_update_dttm`, `last_update_user`, `version`, `bundel`, `description`, `groups`, `in_port_type`, `inports`, `is_checkpoint`, `name`, `out_port_type`, `outports`, `owner`, `page_id`, `start_time`, `state`, `stop_time`, `fk_flow_id`, `is_customized`, `fk_data_source_id`) VALUES ('ff808181725050fe017250b8d1fd0391', '2020-05-26 00:00:09', 'admin', b'1', '2020-05-26 00:00:09', 'admin', 0, 'cn.piflow.bundle.common.SelectField', 'Select data column', 'Common', 'DEFAULT', 'Default', b'1', 'SelectField22', 'DEFAULT', 'Default', 'xjzhu@cnic.cn', '25', NULL, NULL, NULL, 'ff808181725050fe017250b8d1fd0385', b'0', NULL);
INSERT INTO `flow_stops`(`id`, `crt_dttm`, `crt_user`, `enable_flag`, `last_update_dttm`, `last_update_user`, `version`, `bundel`, `description`, `groups`, `in_port_type`, `inports`, `is_checkpoint`, `name`, `out_port_type`, `outports`, `owner`, `page_id`, `start_time`, `state`, `stop_time`, `fk_flow_id`, `is_customized`, `fk_data_source_id`) VALUES ('ff808181725050fe017250b8d1fe0393', '2020-05-26 00:00:09', 'admin', b'1', '2020-05-26 00:00:09', 'admin', 0, 'cn.piflow.bundle.common.SelectField', 'Select data column', 'Common', 'DEFAULT', 'Default', b'1', 'SelectField20', 'DEFAULT', 'Default', 'xjzhu@cnic.cn', '23', NULL, NULL, NULL, 'ff808181725050fe017250b8d1fd0385', b'0', NULL);
INSERT INTO `flow_stops`(`id`, `crt_dttm`, `crt_user`, `enable_flag`, `last_update_dttm`, `last_update_user`, `version`, `bundel`, `description`, `groups`, `in_port_type`, `inports`, `is_checkpoint`, `name`, `out_port_type`, `outports`, `owner`, `page_id`, `start_time`, `state`, `stop_time`, `fk_flow_id`, `is_customized`, `fk_data_source_id`) VALUES ('ff808181725050fe017250b8d1fe0395', '2020-05-26 00:00:09', 'admin', b'1', '2020-05-26 00:00:09', 'admin', 0, 'cn.piflow.bundle.common.SelectField', 'Select data column', 'Common', 'DEFAULT', 'Default', b'1', 'SelectField18', 'DEFAULT', 'Default', 'xjzhu@cnic.cn', '21', NULL, NULL, NULL, 'ff808181725050fe017250b8d1fd0385', b'0', NULL);
INSERT INTO `flow_stops`(`id`, `crt_dttm`, `crt_user`, `enable_flag`, `last_update_dttm`, `last_update_user`, `version`, `bundel`, `description`, `groups`, `in_port_type`, `inports`, `is_checkpoint`, `name`, `out_port_type`, `outports`, `owner`, `page_id`, `start_time`, `state`, `stop_time`, `fk_flow_id`, `is_customized`, `fk_data_source_id`) VALUES ('ff808181725050fe017250b8d1fe0397', '2020-05-26 00:00:09', 'admin', b'1', '2020-05-26 00:00:09', 'admin', 0, 'cn.piflow.bundle.common.SelectField', 'Select data column', 'Common', 'DEFAULT', 'Default', b'1', 'SelectField', 'DEFAULT', 'Default', 'xjzhu@cnic.cn', '14', NULL, NULL, NULL, 'ff808181725050fe017250b8d1fd0385', b'0', NULL);
INSERT INTO `flow_stops`(`id`, `crt_dttm`, `crt_user`, `enable_flag`, `last_update_dttm`, `last_update_user`, `version`, `bundel`, `description`, `groups`, `in_port_type`, `inports`, `is_checkpoint`, `name`, `out_port_type`, `outports`, `owner`, `page_id`, `start_time`, `state`, `stop_time`, `fk_flow_id`, `is_customized`, `fk_data_source_id`) VALUES ('ff808181725050fe017250b8d1fe0399', '2020-05-26 00:00:09', 'admin', b'1', '2020-05-26 00:00:09', 'admin', 0, 'cn.piflow.bundle.common.MockData', 'Mock dataframe.', 'Common', 'DEFAULT', 'Default', b'1', 'MockData7', 'DEFAULT', 'Default', 'xjzhu@cnic.cn', '10', NULL, NULL, NULL, 'ff808181725050fe017250b8d1fd0385', b'0', NULL);
INSERT INTO `flow_stops`(`id`, `crt_dttm`, `crt_user`, `enable_flag`, `last_update_dttm`, `last_update_user`, `version`, `bundel`, `description`, `groups`, `in_port_type`, `inports`, `is_checkpoint`, `name`, `out_port_type`, `outports`, `owner`, `page_id`, `start_time`, `state`, `stop_time`, `fk_flow_id`, `is_customized`, `fk_data_source_id`) VALUES ('ff808181725050fe017250b8d1fe039c', '2020-05-26 00:00:09', 'admin', b'1', '2020-05-26 00:00:09', 'admin', 0, 'cn.piflow.bundle.common.MockData', 'Mock dataframe.', 'Common', 'DEFAULT', 'Default', b'1', 'MockData', 'DEFAULT', 'Default', 'xjzhu@cnic.cn', '5', NULL, NULL, NULL, 'ff808181725050fe017250b8d1fd0385', b'0', NULL);
INSERT INTO `flow_stops`(`id`, `crt_dttm`, `crt_user`, `enable_flag`, `last_update_dttm`, `last_update_user`, `version`, `bundel`, `description`, `groups`, `in_port_type`, `inports`, `is_checkpoint`, `name`, `out_port_type`, `outports`, `owner`, `page_id`, `start_time`, `state`, `stop_time`, `fk_flow_id`, `is_customized`, `fk_data_source_id`) VALUES ('ff808181725050fe017250b8d1ff03d2', '2020-05-26 00:00:09', 'admin', b'1', '2020-05-26 00:00:09', 'admin', 0, 'cn.piflow.bundle.common.Merge', 'Merge data into one stop', 'Common', 'ANY', 'Any', b'1', 'Merge', 'DEFAULT', 'Default', 'xjzhu@cnic.cn', '16', NULL, NULL, NULL, 'ff808181725050fe017250b8d1ff03ca', b'0', NULL);
INSERT INTO `flow_stops`(`id`, `crt_dttm`, `crt_user`, `enable_flag`, `last_update_dttm`, `last_update_user`, `version`, `bundel`, `description`, `groups`, `in_port_type`, `inports`, `is_checkpoint`, `name`, `out_port_type`, `outports`, `owner`, `page_id`, `start_time`, `state`, `stop_time`, `fk_flow_id`, `is_customized`, `fk_data_source_id`) VALUES ('ff808181725050fe017250b8d1ff03d4', '2020-05-26 00:00:09', 'admin', b'1', '2020-05-26 00:00:09', 'admin', 0, 'cn.piflow.bundle.common.Fork', 'Forking data to different stops', 'Common', 'DEFAULT', 'Default', b'1', 'Fork', 'ANY', 'Any', 'xjzhu@cnic.cn', '19', NULL, NULL, NULL, 'ff808181725050fe017250b8d1ff03ca', b'0', NULL);
INSERT INTO `flow_stops`(`id`, `crt_dttm`, `crt_user`, `enable_flag`, `last_update_dttm`, `last_update_user`, `version`, `bundel`, `description`, `groups`, `in_port_type`, `inports`, `is_checkpoint`, `name`, `out_port_type`, `outports`, `owner`, `page_id`, `start_time`, `state`, `stop_time`, `fk_flow_id`, `is_customized`, `fk_data_source_id`) VALUES ('ff808181725050fe017250b8d1ff03d6', '2020-05-26 00:00:09', 'admin', b'1', '2020-05-26 00:00:09', 'admin', 0, 'cn.piflow.bundle.common.SelectField', 'Select data column', 'Common', 'DEFAULT', 'Default', b'1', 'SelectField22', 'DEFAULT', 'Default', 'xjzhu@cnic.cn', '25', NULL, NULL, NULL, 'ff808181725050fe017250b8d1ff03ca', b'0', NULL);
INSERT INTO `flow_stops`(`id`, `crt_dttm`, `crt_user`, `enable_flag`, `last_update_dttm`, `last_update_user`, `version`, `bundel`, `description`, `groups`, `in_port_type`, `inports`, `is_checkpoint`, `name`, `out_port_type`, `outports`, `owner`, `page_id`, `start_time`, `state`, `stop_time`, `fk_flow_id`, `is_customized`, `fk_data_source_id`) VALUES ('ff808181725050fe017250b8d1ff03d8', '2020-05-26 00:00:09', 'admin', b'1', '2020-05-26 00:00:09', 'admin', 0, 'cn.piflow.bundle.common.SelectField', 'Select data column', 'Common', 'DEFAULT', 'Default', b'1', 'SelectField20', 'DEFAULT', 'Default', 'xjzhu@cnic.cn', '23', NULL, NULL, NULL, 'ff808181725050fe017250b8d1ff03ca', b'0', NULL);
INSERT INTO `flow_stops`(`id`, `crt_dttm`, `crt_user`, `enable_flag`, `last_update_dttm`, `last_update_user`, `version`, `bundel`, `description`, `groups`, `in_port_type`, `inports`, `is_checkpoint`, `name`, `out_port_type`, `outports`, `owner`, `page_id`, `start_time`, `state`, `stop_time`, `fk_flow_id`, `is_customized`, `fk_data_source_id`) VALUES ('ff808181725050fe017250b8d1ff03da', '2020-05-26 00:00:09', 'admin', b'1', '2020-05-26 00:00:09', 'admin', 0, 'cn.piflow.bundle.common.SelectField', 'Select data column', 'Common', 'DEFAULT', 'Default', b'1', 'SelectField18', 'DEFAULT', 'Default', 'xjzhu@cnic.cn', '21', NULL, NULL, NULL, 'ff808181725050fe017250b8d1ff03ca', b'0', NULL);
INSERT INTO `flow_stops`(`id`, `crt_dttm`, `crt_user`, `enable_flag`, `last_update_dttm`, `last_update_user`, `version`, `bundel`, `description`, `groups`, `in_port_type`, `inports`, `is_checkpoint`, `name`, `out_port_type`, `outports`, `owner`, `page_id`, `start_time`, `state`, `stop_time`, `fk_flow_id`, `is_customized`, `fk_data_source_id`) VALUES ('ff808181725050fe017250b8d1ff03dc', '2020-05-26 00:00:09', 'admin', b'1', '2020-05-26 00:00:09', 'admin', 0, 'cn.piflow.bundle.common.SelectField', 'Select data column', 'Common', 'DEFAULT', 'Default', b'1', 'SelectField', 'DEFAULT', 'Default', 'xjzhu@cnic.cn', '14', NULL, NULL, NULL, 'ff808181725050fe017250b8d1ff03ca', b'0', NULL);
INSERT INTO `flow_stops`(`id`, `crt_dttm`, `crt_user`, `enable_flag`, `last_update_dttm`, `last_update_user`, `version`, `bundel`, `description`, `groups`, `in_port_type`, `inports`, `is_checkpoint`, `name`, `out_port_type`, `outports`, `owner`, `page_id`, `start_time`, `state`, `stop_time`, `fk_flow_id`, `is_customized`, `fk_data_source_id`) VALUES ('ff808181725050fe017250b8d1ff03de', '2020-05-26 00:00:09', 'admin', b'1', '2020-05-26 00:00:09', 'admin', 0, 'cn.piflow.bundle.common.MockData', 'Mock dataframe.', 'Common', 'DEFAULT', 'Default', b'1', 'MockData7', 'DEFAULT', 'Default', 'xjzhu@cnic.cn', '10', NULL, NULL, NULL, 'ff808181725050fe017250b8d1ff03ca', b'0', NULL);
INSERT INTO `flow_stops`(`id`, `crt_dttm`, `crt_user`, `enable_flag`, `last_update_dttm`, `last_update_user`, `version`, `bundel`, `description`, `groups`, `in_port_type`, `inports`, `is_checkpoint`, `name`, `out_port_type`, `outports`, `owner`, `page_id`, `start_time`, `state`, `stop_time`, `fk_flow_id`, `is_customized`, `fk_data_source_id`) VALUES ('ff808181725050fe017250b8d1ff03e1', '2020-05-26 00:00:09', 'admin', b'1', '2020-05-26 00:00:09', 'admin', 0, 'cn.piflow.bundle.common.MockData', 'Mock dataframe.', 'Common', 'DEFAULT', 'Default', b'1', 'MockData', 'DEFAULT', 'Default', 'xjzhu@cnic.cn', '5', NULL, NULL, NULL, 'ff808181725050fe017250b8d1ff03ca', b'0', NULL);

INSERT INTO `flow_stops_property`(`id`, `crt_dttm`, `crt_user`, `enable_flag`, `last_update_dttm`, `last_update_user`, `version`, `allowable_values`, `custom_value`, `description`, `display_name`, `is_select`, `name`, `property_required`, `property_sensitive`, `fk_stops_id`, `is_locked`, `property_sort`, `is_old_data`) VALUES ('ff808181725050fe017250b8d1f70241', '2020-05-26 00:00:09', 'admin', b'1', '2020-05-26 00:00:09', 'admin', 0, '[\"\"]', 'title', 'Select the column you want,multiple columns separated by commas', 'ColumnNames', b'0', 'columnNames', b'1', b'0', 'ff808181725050fe017250b8d1f70240', b'0', NULL, b'0');
INSERT INTO `flow_stops_property`(`id`, `crt_dttm`, `crt_user`, `enable_flag`, `last_update_dttm`, `last_update_user`, `version`, `allowable_values`, `custom_value`, `description`, `display_name`, `is_select`, `name`, `property_required`, `property_sensitive`, `fk_stops_id`, `is_locked`, `property_sort`, `is_old_data`) VALUES ('ff808181725050fe017250b8d1f70243', '2020-05-26 00:00:09', 'admin', b'1', '2020-05-26 00:00:09', 'admin', 0, '[\"\"]', 'title:String, author:String, age:Int', 'The schema of mock data, format is column:columnType:isNullable. Separate multiple fields with commas. columnType can be String/Int/Long/Float/Double/Boolean. isNullable can be left blank, the default value is false. ', 'Schema', b'0', 'schema', b'1', b'0', 'ff808181725050fe017250b8d1f70242', b'0', NULL, b'0');
INSERT INTO `flow_stops_property`(`id`, `crt_dttm`, `crt_user`, `enable_flag`, `last_update_dttm`, `last_update_user`, `version`, `allowable_values`, `custom_value`, `description`, `display_name`, `is_select`, `name`, `property_required`, `property_sensitive`, `fk_stops_id`, `is_locked`, `property_sort`, `is_old_data`) VALUES ('ff808181725050fe017250b8d1f70244', '2020-05-26 00:00:09', 'admin', b'1', '2020-05-26 00:00:09', 'admin', 0, '[\"\"]', '10', 'The count of dataframe', 'Count', b'0', 'count', b'1', b'0', 'ff808181725050fe017250b8d1f70242', b'0', NULL, b'0');
INSERT INTO `flow_stops_property`(`id`, `crt_dttm`, `crt_user`, `enable_flag`, `last_update_dttm`, `last_update_user`, `version`, `allowable_values`, `custom_value`, `description`, `display_name`, `is_select`, `name`, `property_required`, `property_sensitive`, `fk_stops_id`, `is_locked`, `property_sort`, `is_old_data`) VALUES ('ff808181725050fe017250b8d1f70253', '2020-05-26 00:00:09', 'admin', b'1', '2020-05-26 00:00:09', 'admin', 0, '[\"\"]', 'title', 'Select the column you want,multiple columns separated by commas', 'ColumnNames', b'0', 'columnNames', b'1', b'0', 'ff808181725050fe017250b8d1f70252', b'0', NULL, b'0');
INSERT INTO `flow_stops_property`(`id`, `crt_dttm`, `crt_user`, `enable_flag`, `last_update_dttm`, `last_update_user`, `version`, `allowable_values`, `custom_value`, `description`, `display_name`, `is_select`, `name`, `property_required`, `property_sensitive`, `fk_stops_id`, `is_locked`, `property_sort`, `is_old_data`) VALUES ('ff808181725050fe017250b8d1f70255', '2020-05-26 00:00:09', 'admin', b'1', '2020-05-26 00:00:09', 'admin', 0, '[\"\"]', 'title:String, author:String, age:Int', 'The schema of mock data, format is column:columnType:isNullable. Separate multiple fields with commas. columnType can be String/Int/Long/Float/Double/Boolean. isNullable can be left blank, the default value is false. ', 'Schema', b'0', 'schema', b'1', b'0', 'ff808181725050fe017250b8d1f70254', b'0', NULL, b'0');
INSERT INTO `flow_stops_property`(`id`, `crt_dttm`, `crt_user`, `enable_flag`, `last_update_dttm`, `last_update_user`, `version`, `allowable_values`, `custom_value`, `description`, `display_name`, `is_select`, `name`, `property_required`, `property_sensitive`, `fk_stops_id`, `is_locked`, `property_sort`, `is_old_data`) VALUES ('ff808181725050fe017250b8d1f70256', '2020-05-26 00:00:09', 'admin', b'1', '2020-05-26 00:00:09', 'admin', 0, '[\"\"]', '10', 'The count of dataframe', 'Count', b'0', 'count', b'1', b'0', 'ff808181725050fe017250b8d1f70254', b'0', NULL, b'0');
INSERT INTO `flow_stops_property`(`id`, `crt_dttm`, `crt_user`, `enable_flag`, `last_update_dttm`, `last_update_user`, `version`, `allowable_values`, `custom_value`, `description`, `display_name`, `is_select`, `name`, `property_required`, `property_sensitive`, `fk_stops_id`, `is_locked`, `property_sort`, `is_old_data`) VALUES ('ff808181725050fe017250b8d1f80270', '2020-05-26 00:00:09', 'admin', b'1', '2020-05-26 00:00:09', 'admin', 0, '[\"\"]', 'title', 'Select the column you want,multiple columns separated by commas', 'ColumnNames', b'0', 'columnNames', b'1', b'0', 'ff808181725050fe017250b8d1f8026f', b'0', NULL, b'0');
INSERT INTO `flow_stops_property`(`id`, `crt_dttm`, `crt_user`, `enable_flag`, `last_update_dttm`, `last_update_user`, `version`, `allowable_values`, `custom_value`, `description`, `display_name`, `is_select`, `name`, `property_required`, `property_sensitive`, `fk_stops_id`, `is_locked`, `property_sort`, `is_old_data`) VALUES ('ff808181725050fe017250b8d1f80272', '2020-05-26 00:00:09', 'admin', b'1', '2020-05-26 00:00:09', 'admin', 0, '[\"\"]', 'title:String, author:String, age:Int', 'The schema of mock data, format is column:columnType:isNullable. Separate multiple fields with commas. columnType can be String/Int/Long/Float/Double/Boolean. isNullable can be left blank, the default value is false. ', 'Schema', b'0', 'schema', b'1', b'0', 'ff808181725050fe017250b8d1f80271', b'0', NULL, b'0');
INSERT INTO `flow_stops_property`(`id`, `crt_dttm`, `crt_user`, `enable_flag`, `last_update_dttm`, `last_update_user`, `version`, `allowable_values`, `custom_value`, `description`, `display_name`, `is_select`, `name`, `property_required`, `property_sensitive`, `fk_stops_id`, `is_locked`, `property_sort`, `is_old_data`) VALUES ('ff808181725050fe017250b8d1f80273', '2020-05-26 00:00:09', 'admin', b'1', '2020-05-26 00:00:09', 'admin', 0, '[\"\"]', '10', 'The count of dataframe', 'Count', b'0', 'count', b'1', b'0', 'ff808181725050fe017250b8d1f80271', b'0', NULL, b'0');
INSERT INTO `flow_stops_property`(`id`, `crt_dttm`, `crt_user`, `enable_flag`, `last_update_dttm`, `last_update_user`, `version`, `allowable_values`, `custom_value`, `description`, `display_name`, `is_select`, `name`, `property_required`, `property_sensitive`, `fk_stops_id`, `is_locked`, `property_sort`, `is_old_data`) VALUES ('ff808181725050fe017250b8d1f80286', '2020-05-26 00:00:09', 'admin', b'1', '2020-05-26 00:00:09', 'admin', 0, '[\"\"]', 'data2,data1,data2', 'Inports string are separated by commas', 'Inports', b'0', 'inports', b'1', b'0', 'ff808181725050fe017250b8d1f80285', b'0', NULL, b'0');
INSERT INTO `flow_stops_property`(`id`, `crt_dttm`, `crt_user`, `enable_flag`, `last_update_dttm`, `last_update_user`, `version`, `allowable_values`, `custom_value`, `description`, `display_name`, `is_select`, `name`, `property_required`, `property_sensitive`, `fk_stops_id`, `is_locked`, `property_sort`, `is_old_data`) VALUES ('ff808181725050fe017250b8d1f80288', '2020-05-26 00:00:09', 'admin', b'1', '2020-05-26 00:00:09', 'admin', 0, '[\"\"]', 'out1,out3,out1,out2,out3', 'Output ports string with comma', 'outports', b'0', 'outports', b'1', b'0', 'ff808181725050fe017250b8d1f80287', b'0', NULL, b'0');
INSERT INTO `flow_stops_property`(`id`, `crt_dttm`, `crt_user`, `enable_flag`, `last_update_dttm`, `last_update_user`, `version`, `allowable_values`, `custom_value`, `description`, `display_name`, `is_select`, `name`, `property_required`, `property_sensitive`, `fk_stops_id`, `is_locked`, `property_sort`, `is_old_data`) VALUES ('ff808181725050fe017250b8d1f8028a', '2020-05-26 00:00:09', 'admin', b'1', '2020-05-26 00:00:09', 'admin', 0, '[\"\"]', 'author', 'Select the column you want,multiple columns separated by commas', 'ColumnNames', b'0', 'columnNames', b'1', b'0', 'ff808181725050fe017250b8d1f80289', b'0', NULL, b'0');
INSERT INTO `flow_stops_property`(`id`, `crt_dttm`, `crt_user`, `enable_flag`, `last_update_dttm`, `last_update_user`, `version`, `allowable_values`, `custom_value`, `description`, `display_name`, `is_select`, `name`, `property_required`, `property_sensitive`, `fk_stops_id`, `is_locked`, `property_sort`, `is_old_data`) VALUES ('ff808181725050fe017250b8d1f8028c', '2020-05-26 00:00:09', 'admin', b'1', '2020-05-26 00:00:09', 'admin', 0, '[\"\"]', 'age', 'Select the column you want,multiple columns separated by commas', 'ColumnNames', b'0', 'columnNames', b'1', b'0', 'ff808181725050fe017250b8d1f8028b', b'0', NULL, b'0');
INSERT INTO `flow_stops_property`(`id`, `crt_dttm`, `crt_user`, `enable_flag`, `last_update_dttm`, `last_update_user`, `version`, `allowable_values`, `custom_value`, `description`, `display_name`, `is_select`, `name`, `property_required`, `property_sensitive`, `fk_stops_id`, `is_locked`, `property_sort`, `is_old_data`) VALUES ('ff808181725050fe017250b8d1f8028e', '2020-05-26 00:00:09', 'admin', b'1', '2020-05-26 00:00:09', 'admin', 0, '[\"\"]', 'title', 'Select the column you want,multiple columns separated by commas', 'ColumnNames', b'0', 'columnNames', b'1', b'0', 'ff808181725050fe017250b8d1f8028d', b'0', NULL, b'0');
INSERT INTO `flow_stops_property`(`id`, `crt_dttm`, `crt_user`, `enable_flag`, `last_update_dttm`, `last_update_user`, `version`, `allowable_values`, `custom_value`, `description`, `display_name`, `is_select`, `name`, `property_required`, `property_sensitive`, `fk_stops_id`, `is_locked`, `property_sort`, `is_old_data`) VALUES ('ff808181725050fe017250b8d1f80290', '2020-05-26 00:00:09', 'admin', b'1', '2020-05-26 00:00:09', 'admin', 0, '[\"\"]', 'title,author,age', 'Select the column you want,multiple columns separated by commas', 'ColumnNames', b'0', 'columnNames', b'1', b'0', 'ff808181725050fe017250b8d1f8028f', b'0', NULL, b'0');
INSERT INTO `flow_stops_property`(`id`, `crt_dttm`, `crt_user`, `enable_flag`, `last_update_dttm`, `last_update_user`, `version`, `allowable_values`, `custom_value`, `description`, `display_name`, `is_select`, `name`, `property_required`, `property_sensitive`, `fk_stops_id`, `is_locked`, `property_sort`, `is_old_data`) VALUES ('ff808181725050fe017250b8d1f90292', '2020-05-26 00:00:09', 'admin', b'1', '2020-05-26 00:00:09', 'admin', 0, '[\"\"]', '10', 'The count of dataframe', 'Count', b'0', 'count', b'1', b'0', 'ff808181725050fe017250b8d1f90291', b'0', NULL, b'0');
INSERT INTO `flow_stops_property`(`id`, `crt_dttm`, `crt_user`, `enable_flag`, `last_update_dttm`, `last_update_user`, `version`, `allowable_values`, `custom_value`, `description`, `display_name`, `is_select`, `name`, `property_required`, `property_sensitive`, `fk_stops_id`, `is_locked`, `property_sort`, `is_old_data`) VALUES ('ff808181725050fe017250b8d1f90293', '2020-05-26 00:00:09', 'admin', b'1', '2020-05-26 00:00:09', 'admin', 0, '[\"\"]', 'title:String, author:String, age:Int, gender:String', 'The schema of mock data, format is column:columnType:isNullable. Separate multiple fields with commas. columnType can be String/Int/Long/Float/Double/Boolean. isNullable can be left blank, the default value is false. ', 'Schema', b'0', 'schema', b'1', b'0', 'ff808181725050fe017250b8d1f90291', b'0', NULL, b'0');
INSERT INTO `flow_stops_property`(`id`, `crt_dttm`, `crt_user`, `enable_flag`, `last_update_dttm`, `last_update_user`, `version`, `allowable_values`, `custom_value`, `description`, `display_name`, `is_select`, `name`, `property_required`, `property_sensitive`, `fk_stops_id`, `is_locked`, `property_sort`, `is_old_data`) VALUES ('ff808181725050fe017250b8d1f90295', '2020-05-26 00:00:09', 'admin', b'1', '2020-05-26 00:00:09', 'admin', 0, '[\"\"]', 'title:String, author:String, age:Int', 'The schema of mock data, format is column:columnType:isNullable. Separate multiple fields with commas. columnType can be String/Int/Long/Float/Double/Boolean. isNullable can be left blank, the default value is false. ', 'Schema', b'0', 'schema', b'1', b'0', 'ff808181725050fe017250b8d1f90294', b'0', NULL, b'0');
INSERT INTO `flow_stops_property`(`id`, `crt_dttm`, `crt_user`, `enable_flag`, `last_update_dttm`, `last_update_user`, `version`, `allowable_values`, `custom_value`, `description`, `display_name`, `is_select`, `name`, `property_required`, `property_sensitive`, `fk_stops_id`, `is_locked`, `property_sort`, `is_old_data`) VALUES ('ff808181725050fe017250b8d1f90296', '2020-05-26 00:00:09', 'admin', b'1', '2020-05-26 00:00:09', 'admin', 0, '[\"\"]', '10', 'The count of dataframe', 'Count', b'0', 'count', b'1', b'0', 'ff808181725050fe017250b8d1f90294', b'0', NULL, b'0');
INSERT INTO `flow_stops_property`(`id`, `crt_dttm`, `crt_user`, `enable_flag`, `last_update_dttm`, `last_update_user`, `version`, `allowable_values`, `custom_value`, `description`, `display_name`, `is_select`, `name`, `property_required`, `property_sensitive`, `fk_stops_id`, `is_locked`, `property_sort`, `is_old_data`) VALUES ('ff808181725050fe017250b8d1fa02e0', '2020-05-26 00:00:09', 'admin', b'1', '2020-05-26 00:00:09', 'admin', 0, '[\"\"]', 'title', 'Select the column you want,multiple columns separated by commas', 'ColumnNames', b'0', 'columnNames', b'1', b'0', 'ff808181725050fe017250b8d1fa02df', b'0', NULL, b'0');
INSERT INTO `flow_stops_property`(`id`, `crt_dttm`, `crt_user`, `enable_flag`, `last_update_dttm`, `last_update_user`, `version`, `allowable_values`, `custom_value`, `description`, `display_name`, `is_select`, `name`, `property_required`, `property_sensitive`, `fk_stops_id`, `is_locked`, `property_sort`, `is_old_data`) VALUES ('ff808181725050fe017250b8d1fa02e2', '2020-05-26 00:00:09', 'admin', b'1', '2020-05-26 00:00:09', 'admin', 0, '[\"\"]', 'title:String, author:String, age:Int', 'The schema of mock data, format is column:columnType:isNullable. Separate multiple fields with commas. columnType can be String/Int/Long/Float/Double/Boolean. isNullable can be left blank, the default value is false. ', 'Schema', b'0', 'schema', b'1', b'0', 'ff808181725050fe017250b8d1fa02e1', b'0', NULL, b'0');
INSERT INTO `flow_stops_property`(`id`, `crt_dttm`, `crt_user`, `enable_flag`, `last_update_dttm`, `last_update_user`, `version`, `allowable_values`, `custom_value`, `description`, `display_name`, `is_select`, `name`, `property_required`, `property_sensitive`, `fk_stops_id`, `is_locked`, `property_sort`, `is_old_data`) VALUES ('ff808181725050fe017250b8d1fa02e3', '2020-05-26 00:00:09', 'admin', b'1', '2020-05-26 00:00:09', 'admin', 0, '[\"\"]', '10', 'The count of dataframe', 'Count', b'0', 'count', b'1', b'0', 'ff808181725050fe017250b8d1fa02e1', b'0', NULL, b'0');
INSERT INTO `flow_stops_property`(`id`, `crt_dttm`, `crt_user`, `enable_flag`, `last_update_dttm`, `last_update_user`, `version`, `allowable_values`, `custom_value`, `description`, `display_name`, `is_select`, `name`, `property_required`, `property_sensitive`, `fk_stops_id`, `is_locked`, `property_sort`, `is_old_data`) VALUES ('ff808181725050fe017250b8d1fa02f6', '2020-05-26 00:00:09', 'admin', b'1', '2020-05-26 00:00:09', 'admin', 0, '[\"\"]', 'data2,data1,data2', 'Inports string are separated by commas', 'Inports', b'0', 'inports', b'1', b'0', 'ff808181725050fe017250b8d1fa02f5', b'0', NULL, b'0');
INSERT INTO `flow_stops_property`(`id`, `crt_dttm`, `crt_user`, `enable_flag`, `last_update_dttm`, `last_update_user`, `version`, `allowable_values`, `custom_value`, `description`, `display_name`, `is_select`, `name`, `property_required`, `property_sensitive`, `fk_stops_id`, `is_locked`, `property_sort`, `is_old_data`) VALUES ('ff808181725050fe017250b8d1fa02f8', '2020-05-26 00:00:09', 'admin', b'1', '2020-05-26 00:00:09', 'admin', 0, '[\"\"]', 'out1,out3,out1,out2,out3', 'Output ports string with comma', 'outports', b'0', 'outports', b'1', b'0', 'ff808181725050fe017250b8d1fa02f7', b'0', NULL, b'0');
INSERT INTO `flow_stops_property`(`id`, `crt_dttm`, `crt_user`, `enable_flag`, `last_update_dttm`, `last_update_user`, `version`, `allowable_values`, `custom_value`, `description`, `display_name`, `is_select`, `name`, `property_required`, `property_sensitive`, `fk_stops_id`, `is_locked`, `property_sort`, `is_old_data`) VALUES ('ff808181725050fe017250b8d1fa02fa', '2020-05-26 00:00:09', 'admin', b'1', '2020-05-26 00:00:09', 'admin', 0, '[\"\"]', 'author', 'Select the column you want,multiple columns separated by commas', 'ColumnNames', b'0', 'columnNames', b'1', b'0', 'ff808181725050fe017250b8d1fa02f9', b'0', NULL, b'0');
INSERT INTO `flow_stops_property`(`id`, `crt_dttm`, `crt_user`, `enable_flag`, `last_update_dttm`, `last_update_user`, `version`, `allowable_values`, `custom_value`, `description`, `display_name`, `is_select`, `name`, `property_required`, `property_sensitive`, `fk_stops_id`, `is_locked`, `property_sort`, `is_old_data`) VALUES ('ff808181725050fe017250b8d1fb02fc', '2020-05-26 00:00:09', 'admin', b'1', '2020-05-26 00:00:09', 'admin', 0, '[\"\"]', 'age', 'Select the column you want,multiple columns separated by commas', 'ColumnNames', b'0', 'columnNames', b'1', b'0', 'ff808181725050fe017250b8d1fb02fb', b'0', NULL, b'0');
INSERT INTO `flow_stops_property`(`id`, `crt_dttm`, `crt_user`, `enable_flag`, `last_update_dttm`, `last_update_user`, `version`, `allowable_values`, `custom_value`, `description`, `display_name`, `is_select`, `name`, `property_required`, `property_sensitive`, `fk_stops_id`, `is_locked`, `property_sort`, `is_old_data`) VALUES ('ff808181725050fe017250b8d1fb02fe', '2020-05-26 00:00:09', 'admin', b'1', '2020-05-26 00:00:09', 'admin', 0, '[\"\"]', 'title', 'Select the column you want,multiple columns separated by commas', 'ColumnNames', b'0', 'columnNames', b'1', b'0', 'ff808181725050fe017250b8d1fb02fd', b'0', NULL, b'0');
INSERT INTO `flow_stops_property`(`id`, `crt_dttm`, `crt_user`, `enable_flag`, `last_update_dttm`, `last_update_user`, `version`, `allowable_values`, `custom_value`, `description`, `display_name`, `is_select`, `name`, `property_required`, `property_sensitive`, `fk_stops_id`, `is_locked`, `property_sort`, `is_old_data`) VALUES ('ff808181725050fe017250b8d1fb0300', '2020-05-26 00:00:09', 'admin', b'1', '2020-05-26 00:00:09', 'admin', 0, '[\"\"]', 'title,author,age', 'Select the column you want,multiple columns separated by commas', 'ColumnNames', b'0', 'columnNames', b'1', b'0', 'ff808181725050fe017250b8d1fb02ff', b'0', NULL, b'0');
INSERT INTO `flow_stops_property`(`id`, `crt_dttm`, `crt_user`, `enable_flag`, `last_update_dttm`, `last_update_user`, `version`, `allowable_values`, `custom_value`, `description`, `display_name`, `is_select`, `name`, `property_required`, `property_sensitive`, `fk_stops_id`, `is_locked`, `property_sort`, `is_old_data`) VALUES ('ff808181725050fe017250b8d1fb0302', '2020-05-26 00:00:09', 'admin', b'1', '2020-05-26 00:00:09', 'admin', 0, '[\"\"]', '10', 'The count of dataframe', 'Count', b'0', 'count', b'1', b'0', 'ff808181725050fe017250b8d1fb0301', b'0', NULL, b'0');
INSERT INTO `flow_stops_property`(`id`, `crt_dttm`, `crt_user`, `enable_flag`, `last_update_dttm`, `last_update_user`, `version`, `allowable_values`, `custom_value`, `description`, `display_name`, `is_select`, `name`, `property_required`, `property_sensitive`, `fk_stops_id`, `is_locked`, `property_sort`, `is_old_data`) VALUES ('ff808181725050fe017250b8d1fb0303', '2020-05-26 00:00:09', 'admin', b'1', '2020-05-26 00:00:09', 'admin', 0, '[\"\"]', 'title:String, author:String, age:Int, gender:String', 'The schema of mock data, format is column:columnType:isNullable. Separate multiple fields with commas. columnType can be String/Int/Long/Float/Double/Boolean. isNullable can be left blank, the default value is false. ', 'Schema', b'0', 'schema', b'1', b'0', 'ff808181725050fe017250b8d1fb0301', b'0', NULL, b'0');
INSERT INTO `flow_stops_property`(`id`, `crt_dttm`, `crt_user`, `enable_flag`, `last_update_dttm`, `last_update_user`, `version`, `allowable_values`, `custom_value`, `description`, `display_name`, `is_select`, `name`, `property_required`, `property_sensitive`, `fk_stops_id`, `is_locked`, `property_sort`, `is_old_data`) VALUES ('ff808181725050fe017250b8d1fb0305', '2020-05-26 00:00:09', 'admin', b'1', '2020-05-26 00:00:09', 'admin', 0, '[\"\"]', 'title:String, author:String, age:Int', 'The schema of mock data, format is column:columnType:isNullable. Separate multiple fields with commas. columnType can be String/Int/Long/Float/Double/Boolean. isNullable can be left blank, the default value is false. ', 'Schema', b'0', 'schema', b'1', b'0', 'ff808181725050fe017250b8d1fb0304', b'0', NULL, b'0');
INSERT INTO `flow_stops_property`(`id`, `crt_dttm`, `crt_user`, `enable_flag`, `last_update_dttm`, `last_update_user`, `version`, `allowable_values`, `custom_value`, `description`, `display_name`, `is_select`, `name`, `property_required`, `property_sensitive`, `fk_stops_id`, `is_locked`, `property_sort`, `is_old_data`) VALUES ('ff808181725050fe017250b8d1fb0306', '2020-05-26 00:00:09', 'admin', b'1', '2020-05-26 00:00:09', 'admin', 0, '[\"\"]', '10', 'The count of dataframe', 'Count', b'0', 'count', b'1', b'0', 'ff808181725050fe017250b8d1fb0304', b'0', NULL, b'0');
INSERT INTO `flow_stops_property`(`id`, `crt_dttm`, `crt_user`, `enable_flag`, `last_update_dttm`, `last_update_user`, `version`, `allowable_values`, `custom_value`, `description`, `display_name`, `is_select`, `name`, `property_required`, `property_sensitive`, `fk_stops_id`, `is_locked`, `property_sort`, `is_old_data`) VALUES ('ff808181725050fe017250b8d1fc0349', '2020-05-26 00:00:09', 'admin', b'1', '2020-05-26 00:00:09', 'admin', 0, '[\"\"]', 'data2,data1,data2', 'Inports string are separated by commas', 'Inports', b'0', 'inports', b'1', b'0', 'ff808181725050fe017250b8d1fc0348', b'0', NULL, b'0');
INSERT INTO `flow_stops_property`(`id`, `crt_dttm`, `crt_user`, `enable_flag`, `last_update_dttm`, `last_update_user`, `version`, `allowable_values`, `custom_value`, `description`, `display_name`, `is_select`, `name`, `property_required`, `property_sensitive`, `fk_stops_id`, `is_locked`, `property_sort`, `is_old_data`) VALUES ('ff808181725050fe017250b8d1fc034b', '2020-05-26 00:00:09', 'admin', b'1', '2020-05-26 00:00:09', 'admin', 0, '[\"\"]', 'out1,out3,out1,out2,out3', 'Output ports string with comma', 'outports', b'0', 'outports', b'1', b'0', 'ff808181725050fe017250b8d1fc034a', b'0', NULL, b'0');
INSERT INTO `flow_stops_property`(`id`, `crt_dttm`, `crt_user`, `enable_flag`, `last_update_dttm`, `last_update_user`, `version`, `allowable_values`, `custom_value`, `description`, `display_name`, `is_select`, `name`, `property_required`, `property_sensitive`, `fk_stops_id`, `is_locked`, `property_sort`, `is_old_data`) VALUES ('ff808181725050fe017250b8d1fc034d', '2020-05-26 00:00:09', 'admin', b'1', '2020-05-26 00:00:09', 'admin', 0, '[\"\"]', 'author', 'Select the column you want,multiple columns separated by commas', 'ColumnNames', b'0', 'columnNames', b'1', b'0', 'ff808181725050fe017250b8d1fc034c', b'0', NULL, b'0');
INSERT INTO `flow_stops_property`(`id`, `crt_dttm`, `crt_user`, `enable_flag`, `last_update_dttm`, `last_update_user`, `version`, `allowable_values`, `custom_value`, `description`, `display_name`, `is_select`, `name`, `property_required`, `property_sensitive`, `fk_stops_id`, `is_locked`, `property_sort`, `is_old_data`) VALUES ('ff808181725050fe017250b8d1fc034f', '2020-05-26 00:00:09', 'admin', b'1', '2020-05-26 00:00:09', 'admin', 0, '[\"\"]', 'age', 'Select the column you want,multiple columns separated by commas', 'ColumnNames', b'0', 'columnNames', b'1', b'0', 'ff808181725050fe017250b8d1fc034e', b'0', NULL, b'0');
INSERT INTO `flow_stops_property`(`id`, `crt_dttm`, `crt_user`, `enable_flag`, `last_update_dttm`, `last_update_user`, `version`, `allowable_values`, `custom_value`, `description`, `display_name`, `is_select`, `name`, `property_required`, `property_sensitive`, `fk_stops_id`, `is_locked`, `property_sort`, `is_old_data`) VALUES ('ff808181725050fe017250b8d1fc0351', '2020-05-26 00:00:09', 'admin', b'1', '2020-05-26 00:00:09', 'admin', 0, '[\"\"]', 'title', 'Select the column you want,multiple columns separated by commas', 'ColumnNames', b'0', 'columnNames', b'1', b'0', 'ff808181725050fe017250b8d1fc0350', b'0', NULL, b'0');
INSERT INTO `flow_stops_property`(`id`, `crt_dttm`, `crt_user`, `enable_flag`, `last_update_dttm`, `last_update_user`, `version`, `allowable_values`, `custom_value`, `description`, `display_name`, `is_select`, `name`, `property_required`, `property_sensitive`, `fk_stops_id`, `is_locked`, `property_sort`, `is_old_data`) VALUES ('ff808181725050fe017250b8d1fc0353', '2020-05-26 00:00:09', 'admin', b'1', '2020-05-26 00:00:09', 'admin', 0, '[\"\"]', 'title,author,age', 'Select the column you want,multiple columns separated by commas', 'ColumnNames', b'0', 'columnNames', b'1', b'0', 'ff808181725050fe017250b8d1fc0352', b'0', NULL, b'0');
INSERT INTO `flow_stops_property`(`id`, `crt_dttm`, `crt_user`, `enable_flag`, `last_update_dttm`, `last_update_user`, `version`, `allowable_values`, `custom_value`, `description`, `display_name`, `is_select`, `name`, `property_required`, `property_sensitive`, `fk_stops_id`, `is_locked`, `property_sort`, `is_old_data`) VALUES ('ff808181725050fe017250b8d1fc0355', '2020-05-26 00:00:09', 'admin', b'1', '2020-05-26 00:00:09', 'admin', 0, '[\"\"]', '10', 'The count of dataframe', 'Count', b'0', 'count', b'1', b'0', 'ff808181725050fe017250b8d1fc0354', b'0', NULL, b'0');
INSERT INTO `flow_stops_property`(`id`, `crt_dttm`, `crt_user`, `enable_flag`, `last_update_dttm`, `last_update_user`, `version`, `allowable_values`, `custom_value`, `description`, `display_name`, `is_select`, `name`, `property_required`, `property_sensitive`, `fk_stops_id`, `is_locked`, `property_sort`, `is_old_data`) VALUES ('ff808181725050fe017250b8d1fc0356', '2020-05-26 00:00:09', 'admin', b'1', '2020-05-26 00:00:09', 'admin', 0, '[\"\"]', 'title:String, author:String, age:Int, gender:String', 'The schema of mock data, format is column:columnType:isNullable. Separate multiple fields with commas. columnType can be String/Int/Long/Float/Double/Boolean. isNullable can be left blank, the default value is false. ', 'Schema', b'0', 'schema', b'1', b'0', 'ff808181725050fe017250b8d1fc0354', b'0', NULL, b'0');
INSERT INTO `flow_stops_property`(`id`, `crt_dttm`, `crt_user`, `enable_flag`, `last_update_dttm`, `last_update_user`, `version`, `allowable_values`, `custom_value`, `description`, `display_name`, `is_select`, `name`, `property_required`, `property_sensitive`, `fk_stops_id`, `is_locked`, `property_sort`, `is_old_data`) VALUES ('ff808181725050fe017250b8d1fc0358', '2020-05-26 00:00:09', 'admin', b'1', '2020-05-26 00:00:09', 'admin', 0, '[\"\"]', 'title:String, author:String, age:Int', 'The schema of mock data, format is column:columnType:isNullable. Separate multiple fields with commas. columnType can be String/Int/Long/Float/Double/Boolean. isNullable can be left blank, the default value is false. ', 'Schema', b'0', 'schema', b'1', b'0', 'ff808181725050fe017250b8d1fc0357', b'0', NULL, b'0');
INSERT INTO `flow_stops_property`(`id`, `crt_dttm`, `crt_user`, `enable_flag`, `last_update_dttm`, `last_update_user`, `version`, `allowable_values`, `custom_value`, `description`, `display_name`, `is_select`, `name`, `property_required`, `property_sensitive`, `fk_stops_id`, `is_locked`, `property_sort`, `is_old_data`) VALUES ('ff808181725050fe017250b8d1fc0359', '2020-05-26 00:00:09', 'admin', b'1', '2020-05-26 00:00:09', 'admin', 0, '[\"\"]', '10', 'The count of dataframe', 'Count', b'0', 'count', b'1', b'0', 'ff808181725050fe017250b8d1fc0357', b'0', NULL, b'0');
INSERT INTO `flow_stops_property`(`id`, `crt_dttm`, `crt_user`, `enable_flag`, `last_update_dttm`, `last_update_user`, `version`, `allowable_values`, `custom_value`, `description`, `display_name`, `is_select`, `name`, `property_required`, `property_sensitive`, `fk_stops_id`, `is_locked`, `property_sort`, `is_old_data`) VALUES ('ff808181725050fe017250b8d1fd038e', '2020-05-26 00:00:09', 'admin', b'1', '2020-05-26 00:00:09', 'admin', 0, '[\"\"]', 'data2,data1,data2', 'Inports string are separated by commas', 'Inports', b'0', 'inports', b'1', b'0', 'ff808181725050fe017250b8d1fd038d', b'0', NULL, b'0');
INSERT INTO `flow_stops_property`(`id`, `crt_dttm`, `crt_user`, `enable_flag`, `last_update_dttm`, `last_update_user`, `version`, `allowable_values`, `custom_value`, `description`, `display_name`, `is_select`, `name`, `property_required`, `property_sensitive`, `fk_stops_id`, `is_locked`, `property_sort`, `is_old_data`) VALUES ('ff808181725050fe017250b8d1fd0390', '2020-05-26 00:00:09', 'admin', b'1', '2020-05-26 00:00:09', 'admin', 0, '[\"\"]', 'out1,out3,out1,out2,out3', 'Output ports string with comma', 'outports', b'0', 'outports', b'1', b'0', 'ff808181725050fe017250b8d1fd038f', b'0', NULL, b'0');
INSERT INTO `flow_stops_property`(`id`, `crt_dttm`, `crt_user`, `enable_flag`, `last_update_dttm`, `last_update_user`, `version`, `allowable_values`, `custom_value`, `description`, `display_name`, `is_select`, `name`, `property_required`, `property_sensitive`, `fk_stops_id`, `is_locked`, `property_sort`, `is_old_data`) VALUES ('ff808181725050fe017250b8d1fe0392', '2020-05-26 00:00:09', 'admin', b'1', '2020-05-26 00:00:09', 'admin', 0, '[\"\"]', 'author', 'Select the column you want,multiple columns separated by commas', 'ColumnNames', b'0', 'columnNames', b'1', b'0', 'ff808181725050fe017250b8d1fd0391', b'0', NULL, b'0');
INSERT INTO `flow_stops_property`(`id`, `crt_dttm`, `crt_user`, `enable_flag`, `last_update_dttm`, `last_update_user`, `version`, `allowable_values`, `custom_value`, `description`, `display_name`, `is_select`, `name`, `property_required`, `property_sensitive`, `fk_stops_id`, `is_locked`, `property_sort`, `is_old_data`) VALUES ('ff808181725050fe017250b8d1fe0394', '2020-05-26 00:00:09', 'admin', b'1', '2020-05-26 00:00:09', 'admin', 0, '[\"\"]', 'age', 'Select the column you want,multiple columns separated by commas', 'ColumnNames', b'0', 'columnNames', b'1', b'0', 'ff808181725050fe017250b8d1fe0393', b'0', NULL, b'0');
INSERT INTO `flow_stops_property`(`id`, `crt_dttm`, `crt_user`, `enable_flag`, `last_update_dttm`, `last_update_user`, `version`, `allowable_values`, `custom_value`, `description`, `display_name`, `is_select`, `name`, `property_required`, `property_sensitive`, `fk_stops_id`, `is_locked`, `property_sort`, `is_old_data`) VALUES ('ff808181725050fe017250b8d1fe0396', '2020-05-26 00:00:09', 'admin', b'1', '2020-05-26 00:00:09', 'admin', 0, '[\"\"]', 'title', 'Select the column you want,multiple columns separated by commas', 'ColumnNames', b'0', 'columnNames', b'1', b'0', 'ff808181725050fe017250b8d1fe0395', b'0', NULL, b'0');
INSERT INTO `flow_stops_property`(`id`, `crt_dttm`, `crt_user`, `enable_flag`, `last_update_dttm`, `last_update_user`, `version`, `allowable_values`, `custom_value`, `description`, `display_name`, `is_select`, `name`, `property_required`, `property_sensitive`, `fk_stops_id`, `is_locked`, `property_sort`, `is_old_data`) VALUES ('ff808181725050fe017250b8d1fe0398', '2020-05-26 00:00:09', 'admin', b'1', '2020-05-26 00:00:09', 'admin', 0, '[\"\"]', 'title,author,age', 'Select the column you want,multiple columns separated by commas', 'ColumnNames', b'0', 'columnNames', b'1', b'0', 'ff808181725050fe017250b8d1fe0397', b'0', NULL, b'0');
INSERT INTO `flow_stops_property`(`id`, `crt_dttm`, `crt_user`, `enable_flag`, `last_update_dttm`, `last_update_user`, `version`, `allowable_values`, `custom_value`, `description`, `display_name`, `is_select`, `name`, `property_required`, `property_sensitive`, `fk_stops_id`, `is_locked`, `property_sort`, `is_old_data`) VALUES ('ff808181725050fe017250b8d1fe039a', '2020-05-26 00:00:09', 'admin', b'1', '2020-05-26 00:00:09', 'admin', 0, '[\"\"]', '10', 'The count of dataframe', 'Count', b'0', 'count', b'1', b'0', 'ff808181725050fe017250b8d1fe0399', b'0', NULL, b'0');
INSERT INTO `flow_stops_property`(`id`, `crt_dttm`, `crt_user`, `enable_flag`, `last_update_dttm`, `last_update_user`, `version`, `allowable_values`, `custom_value`, `description`, `display_name`, `is_select`, `name`, `property_required`, `property_sensitive`, `fk_stops_id`, `is_locked`, `property_sort`, `is_old_data`) VALUES ('ff808181725050fe017250b8d1fe039b', '2020-05-26 00:00:09', 'admin', b'1', '2020-05-26 00:00:09', 'admin', 0, '[\"\"]', 'title:String, author:String, age:Int, gender:String', 'The schema of mock data, format is column:columnType:isNullable. Separate multiple fields with commas. columnType can be String/Int/Long/Float/Double/Boolean. isNullable can be left blank, the default value is false. ', 'Schema', b'0', 'schema', b'1', b'0', 'ff808181725050fe017250b8d1fe0399', b'0', NULL, b'0');
INSERT INTO `flow_stops_property`(`id`, `crt_dttm`, `crt_user`, `enable_flag`, `last_update_dttm`, `last_update_user`, `version`, `allowable_values`, `custom_value`, `description`, `display_name`, `is_select`, `name`, `property_required`, `property_sensitive`, `fk_stops_id`, `is_locked`, `property_sort`, `is_old_data`) VALUES ('ff808181725050fe017250b8d1fe039d', '2020-05-26 00:00:09', 'admin', b'1', '2020-05-26 00:00:09', 'admin', 0, '[\"\"]', 'title:String, author:String, age:Int', 'The schema of mock data, format is column:columnType:isNullable. Separate multiple fields with commas. columnType can be String/Int/Long/Float/Double/Boolean. isNullable can be left blank, the default value is false. ', 'Schema', b'0', 'schema', b'1', b'0', 'ff808181725050fe017250b8d1fe039c', b'0', NULL, b'0');
INSERT INTO `flow_stops_property`(`id`, `crt_dttm`, `crt_user`, `enable_flag`, `last_update_dttm`, `last_update_user`, `version`, `allowable_values`, `custom_value`, `description`, `display_name`, `is_select`, `name`, `property_required`, `property_sensitive`, `fk_stops_id`, `is_locked`, `property_sort`, `is_old_data`) VALUES ('ff808181725050fe017250b8d1fe039e', '2020-05-26 00:00:09', 'admin', b'1', '2020-05-26 00:00:09', 'admin', 0, '[\"\"]', '10', 'The count of dataframe', 'Count', b'0', 'count', b'1', b'0', 'ff808181725050fe017250b8d1fe039c', b'0', NULL, b'0');
INSERT INTO `flow_stops_property`(`id`, `crt_dttm`, `crt_user`, `enable_flag`, `last_update_dttm`, `last_update_user`, `version`, `allowable_values`, `custom_value`, `description`, `display_name`, `is_select`, `name`, `property_required`, `property_sensitive`, `fk_stops_id`, `is_locked`, `property_sort`, `is_old_data`) VALUES ('ff808181725050fe017250b8d1ff03d3', '2020-05-26 00:00:09', 'admin', b'1', '2020-05-26 00:00:09', 'admin', 0, '[\"\"]', 'data2,data1,data2', 'Inports string are separated by commas', 'Inports', b'0', 'inports', b'1', b'0', 'ff808181725050fe017250b8d1ff03d2', b'0', NULL, b'0');
INSERT INTO `flow_stops_property`(`id`, `crt_dttm`, `crt_user`, `enable_flag`, `last_update_dttm`, `last_update_user`, `version`, `allowable_values`, `custom_value`, `description`, `display_name`, `is_select`, `name`, `property_required`, `property_sensitive`, `fk_stops_id`, `is_locked`, `property_sort`, `is_old_data`) VALUES ('ff808181725050fe017250b8d1ff03d5', '2020-05-26 00:00:09', 'admin', b'1', '2020-05-26 00:00:09', 'admin', 0, '[\"\"]', 'out1,out3,out1,out2,out3', 'Output ports string with comma', 'outports', b'0', 'outports', b'1', b'0', 'ff808181725050fe017250b8d1ff03d4', b'0', NULL, b'0');
INSERT INTO `flow_stops_property`(`id`, `crt_dttm`, `crt_user`, `enable_flag`, `last_update_dttm`, `last_update_user`, `version`, `allowable_values`, `custom_value`, `description`, `display_name`, `is_select`, `name`, `property_required`, `property_sensitive`, `fk_stops_id`, `is_locked`, `property_sort`, `is_old_data`) VALUES ('ff808181725050fe017250b8d1ff03d7', '2020-05-26 00:00:09', 'admin', b'1', '2020-05-26 00:00:09', 'admin', 0, '[\"\"]', 'author', 'Select the column you want,multiple columns separated by commas', 'ColumnNames', b'0', 'columnNames', b'1', b'0', 'ff808181725050fe017250b8d1ff03d6', b'0', NULL, b'0');
INSERT INTO `flow_stops_property`(`id`, `crt_dttm`, `crt_user`, `enable_flag`, `last_update_dttm`, `last_update_user`, `version`, `allowable_values`, `custom_value`, `description`, `display_name`, `is_select`, `name`, `property_required`, `property_sensitive`, `fk_stops_id`, `is_locked`, `property_sort`, `is_old_data`) VALUES ('ff808181725050fe017250b8d1ff03d9', '2020-05-26 00:00:09', 'admin', b'1', '2020-05-26 00:00:09', 'admin', 0, '[\"\"]', 'age', 'Select the column you want,multiple columns separated by commas', 'ColumnNames', b'0', 'columnNames', b'1', b'0', 'ff808181725050fe017250b8d1ff03d8', b'0', NULL, b'0');
INSERT INTO `flow_stops_property`(`id`, `crt_dttm`, `crt_user`, `enable_flag`, `last_update_dttm`, `last_update_user`, `version`, `allowable_values`, `custom_value`, `description`, `display_name`, `is_select`, `name`, `property_required`, `property_sensitive`, `fk_stops_id`, `is_locked`, `property_sort`, `is_old_data`) VALUES ('ff808181725050fe017250b8d1ff03db', '2020-05-26 00:00:09', 'admin', b'1', '2020-05-26 00:00:09', 'admin', 0, '[\"\"]', 'title', 'Select the column you want,multiple columns separated by commas', 'ColumnNames', b'0', 'columnNames', b'1', b'0', 'ff808181725050fe017250b8d1ff03da', b'0', NULL, b'0');
INSERT INTO `flow_stops_property`(`id`, `crt_dttm`, `crt_user`, `enable_flag`, `last_update_dttm`, `last_update_user`, `version`, `allowable_values`, `custom_value`, `description`, `display_name`, `is_select`, `name`, `property_required`, `property_sensitive`, `fk_stops_id`, `is_locked`, `property_sort`, `is_old_data`) VALUES ('ff808181725050fe017250b8d1ff03dd', '2020-05-26 00:00:09', 'admin', b'1', '2020-05-26 00:00:09', 'admin', 0, '[\"\"]', 'title,author,age', 'Select the column you want,multiple columns separated by commas', 'ColumnNames', b'0', 'columnNames', b'1', b'0', 'ff808181725050fe017250b8d1ff03dc', b'0', NULL, b'0');
INSERT INTO `flow_stops_property`(`id`, `crt_dttm`, `crt_user`, `enable_flag`, `last_update_dttm`, `last_update_user`, `version`, `allowable_values`, `custom_value`, `description`, `display_name`, `is_select`, `name`, `property_required`, `property_sensitive`, `fk_stops_id`, `is_locked`, `property_sort`, `is_old_data`) VALUES ('ff808181725050fe017250b8d1ff03df', '2020-05-26 00:00:09', 'admin', b'1', '2020-05-26 00:00:09', 'admin', 0, '[\"\"]', '10', 'The count of dataframe', 'Count', b'0', 'count', b'1', b'0', 'ff808181725050fe017250b8d1ff03de', b'0', NULL, b'0');
INSERT INTO `flow_stops_property`(`id`, `crt_dttm`, `crt_user`, `enable_flag`, `last_update_dttm`, `last_update_user`, `version`, `allowable_values`, `custom_value`, `description`, `display_name`, `is_select`, `name`, `property_required`, `property_sensitive`, `fk_stops_id`, `is_locked`, `property_sort`, `is_old_data`) VALUES ('ff808181725050fe017250b8d1ff03e0', '2020-05-26 00:00:09', 'admin', b'1', '2020-05-26 00:00:09', 'admin', 0, '[\"\"]', 'title:String, author:String, age:Int, gender:String', 'The schema of mock data, format is column:columnType:isNullable. Separate multiple fields with commas. columnType can be String/Int/Long/Float/Double/Boolean. isNullable can be left blank, the default value is false. ', 'Schema', b'0', 'schema', b'1', b'0', 'ff808181725050fe017250b8d1ff03de', b'0', NULL, b'0');
INSERT INTO `flow_stops_property`(`id`, `crt_dttm`, `crt_user`, `enable_flag`, `last_update_dttm`, `last_update_user`, `version`, `allowable_values`, `custom_value`, `description`, `display_name`, `is_select`, `name`, `property_required`, `property_sensitive`, `fk_stops_id`, `is_locked`, `property_sort`, `is_old_data`) VALUES ('ff808181725050fe017250b8d1ff03e2', '2020-05-26 00:00:09', 'admin', b'1', '2020-05-26 00:00:09', 'admin', 0, '[\"\"]', 'title:String, author:String, age:Int', 'The schema of mock data, format is column:columnType:isNullable. Separate multiple fields with commas. columnType can be String/Int/Long/Float/Double/Boolean. isNullable can be left blank, the default value is false. ', 'Schema', b'0', 'schema', b'1', b'0', 'ff808181725050fe017250b8d1ff03e1', b'0', NULL, b'0');
INSERT INTO `flow_stops_property`(`id`, `crt_dttm`, `crt_user`, `enable_flag`, `last_update_dttm`, `last_update_user`, `version`, `allowable_values`, `custom_value`, `description`, `display_name`, `is_select`, `name`, `property_required`, `property_sensitive`, `fk_stops_id`, `is_locked`, `property_sort`, `is_old_data`) VALUES ('ff808181725050fe017250b8d1ff03e3', '2020-05-26 00:00:09', 'admin', b'1', '2020-05-26 00:00:09', 'admin', 0, '[\"\"]', '10', 'The count of dataframe', 'Count', b'0', 'count', b'1', b'0', 'ff808181725050fe017250b8d1ff03e1', b'0', NULL, b'0');

INSERT INTO `mx_graph_model`(`id`, `crt_dttm`, `crt_user`, `enable_flag`, `last_update_dttm`, `last_update_user`, `version`, `mx_arrows`, `mx_background`, `mx_connect`, `mx_dx`, `mx_dy`, `mx_fold`, `mx_grid`, `mx_gridsize`, `mx_guides`, `mx_page`, `mx_pageheight`, `mx_pagescale`, `mx_pagewidth`, `mx_tooltips`, `fk_flow_id`, `fk_flow_group_id`, `fk_process_id`, `fk_process_group_id`) VALUES ('ff808181725050fe017250b8ab31023b', '2020-05-26 00:00:09', 'admin', b'1', '2020-05-26 00:00:09', 'admin', 0, NULL, NULL, NULL, NULL, NULL, NULL, NULL, NULL, NULL, NULL, NULL, NULL, NULL, NULL, NULL, 'ff808181725050fe017250group10002', NULL, NULL);
INSERT INTO `mx_graph_model`(`id`, `crt_dttm`, `crt_user`, `enable_flag`, `last_update_dttm`, `last_update_user`, `version`, `mx_arrows`, `mx_background`, `mx_connect`, `mx_dx`, `mx_dy`, `mx_fold`, `mx_grid`, `mx_gridsize`, `mx_guides`, `mx_page`, `mx_pageheight`, `mx_pagescale`, `mx_pagewidth`, `mx_tooltips`, `fk_flow_id`, `fk_flow_group_id`, `fk_process_id`, `fk_process_group_id`) VALUES ('ff808181725050fe017250b8d1f70245', '2020-05-26 00:00:09', 'admin', b'1', '2020-05-26 00:00:09', 'admin', 0, '1', NULL, '1', '1732', '1283', '1', '1', '10', '1', '1', '1169', '1', '827', '1', 'ff808181725050fe017250b8d1f7023e', NULL, NULL, NULL);
INSERT INTO `mx_graph_model`(`id`, `crt_dttm`, `crt_user`, `enable_flag`, `last_update_dttm`, `last_update_user`, `version`, `mx_arrows`, `mx_background`, `mx_connect`, `mx_dx`, `mx_dy`, `mx_fold`, `mx_grid`, `mx_gridsize`, `mx_guides`, `mx_page`, `mx_pageheight`, `mx_pagescale`, `mx_pagewidth`, `mx_tooltips`, `fk_flow_id`, `fk_flow_group_id`, `fk_process_id`, `fk_process_group_id`) VALUES ('ff808181725050fe017250b8d1f70257', '2020-05-26 00:00:09', 'admin', b'1', '2020-05-26 00:00:09', 'admin', 0, '1', NULL, '1', '1732', '1283', '1', '1', '10', '1', '1', '1169', '1', '827', '1', 'ff808181725050fe017250b8d1f70250', NULL, NULL, NULL);
INSERT INTO `mx_graph_model`(`id`, `crt_dttm`, `crt_user`, `enable_flag`, `last_update_dttm`, `last_update_user`, `version`, `mx_arrows`, `mx_background`, `mx_connect`, `mx_dx`, `mx_dy`, `mx_fold`, `mx_grid`, `mx_gridsize`, `mx_guides`, `mx_page`, `mx_pageheight`, `mx_pagescale`, `mx_pagewidth`, `mx_tooltips`, `fk_flow_id`, `fk_flow_group_id`, `fk_process_id`, `fk_process_group_id`) VALUES ('ff808181725050fe017250b8d1f70260', '2020-05-26 00:00:09', 'admin', b'1', '2020-05-26 00:00:09', 'admin', 0, '1', NULL, '1', '2036', '1283', '1', '1', '10', '1', '1', '1169', '1', '827', '1', NULL, 'ff808181725050fe017250b8d1f7023d', NULL, NULL);
INSERT INTO `mx_graph_model`(`id`, `crt_dttm`, `crt_user`, `enable_flag`, `last_update_dttm`, `last_update_user`, `version`, `mx_arrows`, `mx_background`, `mx_connect`, `mx_dx`, `mx_dy`, `mx_fold`, `mx_grid`, `mx_gridsize`, `mx_guides`, `mx_page`, `mx_pageheight`, `mx_pagescale`, `mx_pagewidth`, `mx_tooltips`, `fk_flow_id`, `fk_flow_group_id`, `fk_process_id`, `fk_process_group_id`) VALUES ('ff808181725050fe017250b8d1f80274', '2020-05-26 00:00:09', 'admin', b'1', '2020-05-26 00:00:09', 'admin', 0, '1', NULL, '1', '1732', '1283', '1', '1', '10', '1', '1', '1169', '1', '827', '1', 'ff808181725050fe017250b8d1f8026d', NULL, NULL, NULL);
INSERT INTO `mx_graph_model`(`id`, `crt_dttm`, `crt_user`, `enable_flag`, `last_update_dttm`, `last_update_user`, `version`, `mx_arrows`, `mx_background`, `mx_connect`, `mx_dx`, `mx_dy`, `mx_fold`, `mx_grid`, `mx_gridsize`, `mx_guides`, `mx_page`, `mx_pageheight`, `mx_pagescale`, `mx_pagewidth`, `mx_tooltips`, `fk_flow_id`, `fk_flow_group_id`, `fk_process_id`, `fk_process_group_id`) VALUES ('ff808181725050fe017250b8d1f90297', '2020-05-26 00:00:09', 'admin', b'1', '2020-05-26 00:00:09', 'admin', 0, '1', NULL, '1', '1732', '1283', '1', '1', '10', '1', '1', '1169', '1', '827', '1', 'ff808181725050fe017250b8d1f8027d', NULL, NULL, NULL);
INSERT INTO `mx_graph_model`(`id`, `crt_dttm`, `crt_user`, `enable_flag`, `last_update_dttm`, `last_update_user`, `version`, `mx_arrows`, `mx_background`, `mx_connect`, `mx_dx`, `mx_dy`, `mx_fold`, `mx_grid`, `mx_gridsize`, `mx_guides`, `mx_page`, `mx_pageheight`, `mx_pagescale`, `mx_pagewidth`, `mx_tooltips`, `fk_flow_id`, `fk_flow_group_id`, `fk_process_id`, `fk_process_group_id`) VALUES ('ff808181725050fe017250b8d1f902c8', '2020-05-26 00:00:09', 'admin', b'1', '2020-05-26 00:00:09', 'admin', 0, '1', NULL, '1', '2036', '1283', '1', '1', '10', '1', '1', '1169', '1', '827', '1', NULL, 'ff808181725050fe017250b8d1f6023c', NULL, NULL);
INSERT INTO `mx_graph_model`(`id`, `crt_dttm`, `crt_user`, `enable_flag`, `last_update_dttm`, `last_update_user`, `version`, `mx_arrows`, `mx_background`, `mx_connect`, `mx_dx`, `mx_dy`, `mx_fold`, `mx_grid`, `mx_gridsize`, `mx_guides`, `mx_page`, `mx_pageheight`, `mx_pagescale`, `mx_pagewidth`, `mx_tooltips`, `fk_flow_id`, `fk_flow_group_id`, `fk_process_id`, `fk_process_group_id`) VALUES ('ff808181725050fe017250b8d1fa02e4', '2020-05-26 00:00:09', 'admin', b'1', '2020-05-26 00:00:09', 'admin', 0, '1', NULL, '1', '1732', '1283', '1', '1', '10', '1', '1', '1169', '1', '827', '1', 'ff808181725050fe017250b8d1fa02dd', NULL, NULL, NULL);
INSERT INTO `mx_graph_model`(`id`, `crt_dttm`, `crt_user`, `enable_flag`, `last_update_dttm`, `last_update_user`, `version`, `mx_arrows`, `mx_background`, `mx_connect`, `mx_dx`, `mx_dy`, `mx_fold`, `mx_grid`, `mx_gridsize`, `mx_guides`, `mx_page`, `mx_pageheight`, `mx_pagescale`, `mx_pagewidth`, `mx_tooltips`, `fk_flow_id`, `fk_flow_group_id`, `fk_process_id`, `fk_process_group_id`) VALUES ('ff808181725050fe017250b8d1fb0307', '2020-05-26 00:00:09', 'admin', b'1', '2020-05-26 00:00:09', 'admin', 0, '1', NULL, '1', '1366', '1283', '1', '1', '10', '1', '1', '1169', '1', '827', '1', 'ff808181725050fe017250b8d1fa02ed', NULL, NULL, NULL);
INSERT INTO `mx_graph_model`(`id`, `crt_dttm`, `crt_user`, `enable_flag`, `last_update_dttm`, `last_update_user`, `version`, `mx_arrows`, `mx_background`, `mx_connect`, `mx_dx`, `mx_dy`, `mx_fold`, `mx_grid`, `mx_gridsize`, `mx_guides`, `mx_page`, `mx_pageheight`, `mx_pagescale`, `mx_pagewidth`, `mx_tooltips`, `fk_flow_id`, `fk_flow_group_id`, `fk_process_id`, `fk_process_group_id`) VALUES ('ff808181725050fe017250b8d1fc0332', '2020-05-26 00:00:09', 'admin', b'1', '2020-05-26 00:00:09', 'admin', 0, '1', NULL, '1', '2036', '1283', '1', '1', '10', '1', '1', '1169', '1', '827', '1', NULL, 'ff808181725050fe017250b8d1fa02db', NULL, NULL);
INSERT INTO `mx_graph_model`(`id`, `crt_dttm`, `crt_user`, `enable_flag`, `last_update_dttm`, `last_update_user`, `version`, `mx_arrows`, `mx_background`, `mx_connect`, `mx_dx`, `mx_dy`, `mx_fold`, `mx_grid`, `mx_gridsize`, `mx_guides`, `mx_page`, `mx_pageheight`, `mx_pagescale`, `mx_pagewidth`, `mx_tooltips`, `fk_flow_id`, `fk_flow_group_id`, `fk_process_id`, `fk_process_group_id`) VALUES ('ff808181725050fe017250b8d1fc035a', '2020-05-26 00:00:09', 'admin', b'1', '2020-05-26 00:00:09', 'admin', 0, NULL, NULL, NULL, NULL, NULL, NULL, NULL, NULL, NULL, NULL, NULL, NULL, NULL, NULL, 'ff808181725050fe017250b8d1fc0340', NULL, NULL, NULL);
INSERT INTO `mx_graph_model`(`id`, `crt_dttm`, `crt_user`, `enable_flag`, `last_update_dttm`, `last_update_user`, `version`, `mx_arrows`, `mx_background`, `mx_connect`, `mx_dx`, `mx_dy`, `mx_fold`, `mx_grid`, `mx_gridsize`, `mx_guides`, `mx_page`, `mx_pageheight`, `mx_pagescale`, `mx_pagewidth`, `mx_tooltips`, `fk_flow_id`, `fk_flow_group_id`, `fk_process_id`, `fk_process_group_id`) VALUES ('ff808181725050fe017250b8d1fe039f', '2020-05-26 00:00:09', 'admin', b'1', '2020-05-26 00:00:09', 'admin', 0, NULL, NULL, NULL, NULL, NULL, NULL, NULL, NULL, NULL, NULL, NULL, NULL, NULL, NULL, 'ff808181725050fe017250b8d1fd0385', NULL, NULL, NULL);
INSERT INTO `mx_graph_model`(`id`, `crt_dttm`, `crt_user`, `enable_flag`, `last_update_dttm`, `last_update_user`, `version`, `mx_arrows`, `mx_background`, `mx_connect`, `mx_dx`, `mx_dy`, `mx_fold`, `mx_grid`, `mx_gridsize`, `mx_guides`, `mx_page`, `mx_pageheight`, `mx_pagescale`, `mx_pagewidth`, `mx_tooltips`, `fk_flow_id`, `fk_flow_group_id`, `fk_process_id`, `fk_process_group_id`) VALUES ('ff808181725050fe017250b8d1ff03e4', '2020-05-26 00:00:09', 'admin', b'1', '2020-05-26 00:00:09', 'admin', 0, NULL, NULL, NULL, NULL, NULL, NULL, NULL, NULL, NULL, NULL, NULL, NULL, NULL, NULL, 'ff808181725050fe017250b8d1ff03ca', NULL, NULL, NULL);

INSERT INTO `mx_cell`(`id`, `crt_dttm`, `crt_user`, `enable_flag`, `last_update_dttm`, `last_update_user`, `version`, `mx_edge`, `mx_pageid`, `mx_parent`, `mx_source`, `mx_style`, `mx_target`, `mx_value`, `mx_vertex`, `fk_mx_graph_id`) VALUES ('ff808181725050fe017250b8d1f70246', '2020-05-26 00:00:09', 'admin', b'1', '2020-05-26 00:00:09', 'admin', 0, NULL, '0', NULL, NULL, NULL, NULL, NULL, NULL, 'ff808181725050fe017250b8d1f70245');
INSERT INTO `mx_cell`(`id`, `crt_dttm`, `crt_user`, `enable_flag`, `last_update_dttm`, `last_update_user`, `version`, `mx_edge`, `mx_pageid`, `mx_parent`, `mx_source`, `mx_style`, `mx_target`, `mx_value`, `mx_vertex`, `fk_mx_graph_id`) VALUES ('ff808181725050fe017250b8d1f70247', '2020-05-26 00:00:09', 'admin', b'1', '2020-05-26 00:00:09', 'admin', 0, NULL, '1', '0', NULL, NULL, NULL, NULL, NULL, 'ff808181725050fe017250b8d1f70245');
INSERT INTO `mx_cell`(`id`, `crt_dttm`, `crt_user`, `enable_flag`, `last_update_dttm`, `last_update_user`, `version`, `mx_edge`, `mx_pageid`, `mx_parent`, `mx_source`, `mx_style`, `mx_target`, `mx_value`, `mx_vertex`, `fk_mx_graph_id`) VALUES ('ff808181725050fe017250b8d1f70248', '2020-05-26 00:00:09', 'admin', b'1', '2020-05-26 00:00:09', 'admin', 0, '1', '10', '1', '5', 'edgeStyle=orthogonalEdgeStyle;rounded=0;orthogonalLoop=1;jettySize=auto;html=1;', '9', NULL, NULL, 'ff808181725050fe017250b8d1f70245');
INSERT INTO `mx_cell`(`id`, `crt_dttm`, `crt_user`, `enable_flag`, `last_update_dttm`, `last_update_user`, `version`, `mx_edge`, `mx_pageid`, `mx_parent`, `mx_source`, `mx_style`, `mx_target`, `mx_value`, `mx_vertex`, `fk_mx_graph_id`) VALUES ('ff808181725050fe017250b8d1f7024a', '2020-05-26 00:00:09', 'admin', b'1', '2020-05-26 00:00:09', 'admin', 0, NULL, '9', '1', NULL, 'image;html=1;labelBackgroundColor=#ffffff00;image=/piflow-web/images/SelectField_128x128.png', NULL, 'SelectField', '1', 'ff808181725050fe017250b8d1f70245');
INSERT INTO `mx_cell`(`id`, `crt_dttm`, `crt_user`, `enable_flag`, `last_update_dttm`, `last_update_user`, `version`, `mx_edge`, `mx_pageid`, `mx_parent`, `mx_source`, `mx_style`, `mx_target`, `mx_value`, `mx_vertex`, `fk_mx_graph_id`) VALUES ('ff808181725050fe017250b8d1f7024c', '2020-05-26 00:00:09', 'admin', b'1', '2020-05-26 00:00:09', 'admin', 0, NULL, '5', '1', NULL, 'image;html=1;labelBackgroundColor=#ffffff00;image=/piflow-web/images/MockData_128x128.png', NULL, 'MockData', '1', 'ff808181725050fe017250b8d1f70245');
INSERT INTO `mx_cell`(`id`, `crt_dttm`, `crt_user`, `enable_flag`, `last_update_dttm`, `last_update_user`, `version`, `mx_edge`, `mx_pageid`, `mx_parent`, `mx_source`, `mx_style`, `mx_target`, `mx_value`, `mx_vertex`, `fk_mx_graph_id`) VALUES ('ff808181725050fe017250b8d1f7024e', '2020-05-26 00:00:09', 'admin', b'1', '2020-05-26 00:00:09', 'admin', 0, NULL, '8', '1', NULL, 'text;html=1;align=center;verticalAlign=middle;resizable=0;points=[];autosize=1;', NULL, '模拟测试数据', '1', 'ff808181725050fe017250b8d1f70245');
INSERT INTO `mx_cell`(`id`, `crt_dttm`, `crt_user`, `enable_flag`, `last_update_dttm`, `last_update_user`, `version`, `mx_edge`, `mx_pageid`, `mx_parent`, `mx_source`, `mx_style`, `mx_target`, `mx_value`, `mx_vertex`, `fk_mx_graph_id`) VALUES ('ff808181725050fe017250b8d1f70258', '2020-05-26 00:00:09', 'admin', b'1', '2020-05-26 00:00:09', 'admin', 0, NULL, '0', NULL, NULL, NULL, NULL, NULL, NULL, 'ff808181725050fe017250b8d1f70257');
INSERT INTO `mx_cell`(`id`, `crt_dttm`, `crt_user`, `enable_flag`, `last_update_dttm`, `last_update_user`, `version`, `mx_edge`, `mx_pageid`, `mx_parent`, `mx_source`, `mx_style`, `mx_target`, `mx_value`, `mx_vertex`, `fk_mx_graph_id`) VALUES ('ff808181725050fe017250b8d1f70259', '2020-05-26 00:00:09', 'admin', b'1', '2020-05-26 00:00:09', 'admin', 0, NULL, '1', '0', NULL, NULL, NULL, NULL, NULL, 'ff808181725050fe017250b8d1f70257');
INSERT INTO `mx_cell`(`id`, `crt_dttm`, `crt_user`, `enable_flag`, `last_update_dttm`, `last_update_user`, `version`, `mx_edge`, `mx_pageid`, `mx_parent`, `mx_source`, `mx_style`, `mx_target`, `mx_value`, `mx_vertex`, `fk_mx_graph_id`) VALUES ('ff808181725050fe017250b8d1f7025a', '2020-05-26 00:00:09', 'admin', b'1', '2020-05-26 00:00:09', 'admin', 0, '1', '6', '1', '4', 'edgeStyle=orthogonalEdgeStyle;rounded=0;orthogonalLoop=1;jettySize=auto;html=1;', '5', NULL, NULL, 'ff808181725050fe017250b8d1f70257');
INSERT INTO `mx_cell`(`id`, `crt_dttm`, `crt_user`, `enable_flag`, `last_update_dttm`, `last_update_user`, `version`, `mx_edge`, `mx_pageid`, `mx_parent`, `mx_source`, `mx_style`, `mx_target`, `mx_value`, `mx_vertex`, `fk_mx_graph_id`) VALUES ('ff808181725050fe017250b8d1f7025c', '2020-05-26 00:00:09', 'admin', b'1', '2020-05-26 00:00:09', 'admin', 0, NULL, '5', '1', NULL, 'image;html=1;labelBackgroundColor=#ffffff00;image=/piflow-web/images/SelectField_128x128.png', NULL, 'SelectFiel...', '1', 'ff808181725050fe017250b8d1f70257');
INSERT INTO `mx_cell`(`id`, `crt_dttm`, `crt_user`, `enable_flag`, `last_update_dttm`, `last_update_user`, `version`, `mx_edge`, `mx_pageid`, `mx_parent`, `mx_source`, `mx_style`, `mx_target`, `mx_value`, `mx_vertex`, `fk_mx_graph_id`) VALUES ('ff808181725050fe017250b8d1f7025e', '2020-05-26 00:00:09', 'admin', b'1', '2020-05-26 00:00:09', 'admin', 0, NULL, '4', '1', NULL, 'image;html=1;labelBackgroundColor=#ffffff00;image=/piflow-web/images/MockData_128x128.png', NULL, 'MockData', '1', 'ff808181725050fe017250b8d1f70257');
INSERT INTO `mx_cell`(`id`, `crt_dttm`, `crt_user`, `enable_flag`, `last_update_dttm`, `last_update_user`, `version`, `mx_edge`, `mx_pageid`, `mx_parent`, `mx_source`, `mx_style`, `mx_target`, `mx_value`, `mx_vertex`, `fk_mx_graph_id`) VALUES ('ff808181725050fe017250b8d1f70261', '2020-05-26 00:00:09', 'admin', b'1', '2020-05-26 00:00:09', 'admin', 0, NULL, '4', '1', NULL, 'text;html=1;strokeColor=none;fillColor=none;align=center;verticalAlign=middle;whiteSpace=wrap;rounded=0;labelBackgroundColor=#ffffff00;', NULL, '采集期刊数据，内部流水线不具备真实功能', '1', 'ff808181725050fe017250b8d1f70260');
INSERT INTO `mx_cell`(`id`, `crt_dttm`, `crt_user`, `enable_flag`, `last_update_dttm`, `last_update_user`, `version`, `mx_edge`, `mx_pageid`, `mx_parent`, `mx_source`, `mx_style`, `mx_target`, `mx_value`, `mx_vertex`, `fk_mx_graph_id`) VALUES ('ff808181725050fe017250b8d1f70263', '2020-05-26 00:00:09', 'admin', b'1', '2020-05-26 00:00:09', 'admin', 0, NULL, '5', '1', NULL, 'image;html=1;labelBackgroundColor=#ffffff00;image=/piflow-web/img/flow.png', NULL, 'CollectConferenceData', '1', 'ff808181725050fe017250b8d1f70260');
INSERT INTO `mx_cell`(`id`, `crt_dttm`, `crt_user`, `enable_flag`, `last_update_dttm`, `last_update_user`, `version`, `mx_edge`, `mx_pageid`, `mx_parent`, `mx_source`, `mx_style`, `mx_target`, `mx_value`, `mx_vertex`, `fk_mx_graph_id`) VALUES ('ff808181725050fe017250b8d1f70265', '2020-05-26 00:00:09', 'admin', b'1', '2020-05-26 00:00:09', 'admin', 0, NULL, '3', '1', NULL, 'image;html=1;labelBackgroundColor=#ffffff00;image=/piflow-web/img/flow.png', NULL, 'CollectJournalFlow', '1', 'ff808181725050fe017250b8d1f70260');
INSERT INTO `mx_cell`(`id`, `crt_dttm`, `crt_user`, `enable_flag`, `last_update_dttm`, `last_update_user`, `version`, `mx_edge`, `mx_pageid`, `mx_parent`, `mx_source`, `mx_style`, `mx_target`, `mx_value`, `mx_vertex`, `fk_mx_graph_id`) VALUES ('ff808181725050fe017250b8d1f80267', '2020-05-26 00:00:09', 'admin', b'1', '2020-05-26 00:00:09', 'admin', 0, NULL, '6', '1', NULL, 'text;html=1;strokeColor=none;fillColor=none;align=center;verticalAlign=middle;whiteSpace=wrap;rounded=0;labelBackgroundColor=#ffffff00;', NULL, '采集会议论文，<span style=\"font-size: 13.3333px\">内部流水线不具备真实功能</span>', '1', 'ff808181725050fe017250b8d1f70260');
INSERT INTO `mx_cell`(`id`, `crt_dttm`, `crt_user`, `enable_flag`, `last_update_dttm`, `last_update_user`, `version`, `mx_edge`, `mx_pageid`, `mx_parent`, `mx_source`, `mx_style`, `mx_target`, `mx_value`, `mx_vertex`, `fk_mx_graph_id`) VALUES ('ff808181725050fe017250b8d1f80269', '2020-05-26 00:00:09', 'admin', b'1', '2020-05-26 00:00:09', 'admin', 0, NULL, '0', NULL, NULL, NULL, NULL, NULL, NULL, 'ff808181725050fe017250b8d1f70260');
INSERT INTO `mx_cell`(`id`, `crt_dttm`, `crt_user`, `enable_flag`, `last_update_dttm`, `last_update_user`, `version`, `mx_edge`, `mx_pageid`, `mx_parent`, `mx_source`, `mx_style`, `mx_target`, `mx_value`, `mx_vertex`, `fk_mx_graph_id`) VALUES ('ff808181725050fe017250b8d1f8026a', '2020-05-26 00:00:09', 'admin', b'1', '2020-05-26 00:00:09', 'admin', 0, NULL, '1', '0', NULL, NULL, NULL, NULL, NULL, 'ff808181725050fe017250b8d1f70260');
INSERT INTO `mx_cell`(`id`, `crt_dttm`, `crt_user`, `enable_flag`, `last_update_dttm`, `last_update_user`, `version`, `mx_edge`, `mx_pageid`, `mx_parent`, `mx_source`, `mx_style`, `mx_target`, `mx_value`, `mx_vertex`, `fk_mx_graph_id`) VALUES ('ff808181725050fe017250b8d1f80275', '2020-05-26 00:00:09', 'admin', b'1', '2020-05-26 00:00:09', 'admin', 0, NULL, '0', NULL, NULL, NULL, NULL, NULL, NULL, 'ff808181725050fe017250b8d1f80274');
INSERT INTO `mx_cell`(`id`, `crt_dttm`, `crt_user`, `enable_flag`, `last_update_dttm`, `last_update_user`, `version`, `mx_edge`, `mx_pageid`, `mx_parent`, `mx_source`, `mx_style`, `mx_target`, `mx_value`, `mx_vertex`, `fk_mx_graph_id`) VALUES ('ff808181725050fe017250b8d1f80276', '2020-05-26 00:00:09', 'admin', b'1', '2020-05-26 00:00:09', 'admin', 0, NULL, '1', '0', NULL, NULL, NULL, NULL, NULL, 'ff808181725050fe017250b8d1f80274');
INSERT INTO `mx_cell`(`id`, `crt_dttm`, `crt_user`, `enable_flag`, `last_update_dttm`, `last_update_user`, `version`, `mx_edge`, `mx_pageid`, `mx_parent`, `mx_source`, `mx_style`, `mx_target`, `mx_value`, `mx_vertex`, `fk_mx_graph_id`) VALUES ('ff808181725050fe017250b8d1f80277', '2020-05-26 00:00:09', 'admin', b'1', '2020-05-26 00:00:09', 'admin', 0, '1', '7', '1', '5', 'edgeStyle=orthogonalEdgeStyle;rounded=0;orthogonalLoop=1;jettySize=auto;html=1;', '6', NULL, NULL, 'ff808181725050fe017250b8d1f80274');
INSERT INTO `mx_cell`(`id`, `crt_dttm`, `crt_user`, `enable_flag`, `last_update_dttm`, `last_update_user`, `version`, `mx_edge`, `mx_pageid`, `mx_parent`, `mx_source`, `mx_style`, `mx_target`, `mx_value`, `mx_vertex`, `fk_mx_graph_id`) VALUES ('ff808181725050fe017250b8d1f80279', '2020-05-26 00:00:09', 'admin', b'1', '2020-05-26 00:00:09', 'admin', 0, NULL, '6', '1', NULL, 'image;html=1;labelBackgroundColor=#ffffff00;image=/piflow-web/images/SelectField_128x128.png', NULL, 'SelectFiel...', '1', 'ff808181725050fe017250b8d1f80274');
INSERT INTO `mx_cell`(`id`, `crt_dttm`, `crt_user`, `enable_flag`, `last_update_dttm`, `last_update_user`, `version`, `mx_edge`, `mx_pageid`, `mx_parent`, `mx_source`, `mx_style`, `mx_target`, `mx_value`, `mx_vertex`, `fk_mx_graph_id`) VALUES ('ff808181725050fe017250b8d1f8027b', '2020-05-26 00:00:09', 'admin', b'1', '2020-05-26 00:00:09', 'admin', 0, NULL, '5', '1', NULL, 'image;html=1;labelBackgroundColor=#ffffff00;image=/piflow-web/images/MockData_128x128.png', NULL, 'MockData', '1', 'ff808181725050fe017250b8d1f80274');
INSERT INTO `mx_cell`(`id`, `crt_dttm`, `crt_user`, `enable_flag`, `last_update_dttm`, `last_update_user`, `version`, `mx_edge`, `mx_pageid`, `mx_parent`, `mx_source`, `mx_style`, `mx_target`, `mx_value`, `mx_vertex`, `fk_mx_graph_id`) VALUES ('ff808181725050fe017250b8d1f90298', '2020-05-26 00:00:09', 'admin', b'1', '2020-05-26 00:00:09', 'admin', 0, NULL, '0', NULL, NULL, NULL, NULL, NULL, NULL, 'ff808181725050fe017250b8d1f90297');
INSERT INTO `mx_cell`(`id`, `crt_dttm`, `crt_user`, `enable_flag`, `last_update_dttm`, `last_update_user`, `version`, `mx_edge`, `mx_pageid`, `mx_parent`, `mx_source`, `mx_style`, `mx_target`, `mx_value`, `mx_vertex`, `fk_mx_graph_id`) VALUES ('ff808181725050fe017250b8d1f90299', '2020-05-26 00:00:09', 'admin', b'1', '2020-05-26 00:00:09', 'admin', 0, NULL, '1', '0', NULL, NULL, NULL, NULL, NULL, 'ff808181725050fe017250b8d1f90297');
INSERT INTO `mx_cell`(`id`, `crt_dttm`, `crt_user`, `enable_flag`, `last_update_dttm`, `last_update_user`, `version`, `mx_edge`, `mx_pageid`, `mx_parent`, `mx_source`, `mx_style`, `mx_target`, `mx_value`, `mx_vertex`, `fk_mx_graph_id`) VALUES ('ff808181725050fe017250b8d1f9029a', '2020-05-26 00:00:09', 'admin', b'1', '2020-05-26 00:00:09', 'admin', 0, NULL, '14', '1', NULL, 'image;html=1;labelBackgroundColor=#ffffff00;image=/piflow-web/images/SelectField_128x128.png', NULL, 'SelectField', '1', 'ff808181725050fe017250b8d1f90297');
INSERT INTO `mx_cell`(`id`, `crt_dttm`, `crt_user`, `enable_flag`, `last_update_dttm`, `last_update_user`, `version`, `mx_edge`, `mx_pageid`, `mx_parent`, `mx_source`, `mx_style`, `mx_target`, `mx_value`, `mx_vertex`, `fk_mx_graph_id`) VALUES ('ff808181725050fe017250b8d1f9029c', '2020-05-26 00:00:09', 'admin', b'1', '2020-05-26 00:00:09', 'admin', 0, NULL, '23', '1', NULL, 'image;html=1;labelBackgroundColor=#ffffff00;image=/piflow-web/images/SelectField_128x128.png', NULL, 'SelectField20', '1', 'ff808181725050fe017250b8d1f90297');
INSERT INTO `mx_cell`(`id`, `crt_dttm`, `crt_user`, `enable_flag`, `last_update_dttm`, `last_update_user`, `version`, `mx_edge`, `mx_pageid`, `mx_parent`, `mx_source`, `mx_style`, `mx_target`, `mx_value`, `mx_vertex`, `fk_mx_graph_id`) VALUES ('ff808181725050fe017250b8d1f9029e', '2020-05-26 00:00:09', 'admin', b'1', '2020-05-26 00:00:09', 'admin', 0, NULL, '10', '1', NULL, 'image;html=1;labelBackgroundColor=#ffffff00;image=/piflow-web/images/MockData_128x128.png', NULL, 'MockData7', '1', 'ff808181725050fe017250b8d1f90297');
INSERT INTO `mx_cell`(`id`, `crt_dttm`, `crt_user`, `enable_flag`, `last_update_dttm`, `last_update_user`, `version`, `mx_edge`, `mx_pageid`, `mx_parent`, `mx_source`, `mx_style`, `mx_target`, `mx_value`, `mx_vertex`, `fk_mx_graph_id`) VALUES ('ff808181725050fe017250b8d1f902a0', '2020-05-26 00:00:09', 'admin', b'1', '2020-05-26 00:00:09', 'admin', 0, NULL, '19', '1', NULL, 'image;html=1;labelBackgroundColor=#ffffff00;image=/piflow-web/images/Fork_128x128.png', NULL, 'Fork', '1', 'ff808181725050fe017250b8d1f90297');
INSERT INTO `mx_cell`(`id`, `crt_dttm`, `crt_user`, `enable_flag`, `last_update_dttm`, `last_update_user`, `version`, `mx_edge`, `mx_pageid`, `mx_parent`, `mx_source`, `mx_style`, `mx_target`, `mx_value`, `mx_vertex`, `fk_mx_graph_id`) VALUES ('ff808181725050fe017250b8d1f902a2', '2020-05-26 00:00:09', 'admin', b'1', '2020-05-26 00:00:09', 'admin', 0, NULL, '21', '1', NULL, 'image;html=1;labelBackgroundColor=#ffffff00;image=/piflow-web/images/SelectField_128x128.png', NULL, 'SelectField18', '1', 'ff808181725050fe017250b8d1f90297');
INSERT INTO `mx_cell`(`id`, `crt_dttm`, `crt_user`, `enable_flag`, `last_update_dttm`, `last_update_user`, `version`, `mx_edge`, `mx_pageid`, `mx_parent`, `mx_source`, `mx_style`, `mx_target`, `mx_value`, `mx_vertex`, `fk_mx_graph_id`) VALUES ('ff808181725050fe017250b8d1f902a4', '2020-05-26 00:00:09', 'admin', b'1', '2020-05-26 00:00:09', 'admin', 0, '1', '41', '1', '16', 'edgeStyle=orthogonalEdgeStyle;rounded=0;orthogonalLoop=1;jettySize=auto;html=1;', '19', NULL, NULL, 'ff808181725050fe017250b8d1f90297');
INSERT INTO `mx_cell`(`id`, `crt_dttm`, `crt_user`, `enable_flag`, `last_update_dttm`, `last_update_user`, `version`, `mx_edge`, `mx_pageid`, `mx_parent`, `mx_source`, `mx_style`, `mx_target`, `mx_value`, `mx_vertex`, `fk_mx_graph_id`) VALUES ('ff808181725050fe017250b8d1f902a6', '2020-05-26 00:00:09', 'admin', b'1', '2020-05-26 00:00:09', 'admin', 0, NULL, '27', '1', NULL, 'text;html=1;align=center;verticalAlign=middle;resizable=0;points=[];autosize=1;', NULL, '选择数据：<span style=\"font-size: 13.3333px\">title, author, age</span>', '1', 'ff808181725050fe017250b8d1f90297');
INSERT INTO `mx_cell`(`id`, `crt_dttm`, `crt_user`, `enable_flag`, `last_update_dttm`, `last_update_user`, `version`, `mx_edge`, `mx_pageid`, `mx_parent`, `mx_source`, `mx_style`, `mx_target`, `mx_value`, `mx_vertex`, `fk_mx_graph_id`) VALUES ('ff808181725050fe017250b8d1f902a8', '2020-05-26 00:00:09', 'admin', b'1', '2020-05-26 00:00:09', 'admin', 0, '1', '40', '1', '14', 'edgeStyle=orthogonalEdgeStyle;rounded=0;orthogonalLoop=1;jettySize=auto;html=1;entryX=0.5;entryY=0;entryDx=0;entryDy=0;', '16', NULL, NULL, 'ff808181725050fe017250b8d1f90297');
INSERT INTO `mx_cell`(`id`, `crt_dttm`, `crt_user`, `enable_flag`, `last_update_dttm`, `last_update_user`, `version`, `mx_edge`, `mx_pageid`, `mx_parent`, `mx_source`, `mx_style`, `mx_target`, `mx_value`, `mx_vertex`, `fk_mx_graph_id`) VALUES ('ff808181725050fe017250b8d1f902aa', '2020-05-26 00:00:09', 'admin', b'1', '2020-05-26 00:00:09', 'admin', 0, NULL, '36', '1', NULL, 'text;html=1;align=center;verticalAlign=middle;resizable=0;points=[];autosize=1;', NULL, '选择author列', '1', 'ff808181725050fe017250b8d1f90297');
INSERT INTO `mx_cell`(`id`, `crt_dttm`, `crt_user`, `enable_flag`, `last_update_dttm`, `last_update_user`, `version`, `mx_edge`, `mx_pageid`, `mx_parent`, `mx_source`, `mx_style`, `mx_target`, `mx_value`, `mx_vertex`, `fk_mx_graph_id`) VALUES ('ff808181725050fe017250b8d1f902ac', '2020-05-26 00:00:09', 'admin', b'1', '2020-05-26 00:00:09', 'admin', 0, NULL, '16', '1', NULL, 'image;html=1;labelBackgroundColor=#ffffff00;image=/piflow-web/images/Merge_128x128.png', NULL, 'Merge', '1', 'ff808181725050fe017250b8d1f90297');
INSERT INTO `mx_cell`(`id`, `crt_dttm`, `crt_user`, `enable_flag`, `last_update_dttm`, `last_update_user`, `version`, `mx_edge`, `mx_pageid`, `mx_parent`, `mx_source`, `mx_style`, `mx_target`, `mx_value`, `mx_vertex`, `fk_mx_graph_id`) VALUES ('ff808181725050fe017250b8d1f902ae', '2020-05-26 00:00:09', 'admin', b'1', '2020-05-26 00:00:09', 'admin', 0, '1', '39', '1', '5', 'edgeStyle=orthogonalEdgeStyle;rounded=0;orthogonalLoop=1;jettySize=auto;html=1;', '16', NULL, NULL, 'ff808181725050fe017250b8d1f90297');
INSERT INTO `mx_cell`(`id`, `crt_dttm`, `crt_user`, `enable_flag`, `last_update_dttm`, `last_update_user`, `version`, `mx_edge`, `mx_pageid`, `mx_parent`, `mx_source`, `mx_style`, `mx_target`, `mx_value`, `mx_vertex`, `fk_mx_graph_id`) VALUES ('ff808181725050fe017250b8d1f902b0', '2020-05-26 00:00:09', 'admin', b'1', '2020-05-26 00:00:09', 'admin', 0, '1', '44', '1', '19', 'edgeStyle=orthogonalEdgeStyle;rounded=0;orthogonalLoop=1;jettySize=auto;html=1;', '23', NULL, NULL, 'ff808181725050fe017250b8d1f90297');
INSERT INTO `mx_cell`(`id`, `crt_dttm`, `crt_user`, `enable_flag`, `last_update_dttm`, `last_update_user`, `version`, `mx_edge`, `mx_pageid`, `mx_parent`, `mx_source`, `mx_style`, `mx_target`, `mx_value`, `mx_vertex`, `fk_mx_graph_id`) VALUES ('ff808181725050fe017250b8d1f902b2', '2020-05-26 00:00:09', 'admin', b'1', '2020-05-26 00:00:09', 'admin', 0, NULL, '8', '1', NULL, 'text;html=1;align=center;verticalAlign=middle;resizable=0;points=[];autosize=1;', NULL, '模拟测试数据：<span style=\"font-size: 13.3333px\">title, author, age</span>', '1', 'ff808181725050fe017250b8d1f90297');
INSERT INTO `mx_cell`(`id`, `crt_dttm`, `crt_user`, `enable_flag`, `last_update_dttm`, `last_update_user`, `version`, `mx_edge`, `mx_pageid`, `mx_parent`, `mx_source`, `mx_style`, `mx_target`, `mx_value`, `mx_vertex`, `fk_mx_graph_id`) VALUES ('ff808181725050fe017250b8d1f902b4', '2020-05-26 00:00:09', 'admin', b'1', '2020-05-26 00:00:09', 'admin', 0, '1', '43', '1', '19', 'edgeStyle=orthogonalEdgeStyle;rounded=0;orthogonalLoop=1;jettySize=auto;html=1;', '25', NULL, NULL, 'ff808181725050fe017250b8d1f90297');
INSERT INTO `mx_cell`(`id`, `crt_dttm`, `crt_user`, `enable_flag`, `last_update_dttm`, `last_update_user`, `version`, `mx_edge`, `mx_pageid`, `mx_parent`, `mx_source`, `mx_style`, `mx_target`, `mx_value`, `mx_vertex`, `fk_mx_graph_id`) VALUES ('ff808181725050fe017250b8d1f902b6', '2020-05-26 00:00:09', 'admin', b'1', '2020-05-26 00:00:09', 'admin', 0, NULL, '35', '1', NULL, 'text;html=1;align=center;verticalAlign=middle;resizable=0;points=[];autosize=1;', NULL, '选择title列', '1', 'ff808181725050fe017250b8d1f90297');
INSERT INTO `mx_cell`(`id`, `crt_dttm`, `crt_user`, `enable_flag`, `last_update_dttm`, `last_update_user`, `version`, `mx_edge`, `mx_pageid`, `mx_parent`, `mx_source`, `mx_style`, `mx_target`, `mx_value`, `mx_vertex`, `fk_mx_graph_id`) VALUES ('ff808181725050fe017250b8d1f902b8', '2020-05-26 00:00:09', 'admin', b'1', '2020-05-26 00:00:09', 'admin', 0, NULL, '13', '1', NULL, 'text;html=1;align=center;verticalAlign=middle;resizable=0;points=[];autosize=1;', NULL, '模拟生成数据：title, author, age, gender', '1', 'ff808181725050fe017250b8d1f90297');
INSERT INTO `mx_cell`(`id`, `crt_dttm`, `crt_user`, `enable_flag`, `last_update_dttm`, `last_update_user`, `version`, `mx_edge`, `mx_pageid`, `mx_parent`, `mx_source`, `mx_style`, `mx_target`, `mx_value`, `mx_vertex`, `fk_mx_graph_id`) VALUES ('ff808181725050fe017250b8d1f902ba', '2020-05-26 00:00:09', 'admin', b'1', '2020-05-26 00:00:09', 'admin', 0, NULL, '25', '1', NULL, 'image;html=1;labelBackgroundColor=#ffffff00;image=/piflow-web/images/SelectField_128x128.png', NULL, 'SelectField22', '1', 'ff808181725050fe017250b8d1f90297');
INSERT INTO `mx_cell`(`id`, `crt_dttm`, `crt_user`, `enable_flag`, `last_update_dttm`, `last_update_user`, `version`, `mx_edge`, `mx_pageid`, `mx_parent`, `mx_source`, `mx_style`, `mx_target`, `mx_value`, `mx_vertex`, `fk_mx_graph_id`) VALUES ('ff808181725050fe017250b8d1f902bc', '2020-05-26 00:00:09', 'admin', b'1', '2020-05-26 00:00:09', 'admin', 0, NULL, '5', '1', NULL, 'image;html=1;labelBackgroundColor=#ffffff00;image=/piflow-web/images/MockData_128x128.png', NULL, 'MockData', '1', 'ff808181725050fe017250b8d1f90297');
INSERT INTO `mx_cell`(`id`, `crt_dttm`, `crt_user`, `enable_flag`, `last_update_dttm`, `last_update_user`, `version`, `mx_edge`, `mx_pageid`, `mx_parent`, `mx_source`, `mx_style`, `mx_target`, `mx_value`, `mx_vertex`, `fk_mx_graph_id`) VALUES ('ff808181725050fe017250b8d1f902be', '2020-05-26 00:00:09', 'admin', b'1', '2020-05-26 00:00:09', 'admin', 0, NULL, '28', '1', NULL, 'text;html=1;align=center;verticalAlign=middle;resizable=0;points=[];autosize=1;', NULL, '合流', '1', 'ff808181725050fe017250b8d1f90297');
INSERT INTO `mx_cell`(`id`, `crt_dttm`, `crt_user`, `enable_flag`, `last_update_dttm`, `last_update_user`, `version`, `mx_edge`, `mx_pageid`, `mx_parent`, `mx_source`, `mx_style`, `mx_target`, `mx_value`, `mx_vertex`, `fk_mx_graph_id`) VALUES ('ff808181725050fe017250b8d1f902c0', '2020-05-26 00:00:09', 'admin', b'1', '2020-05-26 00:00:09', 'admin', 0, '1', '38', '1', '10', 'edgeStyle=orthogonalEdgeStyle;rounded=0;orthogonalLoop=1;jettySize=auto;html=1;', '14', NULL, NULL, 'ff808181725050fe017250b8d1f90297');
INSERT INTO `mx_cell`(`id`, `crt_dttm`, `crt_user`, `enable_flag`, `last_update_dttm`, `last_update_user`, `version`, `mx_edge`, `mx_pageid`, `mx_parent`, `mx_source`, `mx_style`, `mx_target`, `mx_value`, `mx_vertex`, `fk_mx_graph_id`) VALUES ('ff808181725050fe017250b8d1f902c2', '2020-05-26 00:00:09', 'admin', b'1', '2020-05-26 00:00:09', 'admin', 0, '1', '42', '1', '19', 'edgeStyle=orthogonalEdgeStyle;rounded=0;orthogonalLoop=1;jettySize=auto;html=1;', '21', NULL, NULL, 'ff808181725050fe017250b8d1f90297');
INSERT INTO `mx_cell`(`id`, `crt_dttm`, `crt_user`, `enable_flag`, `last_update_dttm`, `last_update_user`, `version`, `mx_edge`, `mx_pageid`, `mx_parent`, `mx_source`, `mx_style`, `mx_target`, `mx_value`, `mx_vertex`, `fk_mx_graph_id`) VALUES ('ff808181725050fe017250b8d1f902c4', '2020-05-26 00:00:09', 'admin', b'1', '2020-05-26 00:00:09', 'admin', 0, NULL, '29', '1', NULL, 'text;html=1;align=center;verticalAlign=middle;resizable=0;points=[];autosize=1;', NULL, '分流', '1', 'ff808181725050fe017250b8d1f90297');
INSERT INTO `mx_cell`(`id`, `crt_dttm`, `crt_user`, `enable_flag`, `last_update_dttm`, `last_update_user`, `version`, `mx_edge`, `mx_pageid`, `mx_parent`, `mx_source`, `mx_style`, `mx_target`, `mx_value`, `mx_vertex`, `fk_mx_graph_id`) VALUES ('ff808181725050fe017250b8d1f902c6', '2020-05-26 00:00:09', 'admin', b'1', '2020-05-26 00:00:09', 'admin', 0, NULL, '37', '1', NULL, 'text;html=1;align=center;verticalAlign=middle;resizable=0;points=[];autosize=1;', NULL, '选择age列', '1', 'ff808181725050fe017250b8d1f90297');
INSERT INTO `mx_cell`(`id`, `crt_dttm`, `crt_user`, `enable_flag`, `last_update_dttm`, `last_update_user`, `version`, `mx_edge`, `mx_pageid`, `mx_parent`, `mx_source`, `mx_style`, `mx_target`, `mx_value`, `mx_vertex`, `fk_mx_graph_id`) VALUES ('ff808181725050fe017250b8d1f902c9', '2020-05-26 00:00:09', 'admin', b'1', '2020-05-26 00:00:09', 'admin', 0, NULL, '9', '1', NULL, 'text;html=1;strokeColor=none;fillColor=none;align=center;verticalAlign=middle;whiteSpace=wrap;rounded=0;labelBackgroundColor=#ffffff00;', NULL, '采集期刊、论文数据', '1', 'ff808181725050fe017250b8d1f902c8');
INSERT INTO `mx_cell`(`id`, `crt_dttm`, `crt_user`, `enable_flag`, `last_update_dttm`, `last_update_user`, `version`, `mx_edge`, `mx_pageid`, `mx_parent`, `mx_source`, `mx_style`, `mx_target`, `mx_value`, `mx_vertex`, `fk_mx_graph_id`) VALUES ('ff808181725050fe017250b8d1fa02cb', '2020-05-26 00:00:09', 'admin', b'1', '2020-05-26 00:00:09', 'admin', 0, NULL, '4', '1', NULL, 'image;html=1;labelBackgroundColor=#ffffff00;image=/piflow-web/img/flow.png', NULL, 'f2', '1', 'ff808181725050fe017250b8d1f902c8');
INSERT INTO `mx_cell`(`id`, `crt_dttm`, `crt_user`, `enable_flag`, `last_update_dttm`, `last_update_user`, `version`, `mx_edge`, `mx_pageid`, `mx_parent`, `mx_source`, `mx_style`, `mx_target`, `mx_value`, `mx_vertex`, `fk_mx_graph_id`) VALUES ('ff808181725050fe017250b8d1fa02cd', '2020-05-26 00:00:09', 'admin', b'1', '2020-05-26 00:00:09', 'admin', 0, '1', '7', '1', '3', 'edgeStyle=entityRelationEdgeStyle;rounded=0;orthogonalLoop=1;jettySize=auto;html=1;', '6', NULL, NULL, 'ff808181725050fe017250b8d1f902c8');
INSERT INTO `mx_cell`(`id`, `crt_dttm`, `crt_user`, `enable_flag`, `last_update_dttm`, `last_update_user`, `version`, `mx_edge`, `mx_pageid`, `mx_parent`, `mx_source`, `mx_style`, `mx_target`, `mx_value`, `mx_vertex`, `fk_mx_graph_id`) VALUES ('ff808181725050fe017250b8d1fa02cf', '2020-05-26 00:00:09', 'admin', b'1', '2020-05-26 00:00:09', 'admin', 0, NULL, '10', '1', NULL, 'text;html=1;strokeColor=none;fillColor=none;align=center;verticalAlign=middle;whiteSpace=wrap;rounded=0;labelBackgroundColor=#ffffff00;', NULL, '采集人员信息', '1', 'ff808181725050fe017250b8d1f902c8');
INSERT INTO `mx_cell`(`id`, `crt_dttm`, `crt_user`, `enable_flag`, `last_update_dttm`, `last_update_user`, `version`, `mx_edge`, `mx_pageid`, `mx_parent`, `mx_source`, `mx_style`, `mx_target`, `mx_value`, `mx_vertex`, `fk_mx_graph_id`) VALUES ('ff808181725050fe017250b8d1fa02d1', '2020-05-26 00:00:09', 'admin', b'1', '2020-05-26 00:00:09', 'admin', 0, '1', '5', '1', '3', 'edgeStyle=entityRelationEdgeStyle;rounded=0;orthogonalLoop=1;jettySize=auto;html=1;', '4', NULL, NULL, 'ff808181725050fe017250b8d1f902c8');
INSERT INTO `mx_cell`(`id`, `crt_dttm`, `crt_user`, `enable_flag`, `last_update_dttm`, `last_update_user`, `version`, `mx_edge`, `mx_pageid`, `mx_parent`, `mx_source`, `mx_style`, `mx_target`, `mx_value`, `mx_vertex`, `fk_mx_graph_id`) VALUES ('ff808181725050fe017250b8d1fa02d3', '2020-05-26 00:00:09', 'admin', b'1', '2020-05-26 00:00:09', 'admin', 0, NULL, '8', '1', NULL, 'text;html=1;strokeColor=none;fillColor=none;align=center;verticalAlign=middle;whiteSpace=wrap;rounded=0;labelBackgroundColor=#ffffff00;', NULL, '备份表', '1', 'ff808181725050fe017250b8d1f902c8');
INSERT INTO `mx_cell`(`id`, `crt_dttm`, `crt_user`, `enable_flag`, `last_update_dttm`, `last_update_user`, `version`, `mx_edge`, `mx_pageid`, `mx_parent`, `mx_source`, `mx_style`, `mx_target`, `mx_value`, `mx_vertex`, `fk_mx_graph_id`) VALUES ('ff808181725050fe017250b8d1fa02d5', '2020-05-26 00:00:09', 'admin', b'1', '2020-05-26 00:00:09', 'admin', 0, NULL, '3', '1', NULL, 'image;html=1;labelBackgroundColor=#ffffff00;image=/piflow-web/img/flow.png', NULL, 'flow_backup', '1', 'ff808181725050fe017250b8d1f902c8');
INSERT INTO `mx_cell`(`id`, `crt_dttm`, `crt_user`, `enable_flag`, `last_update_dttm`, `last_update_user`, `version`, `mx_edge`, `mx_pageid`, `mx_parent`, `mx_source`, `mx_style`, `mx_target`, `mx_value`, `mx_vertex`, `fk_mx_graph_id`) VALUES ('ff808181725050fe017250b8d1fa02d7', '2020-05-26 00:00:09', 'admin', b'1', '2020-05-26 00:00:09', 'admin', 0, NULL, '6', '1', NULL, 'image;html=1;labelBackgroundColor=#ffffff00;image=/piflow-web/img/group.png', NULL, 'innerGroup', '1', 'ff808181725050fe017250b8d1f902c8');
INSERT INTO `mx_cell`(`id`, `crt_dttm`, `crt_user`, `enable_flag`, `last_update_dttm`, `last_update_user`, `version`, `mx_edge`, `mx_pageid`, `mx_parent`, `mx_source`, `mx_style`, `mx_target`, `mx_value`, `mx_vertex`, `fk_mx_graph_id`) VALUES ('ff808181725050fe017250b8d1fa02d9', '2020-05-26 00:00:09', 'admin', b'1', '2020-05-26 00:00:09', 'admin', 0, NULL, '0', NULL, NULL, NULL, NULL, NULL, NULL, 'ff808181725050fe017250b8d1f902c8');
INSERT INTO `mx_cell`(`id`, `crt_dttm`, `crt_user`, `enable_flag`, `last_update_dttm`, `last_update_user`, `version`, `mx_edge`, `mx_pageid`, `mx_parent`, `mx_source`, `mx_style`, `mx_target`, `mx_value`, `mx_vertex`, `fk_mx_graph_id`) VALUES ('ff808181725050fe017250b8d1fa02da', '2020-05-26 00:00:09', 'admin', b'1', '2020-05-26 00:00:09', 'admin', 0, NULL, '1', '0', NULL, NULL, NULL, NULL, NULL, 'ff808181725050fe017250b8d1f902c8');
INSERT INTO `mx_cell`(`id`, `crt_dttm`, `crt_user`, `enable_flag`, `last_update_dttm`, `last_update_user`, `version`, `mx_edge`, `mx_pageid`, `mx_parent`, `mx_source`, `mx_style`, `mx_target`, `mx_value`, `mx_vertex`, `fk_mx_graph_id`) VALUES ('ff808181725050fe017250b8d1fa02e5', '2020-05-26 00:00:09', 'admin', b'1', '2020-05-26 00:00:09', 'admin', 0, NULL, '0', NULL, NULL, NULL, NULL, NULL, NULL, 'ff808181725050fe017250b8d1fa02e4');
INSERT INTO `mx_cell`(`id`, `crt_dttm`, `crt_user`, `enable_flag`, `last_update_dttm`, `last_update_user`, `version`, `mx_edge`, `mx_pageid`, `mx_parent`, `mx_source`, `mx_style`, `mx_target`, `mx_value`, `mx_vertex`, `fk_mx_graph_id`) VALUES ('ff808181725050fe017250b8d1fa02e6', '2020-05-26 00:00:09', 'admin', b'1', '2020-05-26 00:00:09', 'admin', 0, NULL, '1', '0', NULL, NULL, NULL, NULL, NULL, 'ff808181725050fe017250b8d1fa02e4');
INSERT INTO `mx_cell`(`id`, `crt_dttm`, `crt_user`, `enable_flag`, `last_update_dttm`, `last_update_user`, `version`, `mx_edge`, `mx_pageid`, `mx_parent`, `mx_source`, `mx_style`, `mx_target`, `mx_value`, `mx_vertex`, `fk_mx_graph_id`) VALUES ('ff808181725050fe017250b8d1fa02e7', '2020-05-26 00:00:09', 'admin', b'1', '2020-05-26 00:00:09', 'admin', 0, '1', '8', '1', '5', 'edgeStyle=orthogonalEdgeStyle;rounded=0;orthogonalLoop=1;jettySize=auto;html=1;', '7', NULL, NULL, 'ff808181725050fe017250b8d1fa02e4');
INSERT INTO `mx_cell`(`id`, `crt_dttm`, `crt_user`, `enable_flag`, `last_update_dttm`, `last_update_user`, `version`, `mx_edge`, `mx_pageid`, `mx_parent`, `mx_source`, `mx_style`, `mx_target`, `mx_value`, `mx_vertex`, `fk_mx_graph_id`) VALUES ('ff808181725050fe017250b8d1fa02e9', '2020-05-26 00:00:09', 'admin', b'1', '2020-05-26 00:00:09', 'admin', 0, NULL, '7', '1', NULL, 'image;html=1;labelBackgroundColor=#ffffff00;image=/piflow-web/images/SelectField_128x128.png', NULL, 'SelectField', '1', 'ff808181725050fe017250b8d1fa02e4');
INSERT INTO `mx_cell`(`id`, `crt_dttm`, `crt_user`, `enable_flag`, `last_update_dttm`, `last_update_user`, `version`, `mx_edge`, `mx_pageid`, `mx_parent`, `mx_source`, `mx_style`, `mx_target`, `mx_value`, `mx_vertex`, `fk_mx_graph_id`) VALUES ('ff808181725050fe017250b8d1fa02eb', '2020-05-26 00:00:09', 'admin', b'1', '2020-05-26 00:00:09', 'admin', 0, NULL, '5', '1', NULL, 'image;html=1;labelBackgroundColor=#ffffff00;image=/piflow-web/images/MockData_128x128.png', NULL, 'MockData', '1', 'ff808181725050fe017250b8d1fa02e4');
INSERT INTO `mx_cell`(`id`, `crt_dttm`, `crt_user`, `enable_flag`, `last_update_dttm`, `last_update_user`, `version`, `mx_edge`, `mx_pageid`, `mx_parent`, `mx_source`, `mx_style`, `mx_target`, `mx_value`, `mx_vertex`, `fk_mx_graph_id`) VALUES ('ff808181725050fe017250b8d1fb0308', '2020-05-26 00:00:09', 'admin', b'1', '2020-05-26 00:00:09', 'admin', 0, NULL, '0', NULL, NULL, NULL, NULL, NULL, NULL, 'ff808181725050fe017250b8d1fb0307');
INSERT INTO `mx_cell`(`id`, `crt_dttm`, `crt_user`, `enable_flag`, `last_update_dttm`, `last_update_user`, `version`, `mx_edge`, `mx_pageid`, `mx_parent`, `mx_source`, `mx_style`, `mx_target`, `mx_value`, `mx_vertex`, `fk_mx_graph_id`) VALUES ('ff808181725050fe017250b8d1fb0309', '2020-05-26 00:00:09', 'admin', b'1', '2020-05-26 00:00:09', 'admin', 0, NULL, '1', '0', NULL, NULL, NULL, NULL, NULL, 'ff808181725050fe017250b8d1fb0307');
INSERT INTO `mx_cell`(`id`, `crt_dttm`, `crt_user`, `enable_flag`, `last_update_dttm`, `last_update_user`, `version`, `mx_edge`, `mx_pageid`, `mx_parent`, `mx_source`, `mx_style`, `mx_target`, `mx_value`, `mx_vertex`, `fk_mx_graph_id`) VALUES ('ff808181725050fe017250b8d1fb030a', '2020-05-26 00:00:09', 'admin', b'1', '2020-05-26 00:00:09', 'admin', 0, NULL, '27', '1', NULL, 'text;html=1;align=center;verticalAlign=middle;resizable=0;points=[];autosize=1;', NULL, '合流', '1', 'ff808181725050fe017250b8d1fb0307');
INSERT INTO `mx_cell`(`id`, `crt_dttm`, `crt_user`, `enable_flag`, `last_update_dttm`, `last_update_user`, `version`, `mx_edge`, `mx_pageid`, `mx_parent`, `mx_source`, `mx_style`, `mx_target`, `mx_value`, `mx_vertex`, `fk_mx_graph_id`) VALUES ('ff808181725050fe017250b8d1fb030c', '2020-05-26 00:00:09', 'admin', b'1', '2020-05-26 00:00:09', 'admin', 0, NULL, '13', '1', NULL, 'image;html=1;labelBackgroundColor=#ffffff00;image=/piflow-web/images/SelectField_128x128.png', NULL, 'SelectField', '1', 'ff808181725050fe017250b8d1fb0307');
INSERT INTO `mx_cell`(`id`, `crt_dttm`, `crt_user`, `enable_flag`, `last_update_dttm`, `last_update_user`, `version`, `mx_edge`, `mx_pageid`, `mx_parent`, `mx_source`, `mx_style`, `mx_target`, `mx_value`, `mx_vertex`, `fk_mx_graph_id`) VALUES ('ff808181725050fe017250b8d1fb030e', '2020-05-26 00:00:09', 'admin', b'1', '2020-05-26 00:00:09', 'admin', 0, '1', '42', '1', '18', 'edgeStyle=orthogonalEdgeStyle;rounded=0;orthogonalLoop=1;jettySize=auto;html=1;', '24', NULL, NULL, 'ff808181725050fe017250b8d1fb0307');
INSERT INTO `mx_cell`(`id`, `crt_dttm`, `crt_user`, `enable_flag`, `last_update_dttm`, `last_update_user`, `version`, `mx_edge`, `mx_pageid`, `mx_parent`, `mx_source`, `mx_style`, `mx_target`, `mx_value`, `mx_vertex`, `fk_mx_graph_id`) VALUES ('ff808181725050fe017250b8d1fb0310', '2020-05-26 00:00:09', 'admin', b'1', '2020-05-26 00:00:09', 'admin', 0, NULL, '15', '1', NULL, 'image;html=1;labelBackgroundColor=#ffffff00;image=/piflow-web/images/Merge_128x128.png', NULL, 'Merge', '1', 'ff808181725050fe017250b8d1fb0307');
INSERT INTO `mx_cell`(`id`, `crt_dttm`, `crt_user`, `enable_flag`, `last_update_dttm`, `last_update_user`, `version`, `mx_edge`, `mx_pageid`, `mx_parent`, `mx_source`, `mx_style`, `mx_target`, `mx_value`, `mx_vertex`, `fk_mx_graph_id`) VALUES ('ff808181725050fe017250b8d1fb0312', '2020-05-26 00:00:09', 'admin', b'1', '2020-05-26 00:00:09', 'admin', 0, '1', '38', '1', '4', 'edgeStyle=orthogonalEdgeStyle;rounded=0;orthogonalLoop=1;jettySize=auto;html=1;', '15', NULL, NULL, 'ff808181725050fe017250b8d1fb0307');
INSERT INTO `mx_cell`(`id`, `crt_dttm`, `crt_user`, `enable_flag`, `last_update_dttm`, `last_update_user`, `version`, `mx_edge`, `mx_pageid`, `mx_parent`, `mx_source`, `mx_style`, `mx_target`, `mx_value`, `mx_vertex`, `fk_mx_graph_id`) VALUES ('ff808181725050fe017250b8d1fb0314', '2020-05-26 00:00:09', 'admin', b'1', '2020-05-26 00:00:09', 'admin', 0, NULL, '18', '1', NULL, 'image;html=1;labelBackgroundColor=#ffffff00;image=/piflow-web/images/Fork_128x128.png', NULL, 'Fork', '1', 'ff808181725050fe017250b8d1fb0307');
INSERT INTO `mx_cell`(`id`, `crt_dttm`, `crt_user`, `enable_flag`, `last_update_dttm`, `last_update_user`, `version`, `mx_edge`, `mx_pageid`, `mx_parent`, `mx_source`, `mx_style`, `mx_target`, `mx_value`, `mx_vertex`, `fk_mx_graph_id`) VALUES ('ff808181725050fe017250b8d1fb0316', '2020-05-26 00:00:09', 'admin', b'1', '2020-05-26 00:00:09', 'admin', 0, '1', '41', '1', '18', 'edgeStyle=orthogonalEdgeStyle;rounded=0;orthogonalLoop=1;jettySize=auto;html=1;', '20', NULL, NULL, 'ff808181725050fe017250b8d1fb0307');
INSERT INTO `mx_cell`(`id`, `crt_dttm`, `crt_user`, `enable_flag`, `last_update_dttm`, `last_update_user`, `version`, `mx_edge`, `mx_pageid`, `mx_parent`, `mx_source`, `mx_style`, `mx_target`, `mx_value`, `mx_vertex`, `fk_mx_graph_id`) VALUES ('ff808181725050fe017250b8d1fb0318', '2020-05-26 00:00:09', 'admin', b'1', '2020-05-26 00:00:09', 'admin', 0, '1', '37', '1', '9', 'edgeStyle=orthogonalEdgeStyle;rounded=0;orthogonalLoop=1;jettySize=auto;html=1;', '13', NULL, NULL, 'ff808181725050fe017250b8d1fb0307');
INSERT INTO `mx_cell`(`id`, `crt_dttm`, `crt_user`, `enable_flag`, `last_update_dttm`, `last_update_user`, `version`, `mx_edge`, `mx_pageid`, `mx_parent`, `mx_source`, `mx_style`, `mx_target`, `mx_value`, `mx_vertex`, `fk_mx_graph_id`) VALUES ('ff808181725050fe017250b8d1fb031a', '2020-05-26 00:00:09', 'admin', b'1', '2020-05-26 00:00:09', 'admin', 0, NULL, '7', '1', NULL, 'text;html=1;align=center;verticalAlign=middle;resizable=0;points=[];autosize=1;', NULL, '模拟测试数据：<span style=\"font-size: 13.3333px\">title, author, age</span>', '1', 'ff808181725050fe017250b8d1fb0307');
INSERT INTO `mx_cell`(`id`, `crt_dttm`, `crt_user`, `enable_flag`, `last_update_dttm`, `last_update_user`, `version`, `mx_edge`, `mx_pageid`, `mx_parent`, `mx_source`, `mx_style`, `mx_target`, `mx_value`, `mx_vertex`, `fk_mx_graph_id`) VALUES ('ff808181725050fe017250b8d1fb031c', '2020-05-26 00:00:09', 'admin', b'1', '2020-05-26 00:00:09', 'admin', 0, NULL, '9', '1', NULL, 'image;html=1;labelBackgroundColor=#ffffff00;image=/piflow-web/images/MockData_128x128.png', NULL, 'MockData', '1', 'ff808181725050fe017250b8d1fb0307');
INSERT INTO `mx_cell`(`id`, `crt_dttm`, `crt_user`, `enable_flag`, `last_update_dttm`, `last_update_user`, `version`, `mx_edge`, `mx_pageid`, `mx_parent`, `mx_source`, `mx_style`, `mx_target`, `mx_value`, `mx_vertex`, `fk_mx_graph_id`) VALUES ('ff808181725050fe017250b8d1fb031e', '2020-05-26 00:00:09', 'admin', b'1', '2020-05-26 00:00:09', 'admin', 0, '1', '40', '1', '15', 'edgeStyle=orthogonalEdgeStyle;rounded=0;orthogonalLoop=1;jettySize=auto;html=1;', '18', NULL, NULL, 'ff808181725050fe017250b8d1fb0307');
INSERT INTO `mx_cell`(`id`, `crt_dttm`, `crt_user`, `enable_flag`, `last_update_dttm`, `last_update_user`, `version`, `mx_edge`, `mx_pageid`, `mx_parent`, `mx_source`, `mx_style`, `mx_target`, `mx_value`, `mx_vertex`, `fk_mx_graph_id`) VALUES ('ff808181725050fe017250b8d1fb0320', '2020-05-26 00:00:09', 'admin', b'1', '2020-05-26 00:00:09', 'admin', 0, '1', '43', '1', '18', 'edgeStyle=orthogonalEdgeStyle;rounded=0;orthogonalLoop=1;jettySize=auto;html=1;', '22', NULL, NULL, 'ff808181725050fe017250b8d1fb0307');
INSERT INTO `mx_cell`(`id`, `crt_dttm`, `crt_user`, `enable_flag`, `last_update_dttm`, `last_update_user`, `version`, `mx_edge`, `mx_pageid`, `mx_parent`, `mx_source`, `mx_style`, `mx_target`, `mx_value`, `mx_vertex`, `fk_mx_graph_id`) VALUES ('ff808181725050fe017250b8d1fb0322', '2020-05-26 00:00:09', 'admin', b'1', '2020-05-26 00:00:09', 'admin', 0, NULL, '20', '1', NULL, 'image;html=1;labelBackgroundColor=#ffffff00;image=/piflow-web/images/SelectField_128x128.png', NULL, 'SelectField', '1', 'ff808181725050fe017250b8d1fb0307');
INSERT INTO `mx_cell`(`id`, `crt_dttm`, `crt_user`, `enable_flag`, `last_update_dttm`, `last_update_user`, `version`, `mx_edge`, `mx_pageid`, `mx_parent`, `mx_source`, `mx_style`, `mx_target`, `mx_value`, `mx_vertex`, `fk_mx_graph_id`) VALUES ('ff808181725050fe017250b8d1fb0324', '2020-05-26 00:00:09', 'admin', b'1', '2020-05-26 00:00:09', 'admin', 0, '1', '39', '1', '13', 'edgeStyle=orthogonalEdgeStyle;rounded=0;orthogonalLoop=1;jettySize=auto;html=1;entryX=0.5;entryY=0;entryDx=0;entryDy=0;', '15', NULL, NULL, 'ff808181725050fe017250b8d1fb0307');
INSERT INTO `mx_cell`(`id`, `crt_dttm`, `crt_user`, `enable_flag`, `last_update_dttm`, `last_update_user`, `version`, `mx_edge`, `mx_pageid`, `mx_parent`, `mx_source`, `mx_style`, `mx_target`, `mx_value`, `mx_vertex`, `fk_mx_graph_id`) VALUES ('ff808181725050fe017250b8d1fb0326', '2020-05-26 00:00:09', 'admin', b'1', '2020-05-26 00:00:09', 'admin', 0, NULL, '24', '1', NULL, 'image;html=1;labelBackgroundColor=#ffffff00;image=/piflow-web/images/SelectField_128x128.png', NULL, 'SelectField', '1', 'ff808181725050fe017250b8d1fb0307');
INSERT INTO `mx_cell`(`id`, `crt_dttm`, `crt_user`, `enable_flag`, `last_update_dttm`, `last_update_user`, `version`, `mx_edge`, `mx_pageid`, `mx_parent`, `mx_source`, `mx_style`, `mx_target`, `mx_value`, `mx_vertex`, `fk_mx_graph_id`) VALUES ('ff808181725050fe017250b8d1fb0328', '2020-05-26 00:00:09', 'admin', b'1', '2020-05-26 00:00:09', 'admin', 0, NULL, '4', '1', NULL, 'image;html=1;labelBackgroundColor=#ffffff00;image=/piflow-web/images/MockData_128x128.png', NULL, 'MockData', '1', 'ff808181725050fe017250b8d1fb0307');
INSERT INTO `mx_cell`(`id`, `crt_dttm`, `crt_user`, `enable_flag`, `last_update_dttm`, `last_update_user`, `version`, `mx_edge`, `mx_pageid`, `mx_parent`, `mx_source`, `mx_style`, `mx_target`, `mx_value`, `mx_vertex`, `fk_mx_graph_id`) VALUES ('ff808181725050fe017250b8d1fb032a', '2020-05-26 00:00:09', 'admin', b'1', '2020-05-26 00:00:09', 'admin', 0, NULL, '28', '1', NULL, 'text;html=1;align=center;verticalAlign=middle;resizable=0;points=[];autosize=1;', NULL, '分流', '1', 'ff808181725050fe017250b8d1fb0307');
INSERT INTO `mx_cell`(`id`, `crt_dttm`, `crt_user`, `enable_flag`, `last_update_dttm`, `last_update_user`, `version`, `mx_edge`, `mx_pageid`, `mx_parent`, `mx_source`, `mx_style`, `mx_target`, `mx_value`, `mx_vertex`, `fk_mx_graph_id`) VALUES ('ff808181725050fe017250b8d1fb032c', '2020-05-26 00:00:09', 'admin', b'1', '2020-05-26 00:00:09', 'admin', 0, NULL, '22', '1', NULL, 'image;html=1;labelBackgroundColor=#ffffff00;image=/piflow-web/images/SelectField_128x128.png', NULL, 'SelectField', '1', 'ff808181725050fe017250b8d1fb0307');
INSERT INTO `mx_cell`(`id`, `crt_dttm`, `crt_user`, `enable_flag`, `last_update_dttm`, `last_update_user`, `version`, `mx_edge`, `mx_pageid`, `mx_parent`, `mx_source`, `mx_style`, `mx_target`, `mx_value`, `mx_vertex`, `fk_mx_graph_id`) VALUES ('ff808181725050fe017250b8d1fb032e', '2020-05-26 00:00:09', 'admin', b'1', '2020-05-26 00:00:09', 'admin', 0, NULL, '26', '1', NULL, 'text;html=1;align=center;verticalAlign=middle;resizable=0;points=[];autosize=1;', NULL, '选择数据：<span style=\"font-size: 13.3333px\">title, author, age</span>', '1', 'ff808181725050fe017250b8d1fb0307');
INSERT INTO `mx_cell`(`id`, `crt_dttm`, `crt_user`, `enable_flag`, `last_update_dttm`, `last_update_user`, `version`, `mx_edge`, `mx_pageid`, `mx_parent`, `mx_source`, `mx_style`, `mx_target`, `mx_value`, `mx_vertex`, `fk_mx_graph_id`) VALUES ('ff808181725050fe017250b8d1fb0330', '2020-05-26 00:00:09', 'admin', b'1', '2020-05-26 00:00:09', 'admin', 0, NULL, '12', '1', NULL, 'text;html=1;align=center;verticalAlign=middle;resizable=0;points=[];autosize=1;', NULL, '模拟生成数据：title, author, age, gender', '1', 'ff808181725050fe017250b8d1fb0307');
INSERT INTO `mx_cell`(`id`, `crt_dttm`, `crt_user`, `enable_flag`, `last_update_dttm`, `last_update_user`, `version`, `mx_edge`, `mx_pageid`, `mx_parent`, `mx_source`, `mx_style`, `mx_target`, `mx_value`, `mx_vertex`, `fk_mx_graph_id`) VALUES ('ff808181725050fe017250b8d1fc0333', '2020-05-26 00:00:09', 'admin', b'1', '2020-05-26 00:00:09', 'admin', 0, NULL, '4', '1', NULL, 'image;html=1;labelBackgroundColor=#ffffff00;image=/piflow-web/img/flow.png', NULL, 'person2Neo4j', '1', 'ff808181725050fe017250b8d1fc0332');
INSERT INTO `mx_cell`(`id`, `crt_dttm`, `crt_user`, `enable_flag`, `last_update_dttm`, `last_update_user`, `version`, `mx_edge`, `mx_pageid`, `mx_parent`, `mx_source`, `mx_style`, `mx_target`, `mx_value`, `mx_vertex`, `fk_mx_graph_id`) VALUES ('ff808181725050fe017250b8d1fc0335', '2020-05-26 00:00:09', 'admin', b'1', '2020-05-26 00:00:09', 'admin', 0, NULL, '3', '1', NULL, 'image;html=1;labelBackgroundColor=#ffffff00;image=/piflow-web/img/flow.png', NULL, 'product2Neo4j', '1', 'ff808181725050fe017250b8d1fc0332');
INSERT INTO `mx_cell`(`id`, `crt_dttm`, `crt_user`, `enable_flag`, `last_update_dttm`, `last_update_user`, `version`, `mx_edge`, `mx_pageid`, `mx_parent`, `mx_source`, `mx_style`, `mx_target`, `mx_value`, `mx_vertex`, `fk_mx_graph_id`) VALUES ('ff808181725050fe017250b8d1fc0337', '2020-05-26 00:00:09', 'admin', b'1', '2020-05-26 00:00:09', 'admin', 0, '1', '5', '1', '3', 'edgeStyle=orthogonalEdgeStyle;rounded=0;orthogonalLoop=1;jettySize=auto;html=1;', '4', NULL, NULL, 'ff808181725050fe017250b8d1fc0332');
INSERT INTO `mx_cell`(`id`, `crt_dttm`, `crt_user`, `enable_flag`, `last_update_dttm`, `last_update_user`, `version`, `mx_edge`, `mx_pageid`, `mx_parent`, `mx_source`, `mx_style`, `mx_target`, `mx_value`, `mx_vertex`, `fk_mx_graph_id`) VALUES ('ff808181725050fe017250b8d1fc0339', '2020-05-26 00:00:09', 'admin', b'1', '2020-05-26 00:00:09', 'admin', 0, NULL, '0', NULL, NULL, NULL, NULL, NULL, NULL, 'ff808181725050fe017250b8d1fc0332');
INSERT INTO `mx_cell`(`id`, `crt_dttm`, `crt_user`, `enable_flag`, `last_update_dttm`, `last_update_user`, `version`, `mx_edge`, `mx_pageid`, `mx_parent`, `mx_source`, `mx_style`, `mx_target`, `mx_value`, `mx_vertex`, `fk_mx_graph_id`) VALUES ('ff808181725050fe017250b8d1fc033a', '2020-05-26 00:00:09', 'admin', b'1', '2020-05-26 00:00:09', 'admin', 0, NULL, '1', '0', NULL, NULL, NULL, NULL, NULL, 'ff808181725050fe017250b8d1fc0332');
INSERT INTO `mx_cell`(`id`, `crt_dttm`, `crt_user`, `enable_flag`, `last_update_dttm`, `last_update_user`, `version`, `mx_edge`, `mx_pageid`, `mx_parent`, `mx_source`, `mx_style`, `mx_target`, `mx_value`, `mx_vertex`, `fk_mx_graph_id`) VALUES ('ff808181725050fe017250b8d1fc035b', '2020-05-26 00:00:09', 'admin', b'1', '2020-05-26 00:00:09', 'admin', 0, NULL, '0', NULL, NULL, NULL, NULL, NULL, NULL, 'ff808181725050fe017250b8d1fc035a');
INSERT INTO `mx_cell`(`id`, `crt_dttm`, `crt_user`, `enable_flag`, `last_update_dttm`, `last_update_user`, `version`, `mx_edge`, `mx_pageid`, `mx_parent`, `mx_source`, `mx_style`, `mx_target`, `mx_value`, `mx_vertex`, `fk_mx_graph_id`) VALUES ('ff808181725050fe017250b8d1fc035c', '2020-05-26 00:00:09', 'admin', b'1', '2020-05-26 00:00:09', 'admin', 0, NULL, '1', '0', NULL, NULL, NULL, NULL, NULL, 'ff808181725050fe017250b8d1fc035a');
INSERT INTO `mx_cell`(`id`, `crt_dttm`, `crt_user`, `enable_flag`, `last_update_dttm`, `last_update_user`, `version`, `mx_edge`, `mx_pageid`, `mx_parent`, `mx_source`, `mx_style`, `mx_target`, `mx_value`, `mx_vertex`, `fk_mx_graph_id`) VALUES ('ff808181725050fe017250b8d1fc035d', '2020-05-26 00:00:09', 'admin', b'1', '2020-05-26 00:00:09', 'admin', 0, NULL, '28', '1', NULL, 'text;html=1;align=center;verticalAlign=middle;resizable=0;points=[];autosize=1;', NULL, '合流', '1', 'ff808181725050fe017250b8d1fc035a');
INSERT INTO `mx_cell`(`id`, `crt_dttm`, `crt_user`, `enable_flag`, `last_update_dttm`, `last_update_user`, `version`, `mx_edge`, `mx_pageid`, `mx_parent`, `mx_source`, `mx_style`, `mx_target`, `mx_value`, `mx_vertex`, `fk_mx_graph_id`) VALUES ('ff808181725050fe017250b8d1fc035f', '2020-05-26 00:00:09', 'admin', b'1', '2020-05-26 00:00:09', 'admin', 0, NULL, '14', '1', NULL, 'image;html=1;labelBackgroundColor=#ffffff00;image=/piflow-web/images/SelectField_128x128.png', NULL, 'SelectField', '1', 'ff808181725050fe017250b8d1fc035a');
INSERT INTO `mx_cell`(`id`, `crt_dttm`, `crt_user`, `enable_flag`, `last_update_dttm`, `last_update_user`, `version`, `mx_edge`, `mx_pageid`, `mx_parent`, `mx_source`, `mx_style`, `mx_target`, `mx_value`, `mx_vertex`, `fk_mx_graph_id`) VALUES ('ff808181725050fe017250b8d1fd0361', '2020-05-26 00:00:09', 'admin', b'1', '2020-05-26 00:00:09', 'admin', 0, '1', '43', '1', '19', 'edgeStyle=orthogonalEdgeStyle;rounded=0;orthogonalLoop=1;jettySize=auto;html=1;', '25', NULL, NULL, 'ff808181725050fe017250b8d1fc035a');
INSERT INTO `mx_cell`(`id`, `crt_dttm`, `crt_user`, `enable_flag`, `last_update_dttm`, `last_update_user`, `version`, `mx_edge`, `mx_pageid`, `mx_parent`, `mx_source`, `mx_style`, `mx_target`, `mx_value`, `mx_vertex`, `fk_mx_graph_id`) VALUES ('ff808181725050fe017250b8d1fd0363', '2020-05-26 00:00:09', 'admin', b'1', '2020-05-26 00:00:09', 'admin', 0, NULL, '16', '1', NULL, 'image;html=1;labelBackgroundColor=#ffffff00;image=/piflow-web/images/Merge_128x128.png', NULL, 'Merge', '1', 'ff808181725050fe017250b8d1fc035a');
INSERT INTO `mx_cell`(`id`, `crt_dttm`, `crt_user`, `enable_flag`, `last_update_dttm`, `last_update_user`, `version`, `mx_edge`, `mx_pageid`, `mx_parent`, `mx_source`, `mx_style`, `mx_target`, `mx_value`, `mx_vertex`, `fk_mx_graph_id`) VALUES ('ff808181725050fe017250b8d1fd0365', '2020-05-26 00:00:09', 'admin', b'1', '2020-05-26 00:00:09', 'admin', 0, '1', '39', '1', '5', 'edgeStyle=orthogonalEdgeStyle;rounded=0;orthogonalLoop=1;jettySize=auto;html=1;', '16', NULL, NULL, 'ff808181725050fe017250b8d1fc035a');
INSERT INTO `mx_cell`(`id`, `crt_dttm`, `crt_user`, `enable_flag`, `last_update_dttm`, `last_update_user`, `version`, `mx_edge`, `mx_pageid`, `mx_parent`, `mx_source`, `mx_style`, `mx_target`, `mx_value`, `mx_vertex`, `fk_mx_graph_id`) VALUES ('ff808181725050fe017250b8d1fd0367', '2020-05-26 00:00:09', 'admin', b'1', '2020-05-26 00:00:09', 'admin', 0, NULL, '19', '1', NULL, 'image;html=1;labelBackgroundColor=#ffffff00;image=/piflow-web/images/Fork_128x128.png', NULL, 'Fork', '1', 'ff808181725050fe017250b8d1fc035a');
INSERT INTO `mx_cell`(`id`, `crt_dttm`, `crt_user`, `enable_flag`, `last_update_dttm`, `last_update_user`, `version`, `mx_edge`, `mx_pageid`, `mx_parent`, `mx_source`, `mx_style`, `mx_target`, `mx_value`, `mx_vertex`, `fk_mx_graph_id`) VALUES ('ff808181725050fe017250b8d1fd0369', '2020-05-26 00:00:09', 'admin', b'1', '2020-05-26 00:00:09', 'admin', 0, '1', '42', '1', '19', 'edgeStyle=orthogonalEdgeStyle;rounded=0;orthogonalLoop=1;jettySize=auto;html=1;', '21', NULL, NULL, 'ff808181725050fe017250b8d1fc035a');
INSERT INTO `mx_cell`(`id`, `crt_dttm`, `crt_user`, `enable_flag`, `last_update_dttm`, `last_update_user`, `version`, `mx_edge`, `mx_pageid`, `mx_parent`, `mx_source`, `mx_style`, `mx_target`, `mx_value`, `mx_vertex`, `fk_mx_graph_id`) VALUES ('ff808181725050fe017250b8d1fd036b', '2020-05-26 00:00:09', 'admin', b'1', '2020-05-26 00:00:09', 'admin', 0, '1', '38', '1', '10', 'edgeStyle=orthogonalEdgeStyle;rounded=0;orthogonalLoop=1;jettySize=auto;html=1;', '14', NULL, NULL, 'ff808181725050fe017250b8d1fc035a');
INSERT INTO `mx_cell`(`id`, `crt_dttm`, `crt_user`, `enable_flag`, `last_update_dttm`, `last_update_user`, `version`, `mx_edge`, `mx_pageid`, `mx_parent`, `mx_source`, `mx_style`, `mx_target`, `mx_value`, `mx_vertex`, `fk_mx_graph_id`) VALUES ('ff808181725050fe017250b8d1fd036d', '2020-05-26 00:00:09', 'admin', b'1', '2020-05-26 00:00:09', 'admin', 0, NULL, '8', '1', NULL, 'text;html=1;align=center;verticalAlign=middle;resizable=0;points=[];autosize=1;', NULL, '模拟测试数据：<span style=\"font-size: 13.3333px\">title, author, age</span>', '1', 'ff808181725050fe017250b8d1fc035a');
INSERT INTO `mx_cell`(`id`, `crt_dttm`, `crt_user`, `enable_flag`, `last_update_dttm`, `last_update_user`, `version`, `mx_edge`, `mx_pageid`, `mx_parent`, `mx_source`, `mx_style`, `mx_target`, `mx_value`, `mx_vertex`, `fk_mx_graph_id`) VALUES ('ff808181725050fe017250b8d1fd036f', '2020-05-26 00:00:09', 'admin', b'1', '2020-05-26 00:00:09', 'admin', 0, NULL, '10', '1', NULL, 'image;html=1;labelBackgroundColor=#ffffff00;image=/piflow-web/images/MockData_128x128.png', NULL, 'MockData7', '1', 'ff808181725050fe017250b8d1fc035a');
INSERT INTO `mx_cell`(`id`, `crt_dttm`, `crt_user`, `enable_flag`, `last_update_dttm`, `last_update_user`, `version`, `mx_edge`, `mx_pageid`, `mx_parent`, `mx_source`, `mx_style`, `mx_target`, `mx_value`, `mx_vertex`, `fk_mx_graph_id`) VALUES ('ff808181725050fe017250b8d1fd0371', '2020-05-26 00:00:09', 'admin', b'1', '2020-05-26 00:00:09', 'admin', 0, '1', '41', '1', '16', 'edgeStyle=orthogonalEdgeStyle;rounded=0;orthogonalLoop=1;jettySize=auto;html=1;', '19', NULL, NULL, 'ff808181725050fe017250b8d1fc035a');
INSERT INTO `mx_cell`(`id`, `crt_dttm`, `crt_user`, `enable_flag`, `last_update_dttm`, `last_update_user`, `version`, `mx_edge`, `mx_pageid`, `mx_parent`, `mx_source`, `mx_style`, `mx_target`, `mx_value`, `mx_vertex`, `fk_mx_graph_id`) VALUES ('ff808181725050fe017250b8d1fd0373', '2020-05-26 00:00:09', 'admin', b'1', '2020-05-26 00:00:09', 'admin', 0, '1', '44', '1', '19', 'edgeStyle=orthogonalEdgeStyle;rounded=0;orthogonalLoop=1;jettySize=auto;html=1;', '23', NULL, NULL, 'ff808181725050fe017250b8d1fc035a');
INSERT INTO `mx_cell`(`id`, `crt_dttm`, `crt_user`, `enable_flag`, `last_update_dttm`, `last_update_user`, `version`, `mx_edge`, `mx_pageid`, `mx_parent`, `mx_source`, `mx_style`, `mx_target`, `mx_value`, `mx_vertex`, `fk_mx_graph_id`) VALUES ('ff808181725050fe017250b8d1fd0375', '2020-05-26 00:00:09', 'admin', b'1', '2020-05-26 00:00:09', 'admin', 0, NULL, '21', '1', NULL, 'image;html=1;labelBackgroundColor=#ffffff00;image=/piflow-web/images/SelectField_128x128.png', NULL, 'SelectField18', '1', 'ff808181725050fe017250b8d1fc035a');
INSERT INTO `mx_cell`(`id`, `crt_dttm`, `crt_user`, `enable_flag`, `last_update_dttm`, `last_update_user`, `version`, `mx_edge`, `mx_pageid`, `mx_parent`, `mx_source`, `mx_style`, `mx_target`, `mx_value`, `mx_vertex`, `fk_mx_graph_id`) VALUES ('ff808181725050fe017250b8d1fd0377', '2020-05-26 00:00:09', 'admin', b'1', '2020-05-26 00:00:09', 'admin', 0, '1', '40', '1', '14', 'edgeStyle=orthogonalEdgeStyle;rounded=0;orthogonalLoop=1;jettySize=auto;html=1;entryX=0.5;entryY=0;entryDx=0;entryDy=0;', '16', NULL, NULL, 'ff808181725050fe017250b8d1fc035a');
INSERT INTO `mx_cell`(`id`, `crt_dttm`, `crt_user`, `enable_flag`, `last_update_dttm`, `last_update_user`, `version`, `mx_edge`, `mx_pageid`, `mx_parent`, `mx_source`, `mx_style`, `mx_target`, `mx_value`, `mx_vertex`, `fk_mx_graph_id`) VALUES ('ff808181725050fe017250b8d1fd0379', '2020-05-26 00:00:09', 'admin', b'1', '2020-05-26 00:00:09', 'admin', 0, NULL, '25', '1', NULL, 'image;html=1;labelBackgroundColor=#ffffff00;image=/piflow-web/images/SelectField_128x128.png', NULL, 'SelectField22', '1', 'ff808181725050fe017250b8d1fc035a');
INSERT INTO `mx_cell`(`id`, `crt_dttm`, `crt_user`, `enable_flag`, `last_update_dttm`, `last_update_user`, `version`, `mx_edge`, `mx_pageid`, `mx_parent`, `mx_source`, `mx_style`, `mx_target`, `mx_value`, `mx_vertex`, `fk_mx_graph_id`) VALUES ('ff808181725050fe017250b8d1fd037b', '2020-05-26 00:00:09', 'admin', b'1', '2020-05-26 00:00:09', 'admin', 0, NULL, '5', '1', NULL, 'image;html=1;labelBackgroundColor=#ffffff00;image=/piflow-web/images/MockData_128x128.png', NULL, 'MockData', '1', 'ff808181725050fe017250b8d1fc035a');
INSERT INTO `mx_cell`(`id`, `crt_dttm`, `crt_user`, `enable_flag`, `last_update_dttm`, `last_update_user`, `version`, `mx_edge`, `mx_pageid`, `mx_parent`, `mx_source`, `mx_style`, `mx_target`, `mx_value`, `mx_vertex`, `fk_mx_graph_id`) VALUES ('ff808181725050fe017250b8d1fd037d', '2020-05-26 00:00:09', 'admin', b'1', '2020-05-26 00:00:09', 'admin', 0, NULL, '29', '1', NULL, 'text;html=1;align=center;verticalAlign=middle;resizable=0;points=[];autosize=1;', NULL, '分流', '1', 'ff808181725050fe017250b8d1fc035a');
INSERT INTO `mx_cell`(`id`, `crt_dttm`, `crt_user`, `enable_flag`, `last_update_dttm`, `last_update_user`, `version`, `mx_edge`, `mx_pageid`, `mx_parent`, `mx_source`, `mx_style`, `mx_target`, `mx_value`, `mx_vertex`, `fk_mx_graph_id`) VALUES ('ff808181725050fe017250b8d1fd037f', '2020-05-26 00:00:09', 'admin', b'1', '2020-05-26 00:00:09', 'admin', 0, NULL, '23', '1', NULL, 'image;html=1;labelBackgroundColor=#ffffff00;image=/piflow-web/images/SelectField_128x128.png', NULL, 'SelectField20', '1', 'ff808181725050fe017250b8d1fc035a');
INSERT INTO `mx_cell`(`id`, `crt_dttm`, `crt_user`, `enable_flag`, `last_update_dttm`, `last_update_user`, `version`, `mx_edge`, `mx_pageid`, `mx_parent`, `mx_source`, `mx_style`, `mx_target`, `mx_value`, `mx_vertex`, `fk_mx_graph_id`) VALUES ('ff808181725050fe017250b8d1fd0381', '2020-05-26 00:00:09', 'admin', b'1', '2020-05-26 00:00:09', 'admin', 0, NULL, '27', '1', NULL, 'text;html=1;align=center;verticalAlign=middle;resizable=0;points=[];autosize=1;', NULL, '选择数据：<span style=\"font-size: 13.3333px\">title, author, age</span>', '1', 'ff808181725050fe017250b8d1fc035a');
INSERT INTO `mx_cell`(`id`, `crt_dttm`, `crt_user`, `enable_flag`, `last_update_dttm`, `last_update_user`, `version`, `mx_edge`, `mx_pageid`, `mx_parent`, `mx_source`, `mx_style`, `mx_target`, `mx_value`, `mx_vertex`, `fk_mx_graph_id`) VALUES ('ff808181725050fe017250b8d1fd0383', '2020-05-26 00:00:09', 'admin', b'1', '2020-05-26 00:00:09', 'admin', 0, NULL, '13', '1', NULL, 'text;html=1;align=center;verticalAlign=middle;resizable=0;points=[];autosize=1;', NULL, '模拟生成数据：title, author, age, gender', '1', 'ff808181725050fe017250b8d1fc035a');
INSERT INTO `mx_cell`(`id`, `crt_dttm`, `crt_user`, `enable_flag`, `last_update_dttm`, `last_update_user`, `version`, `mx_edge`, `mx_pageid`, `mx_parent`, `mx_source`, `mx_style`, `mx_target`, `mx_value`, `mx_vertex`, `fk_mx_graph_id`) VALUES ('ff808181725050fe017250b8d1fe03a0', '2020-05-26 00:00:09', 'admin', b'1', '2020-05-26 00:00:09', 'admin', 0, NULL, '0', NULL, NULL, NULL, NULL, NULL, NULL, 'ff808181725050fe017250b8d1fe039f');
INSERT INTO `mx_cell`(`id`, `crt_dttm`, `crt_user`, `enable_flag`, `last_update_dttm`, `last_update_user`, `version`, `mx_edge`, `mx_pageid`, `mx_parent`, `mx_source`, `mx_style`, `mx_target`, `mx_value`, `mx_vertex`, `fk_mx_graph_id`) VALUES ('ff808181725050fe017250b8d1fe03a1', '2020-05-26 00:00:09', 'admin', b'1', '2020-05-26 00:00:09', 'admin', 0, NULL, '1', '0', NULL, NULL, NULL, NULL, NULL, 'ff808181725050fe017250b8d1fe039f');
INSERT INTO `mx_cell`(`id`, `crt_dttm`, `crt_user`, `enable_flag`, `last_update_dttm`, `last_update_user`, `version`, `mx_edge`, `mx_pageid`, `mx_parent`, `mx_source`, `mx_style`, `mx_target`, `mx_value`, `mx_vertex`, `fk_mx_graph_id`) VALUES ('ff808181725050fe017250b8d1fe03a2', '2020-05-26 00:00:09', 'admin', b'1', '2020-05-26 00:00:09', 'admin', 0, NULL, '28', '1', NULL, 'text;html=1;align=center;verticalAlign=middle;resizable=0;points=[];autosize=1;', NULL, '合流', '1', 'ff808181725050fe017250b8d1fe039f');
INSERT INTO `mx_cell`(`id`, `crt_dttm`, `crt_user`, `enable_flag`, `last_update_dttm`, `last_update_user`, `version`, `mx_edge`, `mx_pageid`, `mx_parent`, `mx_source`, `mx_style`, `mx_target`, `mx_value`, `mx_vertex`, `fk_mx_graph_id`) VALUES ('ff808181725050fe017250b8d1fe03a4', '2020-05-26 00:00:09', 'admin', b'1', '2020-05-26 00:00:09', 'admin', 0, NULL, '14', '1', NULL, 'image;html=1;labelBackgroundColor=#ffffff00;image=/piflow-web/images/SelectField_128x128.png', NULL, 'SelectField', '1', 'ff808181725050fe017250b8d1fe039f');
INSERT INTO `mx_cell`(`id`, `crt_dttm`, `crt_user`, `enable_flag`, `last_update_dttm`, `last_update_user`, `version`, `mx_edge`, `mx_pageid`, `mx_parent`, `mx_source`, `mx_style`, `mx_target`, `mx_value`, `mx_vertex`, `fk_mx_graph_id`) VALUES ('ff808181725050fe017250b8d1fe03a6', '2020-05-26 00:00:09', 'admin', b'1', '2020-05-26 00:00:09', 'admin', 0, '1', '43', '1', '19', 'edgeStyle=orthogonalEdgeStyle;rounded=0;orthogonalLoop=1;jettySize=auto;html=1;', '25', NULL, NULL, 'ff808181725050fe017250b8d1fe039f');
INSERT INTO `mx_cell`(`id`, `crt_dttm`, `crt_user`, `enable_flag`, `last_update_dttm`, `last_update_user`, `version`, `mx_edge`, `mx_pageid`, `mx_parent`, `mx_source`, `mx_style`, `mx_target`, `mx_value`, `mx_vertex`, `fk_mx_graph_id`) VALUES ('ff808181725050fe017250b8d1fe03a8', '2020-05-26 00:00:09', 'admin', b'1', '2020-05-26 00:00:09', 'admin', 0, NULL, '16', '1', NULL, 'image;html=1;labelBackgroundColor=#ffffff00;image=/piflow-web/images/Merge_128x128.png', NULL, 'Merge', '1', 'ff808181725050fe017250b8d1fe039f');
INSERT INTO `mx_cell`(`id`, `crt_dttm`, `crt_user`, `enable_flag`, `last_update_dttm`, `last_update_user`, `version`, `mx_edge`, `mx_pageid`, `mx_parent`, `mx_source`, `mx_style`, `mx_target`, `mx_value`, `mx_vertex`, `fk_mx_graph_id`) VALUES ('ff808181725050fe017250b8d1fe03aa', '2020-05-26 00:00:09', 'admin', b'1', '2020-05-26 00:00:09', 'admin', 0, '1', '39', '1', '5', 'edgeStyle=orthogonalEdgeStyle;rounded=0;orthogonalLoop=1;jettySize=auto;html=1;', '16', NULL, NULL, 'ff808181725050fe017250b8d1fe039f');
INSERT INTO `mx_cell`(`id`, `crt_dttm`, `crt_user`, `enable_flag`, `last_update_dttm`, `last_update_user`, `version`, `mx_edge`, `mx_pageid`, `mx_parent`, `mx_source`, `mx_style`, `mx_target`, `mx_value`, `mx_vertex`, `fk_mx_graph_id`) VALUES ('ff808181725050fe017250b8d1fe03ac', '2020-05-26 00:00:09', 'admin', b'1', '2020-05-26 00:00:09', 'admin', 0, NULL, '19', '1', NULL, 'image;html=1;labelBackgroundColor=#ffffff00;image=/piflow-web/images/Fork_128x128.png', NULL, 'Fork', '1', 'ff808181725050fe017250b8d1fe039f');
INSERT INTO `mx_cell`(`id`, `crt_dttm`, `crt_user`, `enable_flag`, `last_update_dttm`, `last_update_user`, `version`, `mx_edge`, `mx_pageid`, `mx_parent`, `mx_source`, `mx_style`, `mx_target`, `mx_value`, `mx_vertex`, `fk_mx_graph_id`) VALUES ('ff808181725050fe017250b8d1fe03ae', '2020-05-26 00:00:09', 'admin', b'1', '2020-05-26 00:00:09', 'admin', 0, '1', '42', '1', '19', 'edgeStyle=orthogonalEdgeStyle;rounded=0;orthogonalLoop=1;jettySize=auto;html=1;', '21', NULL, NULL, 'ff808181725050fe017250b8d1fe039f');
INSERT INTO `mx_cell`(`id`, `crt_dttm`, `crt_user`, `enable_flag`, `last_update_dttm`, `last_update_user`, `version`, `mx_edge`, `mx_pageid`, `mx_parent`, `mx_source`, `mx_style`, `mx_target`, `mx_value`, `mx_vertex`, `fk_mx_graph_id`) VALUES ('ff808181725050fe017250b8d1fe03b0', '2020-05-26 00:00:09', 'admin', b'1', '2020-05-26 00:00:09', 'admin', 0, '1', '38', '1', '10', 'edgeStyle=orthogonalEdgeStyle;rounded=0;orthogonalLoop=1;jettySize=auto;html=1;', '14', NULL, NULL, 'ff808181725050fe017250b8d1fe039f');
INSERT INTO `mx_cell`(`id`, `crt_dttm`, `crt_user`, `enable_flag`, `last_update_dttm`, `last_update_user`, `version`, `mx_edge`, `mx_pageid`, `mx_parent`, `mx_source`, `mx_style`, `mx_target`, `mx_value`, `mx_vertex`, `fk_mx_graph_id`) VALUES ('ff808181725050fe017250b8d1fe03b2', '2020-05-26 00:00:09', 'admin', b'1', '2020-05-26 00:00:09', 'admin', 0, NULL, '8', '1', NULL, 'text;html=1;align=center;verticalAlign=middle;resizable=0;points=[];autosize=1;', NULL, '模拟测试数据：<span style=\"font-size: 13.3333px\">title, author, age</span>', '1', 'ff808181725050fe017250b8d1fe039f');
INSERT INTO `mx_cell`(`id`, `crt_dttm`, `crt_user`, `enable_flag`, `last_update_dttm`, `last_update_user`, `version`, `mx_edge`, `mx_pageid`, `mx_parent`, `mx_source`, `mx_style`, `mx_target`, `mx_value`, `mx_vertex`, `fk_mx_graph_id`) VALUES ('ff808181725050fe017250b8d1fe03b4', '2020-05-26 00:00:09', 'admin', b'1', '2020-05-26 00:00:09', 'admin', 0, NULL, '10', '1', NULL, 'image;html=1;labelBackgroundColor=#ffffff00;image=/piflow-web/images/MockData_128x128.png', NULL, 'MockData7', '1', 'ff808181725050fe017250b8d1fe039f');
INSERT INTO `mx_cell`(`id`, `crt_dttm`, `crt_user`, `enable_flag`, `last_update_dttm`, `last_update_user`, `version`, `mx_edge`, `mx_pageid`, `mx_parent`, `mx_source`, `mx_style`, `mx_target`, `mx_value`, `mx_vertex`, `fk_mx_graph_id`) VALUES ('ff808181725050fe017250b8d1fe03b6', '2020-05-26 00:00:09', 'admin', b'1', '2020-05-26 00:00:09', 'admin', 0, '1', '41', '1', '16', 'edgeStyle=orthogonalEdgeStyle;rounded=0;orthogonalLoop=1;jettySize=auto;html=1;', '19', NULL, NULL, 'ff808181725050fe017250b8d1fe039f');
INSERT INTO `mx_cell`(`id`, `crt_dttm`, `crt_user`, `enable_flag`, `last_update_dttm`, `last_update_user`, `version`, `mx_edge`, `mx_pageid`, `mx_parent`, `mx_source`, `mx_style`, `mx_target`, `mx_value`, `mx_vertex`, `fk_mx_graph_id`) VALUES ('ff808181725050fe017250b8d1fe03b8', '2020-05-26 00:00:09', 'admin', b'1', '2020-05-26 00:00:09', 'admin', 0, '1', '44', '1', '19', 'edgeStyle=orthogonalEdgeStyle;rounded=0;orthogonalLoop=1;jettySize=auto;html=1;', '23', NULL, NULL, 'ff808181725050fe017250b8d1fe039f');
INSERT INTO `mx_cell`(`id`, `crt_dttm`, `crt_user`, `enable_flag`, `last_update_dttm`, `last_update_user`, `version`, `mx_edge`, `mx_pageid`, `mx_parent`, `mx_source`, `mx_style`, `mx_target`, `mx_value`, `mx_vertex`, `fk_mx_graph_id`) VALUES ('ff808181725050fe017250b8d1fe03ba', '2020-05-26 00:00:09', 'admin', b'1', '2020-05-26 00:00:09', 'admin', 0, NULL, '21', '1', NULL, 'image;html=1;labelBackgroundColor=#ffffff00;image=/piflow-web/images/SelectField_128x128.png', NULL, 'SelectField18', '1', 'ff808181725050fe017250b8d1fe039f');
INSERT INTO `mx_cell`(`id`, `crt_dttm`, `crt_user`, `enable_flag`, `last_update_dttm`, `last_update_user`, `version`, `mx_edge`, `mx_pageid`, `mx_parent`, `mx_source`, `mx_style`, `mx_target`, `mx_value`, `mx_vertex`, `fk_mx_graph_id`) VALUES ('ff808181725050fe017250b8d1fe03bc', '2020-05-26 00:00:09', 'admin', b'1', '2020-05-26 00:00:09', 'admin', 0, '1', '40', '1', '14', 'edgeStyle=orthogonalEdgeStyle;rounded=0;orthogonalLoop=1;jettySize=auto;html=1;entryX=0.5;entryY=0;entryDx=0;entryDy=0;', '16', NULL, NULL, 'ff808181725050fe017250b8d1fe039f');
INSERT INTO `mx_cell`(`id`, `crt_dttm`, `crt_user`, `enable_flag`, `last_update_dttm`, `last_update_user`, `version`, `mx_edge`, `mx_pageid`, `mx_parent`, `mx_source`, `mx_style`, `mx_target`, `mx_value`, `mx_vertex`, `fk_mx_graph_id`) VALUES ('ff808181725050fe017250b8d1fe03be', '2020-05-26 00:00:09', 'admin', b'1', '2020-05-26 00:00:09', 'admin', 0, NULL, '25', '1', NULL, 'image;html=1;labelBackgroundColor=#ffffff00;image=/piflow-web/images/SelectField_128x128.png', NULL, 'SelectField22', '1', 'ff808181725050fe017250b8d1fe039f');
INSERT INTO `mx_cell`(`id`, `crt_dttm`, `crt_user`, `enable_flag`, `last_update_dttm`, `last_update_user`, `version`, `mx_edge`, `mx_pageid`, `mx_parent`, `mx_source`, `mx_style`, `mx_target`, `mx_value`, `mx_vertex`, `fk_mx_graph_id`) VALUES ('ff808181725050fe017250b8d1fe03c0', '2020-05-26 00:00:09', 'admin', b'1', '2020-05-26 00:00:09', 'admin', 0, NULL, '5', '1', NULL, 'image;html=1;labelBackgroundColor=#ffffff00;image=/piflow-web/images/MockData_128x128.png', NULL, 'MockData', '1', 'ff808181725050fe017250b8d1fe039f');
INSERT INTO `mx_cell`(`id`, `crt_dttm`, `crt_user`, `enable_flag`, `last_update_dttm`, `last_update_user`, `version`, `mx_edge`, `mx_pageid`, `mx_parent`, `mx_source`, `mx_style`, `mx_target`, `mx_value`, `mx_vertex`, `fk_mx_graph_id`) VALUES ('ff808181725050fe017250b8d1fe03c2', '2020-05-26 00:00:09', 'admin', b'1', '2020-05-26 00:00:09', 'admin', 0, NULL, '29', '1', NULL, 'text;html=1;align=center;verticalAlign=middle;resizable=0;points=[];autosize=1;', NULL, '分流', '1', 'ff808181725050fe017250b8d1fe039f');
INSERT INTO `mx_cell`(`id`, `crt_dttm`, `crt_user`, `enable_flag`, `last_update_dttm`, `last_update_user`, `version`, `mx_edge`, `mx_pageid`, `mx_parent`, `mx_source`, `mx_style`, `mx_target`, `mx_value`, `mx_vertex`, `fk_mx_graph_id`) VALUES ('ff808181725050fe017250b8d1fe03c4', '2020-05-26 00:00:09', 'admin', b'1', '2020-05-26 00:00:09', 'admin', 0, NULL, '23', '1', NULL, 'image;html=1;labelBackgroundColor=#ffffff00;image=/piflow-web/images/SelectField_128x128.png', NULL, 'SelectField20', '1', 'ff808181725050fe017250b8d1fe039f');
INSERT INTO `mx_cell`(`id`, `crt_dttm`, `crt_user`, `enable_flag`, `last_update_dttm`, `last_update_user`, `version`, `mx_edge`, `mx_pageid`, `mx_parent`, `mx_source`, `mx_style`, `mx_target`, `mx_value`, `mx_vertex`, `fk_mx_graph_id`) VALUES ('ff808181725050fe017250b8d1fe03c6', '2020-05-26 00:00:09', 'admin', b'1', '2020-05-26 00:00:09', 'admin', 0, NULL, '27', '1', NULL, 'text;html=1;align=center;verticalAlign=middle;resizable=0;points=[];autosize=1;', NULL, '选择数据：<span style=\"font-size: 13.3333px\">title, author, age</span>', '1', 'ff808181725050fe017250b8d1fe039f');
INSERT INTO `mx_cell`(`id`, `crt_dttm`, `crt_user`, `enable_flag`, `last_update_dttm`, `last_update_user`, `version`, `mx_edge`, `mx_pageid`, `mx_parent`, `mx_source`, `mx_style`, `mx_target`, `mx_value`, `mx_vertex`, `fk_mx_graph_id`) VALUES ('ff808181725050fe017250b8d1ff03c8', '2020-05-26 00:00:09', 'admin', b'1', '2020-05-26 00:00:09', 'admin', 0, NULL, '13', '1', NULL, 'text;html=1;align=center;verticalAlign=middle;resizable=0;points=[];autosize=1;', NULL, '模拟生成数据：title, author, age, gender', '1', 'ff808181725050fe017250b8d1fe039f');
INSERT INTO `mx_cell`(`id`, `crt_dttm`, `crt_user`, `enable_flag`, `last_update_dttm`, `last_update_user`, `version`, `mx_edge`, `mx_pageid`, `mx_parent`, `mx_source`, `mx_style`, `mx_target`, `mx_value`, `mx_vertex`, `fk_mx_graph_id`) VALUES ('ff808181725050fe017250b8d1ff03e5', '2020-05-26 00:00:09', 'admin', b'1', '2020-05-26 00:00:09', 'admin', 0, NULL, '0', NULL, NULL, NULL, NULL, NULL, NULL, 'ff808181725050fe017250b8d1ff03e4');
INSERT INTO `mx_cell`(`id`, `crt_dttm`, `crt_user`, `enable_flag`, `last_update_dttm`, `last_update_user`, `version`, `mx_edge`, `mx_pageid`, `mx_parent`, `mx_source`, `mx_style`, `mx_target`, `mx_value`, `mx_vertex`, `fk_mx_graph_id`) VALUES ('ff808181725050fe017250b8d1ff03e6', '2020-05-26 00:00:09', 'admin', b'1', '2020-05-26 00:00:09', 'admin', 0, NULL, '1', '0', NULL, NULL, NULL, NULL, NULL, 'ff808181725050fe017250b8d1ff03e4');
INSERT INTO `mx_cell`(`id`, `crt_dttm`, `crt_user`, `enable_flag`, `last_update_dttm`, `last_update_user`, `version`, `mx_edge`, `mx_pageid`, `mx_parent`, `mx_source`, `mx_style`, `mx_target`, `mx_value`, `mx_vertex`, `fk_mx_graph_id`) VALUES ('ff808181725050fe017250b8d1ff03e7', '2020-05-26 00:00:09', 'admin', b'1', '2020-05-26 00:00:09', 'admin', 0, NULL, '28', '1', NULL, 'text;html=1;align=center;verticalAlign=middle;resizable=0;points=[];autosize=1;', NULL, '合流', '1', 'ff808181725050fe017250b8d1ff03e4');
INSERT INTO `mx_cell`(`id`, `crt_dttm`, `crt_user`, `enable_flag`, `last_update_dttm`, `last_update_user`, `version`, `mx_edge`, `mx_pageid`, `mx_parent`, `mx_source`, `mx_style`, `mx_target`, `mx_value`, `mx_vertex`, `fk_mx_graph_id`) VALUES ('ff808181725050fe017250b8d1ff03e9', '2020-05-26 00:00:09', 'admin', b'1', '2020-05-26 00:00:09', 'admin', 0, NULL, '14', '1', NULL, 'image;html=1;labelBackgroundColor=#ffffff00;image=/piflow-web/images/SelectField_128x128.png', NULL, 'SelectField', '1', 'ff808181725050fe017250b8d1ff03e4');
INSERT INTO `mx_cell`(`id`, `crt_dttm`, `crt_user`, `enable_flag`, `last_update_dttm`, `last_update_user`, `version`, `mx_edge`, `mx_pageid`, `mx_parent`, `mx_source`, `mx_style`, `mx_target`, `mx_value`, `mx_vertex`, `fk_mx_graph_id`) VALUES ('ff808181725050fe017250b8d1ff03eb', '2020-05-26 00:00:09', 'admin', b'1', '2020-05-26 00:00:09', 'admin', 0, '1', '43', '1', '19', 'edgeStyle=orthogonalEdgeStyle;rounded=0;orthogonalLoop=1;jettySize=auto;html=1;', '25', NULL, NULL, 'ff808181725050fe017250b8d1ff03e4');
INSERT INTO `mx_cell`(`id`, `crt_dttm`, `crt_user`, `enable_flag`, `last_update_dttm`, `last_update_user`, `version`, `mx_edge`, `mx_pageid`, `mx_parent`, `mx_source`, `mx_style`, `mx_target`, `mx_value`, `mx_vertex`, `fk_mx_graph_id`) VALUES ('ff808181725050fe017250b8d1ff03ed', '2020-05-26 00:00:09', 'admin', b'1', '2020-05-26 00:00:09', 'admin', 0, NULL, '16', '1', NULL, 'image;html=1;labelBackgroundColor=#ffffff00;image=/piflow-web/images/Merge_128x128.png', NULL, 'Merge', '1', 'ff808181725050fe017250b8d1ff03e4');
INSERT INTO `mx_cell`(`id`, `crt_dttm`, `crt_user`, `enable_flag`, `last_update_dttm`, `last_update_user`, `version`, `mx_edge`, `mx_pageid`, `mx_parent`, `mx_source`, `mx_style`, `mx_target`, `mx_value`, `mx_vertex`, `fk_mx_graph_id`) VALUES ('ff808181725050fe017250b8d1ff03ef', '2020-05-26 00:00:09', 'admin', b'1', '2020-05-26 00:00:09', 'admin', 0, '1', '39', '1', '5', 'edgeStyle=orthogonalEdgeStyle;rounded=0;orthogonalLoop=1;jettySize=auto;html=1;', '16', NULL, NULL, 'ff808181725050fe017250b8d1ff03e4');
INSERT INTO `mx_cell`(`id`, `crt_dttm`, `crt_user`, `enable_flag`, `last_update_dttm`, `last_update_user`, `version`, `mx_edge`, `mx_pageid`, `mx_parent`, `mx_source`, `mx_style`, `mx_target`, `mx_value`, `mx_vertex`, `fk_mx_graph_id`) VALUES ('ff808181725050fe017250b8d1ff03f1', '2020-05-26 00:00:09', 'admin', b'1', '2020-05-26 00:00:09', 'admin', 0, NULL, '19', '1', NULL, 'image;html=1;labelBackgroundColor=#ffffff00;image=/piflow-web/images/Fork_128x128.png', NULL, 'Fork', '1', 'ff808181725050fe017250b8d1ff03e4');
INSERT INTO `mx_cell`(`id`, `crt_dttm`, `crt_user`, `enable_flag`, `last_update_dttm`, `last_update_user`, `version`, `mx_edge`, `mx_pageid`, `mx_parent`, `mx_source`, `mx_style`, `mx_target`, `mx_value`, `mx_vertex`, `fk_mx_graph_id`) VALUES ('ff808181725050fe017250b8d1ff03f3', '2020-05-26 00:00:09', 'admin', b'1', '2020-05-26 00:00:09', 'admin', 0, '1', '42', '1', '19', 'edgeStyle=orthogonalEdgeStyle;rounded=0;orthogonalLoop=1;jettySize=auto;html=1;', '21', NULL, NULL, 'ff808181725050fe017250b8d1ff03e4');
INSERT INTO `mx_cell`(`id`, `crt_dttm`, `crt_user`, `enable_flag`, `last_update_dttm`, `last_update_user`, `version`, `mx_edge`, `mx_pageid`, `mx_parent`, `mx_source`, `mx_style`, `mx_target`, `mx_value`, `mx_vertex`, `fk_mx_graph_id`) VALUES ('ff808181725050fe017250b8d1ff03f5', '2020-05-26 00:00:09', 'admin', b'1', '2020-05-26 00:00:09', 'admin', 0, '1', '38', '1', '10', 'edgeStyle=orthogonalEdgeStyle;rounded=0;orthogonalLoop=1;jettySize=auto;html=1;', '14', NULL, NULL, 'ff808181725050fe017250b8d1ff03e4');
INSERT INTO `mx_cell`(`id`, `crt_dttm`, `crt_user`, `enable_flag`, `last_update_dttm`, `last_update_user`, `version`, `mx_edge`, `mx_pageid`, `mx_parent`, `mx_source`, `mx_style`, `mx_target`, `mx_value`, `mx_vertex`, `fk_mx_graph_id`) VALUES ('ff808181725050fe017250b8d1ff03f7', '2020-05-26 00:00:09', 'admin', b'1', '2020-05-26 00:00:09', 'admin', 0, NULL, '8', '1', NULL, 'text;html=1;align=center;verticalAlign=middle;resizable=0;points=[];autosize=1;', NULL, '模拟测试数据：<span style=\"font-size: 13.3333px\">title, author, age</span>', '1', 'ff808181725050fe017250b8d1ff03e4');
INSERT INTO `mx_cell`(`id`, `crt_dttm`, `crt_user`, `enable_flag`, `last_update_dttm`, `last_update_user`, `version`, `mx_edge`, `mx_pageid`, `mx_parent`, `mx_source`, `mx_style`, `mx_target`, `mx_value`, `mx_vertex`, `fk_mx_graph_id`) VALUES ('ff808181725050fe017250b8d1ff03f9', '2020-05-26 00:00:09', 'admin', b'1', '2020-05-26 00:00:09', 'admin', 0, NULL, '10', '1', NULL, 'image;html=1;labelBackgroundColor=#ffffff00;image=/piflow-web/images/MockData_128x128.png', NULL, 'MockData7', '1', 'ff808181725050fe017250b8d1ff03e4');
INSERT INTO `mx_cell`(`id`, `crt_dttm`, `crt_user`, `enable_flag`, `last_update_dttm`, `last_update_user`, `version`, `mx_edge`, `mx_pageid`, `mx_parent`, `mx_source`, `mx_style`, `mx_target`, `mx_value`, `mx_vertex`, `fk_mx_graph_id`) VALUES ('ff808181725050fe017250b8d1ff03fb', '2020-05-26 00:00:09', 'admin', b'1', '2020-05-26 00:00:09', 'admin', 0, '1', '41', '1', '16', 'edgeStyle=orthogonalEdgeStyle;rounded=0;orthogonalLoop=1;jettySize=auto;html=1;', '19', NULL, NULL, 'ff808181725050fe017250b8d1ff03e4');
INSERT INTO `mx_cell`(`id`, `crt_dttm`, `crt_user`, `enable_flag`, `last_update_dttm`, `last_update_user`, `version`, `mx_edge`, `mx_pageid`, `mx_parent`, `mx_source`, `mx_style`, `mx_target`, `mx_value`, `mx_vertex`, `fk_mx_graph_id`) VALUES ('ff808181725050fe017250b8d1ff03fd', '2020-05-26 00:00:09', 'admin', b'1', '2020-05-26 00:00:09', 'admin', 0, '1', '44', '1', '19', 'edgeStyle=orthogonalEdgeStyle;rounded=0;orthogonalLoop=1;jettySize=auto;html=1;', '23', NULL, NULL, 'ff808181725050fe017250b8d1ff03e4');
INSERT INTO `mx_cell`(`id`, `crt_dttm`, `crt_user`, `enable_flag`, `last_update_dttm`, `last_update_user`, `version`, `mx_edge`, `mx_pageid`, `mx_parent`, `mx_source`, `mx_style`, `mx_target`, `mx_value`, `mx_vertex`, `fk_mx_graph_id`) VALUES ('ff808181725050fe017250b8d1ff03ff', '2020-05-26 00:00:09', 'admin', b'1', '2020-05-26 00:00:09', 'admin', 0, NULL, '21', '1', NULL, 'image;html=1;labelBackgroundColor=#ffffff00;image=/piflow-web/images/SelectField_128x128.png', NULL, 'SelectField18', '1', 'ff808181725050fe017250b8d1ff03e4');
INSERT INTO `mx_cell`(`id`, `crt_dttm`, `crt_user`, `enable_flag`, `last_update_dttm`, `last_update_user`, `version`, `mx_edge`, `mx_pageid`, `mx_parent`, `mx_source`, `mx_style`, `mx_target`, `mx_value`, `mx_vertex`, `fk_mx_graph_id`) VALUES ('ff808181725050fe017250b8d2000401', '2020-05-26 00:00:09', 'admin', b'1', '2020-05-26 00:00:09', 'admin', 0, '1', '40', '1', '14', 'edgeStyle=orthogonalEdgeStyle;rounded=0;orthogonalLoop=1;jettySize=auto;html=1;entryX=0.5;entryY=0;entryDx=0;entryDy=0;', '16', NULL, NULL, 'ff808181725050fe017250b8d1ff03e4');
INSERT INTO `mx_cell`(`id`, `crt_dttm`, `crt_user`, `enable_flag`, `last_update_dttm`, `last_update_user`, `version`, `mx_edge`, `mx_pageid`, `mx_parent`, `mx_source`, `mx_style`, `mx_target`, `mx_value`, `mx_vertex`, `fk_mx_graph_id`) VALUES ('ff808181725050fe017250b8d2000403', '2020-05-26 00:00:09', 'admin', b'1', '2020-05-26 00:00:09', 'admin', 0, NULL, '25', '1', NULL, 'image;html=1;labelBackgroundColor=#ffffff00;image=/piflow-web/images/SelectField_128x128.png', NULL, 'SelectField22', '1', 'ff808181725050fe017250b8d1ff03e4');
INSERT INTO `mx_cell`(`id`, `crt_dttm`, `crt_user`, `enable_flag`, `last_update_dttm`, `last_update_user`, `version`, `mx_edge`, `mx_pageid`, `mx_parent`, `mx_source`, `mx_style`, `mx_target`, `mx_value`, `mx_vertex`, `fk_mx_graph_id`) VALUES ('ff808181725050fe017250b8d2000405', '2020-05-26 00:00:09', 'admin', b'1', '2020-05-26 00:00:09', 'admin', 0, NULL, '5', '1', NULL, 'image;html=1;labelBackgroundColor=#ffffff00;image=/piflow-web/images/MockData_128x128.png', NULL, 'MockData', '1', 'ff808181725050fe017250b8d1ff03e4');
INSERT INTO `mx_cell`(`id`, `crt_dttm`, `crt_user`, `enable_flag`, `last_update_dttm`, `last_update_user`, `version`, `mx_edge`, `mx_pageid`, `mx_parent`, `mx_source`, `mx_style`, `mx_target`, `mx_value`, `mx_vertex`, `fk_mx_graph_id`) VALUES ('ff808181725050fe017250b8d2000407', '2020-05-26 00:00:09', 'admin', b'1', '2020-05-26 00:00:09', 'admin', 0, NULL, '29', '1', NULL, 'text;html=1;align=center;verticalAlign=middle;resizable=0;points=[];autosize=1;', NULL, '分流', '1', 'ff808181725050fe017250b8d1ff03e4');
INSERT INTO `mx_cell`(`id`, `crt_dttm`, `crt_user`, `enable_flag`, `last_update_dttm`, `last_update_user`, `version`, `mx_edge`, `mx_pageid`, `mx_parent`, `mx_source`, `mx_style`, `mx_target`, `mx_value`, `mx_vertex`, `fk_mx_graph_id`) VALUES ('ff808181725050fe017250b8d2000409', '2020-05-26 00:00:09', 'admin', b'1', '2020-05-26 00:00:09', 'admin', 0, NULL, '23', '1', NULL, 'image;html=1;labelBackgroundColor=#ffffff00;image=/piflow-web/images/SelectField_128x128.png', NULL, 'SelectField20', '1', 'ff808181725050fe017250b8d1ff03e4');
INSERT INTO `mx_cell`(`id`, `crt_dttm`, `crt_user`, `enable_flag`, `last_update_dttm`, `last_update_user`, `version`, `mx_edge`, `mx_pageid`, `mx_parent`, `mx_source`, `mx_style`, `mx_target`, `mx_value`, `mx_vertex`, `fk_mx_graph_id`) VALUES ('ff808181725050fe017250b8d200040b', '2020-05-26 00:00:09', 'admin', b'1', '2020-05-26 00:00:09', 'admin', 0, NULL, '27', '1', NULL, 'text;html=1;align=center;verticalAlign=middle;resizable=0;points=[];autosize=1;', NULL, '选择数据：<span style=\"font-size: 13.3333px\">title, author, age</span>', '1', 'ff808181725050fe017250b8d1ff03e4');
INSERT INTO `mx_cell`(`id`, `crt_dttm`, `crt_user`, `enable_flag`, `last_update_dttm`, `last_update_user`, `version`, `mx_edge`, `mx_pageid`, `mx_parent`, `mx_source`, `mx_style`, `mx_target`, `mx_value`, `mx_vertex`, `fk_mx_graph_id`) VALUES ('ff808181725050fe017250b8d200040d', '2020-05-26 00:00:09', 'admin', b'1', '2020-05-26 00:00:09', 'admin', 0, NULL, '13', '1', NULL, 'text;html=1;align=center;verticalAlign=middle;resizable=0;points=[];autosize=1;', NULL, '模拟生成数据：title, author, age, gender', '1', 'ff808181725050fe017250b8d1ff03e4');
INSERT INTO `mx_cell`(`id`, `crt_dttm`, `crt_user`, `enable_flag`, `last_update_dttm`, `last_update_user`, `version`, `mx_edge`, `mx_pageid`, `mx_parent`, `mx_source`, `mx_style`, `mx_target`, `mx_value`, `mx_vertex`, `fk_mx_graph_id`) VALUES ('ff808181725050fe017250b8d200040f', '2020-05-26 00:00:09', 'admin', b'1', '2020-05-26 00:00:09', 'admin', 0, NULL, '0', NULL, NULL, NULL, NULL, NULL, NULL, 'ff808181725050fe017250b8ab31023b');
INSERT INTO `mx_cell`(`id`, `crt_dttm`, `crt_user`, `enable_flag`, `last_update_dttm`, `last_update_user`, `version`, `mx_edge`, `mx_pageid`, `mx_parent`, `mx_source`, `mx_style`, `mx_target`, `mx_value`, `mx_vertex`, `fk_mx_graph_id`) VALUES ('ff808181725050fe017250b8d2000410', '2020-05-26 00:00:09', 'admin', b'1', '2020-05-26 00:00:09', 'admin', 0, NULL, '1', '0', NULL, NULL, NULL, NULL, NULL, 'ff808181725050fe017250b8ab31023b');
INSERT INTO `mx_cell`(`id`, `crt_dttm`, `crt_user`, `enable_flag`, `last_update_dttm`, `last_update_user`, `version`, `mx_edge`, `mx_pageid`, `mx_parent`, `mx_source`, `mx_style`, `mx_target`, `mx_value`, `mx_vertex`, `fk_mx_graph_id`) VALUES ('ff808181725050fe017250b8d2000411', '2020-05-26 00:00:09', 'admin', b'1', '2020-05-26 00:00:09', 'admin', 0, '1', '9', '1', '4', 'edgeStyle=entityRelationEdgeStyle;rounded=0;orthogonalLoop=1;jettySize=auto;html=1;', '8', NULL, NULL, 'ff808181725050fe017250b8ab31023b');
INSERT INTO `mx_cell`(`id`, `crt_dttm`, `crt_user`, `enable_flag`, `last_update_dttm`, `last_update_user`, `version`, `mx_edge`, `mx_pageid`, `mx_parent`, `mx_source`, `mx_style`, `mx_target`, `mx_value`, `mx_vertex`, `fk_mx_graph_id`) VALUES ('ff808181725050fe017250b8d2000413', '2020-05-26 00:00:09', 'admin', b'1', '2020-05-26 00:00:09', 'admin', 0, NULL, '19', '1', NULL, 'text;html=1;strokeColor=none;fillColor=none;align=center;verticalAlign=middle;whiteSpace=wrap;rounded=0;labelBackgroundColor=#ffffff00;', NULL, '该<span style=\"font-size: 13.3333px\">组主要进行采集工作</span>', '1', 'ff808181725050fe017250b8ab31023b');
INSERT INTO `mx_cell`(`id`, `crt_dttm`, `crt_user`, `enable_flag`, `last_update_dttm`, `last_update_user`, `version`, `mx_edge`, `mx_pageid`, `mx_parent`, `mx_source`, `mx_style`, `mx_target`, `mx_value`, `mx_vertex`, `fk_mx_graph_id`) VALUES ('ff808181725050fe017250b8d2000415', '2020-05-26 00:00:09', 'admin', b'1', '2020-05-26 00:00:09', 'admin', 0, NULL, '4', '1', NULL, 'image;html=1;labelBackgroundColor=#ffffff00;image=/piflow-web/img/flow.png', NULL, 'flow_merge_product', '1', 'ff808181725050fe017250b8ab31023b');
INSERT INTO `mx_cell`(`id`, `crt_dttm`, `crt_user`, `enable_flag`, `last_update_dttm`, `last_update_user`, `version`, `mx_edge`, `mx_pageid`, `mx_parent`, `mx_source`, `mx_style`, `mx_target`, `mx_value`, `mx_vertex`, `fk_mx_graph_id`) VALUES ('ff808181725050fe017250b8d2000417', '2020-05-26 00:00:09', 'admin', b'1', '2020-05-26 00:00:09', 'admin', 0, '1', '12', '1', '8', 'edgeStyle=entityRelationEdgeStyle;rounded=0;orthogonalLoop=1;jettySize=auto;html=1;', '11', NULL, NULL, 'ff808181725050fe017250b8ab31023b');
INSERT INTO `mx_cell`(`id`, `crt_dttm`, `crt_user`, `enable_flag`, `last_update_dttm`, `last_update_user`, `version`, `mx_edge`, `mx_pageid`, `mx_parent`, `mx_source`, `mx_style`, `mx_target`, `mx_value`, `mx_vertex`, `fk_mx_graph_id`) VALUES ('ff808181725050fe017250b8d2000419', '2020-05-26 00:00:09', 'admin', b'1', '2020-05-26 00:00:09', 'admin', 0, '1', '7', '1', '3', 'edgeStyle=entityRelationEdgeStyle;rounded=0;orthogonalLoop=1;jettySize=auto;html=1;entryX=0;entryY=0.5;entryDx=0;entryDy=0;', '5', NULL, NULL, 'ff808181725050fe017250b8ab31023b');
INSERT INTO `mx_cell`(`id`, `crt_dttm`, `crt_user`, `enable_flag`, `last_update_dttm`, `last_update_user`, `version`, `mx_edge`, `mx_pageid`, `mx_parent`, `mx_source`, `mx_style`, `mx_target`, `mx_value`, `mx_vertex`, `fk_mx_graph_id`) VALUES ('ff808181725050fe017250b8d200041b', '2020-05-26 00:00:09', 'admin', b'1', '2020-05-26 00:00:09', 'admin', 0, NULL, '17', '1', NULL, 'text;html=1;strokeColor=none;fillColor=none;align=center;verticalAlign=middle;whiteSpace=wrap;rounded=0;labelBackgroundColor=#ffffff00;', NULL, '知识图库构建', '1', 'ff808181725050fe017250b8ab31023b');
INSERT INTO `mx_cell`(`id`, `crt_dttm`, `crt_user`, `enable_flag`, `last_update_dttm`, `last_update_user`, `version`, `mx_edge`, `mx_pageid`, `mx_parent`, `mx_source`, `mx_style`, `mx_target`, `mx_value`, `mx_vertex`, `fk_mx_graph_id`) VALUES ('ff808181725050fe017250b8d200041d', '2020-05-26 00:00:09', 'admin', b'1', '2020-05-26 00:00:09', 'admin', 0, '1', '10', '1', '5', 'edgeStyle=entityRelationEdgeStyle;rounded=0;orthogonalLoop=1;jettySize=auto;html=1;', '8', NULL, NULL, 'ff808181725050fe017250b8ab31023b');
INSERT INTO `mx_cell`(`id`, `crt_dttm`, `crt_user`, `enable_flag`, `last_update_dttm`, `last_update_user`, `version`, `mx_edge`, `mx_pageid`, `mx_parent`, `mx_source`, `mx_style`, `mx_target`, `mx_value`, `mx_vertex`, `fk_mx_graph_id`) VALUES ('ff808181725050fe017250b8d200041f', '2020-05-26 00:00:09', 'admin', b'1', '2020-05-26 00:00:09', 'admin', 0, NULL, '5', '1', NULL, 'image;html=1;labelBackgroundColor=#ffffff00;image=/piflow-web/img/flow.png', NULL, 'flow_merge_person', '1', 'ff808181725050fe017250b8ab31023b');
INSERT INTO `mx_cell`(`id`, `crt_dttm`, `crt_user`, `enable_flag`, `last_update_dttm`, `last_update_user`, `version`, `mx_edge`, `mx_pageid`, `mx_parent`, `mx_source`, `mx_style`, `mx_target`, `mx_value`, `mx_vertex`, `fk_mx_graph_id`) VALUES ('ff808181725050fe017250b8d2000421', '2020-05-26 00:00:09', 'admin', b'1', '2020-05-26 00:00:09', 'admin', 0, NULL, '15', '1', NULL, 'text;html=1;strokeColor=none;fillColor=none;align=center;verticalAlign=middle;whiteSpace=wrap;rounded=0;labelBackgroundColor=#ffffff00;', NULL, '成果数据融合', '1', 'ff808181725050fe017250b8ab31023b');
INSERT INTO `mx_cell`(`id`, `crt_dttm`, `crt_user`, `enable_flag`, `last_update_dttm`, `last_update_user`, `version`, `mx_edge`, `mx_pageid`, `mx_parent`, `mx_source`, `mx_style`, `mx_target`, `mx_value`, `mx_vertex`, `fk_mx_graph_id`) VALUES ('ff808181725050fe017250b8d2000423', '2020-05-26 00:00:09', 'admin', b'1', '2020-05-26 00:00:09', 'admin', 0, NULL, '8', '1', NULL, 'image;html=1;labelBackgroundColor=#ffffff00;image=/piflow-web/img/group.png', NULL, 'g2', '1', 'ff808181725050fe017250b8ab31023b');
INSERT INTO `mx_cell`(`id`, `crt_dttm`, `crt_user`, `enable_flag`, `last_update_dttm`, `last_update_user`, `version`, `mx_edge`, `mx_pageid`, `mx_parent`, `mx_source`, `mx_style`, `mx_target`, `mx_value`, `mx_vertex`, `fk_mx_graph_id`) VALUES ('ff808181725050fe017250b8d2000425', '2020-05-26 00:00:09', 'admin', b'1', '2020-05-26 00:00:09', 'admin', 0, NULL, '3', '1', NULL, 'image;html=1;labelBackgroundColor=#ffffff00;image=/piflow-web/img/group.png', NULL, 'group_collect', '1', 'ff808181725050fe017250b8ab31023b');
INSERT INTO `mx_cell`(`id`, `crt_dttm`, `crt_user`, `enable_flag`, `last_update_dttm`, `last_update_user`, `version`, `mx_edge`, `mx_pageid`, `mx_parent`, `mx_source`, `mx_style`, `mx_target`, `mx_value`, `mx_vertex`, `fk_mx_graph_id`) VALUES ('ff808181725050fe017250b8d2000427', '2020-05-26 00:00:09', 'admin', b'1', '2020-05-26 00:00:09', 'admin', 0, NULL, '18', '1', NULL, 'text;html=1;strokeColor=none;fillColor=none;align=center;verticalAlign=middle;whiteSpace=wrap;rounded=0;labelBackgroundColor=#ffffff00;', NULL, '可视化分析', '1', 'ff808181725050fe017250b8ab31023b');
INSERT INTO `mx_cell`(`id`, `crt_dttm`, `crt_user`, `enable_flag`, `last_update_dttm`, `last_update_user`, `version`, `mx_edge`, `mx_pageid`, `mx_parent`, `mx_source`, `mx_style`, `mx_target`, `mx_value`, `mx_vertex`, `fk_mx_graph_id`) VALUES ('ff808181725050fe017250b8d2000429', '2020-05-26 00:00:09', 'admin', b'1', '2020-05-26 00:00:09', 'admin', 0, NULL, '11', '1', NULL, 'image;html=1;labelBackgroundColor=#ffffff00;image=/piflow-web/img/flow.png', NULL, 'f6', '1', 'ff808181725050fe017250b8ab31023b');
INSERT INTO `mx_cell`(`id`, `crt_dttm`, `crt_user`, `enable_flag`, `last_update_dttm`, `last_update_user`, `version`, `mx_edge`, `mx_pageid`, `mx_parent`, `mx_source`, `mx_style`, `mx_target`, `mx_value`, `mx_vertex`, `fk_mx_graph_id`) VALUES ('ff808181725050fe017250b8d200042b', '2020-05-26 00:00:09', 'admin', b'1', '2020-05-26 00:00:09', 'admin', 0, '1', '6', '1', '3', 'edgeStyle=entityRelationEdgeStyle;rounded=0;orthogonalLoop=1;jettySize=auto;html=1;entryX=0;entryY=0.5;entryDx=0;entryDy=0;', '4', NULL, NULL, 'ff808181725050fe017250b8ab31023b');
INSERT INTO `mx_cell`(`id`, `crt_dttm`, `crt_user`, `enable_flag`, `last_update_dttm`, `last_update_user`, `version`, `mx_edge`, `mx_pageid`, `mx_parent`, `mx_source`, `mx_style`, `mx_target`, `mx_value`, `mx_vertex`, `fk_mx_graph_id`) VALUES ('ff808181725050fe017250b8d200042d', '2020-05-26 00:00:09', 'admin', b'1', '2020-05-26 00:00:09', 'admin', 0, NULL, '16', '1', NULL, 'text;html=1;strokeColor=none;fillColor=none;align=center;verticalAlign=middle;whiteSpace=wrap;rounded=0;labelBackgroundColor=#ffffff00;', NULL, '人员数据融合', '1', 'ff808181725050fe017250b8ab31023b');

INSERT INTO `mx_geometry`(`id`, `crt_dttm`, `crt_user`, `enable_flag`, `last_update_dttm`, `last_update_user`, `version`, `mx_as`, `mx_height`, `mx_relative`, `mx_width`, `mx_x`, `mx_y`, `fk_mx_cell_id`) VALUES ('ff808181725050fe017250b8d1f70249', '2020-05-26 00:00:09', 'admin', b'1', '2020-05-26 00:00:09', 'admin', 0, 'geometry', NULL, '1', NULL, NULL, NULL, 'ff808181725050fe017250b8d1f70248');
INSERT INTO `mx_geometry`(`id`, `crt_dttm`, `crt_user`, `enable_flag`, `last_update_dttm`, `last_update_user`, `version`, `mx_as`, `mx_height`, `mx_relative`, `mx_width`, `mx_x`, `mx_y`, `fk_mx_cell_id`) VALUES ('ff808181725050fe017250b8d1f7024b', '2020-05-26 00:00:09', 'admin', b'1', '2020-05-26 00:00:09', 'admin', 0, 'geometry', '66', NULL, '66', '370', '460', 'ff808181725050fe017250b8d1f7024a');
INSERT INTO `mx_geometry`(`id`, `crt_dttm`, `crt_user`, `enable_flag`, `last_update_dttm`, `last_update_user`, `version`, `mx_as`, `mx_height`, `mx_relative`, `mx_width`, `mx_x`, `mx_y`, `fk_mx_cell_id`) VALUES ('ff808181725050fe017250b8d1f7024d', '2020-05-26 00:00:09', 'admin', b'1', '2020-05-26 00:00:09', 'admin', 0, 'geometry', '66', NULL, '66', '370', '230', 'ff808181725050fe017250b8d1f7024c');
INSERT INTO `mx_geometry`(`id`, `crt_dttm`, `crt_user`, `enable_flag`, `last_update_dttm`, `last_update_user`, `version`, `mx_as`, `mx_height`, `mx_relative`, `mx_width`, `mx_x`, `mx_y`, `fk_mx_cell_id`) VALUES ('ff808181725050fe017250b8d1f7024f', '2020-05-26 00:00:09', 'admin', b'1', '2020-05-26 00:00:09', 'admin', 0, 'geometry', '20', NULL, '100', '470', '300', 'ff808181725050fe017250b8d1f7024e');
INSERT INTO `mx_geometry`(`id`, `crt_dttm`, `crt_user`, `enable_flag`, `last_update_dttm`, `last_update_user`, `version`, `mx_as`, `mx_height`, `mx_relative`, `mx_width`, `mx_x`, `mx_y`, `fk_mx_cell_id`) VALUES ('ff808181725050fe017250b8d1f7025b', '2020-05-26 00:00:09', 'admin', b'1', '2020-05-26 00:00:09', 'admin', 0, 'geometry', NULL, '1', NULL, NULL, NULL, 'ff808181725050fe017250b8d1f7025a');
INSERT INTO `mx_geometry`(`id`, `crt_dttm`, `crt_user`, `enable_flag`, `last_update_dttm`, `last_update_user`, `version`, `mx_as`, `mx_height`, `mx_relative`, `mx_width`, `mx_x`, `mx_y`, `fk_mx_cell_id`) VALUES ('ff808181725050fe017250b8d1f7025d', '2020-05-26 00:00:09', 'admin', b'1', '2020-05-26 00:00:09', 'admin', 0, 'geometry', '66', NULL, '66', '370', '440', 'ff808181725050fe017250b8d1f7025c');
INSERT INTO `mx_geometry`(`id`, `crt_dttm`, `crt_user`, `enable_flag`, `last_update_dttm`, `last_update_user`, `version`, `mx_as`, `mx_height`, `mx_relative`, `mx_width`, `mx_x`, `mx_y`, `fk_mx_cell_id`) VALUES ('ff808181725050fe017250b8d1f7025f', '2020-05-26 00:00:09', 'admin', b'1', '2020-05-26 00:00:09', 'admin', 0, 'geometry', '66', NULL, '66', '370', '230', 'ff808181725050fe017250b8d1f7025e');
INSERT INTO `mx_geometry`(`id`, `crt_dttm`, `crt_user`, `enable_flag`, `last_update_dttm`, `last_update_user`, `version`, `mx_as`, `mx_height`, `mx_relative`, `mx_width`, `mx_x`, `mx_y`, `fk_mx_cell_id`) VALUES ('ff808181725050fe017250b8d1f70262', '2020-05-26 00:00:09', 'admin', b'1', '2020-05-26 00:00:09', 'admin', 0, 'geometry', '30', NULL, '122', '398', '378', 'ff808181725050fe017250b8d1f70261');
INSERT INTO `mx_geometry`(`id`, `crt_dttm`, `crt_user`, `enable_flag`, `last_update_dttm`, `last_update_user`, `version`, `mx_as`, `mx_height`, `mx_relative`, `mx_width`, `mx_x`, `mx_y`, `fk_mx_cell_id`) VALUES ('ff808181725050fe017250b8d1f70264', '2020-05-26 00:00:09', 'admin', b'1', '2020-05-26 00:00:09', 'admin', 0, 'geometry', '66', NULL, '66', '260', '551', 'ff808181725050fe017250b8d1f70263');
INSERT INTO `mx_geometry`(`id`, `crt_dttm`, `crt_user`, `enable_flag`, `last_update_dttm`, `last_update_user`, `version`, `mx_as`, `mx_height`, `mx_relative`, `mx_width`, `mx_x`, `mx_y`, `fk_mx_cell_id`) VALUES ('ff808181725050fe017250b8d1f80266', '2020-05-26 00:00:09', 'admin', b'1', '2020-05-26 00:00:09', 'admin', 0, 'geometry', '66', NULL, '66', '260', '360', 'ff808181725050fe017250b8d1f70265');
INSERT INTO `mx_geometry`(`id`, `crt_dttm`, `crt_user`, `enable_flag`, `last_update_dttm`, `last_update_user`, `version`, `mx_as`, `mx_height`, `mx_relative`, `mx_width`, `mx_x`, `mx_y`, `fk_mx_cell_id`) VALUES ('ff808181725050fe017250b8d1f80268', '2020-05-26 00:00:09', 'admin', b'1', '2020-05-26 00:00:09', 'admin', 0, 'geometry', '30', NULL, '130', '398', '569', 'ff808181725050fe017250b8d1f80267');
INSERT INTO `mx_geometry`(`id`, `crt_dttm`, `crt_user`, `enable_flag`, `last_update_dttm`, `last_update_user`, `version`, `mx_as`, `mx_height`, `mx_relative`, `mx_width`, `mx_x`, `mx_y`, `fk_mx_cell_id`) VALUES ('ff808181725050fe017250b8d1f80278', '2020-05-26 00:00:09', 'admin', b'1', '2020-05-26 00:00:09', 'admin', 0, 'geometry', NULL, '1', NULL, NULL, NULL, 'ff808181725050fe017250b8d1f80277');
INSERT INTO `mx_geometry`(`id`, `crt_dttm`, `crt_user`, `enable_flag`, `last_update_dttm`, `last_update_user`, `version`, `mx_as`, `mx_height`, `mx_relative`, `mx_width`, `mx_x`, `mx_y`, `fk_mx_cell_id`) VALUES ('ff808181725050fe017250b8d1f8027a', '2020-05-26 00:00:09', 'admin', b'1', '2020-05-26 00:00:09', 'admin', 0, 'geometry', '66', NULL, '66', '370', '430', 'ff808181725050fe017250b8d1f80279');
INSERT INTO `mx_geometry`(`id`, `crt_dttm`, `crt_user`, `enable_flag`, `last_update_dttm`, `last_update_user`, `version`, `mx_as`, `mx_height`, `mx_relative`, `mx_width`, `mx_x`, `mx_y`, `fk_mx_cell_id`) VALUES ('ff808181725050fe017250b8d1f8027c', '2020-05-26 00:00:09', 'admin', b'1', '2020-05-26 00:00:09', 'admin', 0, 'geometry', '66', NULL, '66', '370', '230', 'ff808181725050fe017250b8d1f8027b');
INSERT INTO `mx_geometry`(`id`, `crt_dttm`, `crt_user`, `enable_flag`, `last_update_dttm`, `last_update_user`, `version`, `mx_as`, `mx_height`, `mx_relative`, `mx_width`, `mx_x`, `mx_y`, `fk_mx_cell_id`) VALUES ('ff808181725050fe017250b8d1f9029b', '2020-05-26 00:00:09', 'admin', b'1', '2020-05-26 00:00:09', 'admin', 0, 'geometry', '66', NULL, '66', '476', '394', 'ff808181725050fe017250b8d1f9029a');
INSERT INTO `mx_geometry`(`id`, `crt_dttm`, `crt_user`, `enable_flag`, `last_update_dttm`, `last_update_user`, `version`, `mx_as`, `mx_height`, `mx_relative`, `mx_width`, `mx_x`, `mx_y`, `fk_mx_cell_id`) VALUES ('ff808181725050fe017250b8d1f9029d', '2020-05-26 00:00:09', 'admin', b'1', '2020-05-26 00:00:09', 'admin', 0, 'geometry', '66', NULL, '66', '529', '840', 'ff808181725050fe017250b8d1f9029c');
INSERT INTO `mx_geometry`(`id`, `crt_dttm`, `crt_user`, `enable_flag`, `last_update_dttm`, `last_update_user`, `version`, `mx_as`, `mx_height`, `mx_relative`, `mx_width`, `mx_x`, `mx_y`, `fk_mx_cell_id`) VALUES ('ff808181725050fe017250b8d1f9029f', '2020-05-26 00:00:09', 'admin', b'1', '2020-05-26 00:00:09', 'admin', 0, 'geometry', '66', NULL, '66', '476', '234', 'ff808181725050fe017250b8d1f9029e');
INSERT INTO `mx_geometry`(`id`, `crt_dttm`, `crt_user`, `enable_flag`, `last_update_dttm`, `last_update_user`, `version`, `mx_as`, `mx_height`, `mx_relative`, `mx_width`, `mx_x`, `mx_y`, `fk_mx_cell_id`) VALUES ('ff808181725050fe017250b8d1f902a1', '2020-05-26 00:00:09', 'admin', b'1', '2020-05-26 00:00:09', 'admin', 0, 'geometry', '66', NULL, '66', '360', '730', 'ff808181725050fe017250b8d1f902a0');
INSERT INTO `mx_geometry`(`id`, `crt_dttm`, `crt_user`, `enable_flag`, `last_update_dttm`, `last_update_user`, `version`, `mx_as`, `mx_height`, `mx_relative`, `mx_width`, `mx_x`, `mx_y`, `fk_mx_cell_id`) VALUES ('ff808181725050fe017250b8d1f902a3', '2020-05-26 00:00:09', 'admin', b'1', '2020-05-26 00:00:09', 'admin', 0, 'geometry', '66', NULL, '66', '190', '840', 'ff808181725050fe017250b8d1f902a2');
INSERT INTO `mx_geometry`(`id`, `crt_dttm`, `crt_user`, `enable_flag`, `last_update_dttm`, `last_update_user`, `version`, `mx_as`, `mx_height`, `mx_relative`, `mx_width`, `mx_x`, `mx_y`, `fk_mx_cell_id`) VALUES ('ff808181725050fe017250b8d1f902a5', '2020-05-26 00:00:09', 'admin', b'1', '2020-05-26 00:00:09', 'admin', 0, 'geometry', NULL, '1', NULL, NULL, NULL, 'ff808181725050fe017250b8d1f902a4');
INSERT INTO `mx_geometry`(`id`, `crt_dttm`, `crt_user`, `enable_flag`, `last_update_dttm`, `last_update_user`, `version`, `mx_as`, `mx_height`, `mx_relative`, `mx_width`, `mx_x`, `mx_y`, `fk_mx_cell_id`) VALUES ('ff808181725050fe017250b8d1f902a7', '2020-05-26 00:00:09', 'admin', b'1', '2020-05-26 00:00:09', 'admin', 0, 'geometry', '20', NULL, '180', '560', '417', 'ff808181725050fe017250b8d1f902a6');
INSERT INTO `mx_geometry`(`id`, `crt_dttm`, `crt_user`, `enable_flag`, `last_update_dttm`, `last_update_user`, `version`, `mx_as`, `mx_height`, `mx_relative`, `mx_width`, `mx_x`, `mx_y`, `fk_mx_cell_id`) VALUES ('ff808181725050fe017250b8d1f902a9', '2020-05-26 00:00:09', 'admin', b'1', '2020-05-26 00:00:09', 'admin', 0, 'geometry', NULL, '1', NULL, NULL, NULL, 'ff808181725050fe017250b8d1f902a8');
INSERT INTO `mx_geometry`(`id`, `crt_dttm`, `crt_user`, `enable_flag`, `last_update_dttm`, `last_update_user`, `version`, `mx_as`, `mx_height`, `mx_relative`, `mx_width`, `mx_x`, `mx_y`, `fk_mx_cell_id`) VALUES ('ff808181725050fe017250b8d1f902ab', '2020-05-26 00:00:09', 'admin', b'1', '2020-05-26 00:00:09', 'admin', 0, 'geometry', '20', NULL, '90', '426', '870', 'ff808181725050fe017250b8d1f902aa');
INSERT INTO `mx_geometry`(`id`, `crt_dttm`, `crt_user`, `enable_flag`, `last_update_dttm`, `last_update_user`, `version`, `mx_as`, `mx_height`, `mx_relative`, `mx_width`, `mx_x`, `mx_y`, `fk_mx_cell_id`) VALUES ('ff808181725050fe017250b8d1f902ad', '2020-05-26 00:00:09', 'admin', b'1', '2020-05-26 00:00:09', 'admin', 0, 'geometry', '66', NULL, '66', '360', '570', 'ff808181725050fe017250b8d1f902ac');
INSERT INTO `mx_geometry`(`id`, `crt_dttm`, `crt_user`, `enable_flag`, `last_update_dttm`, `last_update_user`, `version`, `mx_as`, `mx_height`, `mx_relative`, `mx_width`, `mx_x`, `mx_y`, `fk_mx_cell_id`) VALUES ('ff808181725050fe017250b8d1f902af', '2020-05-26 00:00:09', 'admin', b'1', '2020-05-26 00:00:09', 'admin', 0, 'geometry', NULL, '1', NULL, NULL, NULL, 'ff808181725050fe017250b8d1f902ae');
INSERT INTO `mx_geometry`(`id`, `crt_dttm`, `crt_user`, `enable_flag`, `last_update_dttm`, `last_update_user`, `version`, `mx_as`, `mx_height`, `mx_relative`, `mx_width`, `mx_x`, `mx_y`, `fk_mx_cell_id`) VALUES ('ff808181725050fe017250b8d1f902b1', '2020-05-26 00:00:09', 'admin', b'1', '2020-05-26 00:00:09', 'admin', 0, 'geometry', NULL, '1', NULL, NULL, NULL, 'ff808181725050fe017250b8d1f902b0');
INSERT INTO `mx_geometry`(`id`, `crt_dttm`, `crt_user`, `enable_flag`, `last_update_dttm`, `last_update_user`, `version`, `mx_as`, `mx_height`, `mx_relative`, `mx_width`, `mx_x`, `mx_y`, `fk_mx_cell_id`) VALUES ('ff808181725050fe017250b8d1f902b3', '2020-05-26 00:00:09', 'admin', b'1', '2020-05-26 00:00:09', 'admin', 0, 'geometry', '20', NULL, '200', '153', '360', 'ff808181725050fe017250b8d1f902b2');
INSERT INTO `mx_geometry`(`id`, `crt_dttm`, `crt_user`, `enable_flag`, `last_update_dttm`, `last_update_user`, `version`, `mx_as`, `mx_height`, `mx_relative`, `mx_width`, `mx_x`, `mx_y`, `fk_mx_cell_id`) VALUES ('ff808181725050fe017250b8d1f902b5', '2020-05-26 00:00:09', 'admin', b'1', '2020-05-26 00:00:09', 'admin', 0, 'geometry', NULL, '1', NULL, NULL, NULL, 'ff808181725050fe017250b8d1f902b4');
INSERT INTO `mx_geometry`(`id`, `crt_dttm`, `crt_user`, `enable_flag`, `last_update_dttm`, `last_update_user`, `version`, `mx_as`, `mx_height`, `mx_relative`, `mx_width`, `mx_x`, `mx_y`, `fk_mx_cell_id`) VALUES ('ff808181725050fe017250b8d1f902b7', '2020-05-26 00:00:09', 'admin', b'1', '2020-05-26 00:00:09', 'admin', 0, 'geometry', '20', NULL, '80', '260', '870', 'ff808181725050fe017250b8d1f902b6');
INSERT INTO `mx_geometry`(`id`, `crt_dttm`, `crt_user`, `enable_flag`, `last_update_dttm`, `last_update_user`, `version`, `mx_as`, `mx_height`, `mx_relative`, `mx_width`, `mx_x`, `mx_y`, `fk_mx_cell_id`) VALUES ('ff808181725050fe017250b8d1f902b9', '2020-05-26 00:00:09', 'admin', b'1', '2020-05-26 00:00:09', 'admin', 0, 'geometry', '20', NULL, '250', '460', '200', 'ff808181725050fe017250b8d1f902b8');
INSERT INTO `mx_geometry`(`id`, `crt_dttm`, `crt_user`, `enable_flag`, `last_update_dttm`, `last_update_user`, `version`, `mx_as`, `mx_height`, `mx_relative`, `mx_width`, `mx_x`, `mx_y`, `fk_mx_cell_id`) VALUES ('ff808181725050fe017250b8d1f902bb', '2020-05-26 00:00:09', 'admin', b'1', '2020-05-26 00:00:09', 'admin', 0, 'geometry', '66', NULL, '66', '360', '840', 'ff808181725050fe017250b8d1f902ba');
INSERT INTO `mx_geometry`(`id`, `crt_dttm`, `crt_user`, `enable_flag`, `last_update_dttm`, `last_update_user`, `version`, `mx_as`, `mx_height`, `mx_relative`, `mx_width`, `mx_x`, `mx_y`, `fk_mx_cell_id`) VALUES ('ff808181725050fe017250b8d1f902bd', '2020-05-26 00:00:09', 'admin', b'1', '2020-05-26 00:00:09', 'admin', 0, 'geometry', '66', NULL, '66', '220', '394', 'ff808181725050fe017250b8d1f902bc');
INSERT INTO `mx_geometry`(`id`, `crt_dttm`, `crt_user`, `enable_flag`, `last_update_dttm`, `last_update_user`, `version`, `mx_as`, `mx_height`, `mx_relative`, `mx_width`, `mx_x`, `mx_y`, `fk_mx_cell_id`) VALUES ('ff808181725050fe017250b8d1f902bf', '2020-05-26 00:00:09', 'admin', b'1', '2020-05-26 00:00:09', 'admin', 0, 'geometry', '20', NULL, '40', '435', '601', 'ff808181725050fe017250b8d1f902be');
INSERT INTO `mx_geometry`(`id`, `crt_dttm`, `crt_user`, `enable_flag`, `last_update_dttm`, `last_update_user`, `version`, `mx_as`, `mx_height`, `mx_relative`, `mx_width`, `mx_x`, `mx_y`, `fk_mx_cell_id`) VALUES ('ff808181725050fe017250b8d1f902c1', '2020-05-26 00:00:09', 'admin', b'1', '2020-05-26 00:00:09', 'admin', 0, 'geometry', NULL, '1', NULL, NULL, NULL, 'ff808181725050fe017250b8d1f902c0');
INSERT INTO `mx_geometry`(`id`, `crt_dttm`, `crt_user`, `enable_flag`, `last_update_dttm`, `last_update_user`, `version`, `mx_as`, `mx_height`, `mx_relative`, `mx_width`, `mx_x`, `mx_y`, `fk_mx_cell_id`) VALUES ('ff808181725050fe017250b8d1f902c3', '2020-05-26 00:00:09', 'admin', b'1', '2020-05-26 00:00:09', 'admin', 0, 'geometry', NULL, '1', NULL, NULL, NULL, 'ff808181725050fe017250b8d1f902c2');
INSERT INTO `mx_geometry`(`id`, `crt_dttm`, `crt_user`, `enable_flag`, `last_update_dttm`, `last_update_user`, `version`, `mx_as`, `mx_height`, `mx_relative`, `mx_width`, `mx_x`, `mx_y`, `fk_mx_cell_id`) VALUES ('ff808181725050fe017250b8d1f902c5', '2020-05-26 00:00:09', 'admin', b'1', '2020-05-26 00:00:09', 'admin', 0, 'geometry', '20', NULL, '40', '435', '735', 'ff808181725050fe017250b8d1f902c4');
INSERT INTO `mx_geometry`(`id`, `crt_dttm`, `crt_user`, `enable_flag`, `last_update_dttm`, `last_update_user`, `version`, `mx_as`, `mx_height`, `mx_relative`, `mx_width`, `mx_x`, `mx_y`, `fk_mx_cell_id`) VALUES ('ff808181725050fe017250b8d1f902c7', '2020-05-26 00:00:09', 'admin', b'1', '2020-05-26 00:00:09', 'admin', 0, 'geometry', '20', NULL, '80', '610', '870', 'ff808181725050fe017250b8d1f902c6');
INSERT INTO `mx_geometry`(`id`, `crt_dttm`, `crt_user`, `enable_flag`, `last_update_dttm`, `last_update_user`, `version`, `mx_as`, `mx_height`, `mx_relative`, `mx_width`, `mx_x`, `mx_y`, `fk_mx_cell_id`) VALUES ('ff808181725050fe017250b8d1fa02ca', '2020-05-26 00:00:09', 'admin', b'1', '2020-05-26 00:00:09', 'admin', 0, 'geometry', '40', NULL, '124', '416', '190', 'ff808181725050fe017250b8d1f902c9');
INSERT INTO `mx_geometry`(`id`, `crt_dttm`, `crt_user`, `enable_flag`, `last_update_dttm`, `last_update_user`, `version`, `mx_as`, `mx_height`, `mx_relative`, `mx_width`, `mx_x`, `mx_y`, `fk_mx_cell_id`) VALUES ('ff808181725050fe017250b8d1fa02cc', '2020-05-26 00:00:09', 'admin', b'1', '2020-05-26 00:00:09', 'admin', 0, 'geometry', '66', NULL, '66', '416', '440', 'ff808181725050fe017250b8d1fa02cb');
INSERT INTO `mx_geometry`(`id`, `crt_dttm`, `crt_user`, `enable_flag`, `last_update_dttm`, `last_update_user`, `version`, `mx_as`, `mx_height`, `mx_relative`, `mx_width`, `mx_x`, `mx_y`, `fk_mx_cell_id`) VALUES ('ff808181725050fe017250b8d1fa02ce', '2020-05-26 00:00:09', 'admin', b'1', '2020-05-26 00:00:09', 'admin', 0, 'geometry', NULL, '1', NULL, NULL, NULL, 'ff808181725050fe017250b8d1fa02cd');
INSERT INTO `mx_geometry`(`id`, `crt_dttm`, `crt_user`, `enable_flag`, `last_update_dttm`, `last_update_user`, `version`, `mx_as`, `mx_height`, `mx_relative`, `mx_width`, `mx_x`, `mx_y`, `fk_mx_cell_id`) VALUES ('ff808181725050fe017250b8d1fa02d0', '2020-05-26 00:00:09', 'admin', b'1', '2020-05-26 00:00:09', 'admin', 0, 'geometry', '30', NULL, '90', '416', '396', 'ff808181725050fe017250b8d1fa02cf');
INSERT INTO `mx_geometry`(`id`, `crt_dttm`, `crt_user`, `enable_flag`, `last_update_dttm`, `last_update_user`, `version`, `mx_as`, `mx_height`, `mx_relative`, `mx_width`, `mx_x`, `mx_y`, `fk_mx_cell_id`) VALUES ('ff808181725050fe017250b8d1fa02d2', '2020-05-26 00:00:09', 'admin', b'1', '2020-05-26 00:00:09', 'admin', 0, 'geometry', NULL, '1', NULL, NULL, NULL, 'ff808181725050fe017250b8d1fa02d1');
INSERT INTO `mx_geometry`(`id`, `crt_dttm`, `crt_user`, `enable_flag`, `last_update_dttm`, `last_update_user`, `version`, `mx_as`, `mx_height`, `mx_relative`, `mx_width`, `mx_x`, `mx_y`, `fk_mx_cell_id`) VALUES ('ff808181725050fe017250b8d1fa02d4', '2020-05-26 00:00:09', 'admin', b'1', '2020-05-26 00:00:09', 'admin', 0, 'geometry', '30', NULL, '70', '158', '300', 'ff808181725050fe017250b8d1fa02d3');
INSERT INTO `mx_geometry`(`id`, `crt_dttm`, `crt_user`, `enable_flag`, `last_update_dttm`, `last_update_user`, `version`, `mx_as`, `mx_height`, `mx_relative`, `mx_width`, `mx_x`, `mx_y`, `fk_mx_cell_id`) VALUES ('ff808181725050fe017250b8d1fa02d6', '2020-05-26 00:00:09', 'admin', b'1', '2020-05-26 00:00:09', 'admin', 0, 'geometry', '66', NULL, '66', '160', '330', 'ff808181725050fe017250b8d1fa02d5');
INSERT INTO `mx_geometry`(`id`, `crt_dttm`, `crt_user`, `enable_flag`, `last_update_dttm`, `last_update_user`, `version`, `mx_as`, `mx_height`, `mx_relative`, `mx_width`, `mx_x`, `mx_y`, `fk_mx_cell_id`) VALUES ('ff808181725050fe017250b8d1fa02d8', '2020-05-26 00:00:09', 'admin', b'1', '2020-05-26 00:00:09', 'admin', 0, 'geometry', '66', NULL, '66', '416', '240', 'ff808181725050fe017250b8d1fa02d7');
INSERT INTO `mx_geometry`(`id`, `crt_dttm`, `crt_user`, `enable_flag`, `last_update_dttm`, `last_update_user`, `version`, `mx_as`, `mx_height`, `mx_relative`, `mx_width`, `mx_x`, `mx_y`, `fk_mx_cell_id`) VALUES ('ff808181725050fe017250b8d1fa02e8', '2020-05-26 00:00:09', 'admin', b'1', '2020-05-26 00:00:09', 'admin', 0, 'geometry', NULL, '1', NULL, NULL, NULL, 'ff808181725050fe017250b8d1fa02e7');
INSERT INTO `mx_geometry`(`id`, `crt_dttm`, `crt_user`, `enable_flag`, `last_update_dttm`, `last_update_user`, `version`, `mx_as`, `mx_height`, `mx_relative`, `mx_width`, `mx_x`, `mx_y`, `fk_mx_cell_id`) VALUES ('ff808181725050fe017250b8d1fa02ea', '2020-05-26 00:00:09', 'admin', b'1', '2020-05-26 00:00:09', 'admin', 0, 'geometry', '66', NULL, '66', '370', '500', 'ff808181725050fe017250b8d1fa02e9');
INSERT INTO `mx_geometry`(`id`, `crt_dttm`, `crt_user`, `enable_flag`, `last_update_dttm`, `last_update_user`, `version`, `mx_as`, `mx_height`, `mx_relative`, `mx_width`, `mx_x`, `mx_y`, `fk_mx_cell_id`) VALUES ('ff808181725050fe017250b8d1fa02ec', '2020-05-26 00:00:09', 'admin', b'1', '2020-05-26 00:00:09', 'admin', 0, 'geometry', '66', NULL, '66', '370', '290', 'ff808181725050fe017250b8d1fa02eb');
INSERT INTO `mx_geometry`(`id`, `crt_dttm`, `crt_user`, `enable_flag`, `last_update_dttm`, `last_update_user`, `version`, `mx_as`, `mx_height`, `mx_relative`, `mx_width`, `mx_x`, `mx_y`, `fk_mx_cell_id`) VALUES ('ff808181725050fe017250b8d1fb030b', '2020-05-26 00:00:09', 'admin', b'1', '2020-05-26 00:00:09', 'admin', 0, 'geometry', '20', NULL, '40', '435', '601', 'ff808181725050fe017250b8d1fb030a');
INSERT INTO `mx_geometry`(`id`, `crt_dttm`, `crt_user`, `enable_flag`, `last_update_dttm`, `last_update_user`, `version`, `mx_as`, `mx_height`, `mx_relative`, `mx_width`, `mx_x`, `mx_y`, `fk_mx_cell_id`) VALUES ('ff808181725050fe017250b8d1fb030d', '2020-05-26 00:00:09', 'admin', b'1', '2020-05-26 00:00:09', 'admin', 0, 'geometry', '66', NULL, '66', '476', '394', 'ff808181725050fe017250b8d1fb030c');
INSERT INTO `mx_geometry`(`id`, `crt_dttm`, `crt_user`, `enable_flag`, `last_update_dttm`, `last_update_user`, `version`, `mx_as`, `mx_height`, `mx_relative`, `mx_width`, `mx_x`, `mx_y`, `fk_mx_cell_id`) VALUES ('ff808181725050fe017250b8d1fb030f', '2020-05-26 00:00:09', 'admin', b'1', '2020-05-26 00:00:09', 'admin', 0, 'geometry', NULL, '1', NULL, NULL, NULL, 'ff808181725050fe017250b8d1fb030e');
INSERT INTO `mx_geometry`(`id`, `crt_dttm`, `crt_user`, `enable_flag`, `last_update_dttm`, `last_update_user`, `version`, `mx_as`, `mx_height`, `mx_relative`, `mx_width`, `mx_x`, `mx_y`, `fk_mx_cell_id`) VALUES ('ff808181725050fe017250b8d1fb0311', '2020-05-26 00:00:09', 'admin', b'1', '2020-05-26 00:00:09', 'admin', 0, 'geometry', '66', NULL, '66', '360', '570', 'ff808181725050fe017250b8d1fb0310');
INSERT INTO `mx_geometry`(`id`, `crt_dttm`, `crt_user`, `enable_flag`, `last_update_dttm`, `last_update_user`, `version`, `mx_as`, `mx_height`, `mx_relative`, `mx_width`, `mx_x`, `mx_y`, `fk_mx_cell_id`) VALUES ('ff808181725050fe017250b8d1fb0313', '2020-05-26 00:00:09', 'admin', b'1', '2020-05-26 00:00:09', 'admin', 0, 'geometry', NULL, '1', NULL, NULL, NULL, 'ff808181725050fe017250b8d1fb0312');
INSERT INTO `mx_geometry`(`id`, `crt_dttm`, `crt_user`, `enable_flag`, `last_update_dttm`, `last_update_user`, `version`, `mx_as`, `mx_height`, `mx_relative`, `mx_width`, `mx_x`, `mx_y`, `fk_mx_cell_id`) VALUES ('ff808181725050fe017250b8d1fb0315', '2020-05-26 00:00:09', 'admin', b'1', '2020-05-26 00:00:09', 'admin', 0, 'geometry', '66', NULL, '66', '360', '730', 'ff808181725050fe017250b8d1fb0314');
INSERT INTO `mx_geometry`(`id`, `crt_dttm`, `crt_user`, `enable_flag`, `last_update_dttm`, `last_update_user`, `version`, `mx_as`, `mx_height`, `mx_relative`, `mx_width`, `mx_x`, `mx_y`, `fk_mx_cell_id`) VALUES ('ff808181725050fe017250b8d1fb0317', '2020-05-26 00:00:09', 'admin', b'1', '2020-05-26 00:00:09', 'admin', 0, 'geometry', NULL, '1', NULL, NULL, NULL, 'ff808181725050fe017250b8d1fb0316');
INSERT INTO `mx_geometry`(`id`, `crt_dttm`, `crt_user`, `enable_flag`, `last_update_dttm`, `last_update_user`, `version`, `mx_as`, `mx_height`, `mx_relative`, `mx_width`, `mx_x`, `mx_y`, `fk_mx_cell_id`) VALUES ('ff808181725050fe017250b8d1fb0319', '2020-05-26 00:00:09', 'admin', b'1', '2020-05-26 00:00:09', 'admin', 0, 'geometry', NULL, '1', NULL, NULL, NULL, 'ff808181725050fe017250b8d1fb0318');
INSERT INTO `mx_geometry`(`id`, `crt_dttm`, `crt_user`, `enable_flag`, `last_update_dttm`, `last_update_user`, `version`, `mx_as`, `mx_height`, `mx_relative`, `mx_width`, `mx_x`, `mx_y`, `fk_mx_cell_id`) VALUES ('ff808181725050fe017250b8d1fb031b', '2020-05-26 00:00:09', 'admin', b'1', '2020-05-26 00:00:09', 'admin', 0, 'geometry', '20', NULL, '200', '153', '360', 'ff808181725050fe017250b8d1fb031a');
INSERT INTO `mx_geometry`(`id`, `crt_dttm`, `crt_user`, `enable_flag`, `last_update_dttm`, `last_update_user`, `version`, `mx_as`, `mx_height`, `mx_relative`, `mx_width`, `mx_x`, `mx_y`, `fk_mx_cell_id`) VALUES ('ff808181725050fe017250b8d1fb031d', '2020-05-26 00:00:09', 'admin', b'1', '2020-05-26 00:00:09', 'admin', 0, 'geometry', '66', NULL, '66', '476', '234', 'ff808181725050fe017250b8d1fb031c');
INSERT INTO `mx_geometry`(`id`, `crt_dttm`, `crt_user`, `enable_flag`, `last_update_dttm`, `last_update_user`, `version`, `mx_as`, `mx_height`, `mx_relative`, `mx_width`, `mx_x`, `mx_y`, `fk_mx_cell_id`) VALUES ('ff808181725050fe017250b8d1fb031f', '2020-05-26 00:00:09', 'admin', b'1', '2020-05-26 00:00:09', 'admin', 0, 'geometry', NULL, '1', NULL, NULL, NULL, 'ff808181725050fe017250b8d1fb031e');
INSERT INTO `mx_geometry`(`id`, `crt_dttm`, `crt_user`, `enable_flag`, `last_update_dttm`, `last_update_user`, `version`, `mx_as`, `mx_height`, `mx_relative`, `mx_width`, `mx_x`, `mx_y`, `fk_mx_cell_id`) VALUES ('ff808181725050fe017250b8d1fb0321', '2020-05-26 00:00:09', 'admin', b'1', '2020-05-26 00:00:09', 'admin', 0, 'geometry', NULL, '1', NULL, NULL, NULL, 'ff808181725050fe017250b8d1fb0320');
INSERT INTO `mx_geometry`(`id`, `crt_dttm`, `crt_user`, `enable_flag`, `last_update_dttm`, `last_update_user`, `version`, `mx_as`, `mx_height`, `mx_relative`, `mx_width`, `mx_x`, `mx_y`, `fk_mx_cell_id`) VALUES ('ff808181725050fe017250b8d1fb0323', '2020-05-26 00:00:09', 'admin', b'1', '2020-05-26 00:00:09', 'admin', 0, 'geometry', '66', NULL, '66', '190', '840', 'ff808181725050fe017250b8d1fb0322');
INSERT INTO `mx_geometry`(`id`, `crt_dttm`, `crt_user`, `enable_flag`, `last_update_dttm`, `last_update_user`, `version`, `mx_as`, `mx_height`, `mx_relative`, `mx_width`, `mx_x`, `mx_y`, `fk_mx_cell_id`) VALUES ('ff808181725050fe017250b8d1fb0325', '2020-05-26 00:00:09', 'admin', b'1', '2020-05-26 00:00:09', 'admin', 0, 'geometry', NULL, '1', NULL, NULL, NULL, 'ff808181725050fe017250b8d1fb0324');
INSERT INTO `mx_geometry`(`id`, `crt_dttm`, `crt_user`, `enable_flag`, `last_update_dttm`, `last_update_user`, `version`, `mx_as`, `mx_height`, `mx_relative`, `mx_width`, `mx_x`, `mx_y`, `fk_mx_cell_id`) VALUES ('ff808181725050fe017250b8d1fb0327', '2020-05-26 00:00:09', 'admin', b'1', '2020-05-26 00:00:09', 'admin', 0, 'geometry', '66', NULL, '66', '360', '840', 'ff808181725050fe017250b8d1fb0326');
INSERT INTO `mx_geometry`(`id`, `crt_dttm`, `crt_user`, `enable_flag`, `last_update_dttm`, `last_update_user`, `version`, `mx_as`, `mx_height`, `mx_relative`, `mx_width`, `mx_x`, `mx_y`, `fk_mx_cell_id`) VALUES ('ff808181725050fe017250b8d1fb0329', '2020-05-26 00:00:09', 'admin', b'1', '2020-05-26 00:00:09', 'admin', 0, 'geometry', '66', NULL, '66', '220', '394', 'ff808181725050fe017250b8d1fb0328');
INSERT INTO `mx_geometry`(`id`, `crt_dttm`, `crt_user`, `enable_flag`, `last_update_dttm`, `last_update_user`, `version`, `mx_as`, `mx_height`, `mx_relative`, `mx_width`, `mx_x`, `mx_y`, `fk_mx_cell_id`) VALUES ('ff808181725050fe017250b8d1fb032b', '2020-05-26 00:00:09', 'admin', b'1', '2020-05-26 00:00:09', 'admin', 0, 'geometry', '20', NULL, '40', '435', '735', 'ff808181725050fe017250b8d1fb032a');
INSERT INTO `mx_geometry`(`id`, `crt_dttm`, `crt_user`, `enable_flag`, `last_update_dttm`, `last_update_user`, `version`, `mx_as`, `mx_height`, `mx_relative`, `mx_width`, `mx_x`, `mx_y`, `fk_mx_cell_id`) VALUES ('ff808181725050fe017250b8d1fb032d', '2020-05-26 00:00:09', 'admin', b'1', '2020-05-26 00:00:09', 'admin', 0, 'geometry', '66', NULL, '66', '529', '840', 'ff808181725050fe017250b8d1fb032c');
INSERT INTO `mx_geometry`(`id`, `crt_dttm`, `crt_user`, `enable_flag`, `last_update_dttm`, `last_update_user`, `version`, `mx_as`, `mx_height`, `mx_relative`, `mx_width`, `mx_x`, `mx_y`, `fk_mx_cell_id`) VALUES ('ff808181725050fe017250b8d1fb032f', '2020-05-26 00:00:09', 'admin', b'1', '2020-05-26 00:00:09', 'admin', 0, 'geometry', '20', NULL, '180', '560', '417', 'ff808181725050fe017250b8d1fb032e');
INSERT INTO `mx_geometry`(`id`, `crt_dttm`, `crt_user`, `enable_flag`, `last_update_dttm`, `last_update_user`, `version`, `mx_as`, `mx_height`, `mx_relative`, `mx_width`, `mx_x`, `mx_y`, `fk_mx_cell_id`) VALUES ('ff808181725050fe017250b8d1fb0331', '2020-05-26 00:00:09', 'admin', b'1', '2020-05-26 00:00:09', 'admin', 0, 'geometry', '20', NULL, '250', '460', '200', 'ff808181725050fe017250b8d1fb0330');
INSERT INTO `mx_geometry`(`id`, `crt_dttm`, `crt_user`, `enable_flag`, `last_update_dttm`, `last_update_user`, `version`, `mx_as`, `mx_height`, `mx_relative`, `mx_width`, `mx_x`, `mx_y`, `fk_mx_cell_id`) VALUES ('ff808181725050fe017250b8d1fc0334', '2020-05-26 00:00:09', 'admin', b'1', '2020-05-26 00:00:09', 'admin', 0, 'geometry', '66', NULL, '66', '450', '450', 'ff808181725050fe017250b8d1fc0333');
INSERT INTO `mx_geometry`(`id`, `crt_dttm`, `crt_user`, `enable_flag`, `last_update_dttm`, `last_update_user`, `version`, `mx_as`, `mx_height`, `mx_relative`, `mx_width`, `mx_x`, `mx_y`, `fk_mx_cell_id`) VALUES ('ff808181725050fe017250b8d1fc0336', '2020-05-26 00:00:09', 'admin', b'1', '2020-05-26 00:00:09', 'admin', 0, 'geometry', '66', NULL, '66', '220', '450', 'ff808181725050fe017250b8d1fc0335');
INSERT INTO `mx_geometry`(`id`, `crt_dttm`, `crt_user`, `enable_flag`, `last_update_dttm`, `last_update_user`, `version`, `mx_as`, `mx_height`, `mx_relative`, `mx_width`, `mx_x`, `mx_y`, `fk_mx_cell_id`) VALUES ('ff808181725050fe017250b8d1fc0338', '2020-05-26 00:00:09', 'admin', b'1', '2020-05-26 00:00:09', 'admin', 0, 'geometry', NULL, '1', NULL, NULL, NULL, 'ff808181725050fe017250b8d1fc0337');
INSERT INTO `mx_geometry`(`id`, `crt_dttm`, `crt_user`, `enable_flag`, `last_update_dttm`, `last_update_user`, `version`, `mx_as`, `mx_height`, `mx_relative`, `mx_width`, `mx_x`, `mx_y`, `fk_mx_cell_id`) VALUES ('ff808181725050fe017250b8d1fc035e', '2020-05-26 00:00:09', 'admin', b'1', '2020-05-26 00:00:09', 'admin', 0, 'geometry', '20', NULL, '40', '435', '601', 'ff808181725050fe017250b8d1fc035d');
INSERT INTO `mx_geometry`(`id`, `crt_dttm`, `crt_user`, `enable_flag`, `last_update_dttm`, `last_update_user`, `version`, `mx_as`, `mx_height`, `mx_relative`, `mx_width`, `mx_x`, `mx_y`, `fk_mx_cell_id`) VALUES ('ff808181725050fe017250b8d1fd0360', '2020-05-26 00:00:09', 'admin', b'1', '2020-05-26 00:00:09', 'admin', 0, 'geometry', '66', NULL, '66', '476', '394', 'ff808181725050fe017250b8d1fc035f');
INSERT INTO `mx_geometry`(`id`, `crt_dttm`, `crt_user`, `enable_flag`, `last_update_dttm`, `last_update_user`, `version`, `mx_as`, `mx_height`, `mx_relative`, `mx_width`, `mx_x`, `mx_y`, `fk_mx_cell_id`) VALUES ('ff808181725050fe017250b8d1fd0362', '2020-05-26 00:00:09', 'admin', b'1', '2020-05-26 00:00:09', 'admin', 0, 'geometry', NULL, '1', NULL, NULL, NULL, 'ff808181725050fe017250b8d1fd0361');
INSERT INTO `mx_geometry`(`id`, `crt_dttm`, `crt_user`, `enable_flag`, `last_update_dttm`, `last_update_user`, `version`, `mx_as`, `mx_height`, `mx_relative`, `mx_width`, `mx_x`, `mx_y`, `fk_mx_cell_id`) VALUES ('ff808181725050fe017250b8d1fd0364', '2020-05-26 00:00:09', 'admin', b'1', '2020-05-26 00:00:09', 'admin', 0, 'geometry', '66', NULL, '66', '360', '570', 'ff808181725050fe017250b8d1fd0363');
INSERT INTO `mx_geometry`(`id`, `crt_dttm`, `crt_user`, `enable_flag`, `last_update_dttm`, `last_update_user`, `version`, `mx_as`, `mx_height`, `mx_relative`, `mx_width`, `mx_x`, `mx_y`, `fk_mx_cell_id`) VALUES ('ff808181725050fe017250b8d1fd0366', '2020-05-26 00:00:09', 'admin', b'1', '2020-05-26 00:00:09', 'admin', 0, 'geometry', NULL, '1', NULL, NULL, NULL, 'ff808181725050fe017250b8d1fd0365');
INSERT INTO `mx_geometry`(`id`, `crt_dttm`, `crt_user`, `enable_flag`, `last_update_dttm`, `last_update_user`, `version`, `mx_as`, `mx_height`, `mx_relative`, `mx_width`, `mx_x`, `mx_y`, `fk_mx_cell_id`) VALUES ('ff808181725050fe017250b8d1fd0368', '2020-05-26 00:00:09', 'admin', b'1', '2020-05-26 00:00:09', 'admin', 0, 'geometry', '66', NULL, '66', '360', '730', 'ff808181725050fe017250b8d1fd0367');
INSERT INTO `mx_geometry`(`id`, `crt_dttm`, `crt_user`, `enable_flag`, `last_update_dttm`, `last_update_user`, `version`, `mx_as`, `mx_height`, `mx_relative`, `mx_width`, `mx_x`, `mx_y`, `fk_mx_cell_id`) VALUES ('ff808181725050fe017250b8d1fd036a', '2020-05-26 00:00:09', 'admin', b'1', '2020-05-26 00:00:09', 'admin', 0, 'geometry', NULL, '1', NULL, NULL, NULL, 'ff808181725050fe017250b8d1fd0369');
INSERT INTO `mx_geometry`(`id`, `crt_dttm`, `crt_user`, `enable_flag`, `last_update_dttm`, `last_update_user`, `version`, `mx_as`, `mx_height`, `mx_relative`, `mx_width`, `mx_x`, `mx_y`, `fk_mx_cell_id`) VALUES ('ff808181725050fe017250b8d1fd036c', '2020-05-26 00:00:09', 'admin', b'1', '2020-05-26 00:00:09', 'admin', 0, 'geometry', NULL, '1', NULL, NULL, NULL, 'ff808181725050fe017250b8d1fd036b');
INSERT INTO `mx_geometry`(`id`, `crt_dttm`, `crt_user`, `enable_flag`, `last_update_dttm`, `last_update_user`, `version`, `mx_as`, `mx_height`, `mx_relative`, `mx_width`, `mx_x`, `mx_y`, `fk_mx_cell_id`) VALUES ('ff808181725050fe017250b8d1fd036e', '2020-05-26 00:00:09', 'admin', b'1', '2020-05-26 00:00:09', 'admin', 0, 'geometry', '20', NULL, '200', '153', '360', 'ff808181725050fe017250b8d1fd036d');
INSERT INTO `mx_geometry`(`id`, `crt_dttm`, `crt_user`, `enable_flag`, `last_update_dttm`, `last_update_user`, `version`, `mx_as`, `mx_height`, `mx_relative`, `mx_width`, `mx_x`, `mx_y`, `fk_mx_cell_id`) VALUES ('ff808181725050fe017250b8d1fd0370', '2020-05-26 00:00:09', 'admin', b'1', '2020-05-26 00:00:09', 'admin', 0, 'geometry', '66', NULL, '66', '476', '234', 'ff808181725050fe017250b8d1fd036f');
INSERT INTO `mx_geometry`(`id`, `crt_dttm`, `crt_user`, `enable_flag`, `last_update_dttm`, `last_update_user`, `version`, `mx_as`, `mx_height`, `mx_relative`, `mx_width`, `mx_x`, `mx_y`, `fk_mx_cell_id`) VALUES ('ff808181725050fe017250b8d1fd0372', '2020-05-26 00:00:09', 'admin', b'1', '2020-05-26 00:00:09', 'admin', 0, 'geometry', NULL, '1', NULL, NULL, NULL, 'ff808181725050fe017250b8d1fd0371');
INSERT INTO `mx_geometry`(`id`, `crt_dttm`, `crt_user`, `enable_flag`, `last_update_dttm`, `last_update_user`, `version`, `mx_as`, `mx_height`, `mx_relative`, `mx_width`, `mx_x`, `mx_y`, `fk_mx_cell_id`) VALUES ('ff808181725050fe017250b8d1fd0374', '2020-05-26 00:00:09', 'admin', b'1', '2020-05-26 00:00:09', 'admin', 0, 'geometry', NULL, '1', NULL, NULL, NULL, 'ff808181725050fe017250b8d1fd0373');
INSERT INTO `mx_geometry`(`id`, `crt_dttm`, `crt_user`, `enable_flag`, `last_update_dttm`, `last_update_user`, `version`, `mx_as`, `mx_height`, `mx_relative`, `mx_width`, `mx_x`, `mx_y`, `fk_mx_cell_id`) VALUES ('ff808181725050fe017250b8d1fd0376', '2020-05-26 00:00:09', 'admin', b'1', '2020-05-26 00:00:09', 'admin', 0, 'geometry', '66', NULL, '66', '190', '840', 'ff808181725050fe017250b8d1fd0375');
INSERT INTO `mx_geometry`(`id`, `crt_dttm`, `crt_user`, `enable_flag`, `last_update_dttm`, `last_update_user`, `version`, `mx_as`, `mx_height`, `mx_relative`, `mx_width`, `mx_x`, `mx_y`, `fk_mx_cell_id`) VALUES ('ff808181725050fe017250b8d1fd0378', '2020-05-26 00:00:09', 'admin', b'1', '2020-05-26 00:00:09', 'admin', 0, 'geometry', NULL, '1', NULL, NULL, NULL, 'ff808181725050fe017250b8d1fd0377');
INSERT INTO `mx_geometry`(`id`, `crt_dttm`, `crt_user`, `enable_flag`, `last_update_dttm`, `last_update_user`, `version`, `mx_as`, `mx_height`, `mx_relative`, `mx_width`, `mx_x`, `mx_y`, `fk_mx_cell_id`) VALUES ('ff808181725050fe017250b8d1fd037a', '2020-05-26 00:00:09', 'admin', b'1', '2020-05-26 00:00:09', 'admin', 0, 'geometry', '66', NULL, '66', '360', '840', 'ff808181725050fe017250b8d1fd0379');
INSERT INTO `mx_geometry`(`id`, `crt_dttm`, `crt_user`, `enable_flag`, `last_update_dttm`, `last_update_user`, `version`, `mx_as`, `mx_height`, `mx_relative`, `mx_width`, `mx_x`, `mx_y`, `fk_mx_cell_id`) VALUES ('ff808181725050fe017250b8d1fd037c', '2020-05-26 00:00:09', 'admin', b'1', '2020-05-26 00:00:09', 'admin', 0, 'geometry', '66', NULL, '66', '220', '394', 'ff808181725050fe017250b8d1fd037b');
INSERT INTO `mx_geometry`(`id`, `crt_dttm`, `crt_user`, `enable_flag`, `last_update_dttm`, `last_update_user`, `version`, `mx_as`, `mx_height`, `mx_relative`, `mx_width`, `mx_x`, `mx_y`, `fk_mx_cell_id`) VALUES ('ff808181725050fe017250b8d1fd037e', '2020-05-26 00:00:09', 'admin', b'1', '2020-05-26 00:00:09', 'admin', 0, 'geometry', '20', NULL, '40', '435', '735', 'ff808181725050fe017250b8d1fd037d');
INSERT INTO `mx_geometry`(`id`, `crt_dttm`, `crt_user`, `enable_flag`, `last_update_dttm`, `last_update_user`, `version`, `mx_as`, `mx_height`, `mx_relative`, `mx_width`, `mx_x`, `mx_y`, `fk_mx_cell_id`) VALUES ('ff808181725050fe017250b8d1fd0380', '2020-05-26 00:00:09', 'admin', b'1', '2020-05-26 00:00:09', 'admin', 0, 'geometry', '66', NULL, '66', '529', '840', 'ff808181725050fe017250b8d1fd037f');
INSERT INTO `mx_geometry`(`id`, `crt_dttm`, `crt_user`, `enable_flag`, `last_update_dttm`, `last_update_user`, `version`, `mx_as`, `mx_height`, `mx_relative`, `mx_width`, `mx_x`, `mx_y`, `fk_mx_cell_id`) VALUES ('ff808181725050fe017250b8d1fd0382', '2020-05-26 00:00:09', 'admin', b'1', '2020-05-26 00:00:09', 'admin', 0, 'geometry', '20', NULL, '180', '560', '417', 'ff808181725050fe017250b8d1fd0381');
INSERT INTO `mx_geometry`(`id`, `crt_dttm`, `crt_user`, `enable_flag`, `last_update_dttm`, `last_update_user`, `version`, `mx_as`, `mx_height`, `mx_relative`, `mx_width`, `mx_x`, `mx_y`, `fk_mx_cell_id`) VALUES ('ff808181725050fe017250b8d1fd0384', '2020-05-26 00:00:09', 'admin', b'1', '2020-05-26 00:00:09', 'admin', 0, 'geometry', '20', NULL, '250', '460', '200', 'ff808181725050fe017250b8d1fd0383');
INSERT INTO `mx_geometry`(`id`, `crt_dttm`, `crt_user`, `enable_flag`, `last_update_dttm`, `last_update_user`, `version`, `mx_as`, `mx_height`, `mx_relative`, `mx_width`, `mx_x`, `mx_y`, `fk_mx_cell_id`) VALUES ('ff808181725050fe017250b8d1fe03a3', '2020-05-26 00:00:09', 'admin', b'1', '2020-05-26 00:00:09', 'admin', 0, 'geometry', '20', NULL, '40', '435', '601', 'ff808181725050fe017250b8d1fe03a2');
INSERT INTO `mx_geometry`(`id`, `crt_dttm`, `crt_user`, `enable_flag`, `last_update_dttm`, `last_update_user`, `version`, `mx_as`, `mx_height`, `mx_relative`, `mx_width`, `mx_x`, `mx_y`, `fk_mx_cell_id`) VALUES ('ff808181725050fe017250b8d1fe03a5', '2020-05-26 00:00:09', 'admin', b'1', '2020-05-26 00:00:09', 'admin', 0, 'geometry', '66', NULL, '66', '476', '394', 'ff808181725050fe017250b8d1fe03a4');
INSERT INTO `mx_geometry`(`id`, `crt_dttm`, `crt_user`, `enable_flag`, `last_update_dttm`, `last_update_user`, `version`, `mx_as`, `mx_height`, `mx_relative`, `mx_width`, `mx_x`, `mx_y`, `fk_mx_cell_id`) VALUES ('ff808181725050fe017250b8d1fe03a7', '2020-05-26 00:00:09', 'admin', b'1', '2020-05-26 00:00:09', 'admin', 0, 'geometry', NULL, '1', NULL, NULL, NULL, 'ff808181725050fe017250b8d1fe03a6');
INSERT INTO `mx_geometry`(`id`, `crt_dttm`, `crt_user`, `enable_flag`, `last_update_dttm`, `last_update_user`, `version`, `mx_as`, `mx_height`, `mx_relative`, `mx_width`, `mx_x`, `mx_y`, `fk_mx_cell_id`) VALUES ('ff808181725050fe017250b8d1fe03a9', '2020-05-26 00:00:09', 'admin', b'1', '2020-05-26 00:00:09', 'admin', 0, 'geometry', '66', NULL, '66', '360', '570', 'ff808181725050fe017250b8d1fe03a8');
INSERT INTO `mx_geometry`(`id`, `crt_dttm`, `crt_user`, `enable_flag`, `last_update_dttm`, `last_update_user`, `version`, `mx_as`, `mx_height`, `mx_relative`, `mx_width`, `mx_x`, `mx_y`, `fk_mx_cell_id`) VALUES ('ff808181725050fe017250b8d1fe03ab', '2020-05-26 00:00:09', 'admin', b'1', '2020-05-26 00:00:09', 'admin', 0, 'geometry', NULL, '1', NULL, NULL, NULL, 'ff808181725050fe017250b8d1fe03aa');
INSERT INTO `mx_geometry`(`id`, `crt_dttm`, `crt_user`, `enable_flag`, `last_update_dttm`, `last_update_user`, `version`, `mx_as`, `mx_height`, `mx_relative`, `mx_width`, `mx_x`, `mx_y`, `fk_mx_cell_id`) VALUES ('ff808181725050fe017250b8d1fe03ad', '2020-05-26 00:00:09', 'admin', b'1', '2020-05-26 00:00:09', 'admin', 0, 'geometry', '66', NULL, '66', '360', '730', 'ff808181725050fe017250b8d1fe03ac');
INSERT INTO `mx_geometry`(`id`, `crt_dttm`, `crt_user`, `enable_flag`, `last_update_dttm`, `last_update_user`, `version`, `mx_as`, `mx_height`, `mx_relative`, `mx_width`, `mx_x`, `mx_y`, `fk_mx_cell_id`) VALUES ('ff808181725050fe017250b8d1fe03af', '2020-05-26 00:00:09', 'admin', b'1', '2020-05-26 00:00:09', 'admin', 0, 'geometry', NULL, '1', NULL, NULL, NULL, 'ff808181725050fe017250b8d1fe03ae');
INSERT INTO `mx_geometry`(`id`, `crt_dttm`, `crt_user`, `enable_flag`, `last_update_dttm`, `last_update_user`, `version`, `mx_as`, `mx_height`, `mx_relative`, `mx_width`, `mx_x`, `mx_y`, `fk_mx_cell_id`) VALUES ('ff808181725050fe017250b8d1fe03b1', '2020-05-26 00:00:09', 'admin', b'1', '2020-05-26 00:00:09', 'admin', 0, 'geometry', NULL, '1', NULL, NULL, NULL, 'ff808181725050fe017250b8d1fe03b0');
INSERT INTO `mx_geometry`(`id`, `crt_dttm`, `crt_user`, `enable_flag`, `last_update_dttm`, `last_update_user`, `version`, `mx_as`, `mx_height`, `mx_relative`, `mx_width`, `mx_x`, `mx_y`, `fk_mx_cell_id`) VALUES ('ff808181725050fe017250b8d1fe03b3', '2020-05-26 00:00:09', 'admin', b'1', '2020-05-26 00:00:09', 'admin', 0, 'geometry', '20', NULL, '200', '153', '360', 'ff808181725050fe017250b8d1fe03b2');
INSERT INTO `mx_geometry`(`id`, `crt_dttm`, `crt_user`, `enable_flag`, `last_update_dttm`, `last_update_user`, `version`, `mx_as`, `mx_height`, `mx_relative`, `mx_width`, `mx_x`, `mx_y`, `fk_mx_cell_id`) VALUES ('ff808181725050fe017250b8d1fe03b5', '2020-05-26 00:00:09', 'admin', b'1', '2020-05-26 00:00:09', 'admin', 0, 'geometry', '66', NULL, '66', '476', '234', 'ff808181725050fe017250b8d1fe03b4');
INSERT INTO `mx_geometry`(`id`, `crt_dttm`, `crt_user`, `enable_flag`, `last_update_dttm`, `last_update_user`, `version`, `mx_as`, `mx_height`, `mx_relative`, `mx_width`, `mx_x`, `mx_y`, `fk_mx_cell_id`) VALUES ('ff808181725050fe017250b8d1fe03b7', '2020-05-26 00:00:09', 'admin', b'1', '2020-05-26 00:00:09', 'admin', 0, 'geometry', NULL, '1', NULL, NULL, NULL, 'ff808181725050fe017250b8d1fe03b6');
INSERT INTO `mx_geometry`(`id`, `crt_dttm`, `crt_user`, `enable_flag`, `last_update_dttm`, `last_update_user`, `version`, `mx_as`, `mx_height`, `mx_relative`, `mx_width`, `mx_x`, `mx_y`, `fk_mx_cell_id`) VALUES ('ff808181725050fe017250b8d1fe03b9', '2020-05-26 00:00:09', 'admin', b'1', '2020-05-26 00:00:09', 'admin', 0, 'geometry', NULL, '1', NULL, NULL, NULL, 'ff808181725050fe017250b8d1fe03b8');
INSERT INTO `mx_geometry`(`id`, `crt_dttm`, `crt_user`, `enable_flag`, `last_update_dttm`, `last_update_user`, `version`, `mx_as`, `mx_height`, `mx_relative`, `mx_width`, `mx_x`, `mx_y`, `fk_mx_cell_id`) VALUES ('ff808181725050fe017250b8d1fe03bb', '2020-05-26 00:00:09', 'admin', b'1', '2020-05-26 00:00:09', 'admin', 0, 'geometry', '66', NULL, '66', '190', '840', 'ff808181725050fe017250b8d1fe03ba');
INSERT INTO `mx_geometry`(`id`, `crt_dttm`, `crt_user`, `enable_flag`, `last_update_dttm`, `last_update_user`, `version`, `mx_as`, `mx_height`, `mx_relative`, `mx_width`, `mx_x`, `mx_y`, `fk_mx_cell_id`) VALUES ('ff808181725050fe017250b8d1fe03bd', '2020-05-26 00:00:09', 'admin', b'1', '2020-05-26 00:00:09', 'admin', 0, 'geometry', NULL, '1', NULL, NULL, NULL, 'ff808181725050fe017250b8d1fe03bc');
INSERT INTO `mx_geometry`(`id`, `crt_dttm`, `crt_user`, `enable_flag`, `last_update_dttm`, `last_update_user`, `version`, `mx_as`, `mx_height`, `mx_relative`, `mx_width`, `mx_x`, `mx_y`, `fk_mx_cell_id`) VALUES ('ff808181725050fe017250b8d1fe03bf', '2020-05-26 00:00:09', 'admin', b'1', '2020-05-26 00:00:09', 'admin', 0, 'geometry', '66', NULL, '66', '360', '840', 'ff808181725050fe017250b8d1fe03be');
INSERT INTO `mx_geometry`(`id`, `crt_dttm`, `crt_user`, `enable_flag`, `last_update_dttm`, `last_update_user`, `version`, `mx_as`, `mx_height`, `mx_relative`, `mx_width`, `mx_x`, `mx_y`, `fk_mx_cell_id`) VALUES ('ff808181725050fe017250b8d1fe03c1', '2020-05-26 00:00:09', 'admin', b'1', '2020-05-26 00:00:09', 'admin', 0, 'geometry', '66', NULL, '66', '220', '394', 'ff808181725050fe017250b8d1fe03c0');
INSERT INTO `mx_geometry`(`id`, `crt_dttm`, `crt_user`, `enable_flag`, `last_update_dttm`, `last_update_user`, `version`, `mx_as`, `mx_height`, `mx_relative`, `mx_width`, `mx_x`, `mx_y`, `fk_mx_cell_id`) VALUES ('ff808181725050fe017250b8d1fe03c3', '2020-05-26 00:00:09', 'admin', b'1', '2020-05-26 00:00:09', 'admin', 0, 'geometry', '20', NULL, '40', '435', '735', 'ff808181725050fe017250b8d1fe03c2');
INSERT INTO `mx_geometry`(`id`, `crt_dttm`, `crt_user`, `enable_flag`, `last_update_dttm`, `last_update_user`, `version`, `mx_as`, `mx_height`, `mx_relative`, `mx_width`, `mx_x`, `mx_y`, `fk_mx_cell_id`) VALUES ('ff808181725050fe017250b8d1fe03c5', '2020-05-26 00:00:09', 'admin', b'1', '2020-05-26 00:00:09', 'admin', 0, 'geometry', '66', NULL, '66', '529', '840', 'ff808181725050fe017250b8d1fe03c4');
INSERT INTO `mx_geometry`(`id`, `crt_dttm`, `crt_user`, `enable_flag`, `last_update_dttm`, `last_update_user`, `version`, `mx_as`, `mx_height`, `mx_relative`, `mx_width`, `mx_x`, `mx_y`, `fk_mx_cell_id`) VALUES ('ff808181725050fe017250b8d1ff03c7', '2020-05-26 00:00:09', 'admin', b'1', '2020-05-26 00:00:09', 'admin', 0, 'geometry', '20', NULL, '180', '560', '417', 'ff808181725050fe017250b8d1fe03c6');
INSERT INTO `mx_geometry`(`id`, `crt_dttm`, `crt_user`, `enable_flag`, `last_update_dttm`, `last_update_user`, `version`, `mx_as`, `mx_height`, `mx_relative`, `mx_width`, `mx_x`, `mx_y`, `fk_mx_cell_id`) VALUES ('ff808181725050fe017250b8d1ff03c9', '2020-05-26 00:00:09', 'admin', b'1', '2020-05-26 00:00:09', 'admin', 0, 'geometry', '20', NULL, '250', '460', '200', 'ff808181725050fe017250b8d1ff03c8');
INSERT INTO `mx_geometry`(`id`, `crt_dttm`, `crt_user`, `enable_flag`, `last_update_dttm`, `last_update_user`, `version`, `mx_as`, `mx_height`, `mx_relative`, `mx_width`, `mx_x`, `mx_y`, `fk_mx_cell_id`) VALUES ('ff808181725050fe017250b8d1ff03e8', '2020-05-26 00:00:09', 'admin', b'1', '2020-05-26 00:00:09', 'admin', 0, 'geometry', '20', NULL, '40', '435', '601', 'ff808181725050fe017250b8d1ff03e7');
INSERT INTO `mx_geometry`(`id`, `crt_dttm`, `crt_user`, `enable_flag`, `last_update_dttm`, `last_update_user`, `version`, `mx_as`, `mx_height`, `mx_relative`, `mx_width`, `mx_x`, `mx_y`, `fk_mx_cell_id`) VALUES ('ff808181725050fe017250b8d1ff03ea', '2020-05-26 00:00:09', 'admin', b'1', '2020-05-26 00:00:09', 'admin', 0, 'geometry', '66', NULL, '66', '476', '394', 'ff808181725050fe017250b8d1ff03e9');
INSERT INTO `mx_geometry`(`id`, `crt_dttm`, `crt_user`, `enable_flag`, `last_update_dttm`, `last_update_user`, `version`, `mx_as`, `mx_height`, `mx_relative`, `mx_width`, `mx_x`, `mx_y`, `fk_mx_cell_id`) VALUES ('ff808181725050fe017250b8d1ff03ec', '2020-05-26 00:00:09', 'admin', b'1', '2020-05-26 00:00:09', 'admin', 0, 'geometry', NULL, '1', NULL, NULL, NULL, 'ff808181725050fe017250b8d1ff03eb');
INSERT INTO `mx_geometry`(`id`, `crt_dttm`, `crt_user`, `enable_flag`, `last_update_dttm`, `last_update_user`, `version`, `mx_as`, `mx_height`, `mx_relative`, `mx_width`, `mx_x`, `mx_y`, `fk_mx_cell_id`) VALUES ('ff808181725050fe017250b8d1ff03ee', '2020-05-26 00:00:09', 'admin', b'1', '2020-05-26 00:00:09', 'admin', 0, 'geometry', '66', NULL, '66', '360', '570', 'ff808181725050fe017250b8d1ff03ed');
INSERT INTO `mx_geometry`(`id`, `crt_dttm`, `crt_user`, `enable_flag`, `last_update_dttm`, `last_update_user`, `version`, `mx_as`, `mx_height`, `mx_relative`, `mx_width`, `mx_x`, `mx_y`, `fk_mx_cell_id`) VALUES ('ff808181725050fe017250b8d1ff03f0', '2020-05-26 00:00:09', 'admin', b'1', '2020-05-26 00:00:09', 'admin', 0, 'geometry', NULL, '1', NULL, NULL, NULL, 'ff808181725050fe017250b8d1ff03ef');
INSERT INTO `mx_geometry`(`id`, `crt_dttm`, `crt_user`, `enable_flag`, `last_update_dttm`, `last_update_user`, `version`, `mx_as`, `mx_height`, `mx_relative`, `mx_width`, `mx_x`, `mx_y`, `fk_mx_cell_id`) VALUES ('ff808181725050fe017250b8d1ff03f2', '2020-05-26 00:00:09', 'admin', b'1', '2020-05-26 00:00:09', 'admin', 0, 'geometry', '66', NULL, '66', '360', '730', 'ff808181725050fe017250b8d1ff03f1');
INSERT INTO `mx_geometry`(`id`, `crt_dttm`, `crt_user`, `enable_flag`, `last_update_dttm`, `last_update_user`, `version`, `mx_as`, `mx_height`, `mx_relative`, `mx_width`, `mx_x`, `mx_y`, `fk_mx_cell_id`) VALUES ('ff808181725050fe017250b8d1ff03f4', '2020-05-26 00:00:09', 'admin', b'1', '2020-05-26 00:00:09', 'admin', 0, 'geometry', NULL, '1', NULL, NULL, NULL, 'ff808181725050fe017250b8d1ff03f3');
INSERT INTO `mx_geometry`(`id`, `crt_dttm`, `crt_user`, `enable_flag`, `last_update_dttm`, `last_update_user`, `version`, `mx_as`, `mx_height`, `mx_relative`, `mx_width`, `mx_x`, `mx_y`, `fk_mx_cell_id`) VALUES ('ff808181725050fe017250b8d1ff03f6', '2020-05-26 00:00:09', 'admin', b'1', '2020-05-26 00:00:09', 'admin', 0, 'geometry', NULL, '1', NULL, NULL, NULL, 'ff808181725050fe017250b8d1ff03f5');
INSERT INTO `mx_geometry`(`id`, `crt_dttm`, `crt_user`, `enable_flag`, `last_update_dttm`, `last_update_user`, `version`, `mx_as`, `mx_height`, `mx_relative`, `mx_width`, `mx_x`, `mx_y`, `fk_mx_cell_id`) VALUES ('ff808181725050fe017250b8d1ff03f8', '2020-05-26 00:00:09', 'admin', b'1', '2020-05-26 00:00:09', 'admin', 0, 'geometry', '20', NULL, '200', '153', '360', 'ff808181725050fe017250b8d1ff03f7');
INSERT INTO `mx_geometry`(`id`, `crt_dttm`, `crt_user`, `enable_flag`, `last_update_dttm`, `last_update_user`, `version`, `mx_as`, `mx_height`, `mx_relative`, `mx_width`, `mx_x`, `mx_y`, `fk_mx_cell_id`) VALUES ('ff808181725050fe017250b8d1ff03fa', '2020-05-26 00:00:09', 'admin', b'1', '2020-05-26 00:00:09', 'admin', 0, 'geometry', '66', NULL, '66', '476', '234', 'ff808181725050fe017250b8d1ff03f9');
INSERT INTO `mx_geometry`(`id`, `crt_dttm`, `crt_user`, `enable_flag`, `last_update_dttm`, `last_update_user`, `version`, `mx_as`, `mx_height`, `mx_relative`, `mx_width`, `mx_x`, `mx_y`, `fk_mx_cell_id`) VALUES ('ff808181725050fe017250b8d1ff03fc', '2020-05-26 00:00:09', 'admin', b'1', '2020-05-26 00:00:09', 'admin', 0, 'geometry', NULL, '1', NULL, NULL, NULL, 'ff808181725050fe017250b8d1ff03fb');
INSERT INTO `mx_geometry`(`id`, `crt_dttm`, `crt_user`, `enable_flag`, `last_update_dttm`, `last_update_user`, `version`, `mx_as`, `mx_height`, `mx_relative`, `mx_width`, `mx_x`, `mx_y`, `fk_mx_cell_id`) VALUES ('ff808181725050fe017250b8d1ff03fe', '2020-05-26 00:00:09', 'admin', b'1', '2020-05-26 00:00:09', 'admin', 0, 'geometry', NULL, '1', NULL, NULL, NULL, 'ff808181725050fe017250b8d1ff03fd');
INSERT INTO `mx_geometry`(`id`, `crt_dttm`, `crt_user`, `enable_flag`, `last_update_dttm`, `last_update_user`, `version`, `mx_as`, `mx_height`, `mx_relative`, `mx_width`, `mx_x`, `mx_y`, `fk_mx_cell_id`) VALUES ('ff808181725050fe017250b8d2000400', '2020-05-26 00:00:09', 'admin', b'1', '2020-05-26 00:00:09', 'admin', 0, 'geometry', '66', NULL, '66', '190', '840', 'ff808181725050fe017250b8d1ff03ff');
INSERT INTO `mx_geometry`(`id`, `crt_dttm`, `crt_user`, `enable_flag`, `last_update_dttm`, `last_update_user`, `version`, `mx_as`, `mx_height`, `mx_relative`, `mx_width`, `mx_x`, `mx_y`, `fk_mx_cell_id`) VALUES ('ff808181725050fe017250b8d2000402', '2020-05-26 00:00:09', 'admin', b'1', '2020-05-26 00:00:09', 'admin', 0, 'geometry', NULL, '1', NULL, NULL, NULL, 'ff808181725050fe017250b8d2000401');
INSERT INTO `mx_geometry`(`id`, `crt_dttm`, `crt_user`, `enable_flag`, `last_update_dttm`, `last_update_user`, `version`, `mx_as`, `mx_height`, `mx_relative`, `mx_width`, `mx_x`, `mx_y`, `fk_mx_cell_id`) VALUES ('ff808181725050fe017250b8d2000404', '2020-05-26 00:00:09', 'admin', b'1', '2020-05-26 00:00:09', 'admin', 0, 'geometry', '66', NULL, '66', '360', '840', 'ff808181725050fe017250b8d2000403');
INSERT INTO `mx_geometry`(`id`, `crt_dttm`, `crt_user`, `enable_flag`, `last_update_dttm`, `last_update_user`, `version`, `mx_as`, `mx_height`, `mx_relative`, `mx_width`, `mx_x`, `mx_y`, `fk_mx_cell_id`) VALUES ('ff808181725050fe017250b8d2000406', '2020-05-26 00:00:09', 'admin', b'1', '2020-05-26 00:00:09', 'admin', 0, 'geometry', '66', NULL, '66', '220', '394', 'ff808181725050fe017250b8d2000405');
INSERT INTO `mx_geometry`(`id`, `crt_dttm`, `crt_user`, `enable_flag`, `last_update_dttm`, `last_update_user`, `version`, `mx_as`, `mx_height`, `mx_relative`, `mx_width`, `mx_x`, `mx_y`, `fk_mx_cell_id`) VALUES ('ff808181725050fe017250b8d2000408', '2020-05-26 00:00:09', 'admin', b'1', '2020-05-26 00:00:09', 'admin', 0, 'geometry', '20', NULL, '40', '435', '735', 'ff808181725050fe017250b8d2000407');
INSERT INTO `mx_geometry`(`id`, `crt_dttm`, `crt_user`, `enable_flag`, `last_update_dttm`, `last_update_user`, `version`, `mx_as`, `mx_height`, `mx_relative`, `mx_width`, `mx_x`, `mx_y`, `fk_mx_cell_id`) VALUES ('ff808181725050fe017250b8d200040a', '2020-05-26 00:00:09', 'admin', b'1', '2020-05-26 00:00:09', 'admin', 0, 'geometry', '66', NULL, '66', '529', '840', 'ff808181725050fe017250b8d2000409');
INSERT INTO `mx_geometry`(`id`, `crt_dttm`, `crt_user`, `enable_flag`, `last_update_dttm`, `last_update_user`, `version`, `mx_as`, `mx_height`, `mx_relative`, `mx_width`, `mx_x`, `mx_y`, `fk_mx_cell_id`) VALUES ('ff808181725050fe017250b8d200040c', '2020-05-26 00:00:09', 'admin', b'1', '2020-05-26 00:00:09', 'admin', 0, 'geometry', '20', NULL, '180', '560', '417', 'ff808181725050fe017250b8d200040b');
INSERT INTO `mx_geometry`(`id`, `crt_dttm`, `crt_user`, `enable_flag`, `last_update_dttm`, `last_update_user`, `version`, `mx_as`, `mx_height`, `mx_relative`, `mx_width`, `mx_x`, `mx_y`, `fk_mx_cell_id`) VALUES ('ff808181725050fe017250b8d200040e', '2020-05-26 00:00:09', 'admin', b'1', '2020-05-26 00:00:09', 'admin', 0, 'geometry', '20', NULL, '250', '460', '200', 'ff808181725050fe017250b8d200040d');
INSERT INTO `mx_geometry`(`id`, `crt_dttm`, `crt_user`, `enable_flag`, `last_update_dttm`, `last_update_user`, `version`, `mx_as`, `mx_height`, `mx_relative`, `mx_width`, `mx_x`, `mx_y`, `fk_mx_cell_id`) VALUES ('ff808181725050fe017250b8d2000412', '2020-05-26 00:00:09', 'admin', b'1', '2020-05-26 00:00:09', 'admin', 0, 'geometry', NULL, '1', NULL, NULL, NULL, 'ff808181725050fe017250b8d2000411');
INSERT INTO `mx_geometry`(`id`, `crt_dttm`, `crt_user`, `enable_flag`, `last_update_dttm`, `last_update_user`, `version`, `mx_as`, `mx_height`, `mx_relative`, `mx_width`, `mx_x`, `mx_y`, `fk_mx_cell_id`) VALUES ('ff808181725050fe017250b8d2000414', '2020-05-26 00:00:09', 'admin', b'1', '2020-05-26 00:00:09', 'admin', 0, 'geometry', '30', NULL, '70', '-20', '310', 'ff808181725050fe017250b8d2000413');
INSERT INTO `mx_geometry`(`id`, `crt_dttm`, `crt_user`, `enable_flag`, `last_update_dttm`, `last_update_user`, `version`, `mx_as`, `mx_height`, `mx_relative`, `mx_width`, `mx_x`, `mx_y`, `fk_mx_cell_id`) VALUES ('ff808181725050fe017250b8d2000416', '2020-05-26 00:00:09', 'admin', b'1', '2020-05-26 00:00:09', 'admin', 0, 'geometry', '66', NULL, '66', '257', '300', 'ff808181725050fe017250b8d2000415');
INSERT INTO `mx_geometry`(`id`, `crt_dttm`, `crt_user`, `enable_flag`, `last_update_dttm`, `last_update_user`, `version`, `mx_as`, `mx_height`, `mx_relative`, `mx_width`, `mx_x`, `mx_y`, `fk_mx_cell_id`) VALUES ('ff808181725050fe017250b8d2000418', '2020-05-26 00:00:09', 'admin', b'1', '2020-05-26 00:00:09', 'admin', 0, 'geometry', NULL, '1', NULL, NULL, NULL, 'ff808181725050fe017250b8d2000417');
INSERT INTO `mx_geometry`(`id`, `crt_dttm`, `crt_user`, `enable_flag`, `last_update_dttm`, `last_update_user`, `version`, `mx_as`, `mx_height`, `mx_relative`, `mx_width`, `mx_x`, `mx_y`, `fk_mx_cell_id`) VALUES ('ff808181725050fe017250b8d200041a', '2020-05-26 00:00:09', 'admin', b'1', '2020-05-26 00:00:09', 'admin', 0, 'geometry', NULL, '1', NULL, NULL, NULL, 'ff808181725050fe017250b8d2000419');
INSERT INTO `mx_geometry`(`id`, `crt_dttm`, `crt_user`, `enable_flag`, `last_update_dttm`, `last_update_user`, `version`, `mx_as`, `mx_height`, `mx_relative`, `mx_width`, `mx_x`, `mx_y`, `fk_mx_cell_id`) VALUES ('ff808181725050fe017250b8d200041c', '2020-05-26 00:00:09', 'admin', b'1', '2020-05-26 00:00:09', 'admin', 0, 'geometry', '30', NULL, '80', '533', '336', 'ff808181725050fe017250b8d200041b');
INSERT INTO `mx_geometry`(`id`, `crt_dttm`, `crt_user`, `enable_flag`, `last_update_dttm`, `last_update_user`, `version`, `mx_as`, `mx_height`, `mx_relative`, `mx_width`, `mx_x`, `mx_y`, `fk_mx_cell_id`) VALUES ('ff808181725050fe017250b8d200041e', '2020-05-26 00:00:09', 'admin', b'1', '2020-05-26 00:00:09', 'admin', 0, 'geometry', NULL, '1', NULL, NULL, NULL, 'ff808181725050fe017250b8d200041d');
INSERT INTO `mx_geometry`(`id`, `crt_dttm`, `crt_user`, `enable_flag`, `last_update_dttm`, `last_update_user`, `version`, `mx_as`, `mx_height`, `mx_relative`, `mx_width`, `mx_x`, `mx_y`, `fk_mx_cell_id`) VALUES ('ff808181725050fe017250b8d2000420', '2020-05-26 00:00:09', 'admin', b'1', '2020-05-26 00:00:09', 'admin', 0, 'geometry', '66', NULL, '66', '257', '460', 'ff808181725050fe017250b8d200041f');
INSERT INTO `mx_geometry`(`id`, `crt_dttm`, `crt_user`, `enable_flag`, `last_update_dttm`, `last_update_user`, `version`, `mx_as`, `mx_height`, `mx_relative`, `mx_width`, `mx_x`, `mx_y`, `fk_mx_cell_id`) VALUES ('ff808181725050fe017250b8d2000422', '2020-05-26 00:00:09', 'admin', b'1', '2020-05-26 00:00:09', 'admin', 0, 'geometry', '30', NULL, '80', '250', '250', 'ff808181725050fe017250b8d2000421');
INSERT INTO `mx_geometry`(`id`, `crt_dttm`, `crt_user`, `enable_flag`, `last_update_dttm`, `last_update_user`, `version`, `mx_as`, `mx_height`, `mx_relative`, `mx_width`, `mx_x`, `mx_y`, `fk_mx_cell_id`) VALUES ('ff808181725050fe017250b8d2000424', '2020-05-26 00:00:09', 'admin', b'1', '2020-05-26 00:00:09', 'admin', 0, 'geometry', '66', NULL, '66', '540', '380', 'ff808181725050fe017250b8d2000423');
INSERT INTO `mx_geometry`(`id`, `crt_dttm`, `crt_user`, `enable_flag`, `last_update_dttm`, `last_update_user`, `version`, `mx_as`, `mx_height`, `mx_relative`, `mx_width`, `mx_x`, `mx_y`, `fk_mx_cell_id`) VALUES ('ff808181725050fe017250b8d2000426', '2020-05-26 00:00:09', 'admin', b'1', '2020-05-26 00:00:09', 'admin', 0, 'geometry', '66', NULL, '66', '-20', '370', 'ff808181725050fe017250b8d2000425');
INSERT INTO `mx_geometry`(`id`, `crt_dttm`, `crt_user`, `enable_flag`, `last_update_dttm`, `last_update_user`, `version`, `mx_as`, `mx_height`, `mx_relative`, `mx_width`, `mx_x`, `mx_y`, `fk_mx_cell_id`) VALUES ('ff808181725050fe017250b8d2000428', '2020-05-26 00:00:09', 'admin', b'1', '2020-05-26 00:00:09', 'admin', 0, 'geometry', '30', NULL, '70', '770', '336', 'ff808181725050fe017250b8d2000427');
INSERT INTO `mx_geometry`(`id`, `crt_dttm`, `crt_user`, `enable_flag`, `last_update_dttm`, `last_update_user`, `version`, `mx_as`, `mx_height`, `mx_relative`, `mx_width`, `mx_x`, `mx_y`, `fk_mx_cell_id`) VALUES ('ff808181725050fe017250b8d200042a', '2020-05-26 00:00:09', 'admin', b'1', '2020-05-26 00:00:09', 'admin', 0, 'geometry', '66', NULL, '66', '772', '380', 'ff808181725050fe017250b8d2000429');
INSERT INTO `mx_geometry`(`id`, `crt_dttm`, `crt_user`, `enable_flag`, `last_update_dttm`, `last_update_user`, `version`, `mx_as`, `mx_height`, `mx_relative`, `mx_width`, `mx_x`, `mx_y`, `fk_mx_cell_id`) VALUES ('ff808181725050fe017250b8d200042c', '2020-05-26 00:00:09', 'admin', b'1', '2020-05-26 00:00:09', 'admin', 0, 'geometry', NULL, '1', NULL, NULL, NULL, 'ff808181725050fe017250b8d200042b');
INSERT INTO `mx_geometry`(`id`, `crt_dttm`, `crt_user`, `enable_flag`, `last_update_dttm`, `last_update_user`, `version`, `mx_as`, `mx_height`, `mx_relative`, `mx_width`, `mx_x`, `mx_y`, `fk_mx_cell_id`) VALUES ('ff808181725050fe017250b8d200042e', '2020-05-26 00:00:09', 'admin', b'1', '2020-05-26 00:00:09', 'admin', 0, 'geometry', '30', NULL, '80', '250', '580', 'ff808181725050fe017250b8d200042d');