
INSERT INTO `flow`(`id`, `crt_dttm`, `crt_user`, `enable_flag`, `last_update_dttm`, `last_update_user`, `version`, `description`, `driver_memory`, `executor_cores`, `executor_memory`, `executor_number`, `is_example`, `name`, `uuid`, `page_id`, `fk_flow_group_id`) VALUES ('0641076d5ae840c09d2be5b71fw00001', '2020-05-26 00:00:09', 'admin', b'1', '2020-05-26 00:00:09', 'admin', 0, 'FlowExample', '1g', '1', '1g', '1', b'1', 'FlowExample', '0641076d5ae840c09d2be5b71fw00001', NULL, NULL);

INSERT INTO `flow_path`(`id`, `crt_dttm`, `crt_user`, `enable_flag`, `last_update_dttm`, `last_update_user`, `version`, `line_from`, `line_inport`, `line_outport`, `page_id`, `line_to`, `fk_flow_id`, `filter_condition`) VALUES ('ff808181725b0c8201725b0dc95e0000', '2020-05-26 00:00:09', 'admin', b'1', '2020-05-26 00:00:09', 'admin', 0, '11', NULL, NULL, '54', '15', '0641076d5ae840c09d2be5b71fw00001', NULL);
INSERT INTO `flow_path`(`id`, `crt_dttm`, `crt_user`, `enable_flag`, `last_update_dttm`, `last_update_user`, `version`, `line_from`, `line_inport`, `line_outport`, `page_id`, `line_to`, `fk_flow_id`, `filter_condition`) VALUES ('ff808181725b0c8201725b0dc9680001', '2020-05-26 00:00:09', 'admin', b'1', '2020-05-26 00:00:09', 'admin', 0, '20', NULL, 'out3', '53', '24', '0641076d5ae840c09d2be5b71fw00001', NULL);
INSERT INTO `flow_path`(`id`, `crt_dttm`, `crt_user`, `enable_flag`, `last_update_dttm`, `last_update_user`, `version`, `line_from`, `line_inport`, `line_outport`, `page_id`, `line_to`, `fk_flow_id`, `filter_condition`) VALUES ('ff808181725b0c8201725b0dc9680002', '2020-05-26 00:00:09', 'admin', b'1', '2020-05-26 00:00:09', 'admin', 0, '20', NULL, 'out2', '51', '26', '0641076d5ae840c09d2be5b71fw00001', NULL);
INSERT INTO `flow_path`(`id`, `crt_dttm`, `crt_user`, `enable_flag`, `last_update_dttm`, `last_update_user`, `version`, `line_from`, `line_inport`, `line_outport`, `page_id`, `line_to`, `fk_flow_id`, `filter_condition`) VALUES ('ff808181725b0c8201725b0dc96a0003', '2020-05-26 00:00:09', 'admin', b'1', '2020-05-26 00:00:09', 'admin', 0, '20', NULL, 'out1', '50', '22', '0641076d5ae840c09d2be5b71fw00001', NULL);
INSERT INTO `flow_path`(`id`, `crt_dttm`, `crt_user`, `enable_flag`, `last_update_dttm`, `last_update_user`, `version`, `line_from`, `line_inport`, `line_outport`, `page_id`, `line_to`, `fk_flow_id`, `filter_condition`) VALUES ('ff808181725b0c8201725b0dc96a0004', '2020-05-26 00:00:09', 'admin', b'1', '2020-05-26 00:00:09', 'admin', 0, '17', NULL, NULL, '49', '20', '0641076d5ae840c09d2be5b71fw00001', NULL);
INSERT INTO `flow_path`(`id`, `crt_dttm`, `crt_user`, `enable_flag`, `last_update_dttm`, `last_update_user`, `version`, `line_from`, `line_inport`, `line_outport`, `page_id`, `line_to`, `fk_flow_id`, `filter_condition`) VALUES ('ff808181725b0c8201725b0dc96a0005', '2020-05-26 00:00:09', 'admin', b'1', '2020-05-26 00:00:09', 'admin', 0, '6', 'data1', NULL, '48', '17', '0641076d5ae840c09d2be5b71fw00001', NULL);
INSERT INTO `flow_path`(`id`, `crt_dttm`, `crt_user`, `enable_flag`, `last_update_dttm`, `last_update_user`, `version`, `line_from`, `line_inport`, `line_outport`, `page_id`, `line_to`, `fk_flow_id`, `filter_condition`) VALUES ('ff808181725b0c8201725b0dc96b0006', '2020-05-26 00:00:09', 'admin', b'1', '2020-05-26 00:00:09', 'admin', 0, '15', 'data2', NULL, '47', '17', '0641076d5ae840c09d2be5b71fw00001', NULL);

INSERT INTO `flow_stops`(`id`, `crt_dttm`, `crt_user`, `enable_flag`, `last_update_dttm`, `last_update_user`, `version`, `bundel`, `description`, `groups`, `in_port_type`, `inports`, `is_checkpoint`, `name`, `out_port_type`, `outports`, `owner`, `page_id`, `start_time`, `state`, `stop_time`, `fk_flow_id`, `is_customized`, `fk_data_source_id`) VALUES ('ff808181725b0c8201725b0dc96b0007', '2020-05-26 00:00:09', 'admin', b'1', '2020-05-26 00:00:09', 'admin', 0, 'cn.piflow.bundle.common.Merge', 'Merge data into one stop', 'Common', 'ANY', 'Any', b'0', 'Merge', 'DEFAULT', 'Default', 'xjzhu@cnic.cn', '17', NULL, NULL, NULL, '0641076d5ae840c09d2be5b71fw00001', b'0', NULL);
INSERT INTO `flow_stops`(`id`, `crt_dttm`, `crt_user`, `enable_flag`, `last_update_dttm`, `last_update_user`, `version`, `bundel`, `description`, `groups`, `in_port_type`, `inports`, `is_checkpoint`, `name`, `out_port_type`, `outports`, `owner`, `page_id`, `start_time`, `state`, `stop_time`, `fk_flow_id`, `is_customized`, `fk_data_source_id`) VALUES ('ff808181725b0c8201725b0dc96b0009', '2020-05-26 00:00:09', 'admin', b'1', '2020-05-26 00:00:09', 'admin', 0, 'cn.piflow.bundle.common.Fork', 'Forking data to different stops', 'Common', 'DEFAULT', 'Default', b'0', 'Fork', 'ANY', 'Any', 'xjzhu@cnic.cn', '20', NULL, NULL, NULL, '0641076d5ae840c09d2be5b71fw00001', b'0', NULL);
INSERT INTO `flow_stops`(`id`, `crt_dttm`, `crt_user`, `enable_flag`, `last_update_dttm`, `last_update_user`, `version`, `bundel`, `description`, `groups`, `in_port_type`, `inports`, `is_checkpoint`, `name`, `out_port_type`, `outports`, `owner`, `page_id`, `start_time`, `state`, `stop_time`, `fk_flow_id`, `is_customized`, `fk_data_source_id`) VALUES ('ff808181725b0c8201725b0dc96c000b', '2020-05-26 00:00:09', 'admin', b'1', '2020-05-26 00:00:09', 'admin', 0, 'cn.piflow.bundle.common.MockData', 'Mock dataframe.', 'Common', 'DEFAULT', 'Default', b'0', 'MockData', 'DEFAULT', 'Default', 'xjzhu@cnic.cn', '6', NULL, NULL, NULL, '0641076d5ae840c09d2be5b71fw00001', b'0', NULL);
INSERT INTO `flow_stops`(`id`, `crt_dttm`, `crt_user`, `enable_flag`, `last_update_dttm`, `last_update_user`, `version`, `bundel`, `description`, `groups`, `in_port_type`, `inports`, `is_checkpoint`, `name`, `out_port_type`, `outports`, `owner`, `page_id`, `start_time`, `state`, `stop_time`, `fk_flow_id`, `is_customized`, `fk_data_source_id`) VALUES ('ff808181725b0c8201725b0dc96d000e', '2020-05-26 00:00:09', 'admin', b'1', '2020-05-26 00:00:09', 'admin', 0, 'cn.piflow.bundle.common.MockData', 'Mock dataframe.', 'Common', 'DEFAULT', 'Default', b'0', 'MockData7', 'DEFAULT', 'Default', 'xjzhu@cnic.cn', '11', NULL, NULL, NULL, '0641076d5ae840c09d2be5b71fw00001', b'0', NULL);
INSERT INTO `flow_stops`(`id`, `crt_dttm`, `crt_user`, `enable_flag`, `last_update_dttm`, `last_update_user`, `version`, `bundel`, `description`, `groups`, `in_port_type`, `inports`, `is_checkpoint`, `name`, `out_port_type`, `outports`, `owner`, `page_id`, `start_time`, `state`, `stop_time`, `fk_flow_id`, `is_customized`, `fk_data_source_id`) VALUES ('ff808181725b0c8201725b0dc96f0011', '2020-05-26 00:00:09', 'admin', b'1', '2020-05-26 00:00:09', 'admin', 0, 'cn.piflow.bundle.common.SelectField', 'Select data column', 'Common', 'DEFAULT', 'Default', b'0', 'SelectField', 'DEFAULT', 'Default', 'xjzhu@cnic.cn', '15', NULL, NULL, NULL, '0641076d5ae840c09d2be5b71fw00001', b'0', NULL);
INSERT INTO `flow_stops`(`id`, `crt_dttm`, `crt_user`, `enable_flag`, `last_update_dttm`, `last_update_user`, `version`, `bundel`, `description`, `groups`, `in_port_type`, `inports`, `is_checkpoint`, `name`, `out_port_type`, `outports`, `owner`, `page_id`, `start_time`, `state`, `stop_time`, `fk_flow_id`, `is_customized`, `fk_data_source_id`) VALUES ('ff808181725b0c8201725b0dc9700013', '2020-05-26 00:00:09', 'admin', b'1', '2020-05-26 00:00:09', 'admin', 0, 'cn.piflow.bundle.common.SelectField', 'Select data column', 'Common', 'DEFAULT', 'Default', b'0', 'SelectField18', 'DEFAULT', 'Default', 'xjzhu@cnic.cn', '22', NULL, NULL, NULL, '0641076d5ae840c09d2be5b71fw00001', b'0', NULL);
INSERT INTO `flow_stops`(`id`, `crt_dttm`, `crt_user`, `enable_flag`, `last_update_dttm`, `last_update_user`, `version`, `bundel`, `description`, `groups`, `in_port_type`, `inports`, `is_checkpoint`, `name`, `out_port_type`, `outports`, `owner`, `page_id`, `start_time`, `state`, `stop_time`, `fk_flow_id`, `is_customized`, `fk_data_source_id`) VALUES ('ff808181725b0c8201725b0dc9700015', '2020-05-26 00:00:09', 'admin', b'1', '2020-05-26 00:00:09', 'admin', 0, 'cn.piflow.bundle.common.SelectField', 'Select data column', 'Common', 'DEFAULT', 'Default', b'0', 'SelectField20', 'DEFAULT', 'Default', 'xjzhu@cnic.cn', '24', NULL, NULL, NULL, '0641076d5ae840c09d2be5b71fw00001', b'0', NULL);
INSERT INTO `flow_stops`(`id`, `crt_dttm`, `crt_user`, `enable_flag`, `last_update_dttm`, `last_update_user`, `version`, `bundel`, `description`, `groups`, `in_port_type`, `inports`, `is_checkpoint`, `name`, `out_port_type`, `outports`, `owner`, `page_id`, `start_time`, `state`, `stop_time`, `fk_flow_id`, `is_customized`, `fk_data_source_id`) VALUES ('ff808181725b0c8201725b0dc9710017', '2020-05-26 00:00:09', 'admin', b'1', '2020-05-26 00:00:09', 'admin', 0, 'cn.piflow.bundle.common.SelectField', 'Select data column', 'Common', 'DEFAULT', 'Default', b'0', 'SelectField22', 'DEFAULT', 'Default', 'xjzhu@cnic.cn', '26', NULL, NULL, NULL, '0641076d5ae840c09d2be5b71fw00001', b'0', NULL);

INSERT INTO `flow_stops_property`(`id`, `crt_dttm`, `crt_user`, `enable_flag`, `last_update_dttm`, `last_update_user`, `version`, `allowable_values`, `custom_value`, `description`, `display_name`, `is_select`, `name`, `property_required`, `property_sensitive`, `fk_stops_id`, `is_locked`, `property_sort`, `is_old_data`) VALUES ('ff808181725b0c8201725b0dc96b0008', '2020-05-26 00:00:09', 'admin', b'1', '2020-05-26 00:00:09', 'admin', 0, '[\"\"]', 'data2,data2,data2,data1', 'Inports string are separated by commas', 'Inports', b'0', 'inports', b'1', b'0', 'ff808181725b0c8201725b0dc96b0007', b'0', NULL, b'0');
INSERT INTO `flow_stops_property`(`id`, `crt_dttm`, `crt_user`, `enable_flag`, `last_update_dttm`, `last_update_user`, `version`, `allowable_values`, `custom_value`, `description`, `display_name`, `is_select`, `name`, `property_required`, `property_sensitive`, `fk_stops_id`, `is_locked`, `property_sort`, `is_old_data`) VALUES ('ff808181725b0c8201725b0dc96b000a', '2020-05-26 00:00:09', 'admin', b'1', '2020-05-26 00:00:09', 'admin', 0, '[\"\"]', 'out3,out2,out3,out1,out2,out3', 'Output ports string with comma', 'outports', b'0', 'outports', b'1', b'0', 'ff808181725b0c8201725b0dc96b0009', b'0', NULL, b'0');
INSERT INTO `flow_stops_property`(`id`, `crt_dttm`, `crt_user`, `enable_flag`, `last_update_dttm`, `last_update_user`, `version`, `allowable_values`, `custom_value`, `description`, `display_name`, `is_select`, `name`, `property_required`, `property_sensitive`, `fk_stops_id`, `is_locked`, `property_sort`, `is_old_data`) VALUES ('ff808181725b0c8201725b0dc96c000c', '2020-05-26 00:00:09', 'admin', b'1', '2020-05-26 00:00:09', 'admin', 0, '[\"\"]', '10', 'The count of dataframe', 'Count', b'0', 'count', b'1', b'0', 'ff808181725b0c8201725b0dc96c000b', b'0', NULL, b'0');
INSERT INTO `flow_stops_property`(`id`, `crt_dttm`, `crt_user`, `enable_flag`, `last_update_dttm`, `last_update_user`, `version`, `allowable_values`, `custom_value`, `description`, `display_name`, `is_select`, `name`, `property_required`, `property_sensitive`, `fk_stops_id`, `is_locked`, `property_sort`, `is_old_data`) VALUES ('ff808181725b0c8201725b0dc96d000d', '2020-05-26 00:00:09', 'admin', b'1', '2020-05-26 00:00:09', 'admin', 0, '[\"\"]', 'title:String, author:String, age:Int', 'The schema of mock data, format is column:columnType:isNullable. Separate multiple fields with commas. columnType can be String/Int/Long/Float/Double/Boolean. isNullable can be left blank, the default value is false. ', 'Schema', b'0', 'schema', b'1', b'0', 'ff808181725b0c8201725b0dc96c000b', b'0', NULL, b'0');
INSERT INTO `flow_stops_property`(`id`, `crt_dttm`, `crt_user`, `enable_flag`, `last_update_dttm`, `last_update_user`, `version`, `allowable_values`, `custom_value`, `description`, `display_name`, `is_select`, `name`, `property_required`, `property_sensitive`, `fk_stops_id`, `is_locked`, `property_sort`, `is_old_data`) VALUES ('ff808181725b0c8201725b0dc96e000f', '2020-05-26 00:00:09', 'admin', b'1', '2020-05-26 00:00:09', 'admin', 0, '[\"\"]', 'title:String, author:String, age:Int, gender:String', 'The schema of mock data, format is column:columnType:isNullable. Separate multiple fields with commas. columnType can be String/Int/Long/Float/Double/Boolean. isNullable can be left blank, the default value is false. ', 'Schema', b'0', 'schema', b'1', b'0', 'ff808181725b0c8201725b0dc96d000e', b'0', NULL, b'0');
INSERT INTO `flow_stops_property`(`id`, `crt_dttm`, `crt_user`, `enable_flag`, `last_update_dttm`, `last_update_user`, `version`, `allowable_values`, `custom_value`, `description`, `display_name`, `is_select`, `name`, `property_required`, `property_sensitive`, `fk_stops_id`, `is_locked`, `property_sort`, `is_old_data`) VALUES ('ff808181725b0c8201725b0dc96f0010', '2020-05-26 00:00:09', 'admin', b'1', '2020-05-26 00:00:09', 'admin', 0, '[\"\"]', '10', 'The count of dataframe', 'Count', b'0', 'count', b'1', b'0', 'ff808181725b0c8201725b0dc96d000e', b'0', NULL, b'0');
INSERT INTO `flow_stops_property`(`id`, `crt_dttm`, `crt_user`, `enable_flag`, `last_update_dttm`, `last_update_user`, `version`, `allowable_values`, `custom_value`, `description`, `display_name`, `is_select`, `name`, `property_required`, `property_sensitive`, `fk_stops_id`, `is_locked`, `property_sort`, `is_old_data`) VALUES ('ff808181725b0c8201725b0dc96f0012', '2020-05-26 00:00:09', 'admin', b'1', '2020-05-26 00:00:09', 'admin', 0, '[\"\"]', 'title,author,age', 'Select the column you want,multiple columns separated by commas', 'ColumnNames', b'0', 'columnNames', b'1', b'0', 'ff808181725b0c8201725b0dc96f0011', b'0', NULL, b'0');
INSERT INTO `flow_stops_property`(`id`, `crt_dttm`, `crt_user`, `enable_flag`, `last_update_dttm`, `last_update_user`, `version`, `allowable_values`, `custom_value`, `description`, `display_name`, `is_select`, `name`, `property_required`, `property_sensitive`, `fk_stops_id`, `is_locked`, `property_sort`, `is_old_data`) VALUES ('ff808181725b0c8201725b0dc9700014', '2020-05-26 00:00:09', 'admin', b'1', '2020-05-26 00:00:09', 'admin', 0, '[\"\"]', 'title', 'Select the column you want,multiple columns separated by commas', 'ColumnNames', b'0', 'columnNames', b'1', b'0', 'ff808181725b0c8201725b0dc9700013', b'0', NULL, b'0');
INSERT INTO `flow_stops_property`(`id`, `crt_dttm`, `crt_user`, `enable_flag`, `last_update_dttm`, `last_update_user`, `version`, `allowable_values`, `custom_value`, `description`, `display_name`, `is_select`, `name`, `property_required`, `property_sensitive`, `fk_stops_id`, `is_locked`, `property_sort`, `is_old_data`) VALUES ('ff808181725b0c8201725b0dc9700016', '2020-05-26 00:00:09', 'admin', b'1', '2020-05-26 00:00:09', 'admin', 0, '[\"\"]', 'age', 'Select the column you want,multiple columns separated by commas', 'ColumnNames', b'0', 'columnNames', b'1', b'0', 'ff808181725b0c8201725b0dc9700015', b'0', NULL, b'0');
INSERT INTO `flow_stops_property`(`id`, `crt_dttm`, `crt_user`, `enable_flag`, `last_update_dttm`, `last_update_user`, `version`, `allowable_values`, `custom_value`, `description`, `display_name`, `is_select`, `name`, `property_required`, `property_sensitive`, `fk_stops_id`, `is_locked`, `property_sort`, `is_old_data`) VALUES ('ff808181725b0c8201725b0dc9710018', '2020-05-26 00:00:09', 'admin', b'1', '2020-05-26 00:00:09', 'admin', 0, '[\"\"]', 'author', 'Select the column you want,multiple columns separated by commas', 'ColumnNames', b'0', 'columnNames', b'1', b'0', 'ff808181725b0c8201725b0dc9710017', b'0', NULL, b'0');

INSERT INTO `mx_graph_model`(`id`, `crt_dttm`, `crt_user`, `enable_flag`, `last_update_dttm`, `last_update_user`, `version`, `mx_arrows`, `mx_background`, `mx_connect`, `mx_dx`, `mx_dy`, `mx_fold`, `mx_grid`, `mx_gridsize`, `mx_guides`, `mx_page`, `mx_pageheight`, `mx_pagescale`, `mx_pagewidth`, `mx_tooltips`, `fk_flow_id`, `fk_flow_group_id`, `fk_process_id`, `fk_process_group_id`) VALUES ('e320faaf18e046f7997757a767456c8c', '2020-05-26 00:00:09', 'admin', b'1', '2020-05-26 00:00:09', 'admin', 1, NULL, NULL, NULL, NULL, NULL, NULL, NULL, NULL, NULL, NULL, NULL, NULL, NULL, NULL, '0641076d5ae840c09d2be5b71fw00001', NULL, NULL, NULL);

INSERT INTO `mx_cell`(`id`, `crt_dttm`, `crt_user`, `enable_flag`, `last_update_dttm`, `last_update_user`, `version`, `mx_edge`, `mx_pageid`, `mx_parent`, `mx_source`, `mx_style`, `mx_target`, `mx_value`, `mx_vertex`, `fk_mx_graph_id`) VALUES ('ff808181725b0c8201725b0dc9710019', '2020-05-26 00:00:09', 'admin', b'1', '2020-05-26 00:00:09', 'admin', 0, NULL, '0', NULL, NULL, NULL, NULL, NULL, NULL, 'e320faaf18e046f7997757a767456c8c');
INSERT INTO `mx_cell`(`id`, `crt_dttm`, `crt_user`, `enable_flag`, `last_update_dttm`, `last_update_user`, `version`, `mx_edge`, `mx_pageid`, `mx_parent`, `mx_source`, `mx_style`, `mx_target`, `mx_value`, `mx_vertex`, `fk_mx_graph_id`) VALUES ('ff808181725b0c8201725b0dc972001a', '2020-05-26 00:00:09', 'admin', b'1', '2020-05-26 00:00:09', 'admin', 0, NULL, '1', '0', NULL, NULL, NULL, NULL, NULL, 'e320faaf18e046f7997757a767456c8c');
INSERT INTO `mx_cell`(`id`, `crt_dttm`, `crt_user`, `enable_flag`, `last_update_dttm`, `last_update_user`, `version`, `mx_edge`, `mx_pageid`, `mx_parent`, `mx_source`, `mx_style`, `mx_target`, `mx_value`, `mx_vertex`, `fk_mx_graph_id`) VALUES ('ff808181725b0c8201725b0dc972001b', '2020-05-26 00:00:09', 'admin', b'1', '2020-05-26 00:00:09', 'admin', 0, NULL, '22', '1', NULL, 'image;html=1;labelBackgroundColor=#ffffff00;image=/piflow-web/images/SelectField_128x128.png', NULL, 'SelectField18', '1', 'e320faaf18e046f7997757a767456c8c');
INSERT INTO `mx_cell`(`id`, `crt_dttm`, `crt_user`, `enable_flag`, `last_update_dttm`, `last_update_user`, `version`, `mx_edge`, `mx_pageid`, `mx_parent`, `mx_source`, `mx_style`, `mx_target`, `mx_value`, `mx_vertex`, `fk_mx_graph_id`) VALUES ('ff808181725b0c8201725b0dc973001d', '2020-05-26 00:00:09', 'admin', b'1', '2020-05-26 00:00:09', 'admin', 0, NULL, '17', '1', NULL, 'image;html=1;labelBackgroundColor=#ffffff00;image=/piflow-web/images/Merge_128x128.png', NULL, 'Merge', '1', 'e320faaf18e046f7997757a767456c8c');
INSERT INTO `mx_cell`(`id`, `crt_dttm`, `crt_user`, `enable_flag`, `last_update_dttm`, `last_update_user`, `version`, `mx_edge`, `mx_pageid`, `mx_parent`, `mx_source`, `mx_style`, `mx_target`, `mx_value`, `mx_vertex`, `fk_mx_graph_id`) VALUES ('ff808181725b0c8201725b0dc973001f', '2020-05-26 00:00:09', 'admin', b'1', '2020-05-26 00:00:09', 'admin', 0, NULL, '29', '1', NULL, 'text;html=1;align=center;verticalAlign=middle;resizable=0;points=[];autosize=1;', NULL, '合流', '1', 'e320faaf18e046f7997757a767456c8c');
INSERT INTO `mx_cell`(`id`, `crt_dttm`, `crt_user`, `enable_flag`, `last_update_dttm`, `last_update_user`, `version`, `mx_edge`, `mx_pageid`, `mx_parent`, `mx_source`, `mx_style`, `mx_target`, `mx_value`, `mx_vertex`, `fk_mx_graph_id`) VALUES ('ff808181725b0c8201725b0dc9730021', '2020-05-26 00:00:09', 'admin', b'1', '2020-05-26 00:00:09', 'admin', 0, NULL, '14', '1', NULL, 'text;html=1;align=center;verticalAlign=middle;resizable=0;points=[];autosize=1;', NULL, '模拟生成数据：title, author, age, gender', '1', 'e320faaf18e046f7997757a767456c8c');
INSERT INTO `mx_cell`(`id`, `crt_dttm`, `crt_user`, `enable_flag`, `last_update_dttm`, `last_update_user`, `version`, `mx_edge`, `mx_pageid`, `mx_parent`, `mx_source`, `mx_style`, `mx_target`, `mx_value`, `mx_vertex`, `fk_mx_graph_id`) VALUES ('ff808181725b0c8201725b0dc9740023', '2020-05-26 00:00:09', 'admin', b'1', '2020-05-26 00:00:09', 'admin', 0, '1', '51', '1', '20', 'edgeStyle=none;rounded=0;orthogonalLoop=1;jettySize=auto;html=1;entryX=0.5;entryY=0;entryDx=0;entryDy=0;', '26', NULL, NULL, 'e320faaf18e046f7997757a767456c8c');
INSERT INTO `mx_cell`(`id`, `crt_dttm`, `crt_user`, `enable_flag`, `last_update_dttm`, `last_update_user`, `version`, `mx_edge`, `mx_pageid`, `mx_parent`, `mx_source`, `mx_style`, `mx_target`, `mx_value`, `mx_vertex`, `fk_mx_graph_id`) VALUES ('ff808181725b0c8201725b0dc9740025', '2020-05-26 00:00:09', 'admin', b'1', '2020-05-26 00:00:09', 'admin', 0, '1', '49', '1', '17', 'edgeStyle=none;rounded=0;orthogonalLoop=1;jettySize=auto;html=1;', '20', NULL, NULL, 'e320faaf18e046f7997757a767456c8c');
INSERT INTO `mx_cell`(`id`, `crt_dttm`, `crt_user`, `enable_flag`, `last_update_dttm`, `last_update_user`, `version`, `mx_edge`, `mx_pageid`, `mx_parent`, `mx_source`, `mx_style`, `mx_target`, `mx_value`, `mx_vertex`, `fk_mx_graph_id`) VALUES ('ff808181725b0c8201725b0dc9740027', '2020-05-26 00:00:09', 'admin', b'1', '2020-05-26 00:00:09', 'admin', 0, '1', '50', '1', '20', 'edgeStyle=none;rounded=0;orthogonalLoop=1;jettySize=auto;html=1;entryX=0.5;entryY=0;entryDx=0;entryDy=0;', '22', NULL, NULL, 'e320faaf18e046f7997757a767456c8c');
INSERT INTO `mx_cell`(`id`, `crt_dttm`, `crt_user`, `enable_flag`, `last_update_dttm`, `last_update_user`, `version`, `mx_edge`, `mx_pageid`, `mx_parent`, `mx_source`, `mx_style`, `mx_target`, `mx_value`, `mx_vertex`, `fk_mx_graph_id`) VALUES ('ff808181725b0c8201725b0dc9760029', '2020-05-26 00:00:09', 'admin', b'1', '2020-05-26 00:00:09', 'admin', 0, NULL, '28', '1', NULL, 'text;html=1;align=center;verticalAlign=middle;resizable=0;points=[];autosize=1;', NULL, '选择数据：<span style=\"font-size: 13.3333px\">title, author, age</span>', '1', 'e320faaf18e046f7997757a767456c8c');
INSERT INTO `mx_cell`(`id`, `crt_dttm`, `crt_user`, `enable_flag`, `last_update_dttm`, `last_update_user`, `version`, `mx_edge`, `mx_pageid`, `mx_parent`, `mx_source`, `mx_style`, `mx_target`, `mx_value`, `mx_vertex`, `fk_mx_graph_id`) VALUES ('ff808181725b0c8201725b0dc977002b', '2020-05-26 00:00:09', 'admin', b'1', '2020-05-26 00:00:09', 'admin', 0, NULL, '15', '1', NULL, 'image;html=1;labelBackgroundColor=#ffffff00;image=/piflow-web/images/SelectField_128x128.png', NULL, 'SelectField', '1', 'e320faaf18e046f7997757a767456c8c');
INSERT INTO `mx_cell`(`id`, `crt_dttm`, `crt_user`, `enable_flag`, `last_update_dttm`, `last_update_user`, `version`, `mx_edge`, `mx_pageid`, `mx_parent`, `mx_source`, `mx_style`, `mx_target`, `mx_value`, `mx_vertex`, `fk_mx_graph_id`) VALUES ('ff808181725b0c8201725b0dc977002d', '2020-05-26 00:00:09', 'admin', b'1', '2020-05-26 00:00:09', 'admin', 0, NULL, '11', '1', NULL, 'image;html=1;labelBackgroundColor=#ffffff00;image=/piflow-web/images/MockData_128x128.png', NULL, 'MockData7', '1', 'e320faaf18e046f7997757a767456c8c');
INSERT INTO `mx_cell`(`id`, `crt_dttm`, `crt_user`, `enable_flag`, `last_update_dttm`, `last_update_user`, `version`, `mx_edge`, `mx_pageid`, `mx_parent`, `mx_source`, `mx_style`, `mx_target`, `mx_value`, `mx_vertex`, `fk_mx_graph_id`) VALUES ('ff808181725b0c8201725b0dc977002f', '2020-05-26 00:00:09', 'admin', b'1', '2020-05-26 00:00:09', 'admin', 0, NULL, '9', '1', NULL, 'text;html=1;align=center;verticalAlign=middle;resizable=0;points=[];autosize=1;', NULL, '模拟测试数据：<span style=\"font-size: 13.3333px\">title, author, age</span>', '1', 'e320faaf18e046f7997757a767456c8c');
INSERT INTO `mx_cell`(`id`, `crt_dttm`, `crt_user`, `enable_flag`, `last_update_dttm`, `last_update_user`, `version`, `mx_edge`, `mx_pageid`, `mx_parent`, `mx_source`, `mx_style`, `mx_target`, `mx_value`, `mx_vertex`, `fk_mx_graph_id`) VALUES ('ff808181725b0c8201725b0dc9780031', '2020-05-26 00:00:09', 'admin', b'1', '2020-05-26 00:00:09', 'admin', 0, NULL, '6', '1', NULL, 'image;html=1;labelBackgroundColor=#ffffff00;image=/piflow-web/images/MockData_128x128.png', NULL, 'MockData', '1', 'e320faaf18e046f7997757a767456c8c');
INSERT INTO `mx_cell`(`id`, `crt_dttm`, `crt_user`, `enable_flag`, `last_update_dttm`, `last_update_user`, `version`, `mx_edge`, `mx_pageid`, `mx_parent`, `mx_source`, `mx_style`, `mx_target`, `mx_value`, `mx_vertex`, `fk_mx_graph_id`) VALUES ('ff808181725b0c8201725b0dc97a0033', '2020-05-26 00:00:09', 'admin', b'1', '2020-05-26 00:00:09', 'admin', 0, '1', '47', '1', '15', 'edgeStyle=none;rounded=0;orthogonalLoop=1;jettySize=auto;html=1;entryX=0.5;entryY=0;entryDx=0;entryDy=0;', '17', NULL, NULL, 'e320faaf18e046f7997757a767456c8c');
INSERT INTO `mx_cell`(`id`, `crt_dttm`, `crt_user`, `enable_flag`, `last_update_dttm`, `last_update_user`, `version`, `mx_edge`, `mx_pageid`, `mx_parent`, `mx_source`, `mx_style`, `mx_target`, `mx_value`, `mx_vertex`, `fk_mx_graph_id`) VALUES ('ff808181725b0c8201725b0dc97b0035', '2020-05-26 00:00:09', 'admin', b'1', '2020-05-26 00:00:09', 'admin', 0, '1', '53', '1', '20', 'edgeStyle=none;rounded=0;orthogonalLoop=1;jettySize=auto;html=1;entryX=0.5;entryY=0;entryDx=0;entryDy=0;', '24', NULL, NULL, 'e320faaf18e046f7997757a767456c8c');
INSERT INTO `mx_cell`(`id`, `crt_dttm`, `crt_user`, `enable_flag`, `last_update_dttm`, `last_update_user`, `version`, `mx_edge`, `mx_pageid`, `mx_parent`, `mx_source`, `mx_style`, `mx_target`, `mx_value`, `mx_vertex`, `fk_mx_graph_id`) VALUES ('ff808181725b0c8201725b0dc97b0037', '2020-05-26 00:00:09', 'admin', b'1', '2020-05-26 00:00:09', 'admin', 0, NULL, '20', '1', NULL, 'image;html=1;labelBackgroundColor=#ffffff00;image=/piflow-web/images/Fork_128x128.png', NULL, 'Fork', '1', 'e320faaf18e046f7997757a767456c8c');
INSERT INTO `mx_cell`(`id`, `crt_dttm`, `crt_user`, `enable_flag`, `last_update_dttm`, `last_update_user`, `version`, `mx_edge`, `mx_pageid`, `mx_parent`, `mx_source`, `mx_style`, `mx_target`, `mx_value`, `mx_vertex`, `fk_mx_graph_id`) VALUES ('ff808181725b0c8201725b0dc97c0039', '2020-05-26 00:00:09', 'admin', b'1', '2020-05-26 00:00:09', 'admin', 0, NULL, '26', '1', NULL, 'image;html=1;labelBackgroundColor=#ffffff00;image=/piflow-web/images/SelectField_128x128.png', NULL, 'SelectField22', '1', 'e320faaf18e046f7997757a767456c8c');
INSERT INTO `mx_cell`(`id`, `crt_dttm`, `crt_user`, `enable_flag`, `last_update_dttm`, `last_update_user`, `version`, `mx_edge`, `mx_pageid`, `mx_parent`, `mx_source`, `mx_style`, `mx_target`, `mx_value`, `mx_vertex`, `fk_mx_graph_id`) VALUES ('ff808181725b0c8201725b0dc97c003b', '2020-05-26 00:00:09', 'admin', b'1', '2020-05-26 00:00:09', 'admin', 0, NULL, '24', '1', NULL, 'image;html=1;labelBackgroundColor=#ffffff00;image=/piflow-web/images/SelectField_128x128.png', NULL, 'SelectField20', '1', 'e320faaf18e046f7997757a767456c8c');
INSERT INTO `mx_cell`(`id`, `crt_dttm`, `crt_user`, `enable_flag`, `last_update_dttm`, `last_update_user`, `version`, `mx_edge`, `mx_pageid`, `mx_parent`, `mx_source`, `mx_style`, `mx_target`, `mx_value`, `mx_vertex`, `fk_mx_graph_id`) VALUES ('ff808181725b0c8201725b0dc97d003d', '2020-05-26 00:00:09', 'admin', b'1', '2020-05-26 00:00:09', 'admin', 0, NULL, '30', '1', NULL, 'text;html=1;align=center;verticalAlign=middle;resizable=0;points=[];autosize=1;', NULL, '分流', '1', 'e320faaf18e046f7997757a767456c8c');
INSERT INTO `mx_cell`(`id`, `crt_dttm`, `crt_user`, `enable_flag`, `last_update_dttm`, `last_update_user`, `version`, `mx_edge`, `mx_pageid`, `mx_parent`, `mx_source`, `mx_style`, `mx_target`, `mx_value`, `mx_vertex`, `fk_mx_graph_id`) VALUES ('ff808181725b0c8201725b0dc97d003f', '2020-05-26 00:00:09', 'admin', b'1', '2020-05-26 00:00:09', 'admin', 0, '1', '48', '1', '6', 'edgeStyle=none;rounded=0;orthogonalLoop=1;jettySize=auto;html=1;entryX=0.5;entryY=0;entryDx=0;entryDy=0;', '17', NULL, NULL, 'e320faaf18e046f7997757a767456c8c');
INSERT INTO `mx_cell`(`id`, `crt_dttm`, `crt_user`, `enable_flag`, `last_update_dttm`, `last_update_user`, `version`, `mx_edge`, `mx_pageid`, `mx_parent`, `mx_source`, `mx_style`, `mx_target`, `mx_value`, `mx_vertex`, `fk_mx_graph_id`) VALUES ('ff808181725b0c8201725b0dc97e0041', '2020-05-26 00:00:09', 'admin', b'1', '2020-05-26 00:00:09', 'admin', 0, '1', '54', '1', '11', 'edgeStyle=none;rounded=0;orthogonalLoop=1;jettySize=auto;html=1;', '15', NULL, NULL, 'e320faaf18e046f7997757a767456c8c');


INSERT INTO `mx_geometry`(`id`, `crt_dttm`, `crt_user`, `enable_flag`, `last_update_dttm`, `last_update_user`, `version`, `mx_as`, `mx_height`, `mx_relative`, `mx_width`, `mx_x`, `mx_y`, `fk_mx_cell_id`) VALUES ('ff808181725b0c8201725b0dc972001c', '2020-05-26 00:00:09', 'admin', b'1', '2020-05-26 00:00:09', 'admin', 0, 'geometry', '66', NULL, '66', '167', '660', 'ff808181725b0c8201725b0dc972001b');
INSERT INTO `mx_geometry`(`id`, `crt_dttm`, `crt_user`, `enable_flag`, `last_update_dttm`, `last_update_user`, `version`, `mx_as`, `mx_height`, `mx_relative`, `mx_width`, `mx_x`, `mx_y`, `fk_mx_cell_id`) VALUES ('ff808181725b0c8201725b0dc973001e', '2020-05-26 00:00:09', 'admin', b'1', '2020-05-26 00:00:09', 'admin', 0, 'geometry', '66', NULL, '66', '337', '390', 'ff808181725b0c8201725b0dc973001d');
INSERT INTO `mx_geometry`(`id`, `crt_dttm`, `crt_user`, `enable_flag`, `last_update_dttm`, `last_update_user`, `version`, `mx_as`, `mx_height`, `mx_relative`, `mx_width`, `mx_x`, `mx_y`, `fk_mx_cell_id`) VALUES ('ff808181725b0c8201725b0dc9730020', '2020-05-26 00:00:09', 'admin', b'1', '2020-05-26 00:00:09', 'admin', 0, 'geometry', '20', NULL, '40', '412', '421', 'ff808181725b0c8201725b0dc973001f');
INSERT INTO `mx_geometry`(`id`, `crt_dttm`, `crt_user`, `enable_flag`, `last_update_dttm`, `last_update_user`, `version`, `mx_as`, `mx_height`, `mx_relative`, `mx_width`, `mx_x`, `mx_y`, `fk_mx_cell_id`) VALUES ('ff808181725b0c8201725b0dc9730022', '2020-05-26 00:00:09', 'admin', b'1', '2020-05-26 00:00:09', 'admin', 0, 'geometry', '20', NULL, '230', '467', '30', 'ff808181725b0c8201725b0dc9730021');
INSERT INTO `mx_geometry`(`id`, `crt_dttm`, `crt_user`, `enable_flag`, `last_update_dttm`, `last_update_user`, `version`, `mx_as`, `mx_height`, `mx_relative`, `mx_width`, `mx_x`, `mx_y`, `fk_mx_cell_id`) VALUES ('ff808181725b0c8201725b0dc9740024', '2020-05-26 00:00:09', 'admin', b'1', '2020-05-26 00:00:09', 'admin', 0, 'geometry', NULL, '1', NULL, NULL, NULL, 'ff808181725b0c8201725b0dc9740023');
INSERT INTO `mx_geometry`(`id`, `crt_dttm`, `crt_user`, `enable_flag`, `last_update_dttm`, `last_update_user`, `version`, `mx_as`, `mx_height`, `mx_relative`, `mx_width`, `mx_x`, `mx_y`, `fk_mx_cell_id`) VALUES ('ff808181725b0c8201725b0dc9740026', '2020-05-26 00:00:09', 'admin', b'1', '2020-05-26 00:00:09', 'admin', 0, 'geometry', NULL, '1', NULL, NULL, NULL, 'ff808181725b0c8201725b0dc9740025');
INSERT INTO `mx_geometry`(`id`, `crt_dttm`, `crt_user`, `enable_flag`, `last_update_dttm`, `last_update_user`, `version`, `mx_as`, `mx_height`, `mx_relative`, `mx_width`, `mx_x`, `mx_y`, `fk_mx_cell_id`) VALUES ('ff808181725b0c8201725b0dc9750028', '2020-05-26 00:00:09', 'admin', b'1', '2020-05-26 00:00:09', 'admin', 0, 'geometry', NULL, '1', NULL, NULL, NULL, 'ff808181725b0c8201725b0dc9740027');
INSERT INTO `mx_geometry`(`id`, `crt_dttm`, `crt_user`, `enable_flag`, `last_update_dttm`, `last_update_user`, `version`, `mx_as`, `mx_height`, `mx_relative`, `mx_width`, `mx_x`, `mx_y`, `fk_mx_cell_id`) VALUES ('ff808181725b0c8201725b0dc976002a', '2020-05-26 00:00:09', 'admin', b'1', '2020-05-26 00:00:09', 'admin', 0, 'geometry', '20', NULL, '180', '537', '237', 'ff808181725b0c8201725b0dc9760029');
INSERT INTO `mx_geometry`(`id`, `crt_dttm`, `crt_user`, `enable_flag`, `last_update_dttm`, `last_update_user`, `version`, `mx_as`, `mx_height`, `mx_relative`, `mx_width`, `mx_x`, `mx_y`, `fk_mx_cell_id`) VALUES ('ff808181725b0c8201725b0dc977002c', '2020-05-26 00:00:09', 'admin', b'1', '2020-05-26 00:00:09', 'admin', 0, 'geometry', '66', NULL, '66', '453', '214', 'ff808181725b0c8201725b0dc977002b');
INSERT INTO `mx_geometry`(`id`, `crt_dttm`, `crt_user`, `enable_flag`, `last_update_dttm`, `last_update_user`, `version`, `mx_as`, `mx_height`, `mx_relative`, `mx_width`, `mx_x`, `mx_y`, `fk_mx_cell_id`) VALUES ('ff808181725b0c8201725b0dc977002e', '2020-05-26 00:00:09', 'admin', b'1', '2020-05-26 00:00:09', 'admin', 0, 'geometry', '66', NULL, '66', '453', '54', 'ff808181725b0c8201725b0dc977002d');
INSERT INTO `mx_geometry`(`id`, `crt_dttm`, `crt_user`, `enable_flag`, `last_update_dttm`, `last_update_user`, `version`, `mx_as`, `mx_height`, `mx_relative`, `mx_width`, `mx_x`, `mx_y`, `fk_mx_cell_id`) VALUES ('ff808181725b0c8201725b0dc9780030', '2020-05-26 00:00:09', 'admin', b'1', '2020-05-26 00:00:09', 'admin', 0, 'geometry', '20', NULL, '200', '130', '180', 'ff808181725b0c8201725b0dc977002f');
INSERT INTO `mx_geometry`(`id`, `crt_dttm`, `crt_user`, `enable_flag`, `last_update_dttm`, `last_update_user`, `version`, `mx_as`, `mx_height`, `mx_relative`, `mx_width`, `mx_x`, `mx_y`, `fk_mx_cell_id`) VALUES ('ff808181725b0c8201725b0dc9790032', '2020-05-26 00:00:09', 'admin', b'1', '2020-05-26 00:00:09', 'admin', 0, 'geometry', '66', NULL, '66', '197', '214', 'ff808181725b0c8201725b0dc9780031');
INSERT INTO `mx_geometry`(`id`, `crt_dttm`, `crt_user`, `enable_flag`, `last_update_dttm`, `last_update_user`, `version`, `mx_as`, `mx_height`, `mx_relative`, `mx_width`, `mx_x`, `mx_y`, `fk_mx_cell_id`) VALUES ('ff808181725b0c8201725b0dc97b0034', '2020-05-26 00:00:09', 'admin', b'1', '2020-05-26 00:00:09', 'admin', 0, 'geometry', NULL, '1', NULL, NULL, NULL, 'ff808181725b0c8201725b0dc97a0033');
INSERT INTO `mx_geometry`(`id`, `crt_dttm`, `crt_user`, `enable_flag`, `last_update_dttm`, `last_update_user`, `version`, `mx_as`, `mx_height`, `mx_relative`, `mx_width`, `mx_x`, `mx_y`, `fk_mx_cell_id`) VALUES ('ff808181725b0c8201725b0dc97b0036', '2020-05-26 00:00:09', 'admin', b'1', '2020-05-26 00:00:09', 'admin', 0, 'geometry', NULL, '1', NULL, NULL, NULL, 'ff808181725b0c8201725b0dc97b0035');
INSERT INTO `mx_geometry`(`id`, `crt_dttm`, `crt_user`, `enable_flag`, `last_update_dttm`, `last_update_user`, `version`, `mx_as`, `mx_height`, `mx_relative`, `mx_width`, `mx_x`, `mx_y`, `fk_mx_cell_id`) VALUES ('ff808181725b0c8201725b0dc97c0038', '2020-05-26 00:00:09', 'admin', b'1', '2020-05-26 00:00:09', 'admin', 0, 'geometry', '66', NULL, '66', '337', '550', 'ff808181725b0c8201725b0dc97b0037');
INSERT INTO `mx_geometry`(`id`, `crt_dttm`, `crt_user`, `enable_flag`, `last_update_dttm`, `last_update_user`, `version`, `mx_as`, `mx_height`, `mx_relative`, `mx_width`, `mx_x`, `mx_y`, `fk_mx_cell_id`) VALUES ('ff808181725b0c8201725b0dc97c003a', '2020-05-26 00:00:09', 'admin', b'1', '2020-05-26 00:00:09', 'admin', 0, 'geometry', '66', NULL, '66', '337', '660', 'ff808181725b0c8201725b0dc97c0039');
INSERT INTO `mx_geometry`(`id`, `crt_dttm`, `crt_user`, `enable_flag`, `last_update_dttm`, `last_update_user`, `version`, `mx_as`, `mx_height`, `mx_relative`, `mx_width`, `mx_x`, `mx_y`, `fk_mx_cell_id`) VALUES ('ff808181725b0c8201725b0dc97d003c', '2020-05-26 00:00:09', 'admin', b'1', '2020-05-26 00:00:09', 'admin', 0, 'geometry', '66', NULL, '66', '506', '660', 'ff808181725b0c8201725b0dc97c003b');
INSERT INTO `mx_geometry`(`id`, `crt_dttm`, `crt_user`, `enable_flag`, `last_update_dttm`, `last_update_user`, `version`, `mx_as`, `mx_height`, `mx_relative`, `mx_width`, `mx_x`, `mx_y`, `fk_mx_cell_id`) VALUES ('ff808181725b0c8201725b0dc97d003e', '2020-05-26 00:00:09', 'admin', b'1', '2020-05-26 00:00:09', 'admin', 0, 'geometry', '20', NULL, '40', '412', '555', 'ff808181725b0c8201725b0dc97d003d');
INSERT INTO `mx_geometry`(`id`, `crt_dttm`, `crt_user`, `enable_flag`, `last_update_dttm`, `last_update_user`, `version`, `mx_as`, `mx_height`, `mx_relative`, `mx_width`, `mx_x`, `mx_y`, `fk_mx_cell_id`) VALUES ('ff808181725b0c8201725b0dc97d0040', '2020-05-26 00:00:09', 'admin', b'1', '2020-05-26 00:00:09', 'admin', 0, 'geometry', NULL, '1', NULL, NULL, NULL, 'ff808181725b0c8201725b0dc97d003f');
INSERT INTO `mx_geometry`(`id`, `crt_dttm`, `crt_user`, `enable_flag`, `last_update_dttm`, `last_update_user`, `version`, `mx_as`, `mx_height`, `mx_relative`, `mx_width`, `mx_x`, `mx_y`, `fk_mx_cell_id`) VALUES ('ff808181725b0c8201725b0dc97e0042', '2020-05-26 00:00:09', 'admin', b'1', '2020-05-26 00:00:09', 'admin', 0, 'geometry', NULL, '1', NULL, NULL, NULL, 'ff808181725b0c8201725b0dc97e0041');







INSERT INTO `flow_group`(`id`, `crt_dttm`, `crt_user`, `enable_flag`, `last_update_dttm`, `last_update_user`, `version`, `description`, `is_example`, `name`, `uuid`, `page_id`, `fk_flow_group_id`) VALUES ('ff808181725050fe017250group10002', '2020-05-26 00:00:09', 'admin', b'1', '2020-05-26 00:00:09', 'admin', 0, 'GroupExample', b'1', 'GroupExample', NULL, NULL, NULL);
INSERT INTO `flow_group`(`id`, `crt_dttm`, `crt_user`, `enable_flag`, `last_update_dttm`, `last_update_user`, `version`, `description`, `is_example`, `name`, `uuid`, `page_id`, `fk_flow_group_id`) VALUES ('ff808181725b20fa01725b2208530003', '2020-05-26 00:00:09', 'admin', b'1', '2020-05-26 00:00:09', 'admin', 0, NULL, b'1', 'group_show', NULL, '30', 'ff808181725050fe017250group10002');
INSERT INTO `flow_group`(`id`, `crt_dttm`, `crt_user`, `enable_flag`, `last_update_dttm`, `last_update_user`, `version`, `description`, `is_example`, `name`, `uuid`, `page_id`, `fk_flow_group_id`) VALUES ('ff808181725b20fa01725b2208550007', '2020-05-26 00:00:09', 'admin', b'1', '2020-05-26 00:00:09', 'admin', 0, NULL, b'1', 'prepare_group', NULL, '25', 'ff808181725050fe017250group10002');
INSERT INTO `flow_group`(`id`, `crt_dttm`, `crt_user`, `enable_flag`, `last_update_dttm`, `last_update_user`, `version`, `description`, `is_example`, `name`, `uuid`, `page_id`, `fk_flow_group_id`) VALUES ('ff808181725b20fa01725b220856000b', '2020-05-26 00:00:09', 'admin', b'1', '2020-05-26 00:00:09', 'admin', 0, 'other processor', b'1', 'g_other', NULL, '21', 'ff808181725050fe017250group10002');
INSERT INTO `flow_group`(`id`, `crt_dttm`, `crt_user`, `enable_flag`, `last_update_dttm`, `last_update_user`, `version`, `description`, `is_example`, `name`, `uuid`, `page_id`, `fk_flow_group_id`) VALUES ('ff808181725b20fa01725b220859000f', '2020-05-26 00:00:09', 'admin', b'1', '2020-05-26 00:00:09', 'admin', 0, 'g2， include f5', b'1', 'g2', NULL, '9', 'ff808181725050fe017250group10002');
INSERT INTO `flow_group`(`id`, `crt_dttm`, `crt_user`, `enable_flag`, `last_update_dttm`, `last_update_user`, `version`, `description`, `is_example`, `name`, `uuid`, `page_id`, `fk_flow_group_id`) VALUES ('ff808181725b20fa01725b220872006f', '2020-05-26 00:00:09', 'admin', b'1', '2020-05-26 00:00:09', 'admin', 0, 'first group， include f1 and f2', b'1', 'group_collect', NULL, '4', 'ff808181725050fe017250group10002');
INSERT INTO `flow_group`(`id`, `crt_dttm`, `crt_user`, `enable_flag`, `last_update_dttm`, `last_update_user`, `version`, `description`, `is_example`, `name`, `uuid`, `page_id`, `fk_flow_group_id`) VALUES ('ff808181725b20fa01725b2208720070', '2020-05-26 00:00:09', 'admin', b'1', '2020-05-26 00:00:09', 'admin', 0, 'innerGroup', b'1', 'innerGroup', NULL, '7', 'ff808181725b20fa01725b220872006f');

INSERT INTO `flow_group_path`(`id`, `crt_dttm`, `crt_user`, `enable_flag`, `last_update_dttm`, `last_update_user`, `version`, `filter_condition`, `line_from`, `line_inport`, `line_outport`, `page_id`, `line_to`, `fk_flow_group_id`) VALUES ('ff808181725b20fa01725b2208590010', '2020-05-26 00:00:09', 'admin', b'1', '2020-05-26 00:00:09', 'admin', 0, NULL, '4', NULL, NULL, '6', '5', 'ff808181725b20fa01725b220859000f');
INSERT INTO `flow_group_path`(`id`, `crt_dttm`, `crt_user`, `enable_flag`, `last_update_dttm`, `last_update_user`, `version`, `filter_condition`, `line_from`, `line_inport`, `line_outport`, `page_id`, `line_to`, `fk_flow_group_id`) VALUES ('ff808181725b20fa01725b22087d009e', '2020-05-26 00:00:09', 'admin', b'1', '2020-05-26 00:00:09', 'admin', 0, NULL, '4', NULL, NULL, '6', '5', 'ff808181725b20fa01725b220872006f');
INSERT INTO `flow_group_path`(`id`, `crt_dttm`, `crt_user`, `enable_flag`, `last_update_dttm`, `last_update_user`, `version`, `filter_condition`, `line_from`, `line_inport`, `line_outport`, `page_id`, `line_to`, `fk_flow_group_id`) VALUES ('ff808181725b20fa01725b22087d009f', '2020-05-26 00:00:09', 'admin', b'1', '2020-05-26 00:00:09', 'admin', 0, NULL, '4', NULL, NULL, '8', '7', 'ff808181725b20fa01725b220872006f');
INSERT INTO `flow_group_path`(`id`, `crt_dttm`, `crt_user`, `enable_flag`, `last_update_dttm`, `last_update_user`, `version`, `filter_condition`, `line_from`, `line_inport`, `line_outport`, `page_id`, `line_to`, `fk_flow_group_id`) VALUES ('ff808181725b20fa01725b22089a010e', '2020-05-26 00:00:09', 'admin', b'1', '2020-05-26 00:00:09', 'admin', 0, NULL, '21', NULL, NULL, '35', '34', 'ff808181725050fe017250group10002');
INSERT INTO `flow_group_path`(`id`, `crt_dttm`, `crt_user`, `enable_flag`, `last_update_dttm`, `last_update_user`, `version`, `filter_condition`, `line_from`, `line_inport`, `line_outport`, `page_id`, `line_to`, `fk_flow_group_id`) VALUES ('ff808181725b20fa01725b22089a010f', '2020-05-26 00:00:09', 'admin', b'1', '2020-05-26 00:00:09', 'admin', 0, NULL, '21', NULL, NULL, '33', '32', 'ff808181725050fe017250group10002');
INSERT INTO `flow_group_path`(`id`, `crt_dttm`, `crt_user`, `enable_flag`, `last_update_dttm`, `last_update_user`, `version`, `filter_condition`, `line_from`, `line_inport`, `line_outport`, `page_id`, `line_to`, `fk_flow_group_id`) VALUES ('ff808181725b20fa01725b22089a0110', '2020-05-26 00:00:09', 'admin', b'1', '2020-05-26 00:00:09', 'admin', 0, NULL, '21', NULL, NULL, '31', '30', 'ff808181725050fe017250group10002');
INSERT INTO `flow_group_path`(`id`, `crt_dttm`, `crt_user`, `enable_flag`, `last_update_dttm`, `last_update_user`, `version`, `filter_condition`, `line_from`, `line_inport`, `line_outport`, `page_id`, `line_to`, `fk_flow_group_id`) VALUES ('ff808181725b20fa01725b22089a0111', '2020-05-26 00:00:09', 'admin', b'1', '2020-05-26 00:00:09', 'admin', 0, NULL, '27', NULL, NULL, '29', '21', 'ff808181725050fe017250group10002');
INSERT INTO `flow_group_path`(`id`, `crt_dttm`, `crt_user`, `enable_flag`, `last_update_dttm`, `last_update_user`, `version`, `filter_condition`, `line_from`, `line_inport`, `line_outport`, `page_id`, `line_to`, `fk_flow_group_id`) VALUES ('ff808181725b20fa01725b22089a0112', '2020-05-26 00:00:09', 'admin', b'1', '2020-05-26 00:00:09', 'admin', 0, NULL, '25', NULL, NULL, '28', '27', 'ff808181725050fe017250group10002');
INSERT INTO `flow_group_path`(`id`, `crt_dttm`, `crt_user`, `enable_flag`, `last_update_dttm`, `last_update_user`, `version`, `filter_condition`, `line_from`, `line_inport`, `line_outport`, `page_id`, `line_to`, `fk_flow_group_id`) VALUES ('ff808181725b20fa01725b22089a0113', '2020-05-26 00:00:09', 'admin', b'1', '2020-05-26 00:00:09', 'admin', 0, NULL, '25', NULL, NULL, '26', '4', 'ff808181725050fe017250group10002');
INSERT INTO `flow_group_path`(`id`, `crt_dttm`, `crt_user`, `enable_flag`, `last_update_dttm`, `last_update_user`, `version`, `filter_condition`, `line_from`, `line_inport`, `line_outport`, `page_id`, `line_to`, `fk_flow_group_id`) VALUES ('ff808181725b20fa01725b22089b0114', '2020-05-26 00:00:09', 'admin', b'1', '2020-05-26 00:00:09', 'admin', 0, NULL, '4', NULL, NULL, '7', '5', 'ff808181725050fe017250group10002');
INSERT INTO `flow_group_path`(`id`, `crt_dttm`, `crt_user`, `enable_flag`, `last_update_dttm`, `last_update_user`, `version`, `filter_condition`, `line_from`, `line_inport`, `line_outport`, `page_id`, `line_to`, `fk_flow_group_id`) VALUES ('ff808181725b20fa01725b22089b0115', '2020-05-26 00:00:09', 'admin', b'1', '2020-05-26 00:00:09', 'admin', 0, NULL, '4', NULL, NULL, '8', '6', 'ff808181725050fe017250group10002');
INSERT INTO `flow_group_path`(`id`, `crt_dttm`, `crt_user`, `enable_flag`, `last_update_dttm`, `last_update_user`, `version`, `filter_condition`, `line_from`, `line_inport`, `line_outport`, `page_id`, `line_to`, `fk_flow_group_id`) VALUES ('ff808181725b20fa01725b22089b0116', '2020-05-26 00:00:09', 'admin', b'1', '2020-05-26 00:00:09', 'admin', 0, NULL, '5', NULL, NULL, '10', '9', 'ff808181725050fe017250group10002');
INSERT INTO `flow_group_path`(`id`, `crt_dttm`, `crt_user`, `enable_flag`, `last_update_dttm`, `last_update_user`, `version`, `filter_condition`, `line_from`, `line_inport`, `line_outport`, `page_id`, `line_to`, `fk_flow_group_id`) VALUES ('ff808181725b20fa01725b22089b0117', '2020-05-26 00:00:09', 'admin', b'1', '2020-05-26 00:00:09', 'admin', 0, NULL, '6', NULL, NULL, '11', '9', 'ff808181725050fe017250group10002');
INSERT INTO `flow_group_path`(`id`, `crt_dttm`, `crt_user`, `enable_flag`, `last_update_dttm`, `last_update_user`, `version`, `filter_condition`, `line_from`, `line_inport`, `line_outport`, `page_id`, `line_to`, `fk_flow_group_id`) VALUES ('ff808181725b20fa01725b22089f0118', '2020-05-26 00:00:09', 'admin', b'1', '2020-05-26 00:00:09', 'admin', 0, NULL, '9', NULL, NULL, '13', '12', 'ff808181725050fe017250group10002');

INSERT INTO `flow`(`id`, `crt_dttm`, `crt_user`, `enable_flag`, `last_update_dttm`, `last_update_user`, `version`, `description`, `driver_memory`, `executor_cores`, `executor_memory`, `executor_number`, `is_example`, `name`, `uuid`, `page_id`, `fk_flow_group_id`) VALUES ('ff808181725b20fa01725b2208590011', '2020-05-26 00:00:09', 'admin', b'1', '2020-05-26 00:00:09', 'admin', 0, 'FlowExample', '1g', '1', '1g', '1', b'1', 'product2Neo4j', NULL, '4', 'ff808181725b20fa01725b220859000f');
INSERT INTO `flow`(`id`, `crt_dttm`, `crt_user`, `enable_flag`, `last_update_dttm`, `last_update_user`, `version`, `description`, `driver_memory`, `executor_cores`, `executor_memory`, `executor_number`, `is_example`, `name`, `uuid`, `page_id`, `fk_flow_group_id`) VALUES ('ff808181725b20fa01725b22086e0056', '2020-05-26 00:00:09', 'admin', b'1', '2020-05-26 00:00:09', 'admin', 0, 'mock data', '1g', '1', '1g', '1', b'1', 'person2Neo4j', NULL, '5', 'ff808181725b20fa01725b220859000f');
INSERT INTO `flow`(`id`, `crt_dttm`, `crt_user`, `enable_flag`, `last_update_dttm`, `last_update_user`, `version`, `description`, `driver_memory`, `executor_cores`, `executor_memory`, `executor_number`, `is_example`, `name`, `uuid`, `page_id`, `fk_flow_group_id`) VALUES ('ff808181725b20fa01725b2208730071', '2020-05-26 00:00:09', 'admin', b'1', '2020-05-26 00:00:09', 'admin', 0, 'mock data', '1g', '1', '1g', '1', b'1', 'CollectJournalFlow', NULL, '4', 'ff808181725b20fa01725b2208720070');
INSERT INTO `flow`(`id`, `crt_dttm`, `crt_user`, `enable_flag`, `last_update_dttm`, `last_update_user`, `version`, `description`, `driver_memory`, `executor_cores`, `executor_memory`, `executor_number`, `is_example`, `name`, `uuid`, `page_id`, `fk_flow_group_id`) VALUES ('ff808181725b20fa01725b22087b0081', '2020-05-26 00:00:09', 'admin', b'1', '2020-05-26 00:00:09', 'admin', 0, NULL, '1g', '1', '1g', '1', b'1', 'CollectConferenceData', NULL, '6', 'ff808181725b20fa01725b2208720070');
INSERT INTO `flow`(`id`, `crt_dttm`, `crt_user`, `enable_flag`, `last_update_dttm`, `last_update_user`, `version`, `description`, `driver_memory`, `executor_cores`, `executor_memory`, `executor_number`, `is_example`, `name`, `uuid`, `page_id`, `fk_flow_group_id`) VALUES ('ff808181725b20fa01725b22087d00a0', '2020-05-26 00:00:09', 'admin', b'1', '2020-05-26 00:00:09', 'admin', 0, 'f1', '1g', '1', '1g', '1', b'1', 'flow_backup', NULL, '4', 'ff808181725b20fa01725b220872006f');
INSERT INTO `flow`(`id`, `crt_dttm`, `crt_user`, `enable_flag`, `last_update_dttm`, `last_update_user`, `version`, `description`, `driver_memory`, `executor_cores`, `executor_memory`, `executor_number`, `is_example`, `name`, `uuid`, `page_id`, `fk_flow_group_id`) VALUES ('ff808181725b20fa01725b22089300eb', '2020-05-26 00:00:09', 'admin', b'1', '2020-05-26 00:00:09', 'admin', 0, 'f2', '1g', '1', '1g', '1', b'1', 'f2', NULL, '5', 'ff808181725b20fa01725b220872006f');
INSERT INTO `flow`(`id`, `crt_dttm`, `crt_user`, `enable_flag`, `last_update_dttm`, `last_update_user`, `version`, `description`, `driver_memory`, `executor_cores`, `executor_memory`, `executor_number`, `is_example`, `name`, `uuid`, `page_id`, `fk_flow_group_id`) VALUES ('ff808181725b20fa01725b22089f0119', '2020-05-26 00:00:09', 'admin', b'1', '2020-05-26 00:00:09', 'admin', 0, NULL, '1g', '1', '1g', '1', b'1', 'flow8', NULL, '34', 'ff808181725050fe017250group10002');
INSERT INTO `flow`(`id`, `crt_dttm`, `crt_user`, `enable_flag`, `last_update_dttm`, `last_update_user`, `version`, `description`, `driver_memory`, `executor_cores`, `executor_memory`, `executor_number`, `is_example`, `name`, `uuid`, `page_id`, `fk_flow_group_id`) VALUES ('ff808181725b20fa01725b2208a0011d', '2020-05-26 00:00:09', 'admin', b'1', '2020-05-26 00:00:09', 'admin', 0, NULL, '1g', '1', '1g', '1', b'1', 'flow_7', NULL, '32', 'ff808181725050fe017250group10002');
INSERT INTO `flow`(`id`, `crt_dttm`, `crt_user`, `enable_flag`, `last_update_dttm`, `last_update_user`, `version`, `description`, `driver_memory`, `executor_cores`, `executor_memory`, `executor_number`, `is_example`, `name`, `uuid`, `page_id`, `fk_flow_group_id`) VALUES ('ff808181725b20fa01725b2208a00121', '2020-05-26 00:00:09', 'admin', b'1', '2020-05-26 00:00:09', 'admin', 0, 'prepare_flow', '1g', '1', '1g', '1', b'1', 'prepare_flow', NULL, '27', 'ff808181725050fe017250group10002');
INSERT INTO `flow`(`id`, `crt_dttm`, `crt_user`, `enable_flag`, `last_update_dttm`, `last_update_user`, `version`, `description`, `driver_memory`, `executor_cores`, `executor_memory`, `executor_number`, `is_example`, `name`, `uuid`, `page_id`, `fk_flow_group_id`) VALUES ('ff808181725b20fa01725b2208a00125', '2020-05-26 00:00:09', 'admin', b'1', '2020-05-26 00:00:09', 'admin', 0, 'f6', '1g', '1', '1g', '1', b'1', 'f6', NULL, '12', 'ff808181725050fe017250group10002');
INSERT INTO `flow`(`id`, `crt_dttm`, `crt_user`, `enable_flag`, `last_update_dttm`, `last_update_user`, `version`, `description`, `driver_memory`, `executor_cores`, `executor_memory`, `executor_number`, `is_example`, `name`, `uuid`, `page_id`, `fk_flow_group_id`) VALUES ('ff808181725b20fa01725b2208a9016a', '2020-05-26 00:00:09', 'admin', b'1', '2020-05-26 00:00:09', 'admin', 0, 'f3', '1g', '1', '1g', '1', b'1', 'flow_merge_product', NULL, '5', 'ff808181725050fe017250group10002');
INSERT INTO `flow`(`id`, `crt_dttm`, `crt_user`, `enable_flag`, `last_update_dttm`, `last_update_user`, `version`, `description`, `driver_memory`, `executor_cores`, `executor_memory`, `executor_number`, `is_example`, `name`, `uuid`, `page_id`, `fk_flow_group_id`) VALUES ('ff808181725b20fa01725b2208b001af', '2020-05-26 00:00:09', 'admin', b'1', '2020-05-26 00:00:09', 'admin', 0, 'f4', '1g', '1', '1g', '1', b'1', 'flow_merge_person', NULL, '6', 'ff808181725050fe017250group10002');

INSERT INTO `flow_path`(`id`, `crt_dttm`, `crt_user`, `enable_flag`, `last_update_dttm`, `last_update_user`, `version`, `line_from`, `line_inport`, `line_outport`, `page_id`, `line_to`, `fk_flow_id`, `filter_condition`) VALUES ('ff808181725b20fa01725b22085a0012', '2020-05-26 00:00:09', 'admin', b'1', '2020-05-26 00:00:09', 'admin', 0, '19', NULL, 'out3', '44', '23', 'ff808181725b20fa01725b2208590011', NULL);
INSERT INTO `flow_path`(`id`, `crt_dttm`, `crt_user`, `enable_flag`, `last_update_dttm`, `last_update_user`, `version`, `line_from`, `line_inport`, `line_outport`, `page_id`, `line_to`, `fk_flow_id`, `filter_condition`) VALUES ('ff808181725b20fa01725b22085a0013', '2020-05-26 00:00:09', 'admin', b'1', '2020-05-26 00:00:09', 'admin', 0, '19', NULL, 'out2', '43', '25', 'ff808181725b20fa01725b2208590011', NULL);
INSERT INTO `flow_path`(`id`, `crt_dttm`, `crt_user`, `enable_flag`, `last_update_dttm`, `last_update_user`, `version`, `line_from`, `line_inport`, `line_outport`, `page_id`, `line_to`, `fk_flow_id`, `filter_condition`) VALUES ('ff808181725b20fa01725b22085a0014', '2020-05-26 00:00:09', 'admin', b'1', '2020-05-26 00:00:09', 'admin', 0, '19', NULL, 'out1', '42', '21', 'ff808181725b20fa01725b2208590011', NULL);
INSERT INTO `flow_path`(`id`, `crt_dttm`, `crt_user`, `enable_flag`, `last_update_dttm`, `last_update_user`, `version`, `line_from`, `line_inport`, `line_outport`, `page_id`, `line_to`, `fk_flow_id`, `filter_condition`) VALUES ('ff808181725b20fa01725b22085a0015', '2020-05-26 00:00:09', 'admin', b'1', '2020-05-26 00:00:09', 'admin', 0, '16', NULL, NULL, '41', '19', 'ff808181725b20fa01725b2208590011', NULL);
INSERT INTO `flow_path`(`id`, `crt_dttm`, `crt_user`, `enable_flag`, `last_update_dttm`, `last_update_user`, `version`, `line_from`, `line_inport`, `line_outport`, `page_id`, `line_to`, `fk_flow_id`, `filter_condition`) VALUES ('ff808181725b20fa01725b22085b0016', '2020-05-26 00:00:09', 'admin', b'1', '2020-05-26 00:00:09', 'admin', 0, '14', 'data2', NULL, '40', '16', 'ff808181725b20fa01725b2208590011', NULL);
INSERT INTO `flow_path`(`id`, `crt_dttm`, `crt_user`, `enable_flag`, `last_update_dttm`, `last_update_user`, `version`, `line_from`, `line_inport`, `line_outport`, `page_id`, `line_to`, `fk_flow_id`, `filter_condition`) VALUES ('ff808181725b20fa01725b22085b0017', '2020-05-26 00:00:09', 'admin', b'1', '2020-05-26 00:00:09', 'admin', 0, '5', 'data1', NULL, '39', '16', 'ff808181725b20fa01725b2208590011', NULL);
INSERT INTO `flow_path`(`id`, `crt_dttm`, `crt_user`, `enable_flag`, `last_update_dttm`, `last_update_user`, `version`, `line_from`, `line_inport`, `line_outport`, `page_id`, `line_to`, `fk_flow_id`, `filter_condition`) VALUES ('ff808181725b20fa01725b22085b0018', '2020-05-26 00:00:09', 'admin', b'1', '2020-05-26 00:00:09', 'admin', 0, '10', NULL, NULL, '38', '14', 'ff808181725b20fa01725b2208590011', NULL);
INSERT INTO `flow_path`(`id`, `crt_dttm`, `crt_user`, `enable_flag`, `last_update_dttm`, `last_update_user`, `version`, `line_from`, `line_inport`, `line_outport`, `page_id`, `line_to`, `fk_flow_id`, `filter_condition`) VALUES ('ff808181725b20fa01725b22086e0057', '2020-05-26 00:00:09', 'admin', b'1', '2020-05-26 00:00:09', 'admin', 0, '6', NULL, NULL, '9', '8', 'ff808181725b20fa01725b22086e0056', NULL);
INSERT INTO `flow_path`(`id`, `crt_dttm`, `crt_user`, `enable_flag`, `last_update_dttm`, `last_update_user`, `version`, `line_from`, `line_inport`, `line_outport`, `page_id`, `line_to`, `fk_flow_id`, `filter_condition`) VALUES ('ff808181725b20fa01725b2208740072', '2020-05-26 00:00:09', 'admin', b'1', '2020-05-26 00:00:09', 'admin', 0, '5', NULL, NULL, '7', '6', 'ff808181725b20fa01725b2208730071', NULL);
INSERT INTO `flow_path`(`id`, `crt_dttm`, `crt_user`, `enable_flag`, `last_update_dttm`, `last_update_user`, `version`, `line_from`, `line_inport`, `line_outport`, `page_id`, `line_to`, `fk_flow_id`, `filter_condition`) VALUES ('ff808181725b20fa01725b22087b0082', '2020-05-26 00:00:09', 'admin', b'1', '2020-05-26 00:00:09', 'admin', 0, '6', NULL, NULL, '11', '10', 'ff808181725b20fa01725b22087b0081', NULL);
INSERT INTO `flow_path`(`id`, `crt_dttm`, `crt_user`, `enable_flag`, `last_update_dttm`, `last_update_user`, `version`, `line_from`, `line_inport`, `line_outport`, `page_id`, `line_to`, `fk_flow_id`, `filter_condition`) VALUES ('ff808181725b20fa01725b22087d00a1', '2020-05-26 00:00:09', 'admin', b'1', '2020-05-26 00:00:09', 'admin', 0, '20', NULL, 'out3', '45', '24', 'ff808181725b20fa01725b22087d00a0', NULL);
INSERT INTO `flow_path`(`id`, `crt_dttm`, `crt_user`, `enable_flag`, `last_update_dttm`, `last_update_user`, `version`, `line_from`, `line_inport`, `line_outport`, `page_id`, `line_to`, `fk_flow_id`, `filter_condition`) VALUES ('ff808181725b20fa01725b22087d00a2', '2020-05-26 00:00:09', 'admin', b'1', '2020-05-26 00:00:09', 'admin', 0, '20', NULL, 'out2', '44', '26', 'ff808181725b20fa01725b22087d00a0', NULL);
INSERT INTO `flow_path`(`id`, `crt_dttm`, `crt_user`, `enable_flag`, `last_update_dttm`, `last_update_user`, `version`, `line_from`, `line_inport`, `line_outport`, `page_id`, `line_to`, `fk_flow_id`, `filter_condition`) VALUES ('ff808181725b20fa01725b22087d00a3', '2020-05-26 00:00:09', 'admin', b'1', '2020-05-26 00:00:09', 'admin', 0, '20', NULL, 'out1', '43', '22', 'ff808181725b20fa01725b22087d00a0', NULL);
INSERT INTO `flow_path`(`id`, `crt_dttm`, `crt_user`, `enable_flag`, `last_update_dttm`, `last_update_user`, `version`, `line_from`, `line_inport`, `line_outport`, `page_id`, `line_to`, `fk_flow_id`, `filter_condition`) VALUES ('ff808181725b20fa01725b22087d00a4', '2020-05-26 00:00:09', 'admin', b'1', '2020-05-26 00:00:09', 'admin', 0, '17', NULL, NULL, '42', '20', 'ff808181725b20fa01725b22087d00a0', NULL);
INSERT INTO `flow_path`(`id`, `crt_dttm`, `crt_user`, `enable_flag`, `last_update_dttm`, `last_update_user`, `version`, `line_from`, `line_inport`, `line_outport`, `page_id`, `line_to`, `fk_flow_id`, `filter_condition`) VALUES ('ff808181725b20fa01725b22087e00a5', '2020-05-26 00:00:09', 'admin', b'1', '2020-05-26 00:00:09', 'admin', 0, '15', 'data2', NULL, '41', '17', 'ff808181725b20fa01725b22087d00a0', NULL);
INSERT INTO `flow_path`(`id`, `crt_dttm`, `crt_user`, `enable_flag`, `last_update_dttm`, `last_update_user`, `version`, `line_from`, `line_inport`, `line_outport`, `page_id`, `line_to`, `fk_flow_id`, `filter_condition`) VALUES ('ff808181725b20fa01725b22087e00a6', '2020-05-26 00:00:09', 'admin', b'1', '2020-05-26 00:00:09', 'admin', 0, '6', 'data1', NULL, '40', '17', 'ff808181725b20fa01725b22087d00a0', NULL);
INSERT INTO `flow_path`(`id`, `crt_dttm`, `crt_user`, `enable_flag`, `last_update_dttm`, `last_update_user`, `version`, `line_from`, `line_inport`, `line_outport`, `page_id`, `line_to`, `fk_flow_id`, `filter_condition`) VALUES ('ff808181725b20fa01725b22087e00a7', '2020-05-26 00:00:09', 'admin', b'1', '2020-05-26 00:00:09', 'admin', 0, '11', NULL, NULL, '39', '15', 'ff808181725b20fa01725b22087d00a0', NULL);
INSERT INTO `flow_path`(`id`, `crt_dttm`, `crt_user`, `enable_flag`, `last_update_dttm`, `last_update_user`, `version`, `line_from`, `line_inport`, `line_outport`, `page_id`, `line_to`, `fk_flow_id`, `filter_condition`) VALUES ('ff808181725b20fa01725b22089400ec', '2020-05-26 00:00:09', 'admin', b'1', '2020-05-26 00:00:09', 'admin', 0, '6', NULL, NULL, '8', '7', 'ff808181725b20fa01725b22089300eb', NULL);
INSERT INTO `flow_path`(`id`, `crt_dttm`, `crt_user`, `enable_flag`, `last_update_dttm`, `last_update_user`, `version`, `line_from`, `line_inport`, `line_outport`, `page_id`, `line_to`, `fk_flow_id`, `filter_condition`) VALUES ('ff808181725b20fa01725b2208a10126', '2020-05-26 00:00:09', 'admin', b'1', '2020-05-26 00:00:09', 'admin', 0, '20', NULL, 'out3', '45', '24', 'ff808181725b20fa01725b2208a00125', NULL);
INSERT INTO `flow_path`(`id`, `crt_dttm`, `crt_user`, `enable_flag`, `last_update_dttm`, `last_update_user`, `version`, `line_from`, `line_inport`, `line_outport`, `page_id`, `line_to`, `fk_flow_id`, `filter_condition`) VALUES ('ff808181725b20fa01725b2208a10127', '2020-05-26 00:00:09', 'admin', b'1', '2020-05-26 00:00:09', 'admin', 0, '20', NULL, 'out2', '44', '26', 'ff808181725b20fa01725b2208a00125', NULL);
INSERT INTO `flow_path`(`id`, `crt_dttm`, `crt_user`, `enable_flag`, `last_update_dttm`, `last_update_user`, `version`, `line_from`, `line_inport`, `line_outport`, `page_id`, `line_to`, `fk_flow_id`, `filter_condition`) VALUES ('ff808181725b20fa01725b2208a10128', '2020-05-26 00:00:09', 'admin', b'1', '2020-05-26 00:00:09', 'admin', 0, '20', NULL, 'out1', '43', '22', 'ff808181725b20fa01725b2208a00125', NULL);
INSERT INTO `flow_path`(`id`, `crt_dttm`, `crt_user`, `enable_flag`, `last_update_dttm`, `last_update_user`, `version`, `line_from`, `line_inport`, `line_outport`, `page_id`, `line_to`, `fk_flow_id`, `filter_condition`) VALUES ('ff808181725b20fa01725b2208a10129', '2020-05-26 00:00:09', 'admin', b'1', '2020-05-26 00:00:09', 'admin', 0, '17', NULL, NULL, '42', '20', 'ff808181725b20fa01725b2208a00125', NULL);
INSERT INTO `flow_path`(`id`, `crt_dttm`, `crt_user`, `enable_flag`, `last_update_dttm`, `last_update_user`, `version`, `line_from`, `line_inport`, `line_outport`, `page_id`, `line_to`, `fk_flow_id`, `filter_condition`) VALUES ('ff808181725b20fa01725b2208a1012a', '2020-05-26 00:00:09', 'admin', b'1', '2020-05-26 00:00:09', 'admin', 0, '15', 'data2', NULL, '41', '17', 'ff808181725b20fa01725b2208a00125', NULL);
INSERT INTO `flow_path`(`id`, `crt_dttm`, `crt_user`, `enable_flag`, `last_update_dttm`, `last_update_user`, `version`, `line_from`, `line_inport`, `line_outport`, `page_id`, `line_to`, `fk_flow_id`, `filter_condition`) VALUES ('ff808181725b20fa01725b2208a1012b', '2020-05-26 00:00:09', 'admin', b'1', '2020-05-26 00:00:09', 'admin', 0, '6', 'data1', NULL, '40', '17', 'ff808181725b20fa01725b2208a00125', NULL);
INSERT INTO `flow_path`(`id`, `crt_dttm`, `crt_user`, `enable_flag`, `last_update_dttm`, `last_update_user`, `version`, `line_from`, `line_inport`, `line_outport`, `page_id`, `line_to`, `fk_flow_id`, `filter_condition`) VALUES ('ff808181725b20fa01725b2208a1012c', '2020-05-26 00:00:09', 'admin', b'1', '2020-05-26 00:00:09', 'admin', 0, '11', NULL, NULL, '39', '15', 'ff808181725b20fa01725b2208a00125', NULL);
INSERT INTO `flow_path`(`id`, `crt_dttm`, `crt_user`, `enable_flag`, `last_update_dttm`, `last_update_user`, `version`, `line_from`, `line_inport`, `line_outport`, `page_id`, `line_to`, `fk_flow_id`, `filter_condition`) VALUES ('ff808181725b20fa01725b2208a9016b', '2020-05-26 00:00:09', 'admin', b'1', '2020-05-26 00:00:09', 'admin', 0, '20', NULL, 'out3', '45', '24', 'ff808181725b20fa01725b2208a9016a', NULL);
INSERT INTO `flow_path`(`id`, `crt_dttm`, `crt_user`, `enable_flag`, `last_update_dttm`, `last_update_user`, `version`, `line_from`, `line_inport`, `line_outport`, `page_id`, `line_to`, `fk_flow_id`, `filter_condition`) VALUES ('ff808181725b20fa01725b2208a9016c', '2020-05-26 00:00:09', 'admin', b'1', '2020-05-26 00:00:09', 'admin', 0, '20', NULL, 'out2', '44', '26', 'ff808181725b20fa01725b2208a9016a', NULL);
INSERT INTO `flow_path`(`id`, `crt_dttm`, `crt_user`, `enable_flag`, `last_update_dttm`, `last_update_user`, `version`, `line_from`, `line_inport`, `line_outport`, `page_id`, `line_to`, `fk_flow_id`, `filter_condition`) VALUES ('ff808181725b20fa01725b2208a9016d', '2020-05-26 00:00:09', 'admin', b'1', '2020-05-26 00:00:09', 'admin', 0, '20', NULL, 'out1', '43', '22', 'ff808181725b20fa01725b2208a9016a', NULL);
INSERT INTO `flow_path`(`id`, `crt_dttm`, `crt_user`, `enable_flag`, `last_update_dttm`, `last_update_user`, `version`, `line_from`, `line_inport`, `line_outport`, `page_id`, `line_to`, `fk_flow_id`, `filter_condition`) VALUES ('ff808181725b20fa01725b2208a9016e', '2020-05-26 00:00:09', 'admin', b'1', '2020-05-26 00:00:09', 'admin', 0, '17', NULL, NULL, '42', '20', 'ff808181725b20fa01725b2208a9016a', NULL);
INSERT INTO `flow_path`(`id`, `crt_dttm`, `crt_user`, `enable_flag`, `last_update_dttm`, `last_update_user`, `version`, `line_from`, `line_inport`, `line_outport`, `page_id`, `line_to`, `fk_flow_id`, `filter_condition`) VALUES ('ff808181725b20fa01725b2208a9016f', '2020-05-26 00:00:09', 'admin', b'1', '2020-05-26 00:00:09', 'admin', 0, '15', 'data2', NULL, '41', '17', 'ff808181725b20fa01725b2208a9016a', NULL);
INSERT INTO `flow_path`(`id`, `crt_dttm`, `crt_user`, `enable_flag`, `last_update_dttm`, `last_update_user`, `version`, `line_from`, `line_inport`, `line_outport`, `page_id`, `line_to`, `fk_flow_id`, `filter_condition`) VALUES ('ff808181725b20fa01725b2208a90170', '2020-05-26 00:00:09', 'admin', b'1', '2020-05-26 00:00:09', 'admin', 0, '6', 'data1', NULL, '40', '17', 'ff808181725b20fa01725b2208a9016a', NULL);
INSERT INTO `flow_path`(`id`, `crt_dttm`, `crt_user`, `enable_flag`, `last_update_dttm`, `last_update_user`, `version`, `line_from`, `line_inport`, `line_outport`, `page_id`, `line_to`, `fk_flow_id`, `filter_condition`) VALUES ('ff808181725b20fa01725b2208a90171', '2020-05-26 00:00:09', 'admin', b'1', '2020-05-26 00:00:09', 'admin', 0, '11', NULL, NULL, '39', '15', 'ff808181725b20fa01725b2208a9016a', NULL);
INSERT INTO `flow_path`(`id`, `crt_dttm`, `crt_user`, `enable_flag`, `last_update_dttm`, `last_update_user`, `version`, `line_from`, `line_inport`, `line_outport`, `page_id`, `line_to`, `fk_flow_id`, `filter_condition`) VALUES ('ff808181725b20fa01725b2208b001b0', '2020-05-26 00:00:09', 'admin', b'1', '2020-05-26 00:00:09', 'admin', 0, '20', NULL, 'out3', '45', '24', 'ff808181725b20fa01725b2208b001af', NULL);
INSERT INTO `flow_path`(`id`, `crt_dttm`, `crt_user`, `enable_flag`, `last_update_dttm`, `last_update_user`, `version`, `line_from`, `line_inport`, `line_outport`, `page_id`, `line_to`, `fk_flow_id`, `filter_condition`) VALUES ('ff808181725b20fa01725b2208b001b1', '2020-05-26 00:00:09', 'admin', b'1', '2020-05-26 00:00:09', 'admin', 0, '20', NULL, 'out2', '44', '26', 'ff808181725b20fa01725b2208b001af', NULL);
INSERT INTO `flow_path`(`id`, `crt_dttm`, `crt_user`, `enable_flag`, `last_update_dttm`, `last_update_user`, `version`, `line_from`, `line_inport`, `line_outport`, `page_id`, `line_to`, `fk_flow_id`, `filter_condition`) VALUES ('ff808181725b20fa01725b2208b001b2', '2020-05-26 00:00:09', 'admin', b'1', '2020-05-26 00:00:09', 'admin', 0, '20', NULL, 'out1', '43', '22', 'ff808181725b20fa01725b2208b001af', NULL);
INSERT INTO `flow_path`(`id`, `crt_dttm`, `crt_user`, `enable_flag`, `last_update_dttm`, `last_update_user`, `version`, `line_from`, `line_inport`, `line_outport`, `page_id`, `line_to`, `fk_flow_id`, `filter_condition`) VALUES ('ff808181725b20fa01725b2208b001b3', '2020-05-26 00:00:09', 'admin', b'1', '2020-05-26 00:00:09', 'admin', 0, '17', NULL, NULL, '42', '20', 'ff808181725b20fa01725b2208b001af', NULL);
INSERT INTO `flow_path`(`id`, `crt_dttm`, `crt_user`, `enable_flag`, `last_update_dttm`, `last_update_user`, `version`, `line_from`, `line_inport`, `line_outport`, `page_id`, `line_to`, `fk_flow_id`, `filter_condition`) VALUES ('ff808181725b20fa01725b2208b001b4', '2020-05-26 00:00:09', 'admin', b'1', '2020-05-26 00:00:09', 'admin', 0, '15', 'data2', NULL, '41', '17', 'ff808181725b20fa01725b2208b001af', NULL);
INSERT INTO `flow_path`(`id`, `crt_dttm`, `crt_user`, `enable_flag`, `last_update_dttm`, `last_update_user`, `version`, `line_from`, `line_inport`, `line_outport`, `page_id`, `line_to`, `fk_flow_id`, `filter_condition`) VALUES ('ff808181725b20fa01725b2208b001b5', '2020-05-26 00:00:09', 'admin', b'1', '2020-05-26 00:00:09', 'admin', 0, '6', 'data1', NULL, '40', '17', 'ff808181725b20fa01725b2208b001af', NULL);
INSERT INTO `flow_path`(`id`, `crt_dttm`, `crt_user`, `enable_flag`, `last_update_dttm`, `last_update_user`, `version`, `line_from`, `line_inport`, `line_outport`, `page_id`, `line_to`, `fk_flow_id`, `filter_condition`) VALUES ('ff808181725b20fa01725b2208b001b6', '2020-05-26 00:00:09', 'admin', b'1', '2020-05-26 00:00:09', 'admin', 0, '11', NULL, NULL, '39', '15', 'ff808181725b20fa01725b2208b001af', NULL);


INSERT INTO `flow_stops`(`id`, `crt_dttm`, `crt_user`, `enable_flag`, `last_update_dttm`, `last_update_user`, `version`, `bundel`, `description`, `groups`, `in_port_type`, `inports`, `is_checkpoint`, `name`, `out_port_type`, `outports`, `owner`, `page_id`, `start_time`, `state`, `stop_time`, `fk_flow_id`, `is_customized`, `fk_data_source_id`) VALUES ('ff808181725b20fa01725b22085b0019', '2020-05-26 00:00:09', 'admin', b'1', '2020-05-26 00:00:09', 'admin', 0, 'cn.piflow.bundle.common.Merge', 'Merge data into one stop', 'Common', 'ANY', 'Any', b'0', 'Merge', 'DEFAULT', 'Default', 'xjzhu@cnic.cn', '16', NULL, NULL, NULL, 'ff808181725b20fa01725b2208590011', b'0', NULL);
INSERT INTO `flow_stops`(`id`, `crt_dttm`, `crt_user`, `enable_flag`, `last_update_dttm`, `last_update_user`, `version`, `bundel`, `description`, `groups`, `in_port_type`, `inports`, `is_checkpoint`, `name`, `out_port_type`, `outports`, `owner`, `page_id`, `start_time`, `state`, `stop_time`, `fk_flow_id`, `is_customized`, `fk_data_source_id`) VALUES ('ff808181725b20fa01725b22085c001b', '2020-05-26 00:00:09', 'admin', b'1', '2020-05-26 00:00:09', 'admin', 0, 'cn.piflow.bundle.common.Fork', 'Forking data to different stops', 'Common', 'DEFAULT', 'Default', b'0', 'Fork', 'ANY', 'Any', 'xjzhu@cnic.cn', '19', NULL, NULL, NULL, 'ff808181725b20fa01725b2208590011', b'0', NULL);
INSERT INTO `flow_stops`(`id`, `crt_dttm`, `crt_user`, `enable_flag`, `last_update_dttm`, `last_update_user`, `version`, `bundel`, `description`, `groups`, `in_port_type`, `inports`, `is_checkpoint`, `name`, `out_port_type`, `outports`, `owner`, `page_id`, `start_time`, `state`, `stop_time`, `fk_flow_id`, `is_customized`, `fk_data_source_id`) VALUES ('ff808181725b20fa01725b22085d001d', '2020-05-26 00:00:09', 'admin', b'1', '2020-05-26 00:00:09', 'admin', 0, 'cn.piflow.bundle.common.SelectField', 'Select data column', 'Common', 'DEFAULT', 'Default', b'0', 'SelectField22', 'DEFAULT', 'Default', 'xjzhu@cnic.cn', '25', NULL, NULL, NULL, 'ff808181725b20fa01725b2208590011', b'0', NULL);
INSERT INTO `flow_stops`(`id`, `crt_dttm`, `crt_user`, `enable_flag`, `last_update_dttm`, `last_update_user`, `version`, `bundel`, `description`, `groups`, `in_port_type`, `inports`, `is_checkpoint`, `name`, `out_port_type`, `outports`, `owner`, `page_id`, `start_time`, `state`, `stop_time`, `fk_flow_id`, `is_customized`, `fk_data_source_id`) VALUES ('ff808181725b20fa01725b22085e001f', '2020-05-26 00:00:09', 'admin', b'1', '2020-05-26 00:00:09', 'admin', 0, 'cn.piflow.bundle.common.SelectField', 'Select data column', 'Common', 'DEFAULT', 'Default', b'0', 'SelectField20', 'DEFAULT', 'Default', 'xjzhu@cnic.cn', '23', NULL, NULL, NULL, 'ff808181725b20fa01725b2208590011', b'0', NULL);
INSERT INTO `flow_stops`(`id`, `crt_dttm`, `crt_user`, `enable_flag`, `last_update_dttm`, `last_update_user`, `version`, `bundel`, `description`, `groups`, `in_port_type`, `inports`, `is_checkpoint`, `name`, `out_port_type`, `outports`, `owner`, `page_id`, `start_time`, `state`, `stop_time`, `fk_flow_id`, `is_customized`, `fk_data_source_id`) VALUES ('ff808181725b20fa01725b22085e0021', '2020-05-26 00:00:09', 'admin', b'1', '2020-05-26 00:00:09', 'admin', 0, 'cn.piflow.bundle.common.SelectField', 'Select data column', 'Common', 'DEFAULT', 'Default', b'0', 'SelectField18', 'DEFAULT', 'Default', 'xjzhu@cnic.cn', '21', NULL, NULL, NULL, 'ff808181725b20fa01725b2208590011', b'0', NULL);
INSERT INTO `flow_stops`(`id`, `crt_dttm`, `crt_user`, `enable_flag`, `last_update_dttm`, `last_update_user`, `version`, `bundel`, `description`, `groups`, `in_port_type`, `inports`, `is_checkpoint`, `name`, `out_port_type`, `outports`, `owner`, `page_id`, `start_time`, `state`, `stop_time`, `fk_flow_id`, `is_customized`, `fk_data_source_id`) VALUES ('ff808181725b20fa01725b22085e0023', '2020-05-26 00:00:09', 'admin', b'1', '2020-05-26 00:00:09', 'admin', 0, 'cn.piflow.bundle.common.SelectField', 'Select data column', 'Common', 'DEFAULT', 'Default', b'0', 'SelectField', 'DEFAULT', 'Default', 'xjzhu@cnic.cn', '14', NULL, NULL, NULL, 'ff808181725b20fa01725b2208590011', b'0', NULL);
INSERT INTO `flow_stops`(`id`, `crt_dttm`, `crt_user`, `enable_flag`, `last_update_dttm`, `last_update_user`, `version`, `bundel`, `description`, `groups`, `in_port_type`, `inports`, `is_checkpoint`, `name`, `out_port_type`, `outports`, `owner`, `page_id`, `start_time`, `state`, `stop_time`, `fk_flow_id`, `is_customized`, `fk_data_source_id`) VALUES ('ff808181725b20fa01725b22085f0025', '2020-05-26 00:00:09', 'admin', b'1', '2020-05-26 00:00:09', 'admin', 0, 'cn.piflow.bundle.common.MockData', 'Mock dataframe.', 'Common', 'DEFAULT', 'Default', b'0', 'MockData7', 'DEFAULT', 'Default', 'xjzhu@cnic.cn', '10', NULL, NULL, NULL, 'ff808181725b20fa01725b2208590011', b'0', NULL);
INSERT INTO `flow_stops`(`id`, `crt_dttm`, `crt_user`, `enable_flag`, `last_update_dttm`, `last_update_user`, `version`, `bundel`, `description`, `groups`, `in_port_type`, `inports`, `is_checkpoint`, `name`, `out_port_type`, `outports`, `owner`, `page_id`, `start_time`, `state`, `stop_time`, `fk_flow_id`, `is_customized`, `fk_data_source_id`) VALUES ('ff808181725b20fa01725b22085f0028', '2020-05-26 00:00:09', 'admin', b'1', '2020-05-26 00:00:09', 'admin', 0, 'cn.piflow.bundle.common.MockData', 'Mock dataframe.', 'Common', 'DEFAULT', 'Default', b'0', 'MockData', 'DEFAULT', 'Default', 'xjzhu@cnic.cn', '5', NULL, NULL, NULL, 'ff808181725b20fa01725b2208590011', b'0', NULL);
INSERT INTO `flow_stops`(`id`, `crt_dttm`, `crt_user`, `enable_flag`, `last_update_dttm`, `last_update_user`, `version`, `bundel`, `description`, `groups`, `in_port_type`, `inports`, `is_checkpoint`, `name`, `out_port_type`, `outports`, `owner`, `page_id`, `start_time`, `state`, `stop_time`, `fk_flow_id`, `is_customized`, `fk_data_source_id`) VALUES ('ff808181725b20fa01725b22086e0058', '2020-05-26 00:00:09', 'admin', b'1', '2020-05-26 00:00:09', 'admin', 0, 'cn.piflow.bundle.common.SelectField', 'Select data column', 'Common', 'DEFAULT', 'Default', b'0', 'SelectField', 'DEFAULT', 'Default', 'xjzhu@cnic.cn', '8', NULL, NULL, NULL, 'ff808181725b20fa01725b22086e0056', b'0', NULL);
INSERT INTO `flow_stops`(`id`, `crt_dttm`, `crt_user`, `enable_flag`, `last_update_dttm`, `last_update_user`, `version`, `bundel`, `description`, `groups`, `in_port_type`, `inports`, `is_checkpoint`, `name`, `out_port_type`, `outports`, `owner`, `page_id`, `start_time`, `state`, `stop_time`, `fk_flow_id`, `is_customized`, `fk_data_source_id`) VALUES ('ff808181725b20fa01725b22086e005a', '2020-05-26 00:00:09', 'admin', b'1', '2020-05-26 00:00:09', 'admin', 0, 'cn.piflow.bundle.common.MockData', 'Mock dataframe.', 'Common', 'DEFAULT', 'Default', b'0', 'MockData', 'DEFAULT', 'Default', 'xjzhu@cnic.cn', '6', NULL, NULL, NULL, 'ff808181725b20fa01725b22086e0056', b'0', NULL);
INSERT INTO `flow_stops`(`id`, `crt_dttm`, `crt_user`, `enable_flag`, `last_update_dttm`, `last_update_user`, `version`, `bundel`, `description`, `groups`, `in_port_type`, `inports`, `is_checkpoint`, `name`, `out_port_type`, `outports`, `owner`, `page_id`, `start_time`, `state`, `stop_time`, `fk_flow_id`, `is_customized`, `fk_data_source_id`) VALUES ('ff808181725b20fa01725b2208750073', '2020-05-26 00:00:09', 'admin', b'1', '2020-05-26 00:00:09', 'admin', 0, 'cn.piflow.bundle.common.SelectField', 'Select data column', 'Common', 'DEFAULT', 'Default', b'0', 'SelectField', 'DEFAULT', 'Default', 'xjzhu@cnic.cn', '6', NULL, NULL, NULL, 'ff808181725b20fa01725b2208730071', b'0', NULL);
INSERT INTO `flow_stops`(`id`, `crt_dttm`, `crt_user`, `enable_flag`, `last_update_dttm`, `last_update_user`, `version`, `bundel`, `description`, `groups`, `in_port_type`, `inports`, `is_checkpoint`, `name`, `out_port_type`, `outports`, `owner`, `page_id`, `start_time`, `state`, `stop_time`, `fk_flow_id`, `is_customized`, `fk_data_source_id`) VALUES ('ff808181725b20fa01725b2208750075', '2020-05-26 00:00:09', 'admin', b'1', '2020-05-26 00:00:09', 'admin', 0, 'cn.piflow.bundle.common.MockData', 'Mock dataframe.', 'Common', 'DEFAULT', 'Default', b'0', 'MockData', 'DEFAULT', 'Default', 'xjzhu@cnic.cn', '5', NULL, NULL, NULL, 'ff808181725b20fa01725b2208730071', b'0', NULL);
INSERT INTO `flow_stops`(`id`, `crt_dttm`, `crt_user`, `enable_flag`, `last_update_dttm`, `last_update_user`, `version`, `bundel`, `description`, `groups`, `in_port_type`, `inports`, `is_checkpoint`, `name`, `out_port_type`, `outports`, `owner`, `page_id`, `start_time`, `state`, `stop_time`, `fk_flow_id`, `is_customized`, `fk_data_source_id`) VALUES ('ff808181725b20fa01725b22087b0083', '2020-05-26 00:00:09', 'admin', b'1', '2020-05-26 00:00:09', 'admin', 0, 'cn.piflow.bundle.common.SelectField', 'Select data column', 'Common', 'DEFAULT', 'Default', b'0', 'SelectField', 'DEFAULT', 'Default', 'xjzhu@cnic.cn', '10', NULL, NULL, NULL, 'ff808181725b20fa01725b22087b0081', b'0', NULL);
INSERT INTO `flow_stops`(`id`, `crt_dttm`, `crt_user`, `enable_flag`, `last_update_dttm`, `last_update_user`, `version`, `bundel`, `description`, `groups`, `in_port_type`, `inports`, `is_checkpoint`, `name`, `out_port_type`, `outports`, `owner`, `page_id`, `start_time`, `state`, `stop_time`, `fk_flow_id`, `is_customized`, `fk_data_source_id`) VALUES ('ff808181725b20fa01725b22087b0085', '2020-05-26 00:00:09', 'admin', b'1', '2020-05-26 00:00:09', 'admin', 0, 'cn.piflow.bundle.common.MockData', 'Mock dataframe.', 'Common', 'DEFAULT', 'Default', b'1', 'MockData', 'DEFAULT', 'Default', 'xjzhu@cnic.cn', '6', NULL, NULL, NULL, 'ff808181725b20fa01725b22087b0081', b'0', NULL);
INSERT INTO `flow_stops`(`id`, `crt_dttm`, `crt_user`, `enable_flag`, `last_update_dttm`, `last_update_user`, `version`, `bundel`, `description`, `groups`, `in_port_type`, `inports`, `is_checkpoint`, `name`, `out_port_type`, `outports`, `owner`, `page_id`, `start_time`, `state`, `stop_time`, `fk_flow_id`, `is_customized`, `fk_data_source_id`) VALUES ('ff808181725b20fa01725b22088300a8', '2020-05-26 00:00:09', 'admin', b'1', '2020-05-26 00:00:09', 'admin', 0, 'cn.piflow.bundle.common.Merge', 'Merge data into one stop', 'Common', 'ANY', 'Any', b'1', 'Merge', 'DEFAULT', 'Default', 'xjzhu@cnic.cn', '17', NULL, NULL, NULL, 'ff808181725b20fa01725b22087d00a0', b'0', NULL);
INSERT INTO `flow_stops`(`id`, `crt_dttm`, `crt_user`, `enable_flag`, `last_update_dttm`, `last_update_user`, `version`, `bundel`, `description`, `groups`, `in_port_type`, `inports`, `is_checkpoint`, `name`, `out_port_type`, `outports`, `owner`, `page_id`, `start_time`, `state`, `stop_time`, `fk_flow_id`, `is_customized`, `fk_data_source_id`) VALUES ('ff808181725b20fa01725b22088300aa', '2020-05-26 00:00:09', 'admin', b'1', '2020-05-26 00:00:09', 'admin', 0, 'cn.piflow.bundle.common.Fork', 'Forking data to different stops', 'Common', 'DEFAULT', 'Default', b'1', 'Fork', 'ANY', 'Any', 'xjzhu@cnic.cn', '20', NULL, NULL, NULL, 'ff808181725b20fa01725b22087d00a0', b'0', NULL);
INSERT INTO `flow_stops`(`id`, `crt_dttm`, `crt_user`, `enable_flag`, `last_update_dttm`, `last_update_user`, `version`, `bundel`, `description`, `groups`, `in_port_type`, `inports`, `is_checkpoint`, `name`, `out_port_type`, `outports`, `owner`, `page_id`, `start_time`, `state`, `stop_time`, `fk_flow_id`, `is_customized`, `fk_data_source_id`) VALUES ('ff808181725b20fa01725b22088300ac', '2020-05-26 00:00:09', 'admin', b'1', '2020-05-26 00:00:09', 'admin', 0, 'cn.piflow.bundle.common.SelectField', 'Select data column', 'Common', 'DEFAULT', 'Default', b'1', 'SelectField22', 'DEFAULT', 'Default', 'xjzhu@cnic.cn', '26', NULL, NULL, NULL, 'ff808181725b20fa01725b22087d00a0', b'0', NULL);
INSERT INTO `flow_stops`(`id`, `crt_dttm`, `crt_user`, `enable_flag`, `last_update_dttm`, `last_update_user`, `version`, `bundel`, `description`, `groups`, `in_port_type`, `inports`, `is_checkpoint`, `name`, `out_port_type`, `outports`, `owner`, `page_id`, `start_time`, `state`, `stop_time`, `fk_flow_id`, `is_customized`, `fk_data_source_id`) VALUES ('ff808181725b20fa01725b22088400ae', '2020-05-26 00:00:09', 'admin', b'1', '2020-05-26 00:00:09', 'admin', 0, 'cn.piflow.bundle.common.SelectField', 'Select data column', 'Common', 'DEFAULT', 'Default', b'1', 'SelectField20', 'DEFAULT', 'Default', 'xjzhu@cnic.cn', '24', NULL, NULL, NULL, 'ff808181725b20fa01725b22087d00a0', b'0', NULL);
INSERT INTO `flow_stops`(`id`, `crt_dttm`, `crt_user`, `enable_flag`, `last_update_dttm`, `last_update_user`, `version`, `bundel`, `description`, `groups`, `in_port_type`, `inports`, `is_checkpoint`, `name`, `out_port_type`, `outports`, `owner`, `page_id`, `start_time`, `state`, `stop_time`, `fk_flow_id`, `is_customized`, `fk_data_source_id`) VALUES ('ff808181725b20fa01725b22088400b0', '2020-05-26 00:00:09', 'admin', b'1', '2020-05-26 00:00:09', 'admin', 0, 'cn.piflow.bundle.common.SelectField', 'Select data column', 'Common', 'DEFAULT', 'Default', b'1', 'SelectField18', 'DEFAULT', 'Default', 'xjzhu@cnic.cn', '22', NULL, NULL, NULL, 'ff808181725b20fa01725b22087d00a0', b'0', NULL);
INSERT INTO `flow_stops`(`id`, `crt_dttm`, `crt_user`, `enable_flag`, `last_update_dttm`, `last_update_user`, `version`, `bundel`, `description`, `groups`, `in_port_type`, `inports`, `is_checkpoint`, `name`, `out_port_type`, `outports`, `owner`, `page_id`, `start_time`, `state`, `stop_time`, `fk_flow_id`, `is_customized`, `fk_data_source_id`) VALUES ('ff808181725b20fa01725b22088700b2', '2020-05-26 00:00:09', 'admin', b'1', '2020-05-26 00:00:09', 'admin', 0, 'cn.piflow.bundle.common.SelectField', 'Select data column', 'Common', 'DEFAULT', 'Default', b'1', 'SelectField', 'DEFAULT', 'Default', 'xjzhu@cnic.cn', '15', NULL, NULL, NULL, 'ff808181725b20fa01725b22087d00a0', b'0', NULL);
INSERT INTO `flow_stops`(`id`, `crt_dttm`, `crt_user`, `enable_flag`, `last_update_dttm`, `last_update_user`, `version`, `bundel`, `description`, `groups`, `in_port_type`, `inports`, `is_checkpoint`, `name`, `out_port_type`, `outports`, `owner`, `page_id`, `start_time`, `state`, `stop_time`, `fk_flow_id`, `is_customized`, `fk_data_source_id`) VALUES ('ff808181725b20fa01725b22088700b4', '2020-05-26 00:00:09', 'admin', b'1', '2020-05-26 00:00:09', 'admin', 0, 'cn.piflow.bundle.common.MockData', 'Mock dataframe.', 'Common', 'DEFAULT', 'Default', b'1', 'MockData7', 'DEFAULT', 'Default', 'xjzhu@cnic.cn', '11', NULL, NULL, NULL, 'ff808181725b20fa01725b22087d00a0', b'0', NULL);
INSERT INTO `flow_stops`(`id`, `crt_dttm`, `crt_user`, `enable_flag`, `last_update_dttm`, `last_update_user`, `version`, `bundel`, `description`, `groups`, `in_port_type`, `inports`, `is_checkpoint`, `name`, `out_port_type`, `outports`, `owner`, `page_id`, `start_time`, `state`, `stop_time`, `fk_flow_id`, `is_customized`, `fk_data_source_id`) VALUES ('ff808181725b20fa01725b22088700b7', '2020-05-26 00:00:09', 'admin', b'1', '2020-05-26 00:00:09', 'admin', 0, 'cn.piflow.bundle.common.MockData', 'Mock dataframe.', 'Common', 'DEFAULT', 'Default', b'1', 'MockData', 'DEFAULT', 'Default', 'xjzhu@cnic.cn', '6', NULL, NULL, NULL, 'ff808181725b20fa01725b22087d00a0', b'0', NULL);
INSERT INTO `flow_stops`(`id`, `crt_dttm`, `crt_user`, `enable_flag`, `last_update_dttm`, `last_update_user`, `version`, `bundel`, `description`, `groups`, `in_port_type`, `inports`, `is_checkpoint`, `name`, `out_port_type`, `outports`, `owner`, `page_id`, `start_time`, `state`, `stop_time`, `fk_flow_id`, `is_customized`, `fk_data_source_id`) VALUES ('ff808181725b20fa01725b22089400ed', '2020-05-26 00:00:09', 'admin', b'1', '2020-05-26 00:00:09', 'admin', 0, 'cn.piflow.bundle.common.SelectField', 'Select data column', 'Common', 'DEFAULT', 'Default', b'0', 'SelectField', 'DEFAULT', 'Default', 'xjzhu@cnic.cn', '7', NULL, NULL, NULL, 'ff808181725b20fa01725b22089300eb', b'0', NULL);
INSERT INTO `flow_stops`(`id`, `crt_dttm`, `crt_user`, `enable_flag`, `last_update_dttm`, `last_update_user`, `version`, `bundel`, `description`, `groups`, `in_port_type`, `inports`, `is_checkpoint`, `name`, `out_port_type`, `outports`, `owner`, `page_id`, `start_time`, `state`, `stop_time`, `fk_flow_id`, `is_customized`, `fk_data_source_id`) VALUES ('ff808181725b20fa01725b22089500ef', '2020-05-26 00:00:09', 'admin', b'1', '2020-05-26 00:00:09', 'admin', 0, 'cn.piflow.bundle.common.MockData', 'Mock dataframe.', 'Common', 'DEFAULT', 'Default', b'1', 'MockData', 'DEFAULT', 'Default', 'xjzhu@cnic.cn', '6', NULL, NULL, NULL, 'ff808181725b20fa01725b22089300eb', b'0', NULL);
INSERT INTO `flow_stops`(`id`, `crt_dttm`, `crt_user`, `enable_flag`, `last_update_dttm`, `last_update_user`, `version`, `bundel`, `description`, `groups`, `in_port_type`, `inports`, `is_checkpoint`, `name`, `out_port_type`, `outports`, `owner`, `page_id`, `start_time`, `state`, `stop_time`, `fk_flow_id`, `is_customized`, `fk_data_source_id`) VALUES ('ff808181725b20fa01725b2208a1012d', '2020-05-26 00:00:09', 'admin', b'1', '2020-05-26 00:00:09', 'admin', 0, 'cn.piflow.bundle.common.Merge', 'Merge data into one stop', 'Common', 'ANY', 'Any', b'1', 'Merge', 'DEFAULT', 'Default', 'xjzhu@cnic.cn', '17', NULL, NULL, NULL, 'ff808181725b20fa01725b2208a00125', b'0', NULL);
INSERT INTO `flow_stops`(`id`, `crt_dttm`, `crt_user`, `enable_flag`, `last_update_dttm`, `last_update_user`, `version`, `bundel`, `description`, `groups`, `in_port_type`, `inports`, `is_checkpoint`, `name`, `out_port_type`, `outports`, `owner`, `page_id`, `start_time`, `state`, `stop_time`, `fk_flow_id`, `is_customized`, `fk_data_source_id`) VALUES ('ff808181725b20fa01725b2208a1012f', '2020-05-26 00:00:09', 'admin', b'1', '2020-05-26 00:00:09', 'admin', 0, 'cn.piflow.bundle.common.Fork', 'Forking data to different stops', 'Common', 'DEFAULT', 'Default', b'1', 'Fork', 'ANY', 'Any', 'xjzhu@cnic.cn', '20', NULL, NULL, NULL, 'ff808181725b20fa01725b2208a00125', b'0', NULL);
INSERT INTO `flow_stops`(`id`, `crt_dttm`, `crt_user`, `enable_flag`, `last_update_dttm`, `last_update_user`, `version`, `bundel`, `description`, `groups`, `in_port_type`, `inports`, `is_checkpoint`, `name`, `out_port_type`, `outports`, `owner`, `page_id`, `start_time`, `state`, `stop_time`, `fk_flow_id`, `is_customized`, `fk_data_source_id`) VALUES ('ff808181725b20fa01725b2208a10131', '2020-05-26 00:00:09', 'admin', b'1', '2020-05-26 00:00:09', 'admin', 0, 'cn.piflow.bundle.common.SelectField', 'Select data column', 'Common', 'DEFAULT', 'Default', b'1', 'SelectField22', 'DEFAULT', 'Default', 'xjzhu@cnic.cn', '26', NULL, NULL, NULL, 'ff808181725b20fa01725b2208a00125', b'0', NULL);
INSERT INTO `flow_stops`(`id`, `crt_dttm`, `crt_user`, `enable_flag`, `last_update_dttm`, `last_update_user`, `version`, `bundel`, `description`, `groups`, `in_port_type`, `inports`, `is_checkpoint`, `name`, `out_port_type`, `outports`, `owner`, `page_id`, `start_time`, `state`, `stop_time`, `fk_flow_id`, `is_customized`, `fk_data_source_id`) VALUES ('ff808181725b20fa01725b2208a10133', '2020-05-26 00:00:09', 'admin', b'1', '2020-05-26 00:00:09', 'admin', 0, 'cn.piflow.bundle.common.SelectField', 'Select data column', 'Common', 'DEFAULT', 'Default', b'1', 'SelectField20', 'DEFAULT', 'Default', 'xjzhu@cnic.cn', '24', NULL, NULL, NULL, 'ff808181725b20fa01725b2208a00125', b'0', NULL);
INSERT INTO `flow_stops`(`id`, `crt_dttm`, `crt_user`, `enable_flag`, `last_update_dttm`, `last_update_user`, `version`, `bundel`, `description`, `groups`, `in_port_type`, `inports`, `is_checkpoint`, `name`, `out_port_type`, `outports`, `owner`, `page_id`, `start_time`, `state`, `stop_time`, `fk_flow_id`, `is_customized`, `fk_data_source_id`) VALUES ('ff808181725b20fa01725b2208a10135', '2020-05-26 00:00:09', 'admin', b'1', '2020-05-26 00:00:09', 'admin', 0, 'cn.piflow.bundle.common.SelectField', 'Select data column', 'Common', 'DEFAULT', 'Default', b'1', 'SelectField18', 'DEFAULT', 'Default', 'xjzhu@cnic.cn', '22', NULL, NULL, NULL, 'ff808181725b20fa01725b2208a00125', b'0', NULL);
INSERT INTO `flow_stops`(`id`, `crt_dttm`, `crt_user`, `enable_flag`, `last_update_dttm`, `last_update_user`, `version`, `bundel`, `description`, `groups`, `in_port_type`, `inports`, `is_checkpoint`, `name`, `out_port_type`, `outports`, `owner`, `page_id`, `start_time`, `state`, `stop_time`, `fk_flow_id`, `is_customized`, `fk_data_source_id`) VALUES ('ff808181725b20fa01725b2208a10137', '2020-05-26 00:00:09', 'admin', b'1', '2020-05-26 00:00:09', 'admin', 0, 'cn.piflow.bundle.common.SelectField', 'Select data column', 'Common', 'DEFAULT', 'Default', b'1', 'SelectField', 'DEFAULT', 'Default', 'xjzhu@cnic.cn', '15', NULL, NULL, NULL, 'ff808181725b20fa01725b2208a00125', b'0', NULL);
INSERT INTO `flow_stops`(`id`, `crt_dttm`, `crt_user`, `enable_flag`, `last_update_dttm`, `last_update_user`, `version`, `bundel`, `description`, `groups`, `in_port_type`, `inports`, `is_checkpoint`, `name`, `out_port_type`, `outports`, `owner`, `page_id`, `start_time`, `state`, `stop_time`, `fk_flow_id`, `is_customized`, `fk_data_source_id`) VALUES ('ff808181725b20fa01725b2208a10139', '2020-05-26 00:00:09', 'admin', b'1', '2020-05-26 00:00:09', 'admin', 0, 'cn.piflow.bundle.common.MockData', 'Mock dataframe.', 'Common', 'DEFAULT', 'Default', b'1', 'MockData7', 'DEFAULT', 'Default', 'xjzhu@cnic.cn', '11', NULL, NULL, NULL, 'ff808181725b20fa01725b2208a00125', b'0', NULL);
INSERT INTO `flow_stops`(`id`, `crt_dttm`, `crt_user`, `enable_flag`, `last_update_dttm`, `last_update_user`, `version`, `bundel`, `description`, `groups`, `in_port_type`, `inports`, `is_checkpoint`, `name`, `out_port_type`, `outports`, `owner`, `page_id`, `start_time`, `state`, `stop_time`, `fk_flow_id`, `is_customized`, `fk_data_source_id`) VALUES ('ff808181725b20fa01725b2208a2013c', '2020-05-26 00:00:09', 'admin', b'1', '2020-05-26 00:00:09', 'admin', 0, 'cn.piflow.bundle.common.MockData', 'Mock dataframe.', 'Common', 'DEFAULT', 'Default', b'1', 'MockData', 'DEFAULT', 'Default', 'xjzhu@cnic.cn', '6', NULL, NULL, NULL, 'ff808181725b20fa01725b2208a00125', b'0', NULL);
INSERT INTO `flow_stops`(`id`, `crt_dttm`, `crt_user`, `enable_flag`, `last_update_dttm`, `last_update_user`, `version`, `bundel`, `description`, `groups`, `in_port_type`, `inports`, `is_checkpoint`, `name`, `out_port_type`, `outports`, `owner`, `page_id`, `start_time`, `state`, `stop_time`, `fk_flow_id`, `is_customized`, `fk_data_source_id`) VALUES ('ff808181725b20fa01725b2208a90172', '2020-05-26 00:00:09', 'admin', b'1', '2020-05-26 00:00:09', 'admin', 0, 'cn.piflow.bundle.common.Merge', 'Merge data into one stop', 'Common', 'ANY', 'Any', b'1', 'Merge', 'DEFAULT', 'Default', 'xjzhu@cnic.cn', '17', NULL, NULL, NULL, 'ff808181725b20fa01725b2208a9016a', b'0', NULL);
INSERT INTO `flow_stops`(`id`, `crt_dttm`, `crt_user`, `enable_flag`, `last_update_dttm`, `last_update_user`, `version`, `bundel`, `description`, `groups`, `in_port_type`, `inports`, `is_checkpoint`, `name`, `out_port_type`, `outports`, `owner`, `page_id`, `start_time`, `state`, `stop_time`, `fk_flow_id`, `is_customized`, `fk_data_source_id`) VALUES ('ff808181725b20fa01725b2208a90174', '2020-05-26 00:00:09', 'admin', b'1', '2020-05-26 00:00:09', 'admin', 0, 'cn.piflow.bundle.common.Fork', 'Forking data to different stops', 'Common', 'DEFAULT', 'Default', b'1', 'Fork', 'ANY', 'Any', 'xjzhu@cnic.cn', '20', NULL, NULL, NULL, 'ff808181725b20fa01725b2208a9016a', b'0', NULL);
INSERT INTO `flow_stops`(`id`, `crt_dttm`, `crt_user`, `enable_flag`, `last_update_dttm`, `last_update_user`, `version`, `bundel`, `description`, `groups`, `in_port_type`, `inports`, `is_checkpoint`, `name`, `out_port_type`, `outports`, `owner`, `page_id`, `start_time`, `state`, `stop_time`, `fk_flow_id`, `is_customized`, `fk_data_source_id`) VALUES ('ff808181725b20fa01725b2208a90176', '2020-05-26 00:00:09', 'admin', b'1', '2020-05-26 00:00:09', 'admin', 0, 'cn.piflow.bundle.common.SelectField', 'Select data column', 'Common', 'DEFAULT', 'Default', b'1', 'SelectField22', 'DEFAULT', 'Default', 'xjzhu@cnic.cn', '26', NULL, NULL, NULL, 'ff808181725b20fa01725b2208a9016a', b'0', NULL);
INSERT INTO `flow_stops`(`id`, `crt_dttm`, `crt_user`, `enable_flag`, `last_update_dttm`, `last_update_user`, `version`, `bundel`, `description`, `groups`, `in_port_type`, `inports`, `is_checkpoint`, `name`, `out_port_type`, `outports`, `owner`, `page_id`, `start_time`, `state`, `stop_time`, `fk_flow_id`, `is_customized`, `fk_data_source_id`) VALUES ('ff808181725b20fa01725b2208a90178', '2020-05-26 00:00:09', 'admin', b'1', '2020-05-26 00:00:09', 'admin', 0, 'cn.piflow.bundle.common.SelectField', 'Select data column', 'Common', 'DEFAULT', 'Default', b'1', 'SelectField20', 'DEFAULT', 'Default', 'xjzhu@cnic.cn', '24', NULL, NULL, NULL, 'ff808181725b20fa01725b2208a9016a', b'0', NULL);
INSERT INTO `flow_stops`(`id`, `crt_dttm`, `crt_user`, `enable_flag`, `last_update_dttm`, `last_update_user`, `version`, `bundel`, `description`, `groups`, `in_port_type`, `inports`, `is_checkpoint`, `name`, `out_port_type`, `outports`, `owner`, `page_id`, `start_time`, `state`, `stop_time`, `fk_flow_id`, `is_customized`, `fk_data_source_id`) VALUES ('ff808181725b20fa01725b2208aa017a', '2020-05-26 00:00:09', 'admin', b'1', '2020-05-26 00:00:09', 'admin', 0, 'cn.piflow.bundle.common.SelectField', 'Select data column', 'Common', 'DEFAULT', 'Default', b'1', 'SelectField18', 'DEFAULT', 'Default', 'xjzhu@cnic.cn', '22', NULL, NULL, NULL, 'ff808181725b20fa01725b2208a9016a', b'0', NULL);
INSERT INTO `flow_stops`(`id`, `crt_dttm`, `crt_user`, `enable_flag`, `last_update_dttm`, `last_update_user`, `version`, `bundel`, `description`, `groups`, `in_port_type`, `inports`, `is_checkpoint`, `name`, `out_port_type`, `outports`, `owner`, `page_id`, `start_time`, `state`, `stop_time`, `fk_flow_id`, `is_customized`, `fk_data_source_id`) VALUES ('ff808181725b20fa01725b2208ac017c', '2020-05-26 00:00:09', 'admin', b'1', '2020-05-26 00:00:09', 'admin', 0, 'cn.piflow.bundle.common.SelectField', 'Select data column', 'Common', 'DEFAULT', 'Default', b'1', 'SelectField', 'DEFAULT', 'Default', 'xjzhu@cnic.cn', '15', NULL, NULL, NULL, 'ff808181725b20fa01725b2208a9016a', b'0', NULL);
INSERT INTO `flow_stops`(`id`, `crt_dttm`, `crt_user`, `enable_flag`, `last_update_dttm`, `last_update_user`, `version`, `bundel`, `description`, `groups`, `in_port_type`, `inports`, `is_checkpoint`, `name`, `out_port_type`, `outports`, `owner`, `page_id`, `start_time`, `state`, `stop_time`, `fk_flow_id`, `is_customized`, `fk_data_source_id`) VALUES ('ff808181725b20fa01725b2208ac017e', '2020-05-26 00:00:09', 'admin', b'1', '2020-05-26 00:00:09', 'admin', 0, 'cn.piflow.bundle.common.MockData', 'Mock dataframe.', 'Common', 'DEFAULT', 'Default', b'1', 'MockData7', 'DEFAULT', 'Default', 'xjzhu@cnic.cn', '11', NULL, NULL, NULL, 'ff808181725b20fa01725b2208a9016a', b'0', NULL);
INSERT INTO `flow_stops`(`id`, `crt_dttm`, `crt_user`, `enable_flag`, `last_update_dttm`, `last_update_user`, `version`, `bundel`, `description`, `groups`, `in_port_type`, `inports`, `is_checkpoint`, `name`, `out_port_type`, `outports`, `owner`, `page_id`, `start_time`, `state`, `stop_time`, `fk_flow_id`, `is_customized`, `fk_data_source_id`) VALUES ('ff808181725b20fa01725b2208af0181', '2020-05-26 00:00:09', 'admin', b'1', '2020-05-26 00:00:09', 'admin', 0, 'cn.piflow.bundle.common.MockData', 'Mock dataframe.', 'Common', 'DEFAULT', 'Default', b'1', 'MockData', 'DEFAULT', 'Default', 'xjzhu@cnic.cn', '6', NULL, NULL, NULL, 'ff808181725b20fa01725b2208a9016a', b'0', NULL);
INSERT INTO `flow_stops`(`id`, `crt_dttm`, `crt_user`, `enable_flag`, `last_update_dttm`, `last_update_user`, `version`, `bundel`, `description`, `groups`, `in_port_type`, `inports`, `is_checkpoint`, `name`, `out_port_type`, `outports`, `owner`, `page_id`, `start_time`, `state`, `stop_time`, `fk_flow_id`, `is_customized`, `fk_data_source_id`) VALUES ('ff808181725b20fa01725b2208b001b7', '2020-05-26 00:00:09', 'admin', b'1', '2020-05-26 00:00:09', 'admin', 0, 'cn.piflow.bundle.common.Merge', 'Merge data into one stop', 'Common', 'ANY', 'Any', b'1', 'Merge', 'DEFAULT', 'Default', 'xjzhu@cnic.cn', '17', NULL, NULL, NULL, 'ff808181725b20fa01725b2208b001af', b'0', NULL);
INSERT INTO `flow_stops`(`id`, `crt_dttm`, `crt_user`, `enable_flag`, `last_update_dttm`, `last_update_user`, `version`, `bundel`, `description`, `groups`, `in_port_type`, `inports`, `is_checkpoint`, `name`, `out_port_type`, `outports`, `owner`, `page_id`, `start_time`, `state`, `stop_time`, `fk_flow_id`, `is_customized`, `fk_data_source_id`) VALUES ('ff808181725b20fa01725b2208b001b9', '2020-05-26 00:00:09', 'admin', b'1', '2020-05-26 00:00:09', 'admin', 0, 'cn.piflow.bundle.common.Fork', 'Forking data to different stops', 'Common', 'DEFAULT', 'Default', b'1', 'Fork', 'ANY', 'Any', 'xjzhu@cnic.cn', '20', NULL, NULL, NULL, 'ff808181725b20fa01725b2208b001af', b'0', NULL);
INSERT INTO `flow_stops`(`id`, `crt_dttm`, `crt_user`, `enable_flag`, `last_update_dttm`, `last_update_user`, `version`, `bundel`, `description`, `groups`, `in_port_type`, `inports`, `is_checkpoint`, `name`, `out_port_type`, `outports`, `owner`, `page_id`, `start_time`, `state`, `stop_time`, `fk_flow_id`, `is_customized`, `fk_data_source_id`) VALUES ('ff808181725b20fa01725b2208b001bb', '2020-05-26 00:00:09', 'admin', b'1', '2020-05-26 00:00:09', 'admin', 0, 'cn.piflow.bundle.common.SelectField', 'Select data column', 'Common', 'DEFAULT', 'Default', b'1', 'SelectField22', 'DEFAULT', 'Default', 'xjzhu@cnic.cn', '26', NULL, NULL, NULL, 'ff808181725b20fa01725b2208b001af', b'0', NULL);
INSERT INTO `flow_stops`(`id`, `crt_dttm`, `crt_user`, `enable_flag`, `last_update_dttm`, `last_update_user`, `version`, `bundel`, `description`, `groups`, `in_port_type`, `inports`, `is_checkpoint`, `name`, `out_port_type`, `outports`, `owner`, `page_id`, `start_time`, `state`, `stop_time`, `fk_flow_id`, `is_customized`, `fk_data_source_id`) VALUES ('ff808181725b20fa01725b2208b101bd', '2020-05-26 00:00:09', 'admin', b'1', '2020-05-26 00:00:09', 'admin', 0, 'cn.piflow.bundle.common.SelectField', 'Select data column', 'Common', 'DEFAULT', 'Default', b'1', 'SelectField20', 'DEFAULT', 'Default', 'xjzhu@cnic.cn', '24', NULL, NULL, NULL, 'ff808181725b20fa01725b2208b001af', b'0', NULL);
INSERT INTO `flow_stops`(`id`, `crt_dttm`, `crt_user`, `enable_flag`, `last_update_dttm`, `last_update_user`, `version`, `bundel`, `description`, `groups`, `in_port_type`, `inports`, `is_checkpoint`, `name`, `out_port_type`, `outports`, `owner`, `page_id`, `start_time`, `state`, `stop_time`, `fk_flow_id`, `is_customized`, `fk_data_source_id`) VALUES ('ff808181725b20fa01725b2208b101bf', '2020-05-26 00:00:09', 'admin', b'1', '2020-05-26 00:00:09', 'admin', 0, 'cn.piflow.bundle.common.SelectField', 'Select data column', 'Common', 'DEFAULT', 'Default', b'1', 'SelectField18', 'DEFAULT', 'Default', 'xjzhu@cnic.cn', '22', NULL, NULL, NULL, 'ff808181725b20fa01725b2208b001af', b'0', NULL);
INSERT INTO `flow_stops`(`id`, `crt_dttm`, `crt_user`, `enable_flag`, `last_update_dttm`, `last_update_user`, `version`, `bundel`, `description`, `groups`, `in_port_type`, `inports`, `is_checkpoint`, `name`, `out_port_type`, `outports`, `owner`, `page_id`, `start_time`, `state`, `stop_time`, `fk_flow_id`, `is_customized`, `fk_data_source_id`) VALUES ('ff808181725b20fa01725b2208b101c1', '2020-05-26 00:00:09', 'admin', b'1', '2020-05-26 00:00:09', 'admin', 0, 'cn.piflow.bundle.common.SelectField', 'Select data column', 'Common', 'DEFAULT', 'Default', b'1', 'SelectField', 'DEFAULT', 'Default', 'xjzhu@cnic.cn', '15', NULL, NULL, NULL, 'ff808181725b20fa01725b2208b001af', b'0', NULL);
INSERT INTO `flow_stops`(`id`, `crt_dttm`, `crt_user`, `enable_flag`, `last_update_dttm`, `last_update_user`, `version`, `bundel`, `description`, `groups`, `in_port_type`, `inports`, `is_checkpoint`, `name`, `out_port_type`, `outports`, `owner`, `page_id`, `start_time`, `state`, `stop_time`, `fk_flow_id`, `is_customized`, `fk_data_source_id`) VALUES ('ff808181725b20fa01725b2208b101c3', '2020-05-26 00:00:09', 'admin', b'1', '2020-05-26 00:00:09', 'admin', 0, 'cn.piflow.bundle.common.MockData', 'Mock dataframe.', 'Common', 'DEFAULT', 'Default', b'1', 'MockData7', 'DEFAULT', 'Default', 'xjzhu@cnic.cn', '11', NULL, NULL, NULL, 'ff808181725b20fa01725b2208b001af', b'0', NULL);
INSERT INTO `flow_stops`(`id`, `crt_dttm`, `crt_user`, `enable_flag`, `last_update_dttm`, `last_update_user`, `version`, `bundel`, `description`, `groups`, `in_port_type`, `inports`, `is_checkpoint`, `name`, `out_port_type`, `outports`, `owner`, `page_id`, `start_time`, `state`, `stop_time`, `fk_flow_id`, `is_customized`, `fk_data_source_id`) VALUES ('ff808181725b20fa01725b2208b101c6', '2020-05-26 00:00:09', 'admin', b'1', '2020-05-26 00:00:09', 'admin', 0, 'cn.piflow.bundle.common.MockData', 'Mock dataframe.', 'Common', 'DEFAULT', 'Default', b'1', 'MockData', 'DEFAULT', 'Default', 'xjzhu@cnic.cn', '6', NULL, NULL, NULL, 'ff808181725b20fa01725b2208b001af', b'0', NULL);

INSERT INTO `flow_stops_property`(`id`, `crt_dttm`, `crt_user`, `enable_flag`, `last_update_dttm`, `last_update_user`, `version`, `allowable_values`, `custom_value`, `description`, `display_name`, `is_select`, `name`, `property_required`, `property_sensitive`, `fk_stops_id`, `is_locked`, `property_sort`, `is_old_data`) VALUES ('ff808181725b20fa01725b22085c001a', '2020-05-26 00:00:09', 'admin', b'1', '2020-05-26 00:00:09', 'admin', 0, '[\"\"]', 'data2,data1,data2', 'Inports string are separated by commas', 'Inports', b'0', 'inports', b'1', b'0', 'ff808181725b20fa01725b22085b0019', b'0', NULL, b'0');
INSERT INTO `flow_stops_property`(`id`, `crt_dttm`, `crt_user`, `enable_flag`, `last_update_dttm`, `last_update_user`, `version`, `allowable_values`, `custom_value`, `description`, `display_name`, `is_select`, `name`, `property_required`, `property_sensitive`, `fk_stops_id`, `is_locked`, `property_sort`, `is_old_data`) VALUES ('ff808181725b20fa01725b22085d001c', '2020-05-26 00:00:09', 'admin', b'1', '2020-05-26 00:00:09', 'admin', 0, '[\"\"]', 'out1,out3,out1,out2,out3', 'Output ports string with comma', 'outports', b'0', 'outports', b'1', b'0', 'ff808181725b20fa01725b22085c001b', b'0', NULL, b'0');
INSERT INTO `flow_stops_property`(`id`, `crt_dttm`, `crt_user`, `enable_flag`, `last_update_dttm`, `last_update_user`, `version`, `allowable_values`, `custom_value`, `description`, `display_name`, `is_select`, `name`, `property_required`, `property_sensitive`, `fk_stops_id`, `is_locked`, `property_sort`, `is_old_data`) VALUES ('ff808181725b20fa01725b22085e001e', '2020-05-26 00:00:09', 'admin', b'1', '2020-05-26 00:00:09', 'admin', 0, '[\"\"]', 'author', 'Select the column you want,multiple columns separated by commas', 'ColumnNames', b'0', 'columnNames', b'1', b'0', 'ff808181725b20fa01725b22085d001d', b'0', NULL, b'0');
INSERT INTO `flow_stops_property`(`id`, `crt_dttm`, `crt_user`, `enable_flag`, `last_update_dttm`, `last_update_user`, `version`, `allowable_values`, `custom_value`, `description`, `display_name`, `is_select`, `name`, `property_required`, `property_sensitive`, `fk_stops_id`, `is_locked`, `property_sort`, `is_old_data`) VALUES ('ff808181725b20fa01725b22085e0020', '2020-05-26 00:00:09', 'admin', b'1', '2020-05-26 00:00:09', 'admin', 0, '[\"\"]', 'age', 'Select the column you want,multiple columns separated by commas', 'ColumnNames', b'0', 'columnNames', b'1', b'0', 'ff808181725b20fa01725b22085e001f', b'0', NULL, b'0');
INSERT INTO `flow_stops_property`(`id`, `crt_dttm`, `crt_user`, `enable_flag`, `last_update_dttm`, `last_update_user`, `version`, `allowable_values`, `custom_value`, `description`, `display_name`, `is_select`, `name`, `property_required`, `property_sensitive`, `fk_stops_id`, `is_locked`, `property_sort`, `is_old_data`) VALUES ('ff808181725b20fa01725b22085e0022', '2020-05-26 00:00:09', 'admin', b'1', '2020-05-26 00:00:09', 'admin', 0, '[\"\"]', 'title', 'Select the column you want,multiple columns separated by commas', 'ColumnNames', b'0', 'columnNames', b'1', b'0', 'ff808181725b20fa01725b22085e0021', b'0', NULL, b'0');
INSERT INTO `flow_stops_property`(`id`, `crt_dttm`, `crt_user`, `enable_flag`, `last_update_dttm`, `last_update_user`, `version`, `allowable_values`, `custom_value`, `description`, `display_name`, `is_select`, `name`, `property_required`, `property_sensitive`, `fk_stops_id`, `is_locked`, `property_sort`, `is_old_data`) VALUES ('ff808181725b20fa01725b22085e0024', '2020-05-26 00:00:09', 'admin', b'1', '2020-05-26 00:00:09', 'admin', 0, '[\"\"]', 'title,author,age', 'Select the column you want,multiple columns separated by commas', 'ColumnNames', b'0', 'columnNames', b'1', b'0', 'ff808181725b20fa01725b22085e0023', b'0', NULL, b'0');
INSERT INTO `flow_stops_property`(`id`, `crt_dttm`, `crt_user`, `enable_flag`, `last_update_dttm`, `last_update_user`, `version`, `allowable_values`, `custom_value`, `description`, `display_name`, `is_select`, `name`, `property_required`, `property_sensitive`, `fk_stops_id`, `is_locked`, `property_sort`, `is_old_data`) VALUES ('ff808181725b20fa01725b22085f0026', '2020-05-26 00:00:09', 'admin', b'1', '2020-05-26 00:00:09', 'admin', 0, '[\"\"]', '10', 'The count of dataframe', 'Count', b'0', 'count', b'1', b'0', 'ff808181725b20fa01725b22085f0025', b'0', NULL, b'0');
INSERT INTO `flow_stops_property`(`id`, `crt_dttm`, `crt_user`, `enable_flag`, `last_update_dttm`, `last_update_user`, `version`, `allowable_values`, `custom_value`, `description`, `display_name`, `is_select`, `name`, `property_required`, `property_sensitive`, `fk_stops_id`, `is_locked`, `property_sort`, `is_old_data`) VALUES ('ff808181725b20fa01725b22085f0027', '2020-05-26 00:00:09', 'admin', b'1', '2020-05-26 00:00:09', 'admin', 0, '[\"\"]', 'title:String, author:String, age:Int, gender:String', 'The schema of mock data, format is column:columnType:isNullable. Separate multiple fields with commas. columnType can be String/Int/Long/Float/Double/Boolean. isNullable can be left blank, the default value is false. ', 'Schema', b'0', 'schema', b'1', b'0', 'ff808181725b20fa01725b22085f0025', b'0', NULL, b'0');
INSERT INTO `flow_stops_property`(`id`, `crt_dttm`, `crt_user`, `enable_flag`, `last_update_dttm`, `last_update_user`, `version`, `allowable_values`, `custom_value`, `description`, `display_name`, `is_select`, `name`, `property_required`, `property_sensitive`, `fk_stops_id`, `is_locked`, `property_sort`, `is_old_data`) VALUES ('ff808181725b20fa01725b22085f0029', '2020-05-26 00:00:09', 'admin', b'1', '2020-05-26 00:00:09', 'admin', 0, '[\"\"]', 'title:String, author:String, age:Int', 'The schema of mock data, format is column:columnType:isNullable. Separate multiple fields with commas. columnType can be String/Int/Long/Float/Double/Boolean. isNullable can be left blank, the default value is false. ', 'Schema', b'0', 'schema', b'1', b'0', 'ff808181725b20fa01725b22085f0028', b'0', NULL, b'0');
INSERT INTO `flow_stops_property`(`id`, `crt_dttm`, `crt_user`, `enable_flag`, `last_update_dttm`, `last_update_user`, `version`, `allowable_values`, `custom_value`, `description`, `display_name`, `is_select`, `name`, `property_required`, `property_sensitive`, `fk_stops_id`, `is_locked`, `property_sort`, `is_old_data`) VALUES ('ff808181725b20fa01725b220860002a', '2020-05-26 00:00:09', 'admin', b'1', '2020-05-26 00:00:09', 'admin', 0, '[\"\"]', '10', 'The count of dataframe', 'Count', b'0', 'count', b'1', b'0', 'ff808181725b20fa01725b22085f0028', b'0', NULL, b'0');
INSERT INTO `flow_stops_property`(`id`, `crt_dttm`, `crt_user`, `enable_flag`, `last_update_dttm`, `last_update_user`, `version`, `allowable_values`, `custom_value`, `description`, `display_name`, `is_select`, `name`, `property_required`, `property_sensitive`, `fk_stops_id`, `is_locked`, `property_sort`, `is_old_data`) VALUES ('ff808181725b20fa01725b22086e0059', '2020-05-26 00:00:09', 'admin', b'1', '2020-05-26 00:00:09', 'admin', 0, '[\"\"]', 'title', 'Select the column you want,multiple columns separated by commas', 'ColumnNames', b'0', 'columnNames', b'1', b'0', 'ff808181725b20fa01725b22086e0058', b'0', NULL, b'0');
INSERT INTO `flow_stops_property`(`id`, `crt_dttm`, `crt_user`, `enable_flag`, `last_update_dttm`, `last_update_user`, `version`, `allowable_values`, `custom_value`, `description`, `display_name`, `is_select`, `name`, `property_required`, `property_sensitive`, `fk_stops_id`, `is_locked`, `property_sort`, `is_old_data`) VALUES ('ff808181725b20fa01725b22086f005b', '2020-05-26 00:00:09', 'admin', b'1', '2020-05-26 00:00:09', 'admin', 0, '[\"\"]', 'title:String, author:String, age:Int', 'The schema of mock data, format is column:columnType:isNullable. Separate multiple fields with commas. columnType can be String/Int/Long/Float/Double/Boolean. isNullable can be left blank, the default value is false. ', 'Schema', b'0', 'schema', b'1', b'0', 'ff808181725b20fa01725b22086e005a', b'0', NULL, b'0');
INSERT INTO `flow_stops_property`(`id`, `crt_dttm`, `crt_user`, `enable_flag`, `last_update_dttm`, `last_update_user`, `version`, `allowable_values`, `custom_value`, `description`, `display_name`, `is_select`, `name`, `property_required`, `property_sensitive`, `fk_stops_id`, `is_locked`, `property_sort`, `is_old_data`) VALUES ('ff808181725b20fa01725b22086f005c', '2020-05-26 00:00:09', 'admin', b'1', '2020-05-26 00:00:09', 'admin', 0, '[\"\"]', '10', 'The count of dataframe', 'Count', b'0', 'count', b'1', b'0', 'ff808181725b20fa01725b22086e005a', b'0', NULL, b'0');
INSERT INTO `flow_stops_property`(`id`, `crt_dttm`, `crt_user`, `enable_flag`, `last_update_dttm`, `last_update_user`, `version`, `allowable_values`, `custom_value`, `description`, `display_name`, `is_select`, `name`, `property_required`, `property_sensitive`, `fk_stops_id`, `is_locked`, `property_sort`, `is_old_data`) VALUES ('ff808181725b20fa01725b2208750074', '2020-05-26 00:00:09', 'admin', b'1', '2020-05-26 00:00:09', 'admin', 0, '[\"\"]', 'title', 'Select the column you want,multiple columns separated by commas', 'ColumnNames', b'0', 'columnNames', b'1', b'0', 'ff808181725b20fa01725b2208750073', b'0', NULL, b'0');
INSERT INTO `flow_stops_property`(`id`, `crt_dttm`, `crt_user`, `enable_flag`, `last_update_dttm`, `last_update_user`, `version`, `allowable_values`, `custom_value`, `description`, `display_name`, `is_select`, `name`, `property_required`, `property_sensitive`, `fk_stops_id`, `is_locked`, `property_sort`, `is_old_data`) VALUES ('ff808181725b20fa01725b2208780076', '2020-05-26 00:00:09', 'admin', b'1', '2020-05-26 00:00:09', 'admin', 0, '[\"\"]', 'title:String, author:String, age:Int', 'The schema of mock data, format is column:columnType:isNullable. Separate multiple fields with commas. columnType can be String/Int/Long/Float/Double/Boolean. isNullable can be left blank, the default value is false. ', 'Schema', b'0', 'schema', b'1', b'0', 'ff808181725b20fa01725b2208750075', b'0', NULL, b'0');
INSERT INTO `flow_stops_property`(`id`, `crt_dttm`, `crt_user`, `enable_flag`, `last_update_dttm`, `last_update_user`, `version`, `allowable_values`, `custom_value`, `description`, `display_name`, `is_select`, `name`, `property_required`, `property_sensitive`, `fk_stops_id`, `is_locked`, `property_sort`, `is_old_data`) VALUES ('ff808181725b20fa01725b2208780077', '2020-05-26 00:00:09', 'admin', b'1', '2020-05-26 00:00:09', 'admin', 0, '[\"\"]', '10', 'The count of dataframe', 'Count', b'0', 'count', b'1', b'0', 'ff808181725b20fa01725b2208750075', b'0', NULL, b'0');
INSERT INTO `flow_stops_property`(`id`, `crt_dttm`, `crt_user`, `enable_flag`, `last_update_dttm`, `last_update_user`, `version`, `allowable_values`, `custom_value`, `description`, `display_name`, `is_select`, `name`, `property_required`, `property_sensitive`, `fk_stops_id`, `is_locked`, `property_sort`, `is_old_data`) VALUES ('ff808181725b20fa01725b22087b0084', '2020-05-26 00:00:09', 'admin', b'1', '2020-05-26 00:00:09', 'admin', 0, '[\"\"]', 'title', 'Select the column you want,multiple columns separated by commas', 'ColumnNames', b'0', 'columnNames', b'1', b'0', 'ff808181725b20fa01725b22087b0083', b'0', NULL, b'0');
INSERT INTO `flow_stops_property`(`id`, `crt_dttm`, `crt_user`, `enable_flag`, `last_update_dttm`, `last_update_user`, `version`, `allowable_values`, `custom_value`, `description`, `display_name`, `is_select`, `name`, `property_required`, `property_sensitive`, `fk_stops_id`, `is_locked`, `property_sort`, `is_old_data`) VALUES ('ff808181725b20fa01725b22087b0086', '2020-05-26 00:00:09', 'admin', b'1', '2020-05-26 00:00:09', 'admin', 0, '[\"\"]', 'title:String, author:String, age:Int', 'The schema of mock data, format is column:columnType:isNullable. Separate multiple fields with commas. columnType can be String/Int/Long/Float/Double/Boolean. isNullable can be left blank, the default value is false. ', 'Schema', b'0', 'schema', b'1', b'0', 'ff808181725b20fa01725b22087b0085', b'0', NULL, b'0');
INSERT INTO `flow_stops_property`(`id`, `crt_dttm`, `crt_user`, `enable_flag`, `last_update_dttm`, `last_update_user`, `version`, `allowable_values`, `custom_value`, `description`, `display_name`, `is_select`, `name`, `property_required`, `property_sensitive`, `fk_stops_id`, `is_locked`, `property_sort`, `is_old_data`) VALUES ('ff808181725b20fa01725b22087c0087', '2020-05-26 00:00:09', 'admin', b'1', '2020-05-26 00:00:09', 'admin', 0, '[\"\"]', '10', 'The count of dataframe', 'Count', b'0', 'count', b'1', b'0', 'ff808181725b20fa01725b22087b0085', b'0', NULL, b'0');
INSERT INTO `flow_stops_property`(`id`, `crt_dttm`, `crt_user`, `enable_flag`, `last_update_dttm`, `last_update_user`, `version`, `allowable_values`, `custom_value`, `description`, `display_name`, `is_select`, `name`, `property_required`, `property_sensitive`, `fk_stops_id`, `is_locked`, `property_sort`, `is_old_data`) VALUES ('ff808181725b20fa01725b22088300a9', '2020-05-26 00:00:09', 'admin', b'1', '2020-05-26 00:00:09', 'admin', 0, '[\"\"]', 'data2,data1,data2', 'Inports string are separated by commas', 'Inports', b'0', 'inports', b'1', b'0', 'ff808181725b20fa01725b22088300a8', b'0', NULL, b'0');
INSERT INTO `flow_stops_property`(`id`, `crt_dttm`, `crt_user`, `enable_flag`, `last_update_dttm`, `last_update_user`, `version`, `allowable_values`, `custom_value`, `description`, `display_name`, `is_select`, `name`, `property_required`, `property_sensitive`, `fk_stops_id`, `is_locked`, `property_sort`, `is_old_data`) VALUES ('ff808181725b20fa01725b22088300ab', '2020-05-26 00:00:09', 'admin', b'1', '2020-05-26 00:00:09', 'admin', 0, '[\"\"]', 'out1,out3,out1,out2,out3', 'Output ports string with comma', 'outports', b'0', 'outports', b'1', b'0', 'ff808181725b20fa01725b22088300aa', b'0', NULL, b'0');
INSERT INTO `flow_stops_property`(`id`, `crt_dttm`, `crt_user`, `enable_flag`, `last_update_dttm`, `last_update_user`, `version`, `allowable_values`, `custom_value`, `description`, `display_name`, `is_select`, `name`, `property_required`, `property_sensitive`, `fk_stops_id`, `is_locked`, `property_sort`, `is_old_data`) VALUES ('ff808181725b20fa01725b22088400ad', '2020-05-26 00:00:09', 'admin', b'1', '2020-05-26 00:00:09', 'admin', 0, '[\"\"]', 'author', 'Select the column you want,multiple columns separated by commas', 'ColumnNames', b'0', 'columnNames', b'1', b'0', 'ff808181725b20fa01725b22088300ac', b'0', NULL, b'0');
INSERT INTO `flow_stops_property`(`id`, `crt_dttm`, `crt_user`, `enable_flag`, `last_update_dttm`, `last_update_user`, `version`, `allowable_values`, `custom_value`, `description`, `display_name`, `is_select`, `name`, `property_required`, `property_sensitive`, `fk_stops_id`, `is_locked`, `property_sort`, `is_old_data`) VALUES ('ff808181725b20fa01725b22088400af', '2020-05-26 00:00:09', 'admin', b'1', '2020-05-26 00:00:09', 'admin', 0, '[\"\"]', 'age', 'Select the column you want,multiple columns separated by commas', 'ColumnNames', b'0', 'columnNames', b'1', b'0', 'ff808181725b20fa01725b22088400ae', b'0', NULL, b'0');
INSERT INTO `flow_stops_property`(`id`, `crt_dttm`, `crt_user`, `enable_flag`, `last_update_dttm`, `last_update_user`, `version`, `allowable_values`, `custom_value`, `description`, `display_name`, `is_select`, `name`, `property_required`, `property_sensitive`, `fk_stops_id`, `is_locked`, `property_sort`, `is_old_data`) VALUES ('ff808181725b20fa01725b22088700b1', '2020-05-26 00:00:09', 'admin', b'1', '2020-05-26 00:00:09', 'admin', 0, '[\"\"]', 'title', 'Select the column you want,multiple columns separated by commas', 'ColumnNames', b'0', 'columnNames', b'1', b'0', 'ff808181725b20fa01725b22088400b0', b'0', NULL, b'0');
INSERT INTO `flow_stops_property`(`id`, `crt_dttm`, `crt_user`, `enable_flag`, `last_update_dttm`, `last_update_user`, `version`, `allowable_values`, `custom_value`, `description`, `display_name`, `is_select`, `name`, `property_required`, `property_sensitive`, `fk_stops_id`, `is_locked`, `property_sort`, `is_old_data`) VALUES ('ff808181725b20fa01725b22088700b3', '2020-05-26 00:00:09', 'admin', b'1', '2020-05-26 00:00:09', 'admin', 0, '[\"\"]', 'title,author,age', 'Select the column you want,multiple columns separated by commas', 'ColumnNames', b'0', 'columnNames', b'1', b'0', 'ff808181725b20fa01725b22088700b2', b'0', NULL, b'0');
INSERT INTO `flow_stops_property`(`id`, `crt_dttm`, `crt_user`, `enable_flag`, `last_update_dttm`, `last_update_user`, `version`, `allowable_values`, `custom_value`, `description`, `display_name`, `is_select`, `name`, `property_required`, `property_sensitive`, `fk_stops_id`, `is_locked`, `property_sort`, `is_old_data`) VALUES ('ff808181725b20fa01725b22088700b5', '2020-05-26 00:00:09', 'admin', b'1', '2020-05-26 00:00:09', 'admin', 0, '[\"\"]', '10', 'The count of dataframe', 'Count', b'0', 'count', b'1', b'0', 'ff808181725b20fa01725b22088700b4', b'0', NULL, b'0');
INSERT INTO `flow_stops_property`(`id`, `crt_dttm`, `crt_user`, `enable_flag`, `last_update_dttm`, `last_update_user`, `version`, `allowable_values`, `custom_value`, `description`, `display_name`, `is_select`, `name`, `property_required`, `property_sensitive`, `fk_stops_id`, `is_locked`, `property_sort`, `is_old_data`) VALUES ('ff808181725b20fa01725b22088700b6', '2020-05-26 00:00:09', 'admin', b'1', '2020-05-26 00:00:09', 'admin', 0, '[\"\"]', 'title:String, author:String, age:Int, gender:String', 'The schema of mock data, format is column:columnType:isNullable. Separate multiple fields with commas. columnType can be String/Int/Long/Float/Double/Boolean. isNullable can be left blank, the default value is false. ', 'Schema', b'0', 'schema', b'1', b'0', 'ff808181725b20fa01725b22088700b4', b'0', NULL, b'0');
INSERT INTO `flow_stops_property`(`id`, `crt_dttm`, `crt_user`, `enable_flag`, `last_update_dttm`, `last_update_user`, `version`, `allowable_values`, `custom_value`, `description`, `display_name`, `is_select`, `name`, `property_required`, `property_sensitive`, `fk_stops_id`, `is_locked`, `property_sort`, `is_old_data`) VALUES ('ff808181725b20fa01725b22088800b8', '2020-05-26 00:00:09', 'admin', b'1', '2020-05-26 00:00:09', 'admin', 0, '[\"\"]', 'title:String, author:String, age:Int', 'The schema of mock data, format is column:columnType:isNullable. Separate multiple fields with commas. columnType can be String/Int/Long/Float/Double/Boolean. isNullable can be left blank, the default value is false. ', 'Schema', b'0', 'schema', b'1', b'0', 'ff808181725b20fa01725b22088700b7', b'0', NULL, b'0');
INSERT INTO `flow_stops_property`(`id`, `crt_dttm`, `crt_user`, `enable_flag`, `last_update_dttm`, `last_update_user`, `version`, `allowable_values`, `custom_value`, `description`, `display_name`, `is_select`, `name`, `property_required`, `property_sensitive`, `fk_stops_id`, `is_locked`, `property_sort`, `is_old_data`) VALUES ('ff808181725b20fa01725b22088800b9', '2020-05-26 00:00:09', 'admin', b'1', '2020-05-26 00:00:09', 'admin', 0, '[\"\"]', '10', 'The count of dataframe', 'Count', b'0', 'count', b'1', b'0', 'ff808181725b20fa01725b22088700b7', b'0', NULL, b'0');
INSERT INTO `flow_stops_property`(`id`, `crt_dttm`, `crt_user`, `enable_flag`, `last_update_dttm`, `last_update_user`, `version`, `allowable_values`, `custom_value`, `description`, `display_name`, `is_select`, `name`, `property_required`, `property_sensitive`, `fk_stops_id`, `is_locked`, `property_sort`, `is_old_data`) VALUES ('ff808181725b20fa01725b22089500ee', '2020-05-26 00:00:09', 'admin', b'1', '2020-05-26 00:00:09', 'admin', 0, '[\"\"]', 'title', 'Select the column you want,multiple columns separated by commas', 'ColumnNames', b'0', 'columnNames', b'1', b'0', 'ff808181725b20fa01725b22089400ed', b'0', NULL, b'0');
INSERT INTO `flow_stops_property`(`id`, `crt_dttm`, `crt_user`, `enable_flag`, `last_update_dttm`, `last_update_user`, `version`, `allowable_values`, `custom_value`, `description`, `display_name`, `is_select`, `name`, `property_required`, `property_sensitive`, `fk_stops_id`, `is_locked`, `property_sort`, `is_old_data`) VALUES ('ff808181725b20fa01725b22089500f0', '2020-05-26 00:00:09', 'admin', b'1', '2020-05-26 00:00:09', 'admin', 0, '[\"\"]', 'title:String, author:String, age:Int', 'The schema of mock data, format is column:columnType:isNullable. Separate multiple fields with commas. columnType can be String/Int/Long/Float/Double/Boolean. isNullable can be left blank, the default value is false. ', 'Schema', b'0', 'schema', b'1', b'0', 'ff808181725b20fa01725b22089500ef', b'0', NULL, b'0');
INSERT INTO `flow_stops_property`(`id`, `crt_dttm`, `crt_user`, `enable_flag`, `last_update_dttm`, `last_update_user`, `version`, `allowable_values`, `custom_value`, `description`, `display_name`, `is_select`, `name`, `property_required`, `property_sensitive`, `fk_stops_id`, `is_locked`, `property_sort`, `is_old_data`) VALUES ('ff808181725b20fa01725b22089500f1', '2020-05-26 00:00:09', 'admin', b'1', '2020-05-26 00:00:09', 'admin', 0, '[\"\"]', '10', 'The count of dataframe', 'Count', b'0', 'count', b'1', b'0', 'ff808181725b20fa01725b22089500ef', b'0', NULL, b'0');
INSERT INTO `flow_stops_property`(`id`, `crt_dttm`, `crt_user`, `enable_flag`, `last_update_dttm`, `last_update_user`, `version`, `allowable_values`, `custom_value`, `description`, `display_name`, `is_select`, `name`, `property_required`, `property_sensitive`, `fk_stops_id`, `is_locked`, `property_sort`, `is_old_data`) VALUES ('ff808181725b20fa01725b2208a1012e', '2020-05-26 00:00:09', 'admin', b'1', '2020-05-26 00:00:09', 'admin', 0, '[\"\"]', 'data2,data1,data2', 'Inports string are separated by commas', 'Inports', b'0', 'inports', b'1', b'0', 'ff808181725b20fa01725b2208a1012d', b'0', NULL, b'0');
INSERT INTO `flow_stops_property`(`id`, `crt_dttm`, `crt_user`, `enable_flag`, `last_update_dttm`, `last_update_user`, `version`, `allowable_values`, `custom_value`, `description`, `display_name`, `is_select`, `name`, `property_required`, `property_sensitive`, `fk_stops_id`, `is_locked`, `property_sort`, `is_old_data`) VALUES ('ff808181725b20fa01725b2208a10130', '2020-05-26 00:00:09', 'admin', b'1', '2020-05-26 00:00:09', 'admin', 0, '[\"\"]', 'out1,out3,out1,out2,out3', 'Output ports string with comma', 'outports', b'0', 'outports', b'1', b'0', 'ff808181725b20fa01725b2208a1012f', b'0', NULL, b'0');
INSERT INTO `flow_stops_property`(`id`, `crt_dttm`, `crt_user`, `enable_flag`, `last_update_dttm`, `last_update_user`, `version`, `allowable_values`, `custom_value`, `description`, `display_name`, `is_select`, `name`, `property_required`, `property_sensitive`, `fk_stops_id`, `is_locked`, `property_sort`, `is_old_data`) VALUES ('ff808181725b20fa01725b2208a10132', '2020-05-26 00:00:09', 'admin', b'1', '2020-05-26 00:00:09', 'admin', 0, '[\"\"]', 'author', 'Select the column you want,multiple columns separated by commas', 'ColumnNames', b'0', 'columnNames', b'1', b'0', 'ff808181725b20fa01725b2208a10131', b'0', NULL, b'0');
INSERT INTO `flow_stops_property`(`id`, `crt_dttm`, `crt_user`, `enable_flag`, `last_update_dttm`, `last_update_user`, `version`, `allowable_values`, `custom_value`, `description`, `display_name`, `is_select`, `name`, `property_required`, `property_sensitive`, `fk_stops_id`, `is_locked`, `property_sort`, `is_old_data`) VALUES ('ff808181725b20fa01725b2208a10134', '2020-05-26 00:00:09', 'admin', b'1', '2020-05-26 00:00:09', 'admin', 0, '[\"\"]', 'age', 'Select the column you want,multiple columns separated by commas', 'ColumnNames', b'0', 'columnNames', b'1', b'0', 'ff808181725b20fa01725b2208a10133', b'0', NULL, b'0');
INSERT INTO `flow_stops_property`(`id`, `crt_dttm`, `crt_user`, `enable_flag`, `last_update_dttm`, `last_update_user`, `version`, `allowable_values`, `custom_value`, `description`, `display_name`, `is_select`, `name`, `property_required`, `property_sensitive`, `fk_stops_id`, `is_locked`, `property_sort`, `is_old_data`) VALUES ('ff808181725b20fa01725b2208a10136', '2020-05-26 00:00:09', 'admin', b'1', '2020-05-26 00:00:09', 'admin', 0, '[\"\"]', 'title', 'Select the column you want,multiple columns separated by commas', 'ColumnNames', b'0', 'columnNames', b'1', b'0', 'ff808181725b20fa01725b2208a10135', b'0', NULL, b'0');
INSERT INTO `flow_stops_property`(`id`, `crt_dttm`, `crt_user`, `enable_flag`, `last_update_dttm`, `last_update_user`, `version`, `allowable_values`, `custom_value`, `description`, `display_name`, `is_select`, `name`, `property_required`, `property_sensitive`, `fk_stops_id`, `is_locked`, `property_sort`, `is_old_data`) VALUES ('ff808181725b20fa01725b2208a10138', '2020-05-26 00:00:09', 'admin', b'1', '2020-05-26 00:00:09', 'admin', 0, '[\"\"]', 'title,author,age', 'Select the column you want,multiple columns separated by commas', 'ColumnNames', b'0', 'columnNames', b'1', b'0', 'ff808181725b20fa01725b2208a10137', b'0', NULL, b'0');
INSERT INTO `flow_stops_property`(`id`, `crt_dttm`, `crt_user`, `enable_flag`, `last_update_dttm`, `last_update_user`, `version`, `allowable_values`, `custom_value`, `description`, `display_name`, `is_select`, `name`, `property_required`, `property_sensitive`, `fk_stops_id`, `is_locked`, `property_sort`, `is_old_data`) VALUES ('ff808181725b20fa01725b2208a1013a', '2020-05-26 00:00:09', 'admin', b'1', '2020-05-26 00:00:09', 'admin', 0, '[\"\"]', '10', 'The count of dataframe', 'Count', b'0', 'count', b'1', b'0', 'ff808181725b20fa01725b2208a10139', b'0', NULL, b'0');
INSERT INTO `flow_stops_property`(`id`, `crt_dttm`, `crt_user`, `enable_flag`, `last_update_dttm`, `last_update_user`, `version`, `allowable_values`, `custom_value`, `description`, `display_name`, `is_select`, `name`, `property_required`, `property_sensitive`, `fk_stops_id`, `is_locked`, `property_sort`, `is_old_data`) VALUES ('ff808181725b20fa01725b2208a1013b', '2020-05-26 00:00:09', 'admin', b'1', '2020-05-26 00:00:09', 'admin', 0, '[\"\"]', 'title:String, author:String, age:Int, gender:String', 'The schema of mock data, format is column:columnType:isNullable. Separate multiple fields with commas. columnType can be String/Int/Long/Float/Double/Boolean. isNullable can be left blank, the default value is false. ', 'Schema', b'0', 'schema', b'1', b'0', 'ff808181725b20fa01725b2208a10139', b'0', NULL, b'0');
INSERT INTO `flow_stops_property`(`id`, `crt_dttm`, `crt_user`, `enable_flag`, `last_update_dttm`, `last_update_user`, `version`, `allowable_values`, `custom_value`, `description`, `display_name`, `is_select`, `name`, `property_required`, `property_sensitive`, `fk_stops_id`, `is_locked`, `property_sort`, `is_old_data`) VALUES ('ff808181725b20fa01725b2208a2013d', '2020-05-26 00:00:09', 'admin', b'1', '2020-05-26 00:00:09', 'admin', 0, '[\"\"]', 'title:String, author:String, age:Int', 'The schema of mock data, format is column:columnType:isNullable. Separate multiple fields with commas. columnType can be String/Int/Long/Float/Double/Boolean. isNullable can be left blank, the default value is false. ', 'Schema', b'0', 'schema', b'1', b'0', 'ff808181725b20fa01725b2208a2013c', b'0', NULL, b'0');
INSERT INTO `flow_stops_property`(`id`, `crt_dttm`, `crt_user`, `enable_flag`, `last_update_dttm`, `last_update_user`, `version`, `allowable_values`, `custom_value`, `description`, `display_name`, `is_select`, `name`, `property_required`, `property_sensitive`, `fk_stops_id`, `is_locked`, `property_sort`, `is_old_data`) VALUES ('ff808181725b20fa01725b2208a2013e', '2020-05-26 00:00:09', 'admin', b'1', '2020-05-26 00:00:09', 'admin', 0, '[\"\"]', '10', 'The count of dataframe', 'Count', b'0', 'count', b'1', b'0', 'ff808181725b20fa01725b2208a2013c', b'0', NULL, b'0');
INSERT INTO `flow_stops_property`(`id`, `crt_dttm`, `crt_user`, `enable_flag`, `last_update_dttm`, `last_update_user`, `version`, `allowable_values`, `custom_value`, `description`, `display_name`, `is_select`, `name`, `property_required`, `property_sensitive`, `fk_stops_id`, `is_locked`, `property_sort`, `is_old_data`) VALUES ('ff808181725b20fa01725b2208a90173', '2020-05-26 00:00:09', 'admin', b'1', '2020-05-26 00:00:09', 'admin', 0, '[\"\"]', 'data2,data1,data2', 'Inports string are separated by commas', 'Inports', b'0', 'inports', b'1', b'0', 'ff808181725b20fa01725b2208a90172', b'0', NULL, b'0');
INSERT INTO `flow_stops_property`(`id`, `crt_dttm`, `crt_user`, `enable_flag`, `last_update_dttm`, `last_update_user`, `version`, `allowable_values`, `custom_value`, `description`, `display_name`, `is_select`, `name`, `property_required`, `property_sensitive`, `fk_stops_id`, `is_locked`, `property_sort`, `is_old_data`) VALUES ('ff808181725b20fa01725b2208a90175', '2020-05-26 00:00:09', 'admin', b'1', '2020-05-26 00:00:09', 'admin', 0, '[\"\"]', 'out1,out3,out1,out2,out3', 'Output ports string with comma', 'outports', b'0', 'outports', b'1', b'0', 'ff808181725b20fa01725b2208a90174', b'0', NULL, b'0');
INSERT INTO `flow_stops_property`(`id`, `crt_dttm`, `crt_user`, `enable_flag`, `last_update_dttm`, `last_update_user`, `version`, `allowable_values`, `custom_value`, `description`, `display_name`, `is_select`, `name`, `property_required`, `property_sensitive`, `fk_stops_id`, `is_locked`, `property_sort`, `is_old_data`) VALUES ('ff808181725b20fa01725b2208a90177', '2020-05-26 00:00:09', 'admin', b'1', '2020-05-26 00:00:09', 'admin', 0, '[\"\"]', 'author', 'Select the column you want,multiple columns separated by commas', 'ColumnNames', b'0', 'columnNames', b'1', b'0', 'ff808181725b20fa01725b2208a90176', b'0', NULL, b'0');
INSERT INTO `flow_stops_property`(`id`, `crt_dttm`, `crt_user`, `enable_flag`, `last_update_dttm`, `last_update_user`, `version`, `allowable_values`, `custom_value`, `description`, `display_name`, `is_select`, `name`, `property_required`, `property_sensitive`, `fk_stops_id`, `is_locked`, `property_sort`, `is_old_data`) VALUES ('ff808181725b20fa01725b2208aa0179', '2020-05-26 00:00:09', 'admin', b'1', '2020-05-26 00:00:09', 'admin', 0, '[\"\"]', 'age', 'Select the column you want,multiple columns separated by commas', 'ColumnNames', b'0', 'columnNames', b'1', b'0', 'ff808181725b20fa01725b2208a90178', b'0', NULL, b'0');
INSERT INTO `flow_stops_property`(`id`, `crt_dttm`, `crt_user`, `enable_flag`, `last_update_dttm`, `last_update_user`, `version`, `allowable_values`, `custom_value`, `description`, `display_name`, `is_select`, `name`, `property_required`, `property_sensitive`, `fk_stops_id`, `is_locked`, `property_sort`, `is_old_data`) VALUES ('ff808181725b20fa01725b2208aa017b', '2020-05-26 00:00:09', 'admin', b'1', '2020-05-26 00:00:09', 'admin', 0, '[\"\"]', 'title', 'Select the column you want,multiple columns separated by commas', 'ColumnNames', b'0', 'columnNames', b'1', b'0', 'ff808181725b20fa01725b2208aa017a', b'0', NULL, b'0');
INSERT INTO `flow_stops_property`(`id`, `crt_dttm`, `crt_user`, `enable_flag`, `last_update_dttm`, `last_update_user`, `version`, `allowable_values`, `custom_value`, `description`, `display_name`, `is_select`, `name`, `property_required`, `property_sensitive`, `fk_stops_id`, `is_locked`, `property_sort`, `is_old_data`) VALUES ('ff808181725b20fa01725b2208ac017d', '2020-05-26 00:00:09', 'admin', b'1', '2020-05-26 00:00:09', 'admin', 0, '[\"\"]', 'title,author,age', 'Select the column you want,multiple columns separated by commas', 'ColumnNames', b'0', 'columnNames', b'1', b'0', 'ff808181725b20fa01725b2208ac017c', b'0', NULL, b'0');
INSERT INTO `flow_stops_property`(`id`, `crt_dttm`, `crt_user`, `enable_flag`, `last_update_dttm`, `last_update_user`, `version`, `allowable_values`, `custom_value`, `description`, `display_name`, `is_select`, `name`, `property_required`, `property_sensitive`, `fk_stops_id`, `is_locked`, `property_sort`, `is_old_data`) VALUES ('ff808181725b20fa01725b2208ae017f', '2020-05-26 00:00:09', 'admin', b'1', '2020-05-26 00:00:09', 'admin', 0, '[\"\"]', '10', 'The count of dataframe', 'Count', b'0', 'count', b'1', b'0', 'ff808181725b20fa01725b2208ac017e', b'0', NULL, b'0');
INSERT INTO `flow_stops_property`(`id`, `crt_dttm`, `crt_user`, `enable_flag`, `last_update_dttm`, `last_update_user`, `version`, `allowable_values`, `custom_value`, `description`, `display_name`, `is_select`, `name`, `property_required`, `property_sensitive`, `fk_stops_id`, `is_locked`, `property_sort`, `is_old_data`) VALUES ('ff808181725b20fa01725b2208ae0180', '2020-05-26 00:00:09', 'admin', b'1', '2020-05-26 00:00:09', 'admin', 0, '[\"\"]', 'title:String, author:String, age:Int, gender:String', 'The schema of mock data, format is column:columnType:isNullable. Separate multiple fields with commas. columnType can be String/Int/Long/Float/Double/Boolean. isNullable can be left blank, the default value is false. ', 'Schema', b'0', 'schema', b'1', b'0', 'ff808181725b20fa01725b2208ac017e', b'0', NULL, b'0');
INSERT INTO `flow_stops_property`(`id`, `crt_dttm`, `crt_user`, `enable_flag`, `last_update_dttm`, `last_update_user`, `version`, `allowable_values`, `custom_value`, `description`, `display_name`, `is_select`, `name`, `property_required`, `property_sensitive`, `fk_stops_id`, `is_locked`, `property_sort`, `is_old_data`) VALUES ('ff808181725b20fa01725b2208af0182', '2020-05-26 00:00:09', 'admin', b'1', '2020-05-26 00:00:09', 'admin', 0, '[\"\"]', 'title:String, author:String, age:Int', 'The schema of mock data, format is column:columnType:isNullable. Separate multiple fields with commas. columnType can be String/Int/Long/Float/Double/Boolean. isNullable can be left blank, the default value is false. ', 'Schema', b'0', 'schema', b'1', b'0', 'ff808181725b20fa01725b2208af0181', b'0', NULL, b'0');
INSERT INTO `flow_stops_property`(`id`, `crt_dttm`, `crt_user`, `enable_flag`, `last_update_dttm`, `last_update_user`, `version`, `allowable_values`, `custom_value`, `description`, `display_name`, `is_select`, `name`, `property_required`, `property_sensitive`, `fk_stops_id`, `is_locked`, `property_sort`, `is_old_data`) VALUES ('ff808181725b20fa01725b2208af0183', '2020-05-26 00:00:09', 'admin', b'1', '2020-05-26 00:00:09', 'admin', 0, '[\"\"]', '10', 'The count of dataframe', 'Count', b'0', 'count', b'1', b'0', 'ff808181725b20fa01725b2208af0181', b'0', NULL, b'0');
INSERT INTO `flow_stops_property`(`id`, `crt_dttm`, `crt_user`, `enable_flag`, `last_update_dttm`, `last_update_user`, `version`, `allowable_values`, `custom_value`, `description`, `display_name`, `is_select`, `name`, `property_required`, `property_sensitive`, `fk_stops_id`, `is_locked`, `property_sort`, `is_old_data`) VALUES ('ff808181725b20fa01725b2208b001b8', '2020-05-26 00:00:09', 'admin', b'1', '2020-05-26 00:00:09', 'admin', 0, '[\"\"]', 'data2,data1,data2', 'Inports string are separated by commas', 'Inports', b'0', 'inports', b'1', b'0', 'ff808181725b20fa01725b2208b001b7', b'0', NULL, b'0');
INSERT INTO `flow_stops_property`(`id`, `crt_dttm`, `crt_user`, `enable_flag`, `last_update_dttm`, `last_update_user`, `version`, `allowable_values`, `custom_value`, `description`, `display_name`, `is_select`, `name`, `property_required`, `property_sensitive`, `fk_stops_id`, `is_locked`, `property_sort`, `is_old_data`) VALUES ('ff808181725b20fa01725b2208b001ba', '2020-05-26 00:00:09', 'admin', b'1', '2020-05-26 00:00:09', 'admin', 0, '[\"\"]', 'out1,out3,out1,out2,out3', 'Output ports string with comma', 'outports', b'0', 'outports', b'1', b'0', 'ff808181725b20fa01725b2208b001b9', b'0', NULL, b'0');
INSERT INTO `flow_stops_property`(`id`, `crt_dttm`, `crt_user`, `enable_flag`, `last_update_dttm`, `last_update_user`, `version`, `allowable_values`, `custom_value`, `description`, `display_name`, `is_select`, `name`, `property_required`, `property_sensitive`, `fk_stops_id`, `is_locked`, `property_sort`, `is_old_data`) VALUES ('ff808181725b20fa01725b2208b001bc', '2020-05-26 00:00:09', 'admin', b'1', '2020-05-26 00:00:09', 'admin', 0, '[\"\"]', 'author', 'Select the column you want,multiple columns separated by commas', 'ColumnNames', b'0', 'columnNames', b'1', b'0', 'ff808181725b20fa01725b2208b001bb', b'0', NULL, b'0');
INSERT INTO `flow_stops_property`(`id`, `crt_dttm`, `crt_user`, `enable_flag`, `last_update_dttm`, `last_update_user`, `version`, `allowable_values`, `custom_value`, `description`, `display_name`, `is_select`, `name`, `property_required`, `property_sensitive`, `fk_stops_id`, `is_locked`, `property_sort`, `is_old_data`) VALUES ('ff808181725b20fa01725b2208b101be', '2020-05-26 00:00:09', 'admin', b'1', '2020-05-26 00:00:09', 'admin', 0, '[\"\"]', 'age', 'Select the column you want,multiple columns separated by commas', 'ColumnNames', b'0', 'columnNames', b'1', b'0', 'ff808181725b20fa01725b2208b101bd', b'0', NULL, b'0');
INSERT INTO `flow_stops_property`(`id`, `crt_dttm`, `crt_user`, `enable_flag`, `last_update_dttm`, `last_update_user`, `version`, `allowable_values`, `custom_value`, `description`, `display_name`, `is_select`, `name`, `property_required`, `property_sensitive`, `fk_stops_id`, `is_locked`, `property_sort`, `is_old_data`) VALUES ('ff808181725b20fa01725b2208b101c0', '2020-05-26 00:00:09', 'admin', b'1', '2020-05-26 00:00:09', 'admin', 0, '[\"\"]', 'title', 'Select the column you want,multiple columns separated by commas', 'ColumnNames', b'0', 'columnNames', b'1', b'0', 'ff808181725b20fa01725b2208b101bf', b'0', NULL, b'0');
INSERT INTO `flow_stops_property`(`id`, `crt_dttm`, `crt_user`, `enable_flag`, `last_update_dttm`, `last_update_user`, `version`, `allowable_values`, `custom_value`, `description`, `display_name`, `is_select`, `name`, `property_required`, `property_sensitive`, `fk_stops_id`, `is_locked`, `property_sort`, `is_old_data`) VALUES ('ff808181725b20fa01725b2208b101c2', '2020-05-26 00:00:09', 'admin', b'1', '2020-05-26 00:00:09', 'admin', 0, '[\"\"]', 'title,author,age', 'Select the column you want,multiple columns separated by commas', 'ColumnNames', b'0', 'columnNames', b'1', b'0', 'ff808181725b20fa01725b2208b101c1', b'0', NULL, b'0');
INSERT INTO `flow_stops_property`(`id`, `crt_dttm`, `crt_user`, `enable_flag`, `last_update_dttm`, `last_update_user`, `version`, `allowable_values`, `custom_value`, `description`, `display_name`, `is_select`, `name`, `property_required`, `property_sensitive`, `fk_stops_id`, `is_locked`, `property_sort`, `is_old_data`) VALUES ('ff808181725b20fa01725b2208b101c4', '2020-05-26 00:00:09', 'admin', b'1', '2020-05-26 00:00:09', 'admin', 0, '[\"\"]', '10', 'The count of dataframe', 'Count', b'0', 'count', b'1', b'0', 'ff808181725b20fa01725b2208b101c3', b'0', NULL, b'0');
INSERT INTO `flow_stops_property`(`id`, `crt_dttm`, `crt_user`, `enable_flag`, `last_update_dttm`, `last_update_user`, `version`, `allowable_values`, `custom_value`, `description`, `display_name`, `is_select`, `name`, `property_required`, `property_sensitive`, `fk_stops_id`, `is_locked`, `property_sort`, `is_old_data`) VALUES ('ff808181725b20fa01725b2208b101c5', '2020-05-26 00:00:09', 'admin', b'1', '2020-05-26 00:00:09', 'admin', 0, '[\"\"]', 'title:String, author:String, age:Int, gender:String', 'The schema of mock data, format is column:columnType:isNullable. Separate multiple fields with commas. columnType can be String/Int/Long/Float/Double/Boolean. isNullable can be left blank, the default value is false. ', 'Schema', b'0', 'schema', b'1', b'0', 'ff808181725b20fa01725b2208b101c3', b'0', NULL, b'0');
INSERT INTO `flow_stops_property`(`id`, `crt_dttm`, `crt_user`, `enable_flag`, `last_update_dttm`, `last_update_user`, `version`, `allowable_values`, `custom_value`, `description`, `display_name`, `is_select`, `name`, `property_required`, `property_sensitive`, `fk_stops_id`, `is_locked`, `property_sort`, `is_old_data`) VALUES ('ff808181725b20fa01725b2208b101c7', '2020-05-26 00:00:09', 'admin', b'1', '2020-05-26 00:00:09', 'admin', 0, '[\"\"]', 'title:String, author:String, age:Int', 'The schema of mock data, format is column:columnType:isNullable. Separate multiple fields with commas. columnType can be String/Int/Long/Float/Double/Boolean. isNullable can be left blank, the default value is false. ', 'Schema', b'0', 'schema', b'1', b'0', 'ff808181725b20fa01725b2208b101c6', b'0', NULL, b'0');
INSERT INTO `flow_stops_property`(`id`, `crt_dttm`, `crt_user`, `enable_flag`, `last_update_dttm`, `last_update_user`, `version`, `allowable_values`, `custom_value`, `description`, `display_name`, `is_select`, `name`, `property_required`, `property_sensitive`, `fk_stops_id`, `is_locked`, `property_sort`, `is_old_data`) VALUES ('ff808181725b20fa01725b2208b101c8', '2020-05-26 00:00:09', 'admin', b'1', '2020-05-26 00:00:09', 'admin', 0, '[\"\"]', '10', 'The count of dataframe', 'Count', b'0', 'count', b'1', b'0', 'ff808181725b20fa01725b2208b101c6', b'0', NULL, b'0');

INSERT INTO `mx_graph_model`(`id`, `crt_dttm`, `crt_user`, `enable_flag`, `last_update_dttm`, `last_update_user`, `version`, `mx_arrows`, `mx_background`, `mx_connect`, `mx_dx`, `mx_dy`, `mx_fold`, `mx_grid`, `mx_gridsize`, `mx_guides`, `mx_page`, `mx_pageheight`, `mx_pagescale`, `mx_pagewidth`, `mx_tooltips`, `fk_flow_id`, `fk_flow_group_id`, `fk_process_id`, `fk_process_group_id`) VALUES ('ff808181725b20fa01725b21da2e0002', '2020-05-26 00:00:09', 'admin', b'1', '2020-05-26 00:00:09', 'admin', 0, NULL, NULL, NULL, NULL, NULL, NULL, NULL, NULL, NULL, NULL, NULL, NULL, NULL, NULL, NULL, 'ff808181725050fe017250group10002', NULL, NULL);
INSERT INTO `mx_graph_model`(`id`, `crt_dttm`, `crt_user`, `enable_flag`, `last_update_dttm`, `last_update_user`, `version`, `mx_arrows`, `mx_background`, `mx_connect`, `mx_dx`, `mx_dy`, `mx_fold`, `mx_grid`, `mx_gridsize`, `mx_guides`, `mx_page`, `mx_pageheight`, `mx_pagescale`, `mx_pagewidth`, `mx_tooltips`, `fk_flow_id`, `fk_flow_group_id`, `fk_process_id`, `fk_process_group_id`) VALUES ('ff808181725b20fa01725b2208540004', '2020-05-26 00:00:09', 'admin', b'1', '2020-05-26 00:00:09', 'admin', 0, NULL, NULL, NULL, NULL, NULL, NULL, NULL, NULL, NULL, NULL, NULL, NULL, NULL, NULL, NULL, 'ff808181725b20fa01725b2208530003', NULL, NULL);
INSERT INTO `mx_graph_model`(`id`, `crt_dttm`, `crt_user`, `enable_flag`, `last_update_dttm`, `last_update_user`, `version`, `mx_arrows`, `mx_background`, `mx_connect`, `mx_dx`, `mx_dy`, `mx_fold`, `mx_grid`, `mx_gridsize`, `mx_guides`, `mx_page`, `mx_pageheight`, `mx_pagescale`, `mx_pagewidth`, `mx_tooltips`, `fk_flow_id`, `fk_flow_group_id`, `fk_process_id`, `fk_process_group_id`) VALUES ('ff808181725b20fa01725b2208560008', '2020-05-26 00:00:09', 'admin', b'1', '2020-05-26 00:00:09', 'admin', 0, NULL, NULL, NULL, NULL, NULL, NULL, NULL, NULL, NULL, NULL, NULL, NULL, NULL, NULL, NULL, 'ff808181725b20fa01725b2208550007', NULL, NULL);
INSERT INTO `mx_graph_model`(`id`, `crt_dttm`, `crt_user`, `enable_flag`, `last_update_dttm`, `last_update_user`, `version`, `mx_arrows`, `mx_background`, `mx_connect`, `mx_dx`, `mx_dy`, `mx_fold`, `mx_grid`, `mx_gridsize`, `mx_guides`, `mx_page`, `mx_pageheight`, `mx_pagescale`, `mx_pagewidth`, `mx_tooltips`, `fk_flow_id`, `fk_flow_group_id`, `fk_process_id`, `fk_process_group_id`) VALUES ('ff808181725b20fa01725b220856000c', '2020-05-26 00:00:09', 'admin', b'1', '2020-05-26 00:00:09', 'admin', 0, NULL, NULL, NULL, NULL, NULL, NULL, NULL, NULL, NULL, NULL, NULL, NULL, NULL, NULL, NULL, 'ff808181725b20fa01725b220856000b', NULL, NULL);
INSERT INTO `mx_graph_model`(`id`, `crt_dttm`, `crt_user`, `enable_flag`, `last_update_dttm`, `last_update_user`, `version`, `mx_arrows`, `mx_background`, `mx_connect`, `mx_dx`, `mx_dy`, `mx_fold`, `mx_grid`, `mx_gridsize`, `mx_guides`, `mx_page`, `mx_pageheight`, `mx_pagescale`, `mx_pagewidth`, `mx_tooltips`, `fk_flow_id`, `fk_flow_group_id`, `fk_process_id`, `fk_process_group_id`) VALUES ('ff808181725b20fa01725b220860002b', '2020-05-26 00:00:09', 'admin', b'1', '2020-05-26 00:00:09', 'admin', 0, '1', NULL, '1', '1366', '1283', '1', '1', '10', '1', '1', '1169', '1', '827', '1', 'ff808181725b20fa01725b2208590011', NULL, NULL, NULL);
INSERT INTO `mx_graph_model`(`id`, `crt_dttm`, `crt_user`, `enable_flag`, `last_update_dttm`, `last_update_user`, `version`, `mx_arrows`, `mx_background`, `mx_connect`, `mx_dx`, `mx_dy`, `mx_fold`, `mx_grid`, `mx_gridsize`, `mx_guides`, `mx_page`, `mx_pageheight`, `mx_pagescale`, `mx_pagewidth`, `mx_tooltips`, `fk_flow_id`, `fk_flow_group_id`, `fk_process_id`, `fk_process_group_id`) VALUES ('ff808181725b20fa01725b22086f005d', '2020-05-26 00:00:09', 'admin', b'1', '2020-05-26 00:00:09', 'admin', 0, '1', NULL, '1', '1732', '1283', '1', '1', '10', '1', '1', '1169', '1', '827', '1', 'ff808181725b20fa01725b22086e0056', NULL, NULL, NULL);
INSERT INTO `mx_graph_model`(`id`, `crt_dttm`, `crt_user`, `enable_flag`, `last_update_dttm`, `last_update_user`, `version`, `mx_arrows`, `mx_background`, `mx_connect`, `mx_dx`, `mx_dy`, `mx_fold`, `mx_grid`, `mx_gridsize`, `mx_guides`, `mx_page`, `mx_pageheight`, `mx_pagescale`, `mx_pagewidth`, `mx_tooltips`, `fk_flow_id`, `fk_flow_group_id`, `fk_process_id`, `fk_process_group_id`) VALUES ('ff808181725b20fa01725b2208700066', '2020-05-26 00:00:09', 'admin', b'1', '2020-05-26 00:00:09', 'admin', 0, '1', NULL, '1', '2036', '1283', '1', '1', '10', '1', '1', '1169', '1', '827', '1', NULL, 'ff808181725b20fa01725b220859000f', NULL, NULL);
INSERT INTO `mx_graph_model`(`id`, `crt_dttm`, `crt_user`, `enable_flag`, `last_update_dttm`, `last_update_user`, `version`, `mx_arrows`, `mx_background`, `mx_connect`, `mx_dx`, `mx_dy`, `mx_fold`, `mx_grid`, `mx_gridsize`, `mx_guides`, `mx_page`, `mx_pageheight`, `mx_pagescale`, `mx_pagewidth`, `mx_tooltips`, `fk_flow_id`, `fk_flow_group_id`, `fk_process_id`, `fk_process_group_id`) VALUES ('ff808181725b20fa01725b2208780078', '2020-05-26 00:00:09', 'admin', b'1', '2020-05-26 00:00:09', 'admin', 0, '1', NULL, '1', '1732', '1283', '1', '1', '10', '1', '1', '1169', '1', '827', '1', 'ff808181725b20fa01725b2208730071', NULL, NULL, NULL);
INSERT INTO `mx_graph_model`(`id`, `crt_dttm`, `crt_user`, `enable_flag`, `last_update_dttm`, `last_update_user`, `version`, `mx_arrows`, `mx_background`, `mx_connect`, `mx_dx`, `mx_dy`, `mx_fold`, `mx_grid`, `mx_gridsize`, `mx_guides`, `mx_page`, `mx_pageheight`, `mx_pagescale`, `mx_pagewidth`, `mx_tooltips`, `fk_flow_id`, `fk_flow_group_id`, `fk_process_id`, `fk_process_group_id`) VALUES ('ff808181725b20fa01725b22087c0088', '2020-05-26 00:00:09', 'admin', b'1', '2020-05-26 00:00:09', 'admin', 0, '1', NULL, '1', '1732', '1283', '1', '1', '10', '1', '1', '1169', '1', '827', '1', 'ff808181725b20fa01725b22087b0081', NULL, NULL, NULL);
INSERT INTO `mx_graph_model`(`id`, `crt_dttm`, `crt_user`, `enable_flag`, `last_update_dttm`, `last_update_user`, `version`, `mx_arrows`, `mx_background`, `mx_connect`, `mx_dx`, `mx_dy`, `mx_fold`, `mx_grid`, `mx_gridsize`, `mx_guides`, `mx_page`, `mx_pageheight`, `mx_pagescale`, `mx_pagewidth`, `mx_tooltips`, `fk_flow_id`, `fk_flow_group_id`, `fk_process_id`, `fk_process_group_id`) VALUES ('ff808181725b20fa01725b22087c0093', '2020-05-26 00:00:09', 'admin', b'1', '2020-05-26 00:00:09', 'admin', 0, '1', NULL, '1', '2036', '1283', '1', '1', '10', '1', '1', '1169', '1', '827', '1', NULL, 'ff808181725b20fa01725b2208720070', NULL, NULL);
INSERT INTO `mx_graph_model`(`id`, `crt_dttm`, `crt_user`, `enable_flag`, `last_update_dttm`, `last_update_user`, `version`, `mx_arrows`, `mx_background`, `mx_connect`, `mx_dx`, `mx_dy`, `mx_fold`, `mx_grid`, `mx_gridsize`, `mx_guides`, `mx_page`, `mx_pageheight`, `mx_pagescale`, `mx_pagewidth`, `mx_tooltips`, `fk_flow_id`, `fk_flow_group_id`, `fk_process_id`, `fk_process_group_id`) VALUES ('ff808181725b20fa01725b22088800ba', '2020-05-26 00:00:09', 'admin', b'1', '2020-05-26 00:00:09', 'admin', 0, '1', NULL, '1', '1732', '1283', '1', '1', '10', '1', '1', '1169', '1', '827', '1', 'ff808181725b20fa01725b22087d00a0', NULL, NULL, NULL);
INSERT INTO `mx_graph_model`(`id`, `crt_dttm`, `crt_user`, `enable_flag`, `last_update_dttm`, `last_update_user`, `version`, `mx_arrows`, `mx_background`, `mx_connect`, `mx_dx`, `mx_dy`, `mx_fold`, `mx_grid`, `mx_gridsize`, `mx_guides`, `mx_page`, `mx_pageheight`, `mx_pagescale`, `mx_pagewidth`, `mx_tooltips`, `fk_flow_id`, `fk_flow_group_id`, `fk_process_id`, `fk_process_group_id`) VALUES ('ff808181725b20fa01725b22089500f2', '2020-05-26 00:00:09', 'admin', b'1', '2020-05-26 00:00:09', 'admin', 0, '1', NULL, '1', '1732', '1283', '1', '1', '10', '1', '1', '1169', '1', '827', '1', 'ff808181725b20fa01725b22089300eb', NULL, NULL, NULL);
INSERT INTO `mx_graph_model`(`id`, `crt_dttm`, `crt_user`, `enable_flag`, `last_update_dttm`, `last_update_user`, `version`, `mx_arrows`, `mx_background`, `mx_connect`, `mx_dx`, `mx_dy`, `mx_fold`, `mx_grid`, `mx_gridsize`, `mx_guides`, `mx_page`, `mx_pageheight`, `mx_pagescale`, `mx_pagewidth`, `mx_tooltips`, `fk_flow_id`, `fk_flow_group_id`, `fk_process_id`, `fk_process_group_id`) VALUES ('ff808181725b20fa01725b22089900fb', '2020-05-26 00:00:09', 'admin', b'1', '2020-05-26 00:00:09', 'admin', 0, '1', NULL, '1', '2036', '1283', '1', '1', '10', '1', '1', '1169', '1', '827', '1', NULL, 'ff808181725b20fa01725b220872006f', NULL, NULL);
INSERT INTO `mx_graph_model`(`id`, `crt_dttm`, `crt_user`, `enable_flag`, `last_update_dttm`, `last_update_user`, `version`, `mx_arrows`, `mx_background`, `mx_connect`, `mx_dx`, `mx_dy`, `mx_fold`, `mx_grid`, `mx_gridsize`, `mx_guides`, `mx_page`, `mx_pageheight`, `mx_pagescale`, `mx_pagewidth`, `mx_tooltips`, `fk_flow_id`, `fk_flow_group_id`, `fk_process_id`, `fk_process_group_id`) VALUES ('ff808181725b20fa01725b2208a0011a', '2020-05-26 00:00:09', 'admin', b'1', '2020-05-26 00:00:09', 'admin', 0, NULL, NULL, NULL, NULL, NULL, NULL, NULL, NULL, NULL, NULL, NULL, NULL, NULL, NULL, 'ff808181725b20fa01725b22089f0119', NULL, NULL, NULL);
INSERT INTO `mx_graph_model`(`id`, `crt_dttm`, `crt_user`, `enable_flag`, `last_update_dttm`, `last_update_user`, `version`, `mx_arrows`, `mx_background`, `mx_connect`, `mx_dx`, `mx_dy`, `mx_fold`, `mx_grid`, `mx_gridsize`, `mx_guides`, `mx_page`, `mx_pageheight`, `mx_pagescale`, `mx_pagewidth`, `mx_tooltips`, `fk_flow_id`, `fk_flow_group_id`, `fk_process_id`, `fk_process_group_id`) VALUES ('ff808181725b20fa01725b2208a0011e', '2020-05-26 00:00:09', 'admin', b'1', '2020-05-26 00:00:09', 'admin', 0, NULL, NULL, NULL, NULL, NULL, NULL, NULL, NULL, NULL, NULL, NULL, NULL, NULL, NULL, 'ff808181725b20fa01725b2208a0011d', NULL, NULL, NULL);
INSERT INTO `mx_graph_model`(`id`, `crt_dttm`, `crt_user`, `enable_flag`, `last_update_dttm`, `last_update_user`, `version`, `mx_arrows`, `mx_background`, `mx_connect`, `mx_dx`, `mx_dy`, `mx_fold`, `mx_grid`, `mx_gridsize`, `mx_guides`, `mx_page`, `mx_pageheight`, `mx_pagescale`, `mx_pagewidth`, `mx_tooltips`, `fk_flow_id`, `fk_flow_group_id`, `fk_process_id`, `fk_process_group_id`) VALUES ('ff808181725b20fa01725b2208a00122', '2020-05-26 00:00:09', 'admin', b'1', '2020-05-26 00:00:09', 'admin', 0, NULL, NULL, NULL, NULL, NULL, NULL, NULL, NULL, NULL, NULL, NULL, NULL, NULL, NULL, 'ff808181725b20fa01725b2208a00121', NULL, NULL, NULL);
INSERT INTO `mx_graph_model`(`id`, `crt_dttm`, `crt_user`, `enable_flag`, `last_update_dttm`, `last_update_user`, `version`, `mx_arrows`, `mx_background`, `mx_connect`, `mx_dx`, `mx_dy`, `mx_fold`, `mx_grid`, `mx_gridsize`, `mx_guides`, `mx_page`, `mx_pageheight`, `mx_pagescale`, `mx_pagewidth`, `mx_tooltips`, `fk_flow_id`, `fk_flow_group_id`, `fk_process_id`, `fk_process_group_id`) VALUES ('ff808181725b20fa01725b2208a2013f', '2020-05-26 00:00:09', 'admin', b'1', '2020-05-26 00:00:09', 'admin', 0, NULL, NULL, NULL, NULL, NULL, NULL, NULL, NULL, NULL, NULL, NULL, NULL, NULL, NULL, 'ff808181725b20fa01725b2208a00125', NULL, NULL, NULL);
INSERT INTO `mx_graph_model`(`id`, `crt_dttm`, `crt_user`, `enable_flag`, `last_update_dttm`, `last_update_user`, `version`, `mx_arrows`, `mx_background`, `mx_connect`, `mx_dx`, `mx_dy`, `mx_fold`, `mx_grid`, `mx_gridsize`, `mx_guides`, `mx_page`, `mx_pageheight`, `mx_pagescale`, `mx_pagewidth`, `mx_tooltips`, `fk_flow_id`, `fk_flow_group_id`, `fk_process_id`, `fk_process_group_id`) VALUES ('ff808181725b20fa01725b2208af0184', '2020-05-26 00:00:09', 'admin', b'1', '2020-05-26 00:00:09', 'admin', 0, NULL, NULL, NULL, NULL, NULL, NULL, NULL, NULL, NULL, NULL, NULL, NULL, NULL, NULL, 'ff808181725b20fa01725b2208a9016a', NULL, NULL, NULL);
INSERT INTO `mx_graph_model`(`id`, `crt_dttm`, `crt_user`, `enable_flag`, `last_update_dttm`, `last_update_user`, `version`, `mx_arrows`, `mx_background`, `mx_connect`, `mx_dx`, `mx_dy`, `mx_fold`, `mx_grid`, `mx_gridsize`, `mx_guides`, `mx_page`, `mx_pageheight`, `mx_pagescale`, `mx_pagewidth`, `mx_tooltips`, `fk_flow_id`, `fk_flow_group_id`, `fk_process_id`, `fk_process_group_id`) VALUES ('ff808181725b20fa01725b2208b101c9', '2020-05-26 00:00:09', 'admin', b'1', '2020-05-26 00:00:09', 'admin', 0, NULL, NULL, NULL, NULL, NULL, NULL, NULL, NULL, NULL, NULL, NULL, NULL, NULL, NULL, 'ff808181725b20fa01725b2208b001af', NULL, NULL, NULL);

INSERT INTO `mx_cell`(`id`, `crt_dttm`, `crt_user`, `enable_flag`, `last_update_dttm`, `last_update_user`, `version`, `mx_edge`, `mx_pageid`, `mx_parent`, `mx_source`, `mx_style`, `mx_target`, `mx_value`, `mx_vertex`, `fk_mx_graph_id`) VALUES ('ff808181725b20fa01725b2208550005', '2020-05-26 00:00:09', 'admin', b'1', '2020-05-26 00:00:09', 'admin', 0, NULL, '0', NULL, NULL, NULL, NULL, NULL, NULL, 'ff808181725b20fa01725b2208540004');
INSERT INTO `mx_cell`(`id`, `crt_dttm`, `crt_user`, `enable_flag`, `last_update_dttm`, `last_update_user`, `version`, `mx_edge`, `mx_pageid`, `mx_parent`, `mx_source`, `mx_style`, `mx_target`, `mx_value`, `mx_vertex`, `fk_mx_graph_id`) VALUES ('ff808181725b20fa01725b2208550006', '2020-05-26 00:00:09', 'admin', b'1', '2020-05-26 00:00:09', 'admin', 0, NULL, '1', '0', NULL, NULL, NULL, NULL, NULL, 'ff808181725b20fa01725b2208540004');
INSERT INTO `mx_cell`(`id`, `crt_dttm`, `crt_user`, `enable_flag`, `last_update_dttm`, `last_update_user`, `version`, `mx_edge`, `mx_pageid`, `mx_parent`, `mx_source`, `mx_style`, `mx_target`, `mx_value`, `mx_vertex`, `fk_mx_graph_id`) VALUES ('ff808181725b20fa01725b2208560009', '2020-05-26 00:00:09', 'admin', b'1', '2020-05-26 00:00:09', 'admin', 0, NULL, '0', NULL, NULL, NULL, NULL, NULL, NULL, 'ff808181725b20fa01725b2208560008');
INSERT INTO `mx_cell`(`id`, `crt_dttm`, `crt_user`, `enable_flag`, `last_update_dttm`, `last_update_user`, `version`, `mx_edge`, `mx_pageid`, `mx_parent`, `mx_source`, `mx_style`, `mx_target`, `mx_value`, `mx_vertex`, `fk_mx_graph_id`) VALUES ('ff808181725b20fa01725b220856000a', '2020-05-26 00:00:09', 'admin', b'1', '2020-05-26 00:00:09', 'admin', 0, NULL, '1', '0', NULL, NULL, NULL, NULL, NULL, 'ff808181725b20fa01725b2208560008');
INSERT INTO `mx_cell`(`id`, `crt_dttm`, `crt_user`, `enable_flag`, `last_update_dttm`, `last_update_user`, `version`, `mx_edge`, `mx_pageid`, `mx_parent`, `mx_source`, `mx_style`, `mx_target`, `mx_value`, `mx_vertex`, `fk_mx_graph_id`) VALUES ('ff808181725b20fa01725b220857000d', '2020-05-26 00:00:09', 'admin', b'1', '2020-05-26 00:00:09', 'admin', 0, NULL, '0', NULL, NULL, NULL, NULL, NULL, NULL, 'ff808181725b20fa01725b220856000c');
INSERT INTO `mx_cell`(`id`, `crt_dttm`, `crt_user`, `enable_flag`, `last_update_dttm`, `last_update_user`, `version`, `mx_edge`, `mx_pageid`, `mx_parent`, `mx_source`, `mx_style`, `mx_target`, `mx_value`, `mx_vertex`, `fk_mx_graph_id`) VALUES ('ff808181725b20fa01725b220857000e', '2020-05-26 00:00:09', 'admin', b'1', '2020-05-26 00:00:09', 'admin', 0, NULL, '1', '0', NULL, NULL, NULL, NULL, NULL, 'ff808181725b20fa01725b220856000c');
INSERT INTO `mx_cell`(`id`, `crt_dttm`, `crt_user`, `enable_flag`, `last_update_dttm`, `last_update_user`, `version`, `mx_edge`, `mx_pageid`, `mx_parent`, `mx_source`, `mx_style`, `mx_target`, `mx_value`, `mx_vertex`, `fk_mx_graph_id`) VALUES ('ff808181725b20fa01725b220860002c', '2020-05-26 00:00:09', 'admin', b'1', '2020-05-26 00:00:09', 'admin', 0, NULL, '0', NULL, NULL, NULL, NULL, NULL, NULL, 'ff808181725b20fa01725b220860002b');
INSERT INTO `mx_cell`(`id`, `crt_dttm`, `crt_user`, `enable_flag`, `last_update_dttm`, `last_update_user`, `version`, `mx_edge`, `mx_pageid`, `mx_parent`, `mx_source`, `mx_style`, `mx_target`, `mx_value`, `mx_vertex`, `fk_mx_graph_id`) VALUES ('ff808181725b20fa01725b220861002d', '2020-05-26 00:00:09', 'admin', b'1', '2020-05-26 00:00:09', 'admin', 0, NULL, '1', '0', NULL, NULL, NULL, NULL, NULL, 'ff808181725b20fa01725b220860002b');
INSERT INTO `mx_cell`(`id`, `crt_dttm`, `crt_user`, `enable_flag`, `last_update_dttm`, `last_update_user`, `version`, `mx_edge`, `mx_pageid`, `mx_parent`, `mx_source`, `mx_style`, `mx_target`, `mx_value`, `mx_vertex`, `fk_mx_graph_id`) VALUES ('ff808181725b20fa01725b220861002e', '2020-05-26 00:00:09', 'admin', b'1', '2020-05-26 00:00:09', 'admin', 0, '1', '42', '1', '19', 'edgeStyle=orthogonalEdgeStyle;rounded=0;orthogonalLoop=1;jettySize=auto;html=1;', '21', NULL, NULL, 'ff808181725b20fa01725b220860002b');
INSERT INTO `mx_cell`(`id`, `crt_dttm`, `crt_user`, `enable_flag`, `last_update_dttm`, `last_update_user`, `version`, `mx_edge`, `mx_pageid`, `mx_parent`, `mx_source`, `mx_style`, `mx_target`, `mx_value`, `mx_vertex`, `fk_mx_graph_id`) VALUES ('ff808181725b20fa01725b2208610030', '2020-05-26 00:00:09', 'admin', b'1', '2020-05-26 00:00:09', 'admin', 0, NULL, '10', '1', NULL, 'image;html=1;labelBackgroundColor=#ffffff00;image=/piflow-web/images/MockData_128x128.png', NULL, 'MockData', '1', 'ff808181725b20fa01725b220860002b');
INSERT INTO `mx_cell`(`id`, `crt_dttm`, `crt_user`, `enable_flag`, `last_update_dttm`, `last_update_user`, `version`, `mx_edge`, `mx_pageid`, `mx_parent`, `mx_source`, `mx_style`, `mx_target`, `mx_value`, `mx_vertex`, `fk_mx_graph_id`) VALUES ('ff808181725b20fa01725b2208630032', '2020-05-26 00:00:09', 'admin', b'1', '2020-05-26 00:00:09', 'admin', 0, NULL, '21', '1', NULL, 'image;html=1;labelBackgroundColor=#ffffff00;image=/piflow-web/images/SelectField_128x128.png', NULL, 'SelectField', '1', 'ff808181725b20fa01725b220860002b');
INSERT INTO `mx_cell`(`id`, `crt_dttm`, `crt_user`, `enable_flag`, `last_update_dttm`, `last_update_user`, `version`, `mx_edge`, `mx_pageid`, `mx_parent`, `mx_source`, `mx_style`, `mx_target`, `mx_value`, `mx_vertex`, `fk_mx_graph_id`) VALUES ('ff808181725b20fa01725b2208630034', '2020-05-26 00:00:09', 'admin', b'1', '2020-05-26 00:00:09', 'admin', 0, NULL, '5', '1', NULL, 'image;html=1;labelBackgroundColor=#ffffff00;image=/piflow-web/images/MockData_128x128.png', NULL, 'MockData', '1', 'ff808181725b20fa01725b220860002b');
INSERT INTO `mx_cell`(`id`, `crt_dttm`, `crt_user`, `enable_flag`, `last_update_dttm`, `last_update_user`, `version`, `mx_edge`, `mx_pageid`, `mx_parent`, `mx_source`, `mx_style`, `mx_target`, `mx_value`, `mx_vertex`, `fk_mx_graph_id`) VALUES ('ff808181725b20fa01725b2208640036', '2020-05-26 00:00:09', 'admin', b'1', '2020-05-26 00:00:09', 'admin', 0, NULL, '27', '1', NULL, 'text;html=1;align=center;verticalAlign=middle;resizable=0;points=[];autosize=1;', NULL, '选择数据：<span style=\"font-size: 13.3333px\">title, author, age</span>', '1', 'ff808181725b20fa01725b220860002b');
INSERT INTO `mx_cell`(`id`, `crt_dttm`, `crt_user`, `enable_flag`, `last_update_dttm`, `last_update_user`, `version`, `mx_edge`, `mx_pageid`, `mx_parent`, `mx_source`, `mx_style`, `mx_target`, `mx_value`, `mx_vertex`, `fk_mx_graph_id`) VALUES ('ff808181725b20fa01725b2208640038', '2020-05-26 00:00:09', 'admin', b'1', '2020-05-26 00:00:09', 'admin', 0, NULL, '14', '1', NULL, 'image;html=1;labelBackgroundColor=#ffffff00;image=/piflow-web/images/SelectField_128x128.png', NULL, 'SelectField', '1', 'ff808181725b20fa01725b220860002b');
INSERT INTO `mx_cell`(`id`, `crt_dttm`, `crt_user`, `enable_flag`, `last_update_dttm`, `last_update_user`, `version`, `mx_edge`, `mx_pageid`, `mx_parent`, `mx_source`, `mx_style`, `mx_target`, `mx_value`, `mx_vertex`, `fk_mx_graph_id`) VALUES ('ff808181725b20fa01725b220865003a', '2020-05-26 00:00:09', 'admin', b'1', '2020-05-26 00:00:09', 'admin', 0, '1', '39', '1', '5', 'edgeStyle=orthogonalEdgeStyle;rounded=0;orthogonalLoop=1;jettySize=auto;html=1;', '16', NULL, NULL, 'ff808181725b20fa01725b220860002b');
INSERT INTO `mx_cell`(`id`, `crt_dttm`, `crt_user`, `enable_flag`, `last_update_dttm`, `last_update_user`, `version`, `mx_edge`, `mx_pageid`, `mx_parent`, `mx_source`, `mx_style`, `mx_target`, `mx_value`, `mx_vertex`, `fk_mx_graph_id`) VALUES ('ff808181725b20fa01725b220865003c', '2020-05-26 00:00:09', 'admin', b'1', '2020-05-26 00:00:09', 'admin', 0, '1', '38', '1', '10', 'edgeStyle=orthogonalEdgeStyle;rounded=0;orthogonalLoop=1;jettySize=auto;html=1;', '14', NULL, NULL, 'ff808181725b20fa01725b220860002b');
INSERT INTO `mx_cell`(`id`, `crt_dttm`, `crt_user`, `enable_flag`, `last_update_dttm`, `last_update_user`, `version`, `mx_edge`, `mx_pageid`, `mx_parent`, `mx_source`, `mx_style`, `mx_target`, `mx_value`, `mx_vertex`, `fk_mx_graph_id`) VALUES ('ff808181725b20fa01725b220866003e', '2020-05-26 00:00:09', 'admin', b'1', '2020-05-26 00:00:09', 'admin', 0, '1', '41', '1', '16', 'edgeStyle=orthogonalEdgeStyle;rounded=0;orthogonalLoop=1;jettySize=auto;html=1;', '19', NULL, NULL, 'ff808181725b20fa01725b220860002b');
INSERT INTO `mx_cell`(`id`, `crt_dttm`, `crt_user`, `enable_flag`, `last_update_dttm`, `last_update_user`, `version`, `mx_edge`, `mx_pageid`, `mx_parent`, `mx_source`, `mx_style`, `mx_target`, `mx_value`, `mx_vertex`, `fk_mx_graph_id`) VALUES ('ff808181725b20fa01725b2208660040', '2020-05-26 00:00:09', 'admin', b'1', '2020-05-26 00:00:09', 'admin', 0, '1', '40', '1', '14', 'edgeStyle=orthogonalEdgeStyle;rounded=0;orthogonalLoop=1;jettySize=auto;html=1;entryX=0.5;entryY=0;entryDx=0;entryDy=0;', '16', NULL, NULL, 'ff808181725b20fa01725b220860002b');
INSERT INTO `mx_cell`(`id`, `crt_dttm`, `crt_user`, `enable_flag`, `last_update_dttm`, `last_update_user`, `version`, `mx_edge`, `mx_pageid`, `mx_parent`, `mx_source`, `mx_style`, `mx_target`, `mx_value`, `mx_vertex`, `fk_mx_graph_id`) VALUES ('ff808181725b20fa01725b2208680042', '2020-05-26 00:00:09', 'admin', b'1', '2020-05-26 00:00:09', 'admin', 0, NULL, '29', '1', NULL, 'text;html=1;align=center;verticalAlign=middle;resizable=0;points=[];autosize=1;', NULL, '分流', '1', 'ff808181725b20fa01725b220860002b');
INSERT INTO `mx_cell`(`id`, `crt_dttm`, `crt_user`, `enable_flag`, `last_update_dttm`, `last_update_user`, `version`, `mx_edge`, `mx_pageid`, `mx_parent`, `mx_source`, `mx_style`, `mx_target`, `mx_value`, `mx_vertex`, `fk_mx_graph_id`) VALUES ('ff808181725b20fa01725b2208680044', '2020-05-26 00:00:09', 'admin', b'1', '2020-05-26 00:00:09', 'admin', 0, NULL, '13', '1', NULL, 'text;html=1;align=center;verticalAlign=middle;resizable=0;points=[];autosize=1;', NULL, '模拟生成数据：title, author, age, gender', '1', 'ff808181725b20fa01725b220860002b');
INSERT INTO `mx_cell`(`id`, `crt_dttm`, `crt_user`, `enable_flag`, `last_update_dttm`, `last_update_user`, `version`, `mx_edge`, `mx_pageid`, `mx_parent`, `mx_source`, `mx_style`, `mx_target`, `mx_value`, `mx_vertex`, `fk_mx_graph_id`) VALUES ('ff808181725b20fa01725b2208680046', '2020-05-26 00:00:09', 'admin', b'1', '2020-05-26 00:00:09', 'admin', 0, '1', '43', '1', '19', 'edgeStyle=orthogonalEdgeStyle;rounded=0;orthogonalLoop=1;jettySize=auto;html=1;', '25', NULL, NULL, 'ff808181725b20fa01725b220860002b');
INSERT INTO `mx_cell`(`id`, `crt_dttm`, `crt_user`, `enable_flag`, `last_update_dttm`, `last_update_user`, `version`, `mx_edge`, `mx_pageid`, `mx_parent`, `mx_source`, `mx_style`, `mx_target`, `mx_value`, `mx_vertex`, `fk_mx_graph_id`) VALUES ('ff808181725b20fa01725b2208690048', '2020-05-26 00:00:09', 'admin', b'1', '2020-05-26 00:00:09', 'admin', 0, NULL, '19', '1', NULL, 'image;html=1;labelBackgroundColor=#ffffff00;image=/piflow-web/images/Fork_128x128.png', NULL, 'Fork', '1', 'ff808181725b20fa01725b220860002b');
INSERT INTO `mx_cell`(`id`, `crt_dttm`, `crt_user`, `enable_flag`, `last_update_dttm`, `last_update_user`, `version`, `mx_edge`, `mx_pageid`, `mx_parent`, `mx_source`, `mx_style`, `mx_target`, `mx_value`, `mx_vertex`, `fk_mx_graph_id`) VALUES ('ff808181725b20fa01725b220869004a', '2020-05-26 00:00:09', 'admin', b'1', '2020-05-26 00:00:09', 'admin', 0, NULL, '8', '1', NULL, 'text;html=1;align=center;verticalAlign=middle;resizable=0;points=[];autosize=1;', NULL, '模拟测试数据：<span style=\"font-size: 13.3333px\">title, author, age</span>', '1', 'ff808181725b20fa01725b220860002b');
INSERT INTO `mx_cell`(`id`, `crt_dttm`, `crt_user`, `enable_flag`, `last_update_dttm`, `last_update_user`, `version`, `mx_edge`, `mx_pageid`, `mx_parent`, `mx_source`, `mx_style`, `mx_target`, `mx_value`, `mx_vertex`, `fk_mx_graph_id`) VALUES ('ff808181725b20fa01725b220869004c', '2020-05-26 00:00:09', 'admin', b'1', '2020-05-26 00:00:09', 'admin', 0, '1', '44', '1', '19', 'edgeStyle=orthogonalEdgeStyle;rounded=0;orthogonalLoop=1;jettySize=auto;html=1;', '23', NULL, NULL, 'ff808181725b20fa01725b220860002b');
INSERT INTO `mx_cell`(`id`, `crt_dttm`, `crt_user`, `enable_flag`, `last_update_dttm`, `last_update_user`, `version`, `mx_edge`, `mx_pageid`, `mx_parent`, `mx_source`, `mx_style`, `mx_target`, `mx_value`, `mx_vertex`, `fk_mx_graph_id`) VALUES ('ff808181725b20fa01725b22086a004e', '2020-05-26 00:00:09', 'admin', b'1', '2020-05-26 00:00:09', 'admin', 0, NULL, '25', '1', NULL, 'image;html=1;labelBackgroundColor=#ffffff00;image=/piflow-web/images/SelectField_128x128.png', NULL, 'SelectField', '1', 'ff808181725b20fa01725b220860002b');
INSERT INTO `mx_cell`(`id`, `crt_dttm`, `crt_user`, `enable_flag`, `last_update_dttm`, `last_update_user`, `version`, `mx_edge`, `mx_pageid`, `mx_parent`, `mx_source`, `mx_style`, `mx_target`, `mx_value`, `mx_vertex`, `fk_mx_graph_id`) VALUES ('ff808181725b20fa01725b22086b0050', '2020-05-26 00:00:09', 'admin', b'1', '2020-05-26 00:00:09', 'admin', 0, NULL, '23', '1', NULL, 'image;html=1;labelBackgroundColor=#ffffff00;image=/piflow-web/images/SelectField_128x128.png', NULL, 'SelectField', '1', 'ff808181725b20fa01725b220860002b');
INSERT INTO `mx_cell`(`id`, `crt_dttm`, `crt_user`, `enable_flag`, `last_update_dttm`, `last_update_user`, `version`, `mx_edge`, `mx_pageid`, `mx_parent`, `mx_source`, `mx_style`, `mx_target`, `mx_value`, `mx_vertex`, `fk_mx_graph_id`) VALUES ('ff808181725b20fa01725b22086c0052', '2020-05-26 00:00:09', 'admin', b'1', '2020-05-26 00:00:09', 'admin', 0, NULL, '28', '1', NULL, 'text;html=1;align=center;verticalAlign=middle;resizable=0;points=[];autosize=1;', NULL, '合流', '1', 'ff808181725b20fa01725b220860002b');
INSERT INTO `mx_cell`(`id`, `crt_dttm`, `crt_user`, `enable_flag`, `last_update_dttm`, `last_update_user`, `version`, `mx_edge`, `mx_pageid`, `mx_parent`, `mx_source`, `mx_style`, `mx_target`, `mx_value`, `mx_vertex`, `fk_mx_graph_id`) VALUES ('ff808181725b20fa01725b22086c0054', '2020-05-26 00:00:09', 'admin', b'1', '2020-05-26 00:00:09', 'admin', 0, NULL, '16', '1', NULL, 'image;html=1;labelBackgroundColor=#ffffff00;image=/piflow-web/images/Merge_128x128.png', NULL, 'Merge', '1', 'ff808181725b20fa01725b220860002b');
INSERT INTO `mx_cell`(`id`, `crt_dttm`, `crt_user`, `enable_flag`, `last_update_dttm`, `last_update_user`, `version`, `mx_edge`, `mx_pageid`, `mx_parent`, `mx_source`, `mx_style`, `mx_target`, `mx_value`, `mx_vertex`, `fk_mx_graph_id`) VALUES ('ff808181725b20fa01725b22086f005e', '2020-05-26 00:00:09', 'admin', b'1', '2020-05-26 00:00:09', 'admin', 0, NULL, '0', NULL, NULL, NULL, NULL, NULL, NULL, 'ff808181725b20fa01725b22086f005d');
INSERT INTO `mx_cell`(`id`, `crt_dttm`, `crt_user`, `enable_flag`, `last_update_dttm`, `last_update_user`, `version`, `mx_edge`, `mx_pageid`, `mx_parent`, `mx_source`, `mx_style`, `mx_target`, `mx_value`, `mx_vertex`, `fk_mx_graph_id`) VALUES ('ff808181725b20fa01725b22086f005f', '2020-05-26 00:00:09', 'admin', b'1', '2020-05-26 00:00:09', 'admin', 0, NULL, '1', '0', NULL, NULL, NULL, NULL, NULL, 'ff808181725b20fa01725b22086f005d');
INSERT INTO `mx_cell`(`id`, `crt_dttm`, `crt_user`, `enable_flag`, `last_update_dttm`, `last_update_user`, `version`, `mx_edge`, `mx_pageid`, `mx_parent`, `mx_source`, `mx_style`, `mx_target`, `mx_value`, `mx_vertex`, `fk_mx_graph_id`) VALUES ('ff808181725b20fa01725b22086f0060', '2020-05-26 00:00:09', 'admin', b'1', '2020-05-26 00:00:09', 'admin', 0, NULL, '8', '1', NULL, 'image;html=1;labelBackgroundColor=#ffffff00;image=/piflow-web/images/SelectField_128x128.png', NULL, 'SelectField', '1', 'ff808181725b20fa01725b22086f005d');
INSERT INTO `mx_cell`(`id`, `crt_dttm`, `crt_user`, `enable_flag`, `last_update_dttm`, `last_update_user`, `version`, `mx_edge`, `mx_pageid`, `mx_parent`, `mx_source`, `mx_style`, `mx_target`, `mx_value`, `mx_vertex`, `fk_mx_graph_id`) VALUES ('ff808181725b20fa01725b2208700062', '2020-05-26 00:00:09', 'admin', b'1', '2020-05-26 00:00:09', 'admin', 0, NULL, '6', '1', NULL, 'image;html=1;labelBackgroundColor=#ffffff00;image=/piflow-web/images/MockData_128x128.png', NULL, 'MockData', '1', 'ff808181725b20fa01725b22086f005d');
INSERT INTO `mx_cell`(`id`, `crt_dttm`, `crt_user`, `enable_flag`, `last_update_dttm`, `last_update_user`, `version`, `mx_edge`, `mx_pageid`, `mx_parent`, `mx_source`, `mx_style`, `mx_target`, `mx_value`, `mx_vertex`, `fk_mx_graph_id`) VALUES ('ff808181725b20fa01725b2208700064', '2020-05-26 00:00:09', 'admin', b'1', '2020-05-26 00:00:09', 'admin', 0, '1', '9', '1', '6', 'edgeStyle=orthogonalEdgeStyle;rounded=0;orthogonalLoop=1;jettySize=auto;html=1;', '8', NULL, NULL, 'ff808181725b20fa01725b22086f005d');
INSERT INTO `mx_cell`(`id`, `crt_dttm`, `crt_user`, `enable_flag`, `last_update_dttm`, `last_update_user`, `version`, `mx_edge`, `mx_pageid`, `mx_parent`, `mx_source`, `mx_style`, `mx_target`, `mx_value`, `mx_vertex`, `fk_mx_graph_id`) VALUES ('ff808181725b20fa01725b2208700067', '2020-05-26 00:00:09', 'admin', b'1', '2020-05-26 00:00:09', 'admin', 0, NULL, '5', '1', NULL, 'image;html=1;labelBackgroundColor=#ffffff00;image=/piflow-web/img/flow.png', NULL, 'person2Neo4j', '1', 'ff808181725b20fa01725b2208700066');
INSERT INTO `mx_cell`(`id`, `crt_dttm`, `crt_user`, `enable_flag`, `last_update_dttm`, `last_update_user`, `version`, `mx_edge`, `mx_pageid`, `mx_parent`, `mx_source`, `mx_style`, `mx_target`, `mx_value`, `mx_vertex`, `fk_mx_graph_id`) VALUES ('ff808181725b20fa01725b2208710069', '2020-05-26 00:00:09', 'admin', b'1', '2020-05-26 00:00:09', 'admin', 0, NULL, '4', '1', NULL, 'image;html=1;labelBackgroundColor=#ffffff00;image=/piflow-web/img/flow.png', NULL, 'product2Neo4j', '1', 'ff808181725b20fa01725b2208700066');
INSERT INTO `mx_cell`(`id`, `crt_dttm`, `crt_user`, `enable_flag`, `last_update_dttm`, `last_update_user`, `version`, `mx_edge`, `mx_pageid`, `mx_parent`, `mx_source`, `mx_style`, `mx_target`, `mx_value`, `mx_vertex`, `fk_mx_graph_id`) VALUES ('ff808181725b20fa01725b220871006b', '2020-05-26 00:00:09', 'admin', b'1', '2020-05-26 00:00:09', 'admin', 0, '1', '6', '1', '4', 'edgeStyle=orthogonalEdgeStyle;rounded=0;orthogonalLoop=1;jettySize=auto;html=1;', '5', NULL, NULL, 'ff808181725b20fa01725b2208700066');
INSERT INTO `mx_cell`(`id`, `crt_dttm`, `crt_user`, `enable_flag`, `last_update_dttm`, `last_update_user`, `version`, `mx_edge`, `mx_pageid`, `mx_parent`, `mx_source`, `mx_style`, `mx_target`, `mx_value`, `mx_vertex`, `fk_mx_graph_id`) VALUES ('ff808181725b20fa01725b220871006d', '2020-05-26 00:00:09', 'admin', b'1', '2020-05-26 00:00:09', 'admin', 0, NULL, '0', NULL, NULL, NULL, NULL, NULL, NULL, 'ff808181725b20fa01725b2208700066');
INSERT INTO `mx_cell`(`id`, `crt_dttm`, `crt_user`, `enable_flag`, `last_update_dttm`, `last_update_user`, `version`, `mx_edge`, `mx_pageid`, `mx_parent`, `mx_source`, `mx_style`, `mx_target`, `mx_value`, `mx_vertex`, `fk_mx_graph_id`) VALUES ('ff808181725b20fa01725b220871006e', '2020-05-26 00:00:09', 'admin', b'1', '2020-05-26 00:00:09', 'admin', 0, NULL, '1', '0', NULL, NULL, NULL, NULL, NULL, 'ff808181725b20fa01725b2208700066');
INSERT INTO `mx_cell`(`id`, `crt_dttm`, `crt_user`, `enable_flag`, `last_update_dttm`, `last_update_user`, `version`, `mx_edge`, `mx_pageid`, `mx_parent`, `mx_source`, `mx_style`, `mx_target`, `mx_value`, `mx_vertex`, `fk_mx_graph_id`) VALUES ('ff808181725b20fa01725b2208780079', '2020-05-26 00:00:09', 'admin', b'1', '2020-05-26 00:00:09', 'admin', 0, NULL, '0', NULL, NULL, NULL, NULL, NULL, NULL, 'ff808181725b20fa01725b2208780078');
INSERT INTO `mx_cell`(`id`, `crt_dttm`, `crt_user`, `enable_flag`, `last_update_dttm`, `last_update_user`, `version`, `mx_edge`, `mx_pageid`, `mx_parent`, `mx_source`, `mx_style`, `mx_target`, `mx_value`, `mx_vertex`, `fk_mx_graph_id`) VALUES ('ff808181725b20fa01725b220879007a', '2020-05-26 00:00:09', 'admin', b'1', '2020-05-26 00:00:09', 'admin', 0, NULL, '1', '0', NULL, NULL, NULL, NULL, NULL, 'ff808181725b20fa01725b2208780078');
INSERT INTO `mx_cell`(`id`, `crt_dttm`, `crt_user`, `enable_flag`, `last_update_dttm`, `last_update_user`, `version`, `mx_edge`, `mx_pageid`, `mx_parent`, `mx_source`, `mx_style`, `mx_target`, `mx_value`, `mx_vertex`, `fk_mx_graph_id`) VALUES ('ff808181725b20fa01725b22087a007b', '2020-05-26 00:00:09', 'admin', b'1', '2020-05-26 00:00:09', 'admin', 0, NULL, '6', '1', NULL, 'image;html=1;labelBackgroundColor=#ffffff00;image=/piflow-web/images/SelectField_128x128.png', NULL, 'SelectFiel...', '1', 'ff808181725b20fa01725b2208780078');
INSERT INTO `mx_cell`(`id`, `crt_dttm`, `crt_user`, `enable_flag`, `last_update_dttm`, `last_update_user`, `version`, `mx_edge`, `mx_pageid`, `mx_parent`, `mx_source`, `mx_style`, `mx_target`, `mx_value`, `mx_vertex`, `fk_mx_graph_id`) VALUES ('ff808181725b20fa01725b22087a007d', '2020-05-26 00:00:09', 'admin', b'1', '2020-05-26 00:00:09', 'admin', 0, NULL, '5', '1', NULL, 'image;html=1;labelBackgroundColor=#ffffff00;image=/piflow-web/images/MockData_128x128.png', NULL, 'MockData', '1', 'ff808181725b20fa01725b2208780078');
INSERT INTO `mx_cell`(`id`, `crt_dttm`, `crt_user`, `enable_flag`, `last_update_dttm`, `last_update_user`, `version`, `mx_edge`, `mx_pageid`, `mx_parent`, `mx_source`, `mx_style`, `mx_target`, `mx_value`, `mx_vertex`, `fk_mx_graph_id`) VALUES ('ff808181725b20fa01725b22087a007f', '2020-05-26 00:00:09', 'admin', b'1', '2020-05-26 00:00:09', 'admin', 0, '1', '7', '1', '5', 'edgeStyle=orthogonalEdgeStyle;rounded=0;orthogonalLoop=1;jettySize=auto;html=1;', '6', NULL, NULL, 'ff808181725b20fa01725b2208780078');
INSERT INTO `mx_cell`(`id`, `crt_dttm`, `crt_user`, `enable_flag`, `last_update_dttm`, `last_update_user`, `version`, `mx_edge`, `mx_pageid`, `mx_parent`, `mx_source`, `mx_style`, `mx_target`, `mx_value`, `mx_vertex`, `fk_mx_graph_id`) VALUES ('ff808181725b20fa01725b22087c0089', '2020-05-26 00:00:09', 'admin', b'1', '2020-05-26 00:00:09', 'admin', 0, NULL, '0', NULL, NULL, NULL, NULL, NULL, NULL, 'ff808181725b20fa01725b22087c0088');
INSERT INTO `mx_cell`(`id`, `crt_dttm`, `crt_user`, `enable_flag`, `last_update_dttm`, `last_update_user`, `version`, `mx_edge`, `mx_pageid`, `mx_parent`, `mx_source`, `mx_style`, `mx_target`, `mx_value`, `mx_vertex`, `fk_mx_graph_id`) VALUES ('ff808181725b20fa01725b22087c008a', '2020-05-26 00:00:09', 'admin', b'1', '2020-05-26 00:00:09', 'admin', 0, NULL, '1', '0', NULL, NULL, NULL, NULL, NULL, 'ff808181725b20fa01725b22087c0088');
INSERT INTO `mx_cell`(`id`, `crt_dttm`, `crt_user`, `enable_flag`, `last_update_dttm`, `last_update_user`, `version`, `mx_edge`, `mx_pageid`, `mx_parent`, `mx_source`, `mx_style`, `mx_target`, `mx_value`, `mx_vertex`, `fk_mx_graph_id`) VALUES ('ff808181725b20fa01725b22087c008b', '2020-05-26 00:00:09', 'admin', b'1', '2020-05-26 00:00:09', 'admin', 0, NULL, '10', '1', NULL, 'image;html=1;labelBackgroundColor=#ffffff00;image=/piflow-web/images/SelectField_128x128.png', NULL, 'SelectField', '1', 'ff808181725b20fa01725b22087c0088');
INSERT INTO `mx_cell`(`id`, `crt_dttm`, `crt_user`, `enable_flag`, `last_update_dttm`, `last_update_user`, `version`, `mx_edge`, `mx_pageid`, `mx_parent`, `mx_source`, `mx_style`, `mx_target`, `mx_value`, `mx_vertex`, `fk_mx_graph_id`) VALUES ('ff808181725b20fa01725b22087c008d', '2020-05-26 00:00:09', 'admin', b'1', '2020-05-26 00:00:09', 'admin', 0, NULL, '6', '1', NULL, 'image;html=1;labelBackgroundColor=#ffffff00;image=/piflow-web/images/MockData_128x128.png', NULL, 'MockData', '1', 'ff808181725b20fa01725b22087c0088');
INSERT INTO `mx_cell`(`id`, `crt_dttm`, `crt_user`, `enable_flag`, `last_update_dttm`, `last_update_user`, `version`, `mx_edge`, `mx_pageid`, `mx_parent`, `mx_source`, `mx_style`, `mx_target`, `mx_value`, `mx_vertex`, `fk_mx_graph_id`) VALUES ('ff808181725b20fa01725b22087c008f', '2020-05-26 00:00:09', 'admin', b'1', '2020-05-26 00:00:09', 'admin', 0, '1', '11', '1', '6', 'edgeStyle=orthogonalEdgeStyle;rounded=0;orthogonalLoop=1;jettySize=auto;html=1;', '10', NULL, NULL, 'ff808181725b20fa01725b22087c0088');
INSERT INTO `mx_cell`(`id`, `crt_dttm`, `crt_user`, `enable_flag`, `last_update_dttm`, `last_update_user`, `version`, `mx_edge`, `mx_pageid`, `mx_parent`, `mx_source`, `mx_style`, `mx_target`, `mx_value`, `mx_vertex`, `fk_mx_graph_id`) VALUES ('ff808181725b20fa01725b22087c0091', '2020-05-26 00:00:09', 'admin', b'1', '2020-05-26 00:00:09', 'admin', 0, NULL, '9', '1', NULL, 'text;html=1;align=center;verticalAlign=middle;resizable=0;points=[];autosize=1;', NULL, '模拟测试数据', '1', 'ff808181725b20fa01725b22087c0088');
INSERT INTO `mx_cell`(`id`, `crt_dttm`, `crt_user`, `enable_flag`, `last_update_dttm`, `last_update_user`, `version`, `mx_edge`, `mx_pageid`, `mx_parent`, `mx_source`, `mx_style`, `mx_target`, `mx_value`, `mx_vertex`, `fk_mx_graph_id`) VALUES ('ff808181725b20fa01725b22087c0094', '2020-05-26 00:00:09', 'admin', b'1', '2020-05-26 00:00:09', 'admin', 0, NULL, '5', '1', NULL, 'text;html=1;strokeColor=none;fillColor=none;align=center;verticalAlign=middle;whiteSpace=wrap;rounded=0;labelBackgroundColor=#ffffff00;', NULL, '采集期刊数据，内部流水线不具备真实功能', '1', 'ff808181725b20fa01725b22087c0093');
INSERT INTO `mx_cell`(`id`, `crt_dttm`, `crt_user`, `enable_flag`, `last_update_dttm`, `last_update_user`, `version`, `mx_edge`, `mx_pageid`, `mx_parent`, `mx_source`, `mx_style`, `mx_target`, `mx_value`, `mx_vertex`, `fk_mx_graph_id`) VALUES ('ff808181725b20fa01725b22087c0096', '2020-05-26 00:00:09', 'admin', b'1', '2020-05-26 00:00:09', 'admin', 0, NULL, '7', '1', NULL, 'text;html=1;strokeColor=none;fillColor=none;align=center;verticalAlign=middle;whiteSpace=wrap;rounded=0;labelBackgroundColor=#ffffff00;', NULL, '采集会议论文，<span style=\"font-size: 13.3333px\">内部流水线不具备真实功能</span>', '1', 'ff808181725b20fa01725b22087c0093');
INSERT INTO `mx_cell`(`id`, `crt_dttm`, `crt_user`, `enable_flag`, `last_update_dttm`, `last_update_user`, `version`, `mx_edge`, `mx_pageid`, `mx_parent`, `mx_source`, `mx_style`, `mx_target`, `mx_value`, `mx_vertex`, `fk_mx_graph_id`) VALUES ('ff808181725b20fa01725b22087c0098', '2020-05-26 00:00:09', 'admin', b'1', '2020-05-26 00:00:09', 'admin', 0, NULL, '6', '1', NULL, 'image;html=1;labelBackgroundColor=#ffffff00;image=/piflow-web/img/flow.png', NULL, 'CollectConferenceData', '1', 'ff808181725b20fa01725b22087c0093');
INSERT INTO `mx_cell`(`id`, `crt_dttm`, `crt_user`, `enable_flag`, `last_update_dttm`, `last_update_user`, `version`, `mx_edge`, `mx_pageid`, `mx_parent`, `mx_source`, `mx_style`, `mx_target`, `mx_value`, `mx_vertex`, `fk_mx_graph_id`) VALUES ('ff808181725b20fa01725b22087d009a', '2020-05-26 00:00:09', 'admin', b'1', '2020-05-26 00:00:09', 'admin', 0, NULL, '4', '1', NULL, 'image;html=1;labelBackgroundColor=#ffffff00;image=/piflow-web/img/flow.png', NULL, 'CollectJournalFlow', '1', 'ff808181725b20fa01725b22087c0093');
INSERT INTO `mx_cell`(`id`, `crt_dttm`, `crt_user`, `enable_flag`, `last_update_dttm`, `last_update_user`, `version`, `mx_edge`, `mx_pageid`, `mx_parent`, `mx_source`, `mx_style`, `mx_target`, `mx_value`, `mx_vertex`, `fk_mx_graph_id`) VALUES ('ff808181725b20fa01725b22087d009c', '2020-05-26 00:00:09', 'admin', b'1', '2020-05-26 00:00:09', 'admin', 0, NULL, '0', NULL, NULL, NULL, NULL, NULL, NULL, 'ff808181725b20fa01725b22087c0093');
INSERT INTO `mx_cell`(`id`, `crt_dttm`, `crt_user`, `enable_flag`, `last_update_dttm`, `last_update_user`, `version`, `mx_edge`, `mx_pageid`, `mx_parent`, `mx_source`, `mx_style`, `mx_target`, `mx_value`, `mx_vertex`, `fk_mx_graph_id`) VALUES ('ff808181725b20fa01725b22087d009d', '2020-05-26 00:00:09', 'admin', b'1', '2020-05-26 00:00:09', 'admin', 0, NULL, '1', '0', NULL, NULL, NULL, NULL, NULL, 'ff808181725b20fa01725b22087c0093');
INSERT INTO `mx_cell`(`id`, `crt_dttm`, `crt_user`, `enable_flag`, `last_update_dttm`, `last_update_user`, `version`, `mx_edge`, `mx_pageid`, `mx_parent`, `mx_source`, `mx_style`, `mx_target`, `mx_value`, `mx_vertex`, `fk_mx_graph_id`) VALUES ('ff808181725b20fa01725b22088800bb', '2020-05-26 00:00:09', 'admin', b'1', '2020-05-26 00:00:09', 'admin', 0, NULL, '0', NULL, NULL, NULL, NULL, NULL, NULL, 'ff808181725b20fa01725b22088800ba');
INSERT INTO `mx_cell`(`id`, `crt_dttm`, `crt_user`, `enable_flag`, `last_update_dttm`, `last_update_user`, `version`, `mx_edge`, `mx_pageid`, `mx_parent`, `mx_source`, `mx_style`, `mx_target`, `mx_value`, `mx_vertex`, `fk_mx_graph_id`) VALUES ('ff808181725b20fa01725b22088900bc', '2020-05-26 00:00:09', 'admin', b'1', '2020-05-26 00:00:09', 'admin', 0, NULL, '1', '0', NULL, NULL, NULL, NULL, NULL, 'ff808181725b20fa01725b22088800ba');
INSERT INTO `mx_cell`(`id`, `crt_dttm`, `crt_user`, `enable_flag`, `last_update_dttm`, `last_update_user`, `version`, `mx_edge`, `mx_pageid`, `mx_parent`, `mx_source`, `mx_style`, `mx_target`, `mx_value`, `mx_vertex`, `fk_mx_graph_id`) VALUES ('ff808181725b20fa01725b22088900bd', '2020-05-26 00:00:09', 'admin', b'1', '2020-05-26 00:00:09', 'admin', 0, NULL, '28', '1', NULL, 'text;html=1;align=center;verticalAlign=middle;resizable=0;points=[];autosize=1;', NULL, '选择数据：<span style=\"font-size: 13.3333px\">title, author, age</span>', '1', 'ff808181725b20fa01725b22088800ba');
INSERT INTO `mx_cell`(`id`, `crt_dttm`, `crt_user`, `enable_flag`, `last_update_dttm`, `last_update_user`, `version`, `mx_edge`, `mx_pageid`, `mx_parent`, `mx_source`, `mx_style`, `mx_target`, `mx_value`, `mx_vertex`, `fk_mx_graph_id`) VALUES ('ff808181725b20fa01725b22088900bf', '2020-05-26 00:00:09', 'admin', b'1', '2020-05-26 00:00:09', 'admin', 0, NULL, '17', '1', NULL, 'image;html=1;labelBackgroundColor=#ffffff00;image=/piflow-web/images/Merge_128x128.png', NULL, 'Merge', '1', 'ff808181725b20fa01725b22088800ba');
INSERT INTO `mx_cell`(`id`, `crt_dttm`, `crt_user`, `enable_flag`, `last_update_dttm`, `last_update_user`, `version`, `mx_edge`, `mx_pageid`, `mx_parent`, `mx_source`, `mx_style`, `mx_target`, `mx_value`, `mx_vertex`, `fk_mx_graph_id`) VALUES ('ff808181725b20fa01725b22088a00c1', '2020-05-26 00:00:09', 'admin', b'1', '2020-05-26 00:00:09', 'admin', 0, NULL, '9', '1', NULL, 'text;html=1;align=center;verticalAlign=middle;resizable=0;points=[];autosize=1;', NULL, '模拟测试数据：<span style=\"font-size: 13.3333px\">title, author, age</span>', '1', 'ff808181725b20fa01725b22088800ba');
INSERT INTO `mx_cell`(`id`, `crt_dttm`, `crt_user`, `enable_flag`, `last_update_dttm`, `last_update_user`, `version`, `mx_edge`, `mx_pageid`, `mx_parent`, `mx_source`, `mx_style`, `mx_target`, `mx_value`, `mx_vertex`, `fk_mx_graph_id`) VALUES ('ff808181725b20fa01725b22088a00c3', '2020-05-26 00:00:09', 'admin', b'1', '2020-05-26 00:00:09', 'admin', 0, NULL, '14', '1', NULL, 'text;html=1;align=center;verticalAlign=middle;resizable=0;points=[];autosize=1;', NULL, '模拟生成数据：title, author, age, gender', '1', 'ff808181725b20fa01725b22088800ba');
INSERT INTO `mx_cell`(`id`, `crt_dttm`, `crt_user`, `enable_flag`, `last_update_dttm`, `last_update_user`, `version`, `mx_edge`, `mx_pageid`, `mx_parent`, `mx_source`, `mx_style`, `mx_target`, `mx_value`, `mx_vertex`, `fk_mx_graph_id`) VALUES ('ff808181725b20fa01725b22088b00c5', '2020-05-26 00:00:09', 'admin', b'1', '2020-05-26 00:00:09', 'admin', 0, NULL, '29', '1', NULL, 'text;html=1;align=center;verticalAlign=middle;resizable=0;points=[];autosize=1;', NULL, '合流', '1', 'ff808181725b20fa01725b22088800ba');
INSERT INTO `mx_cell`(`id`, `crt_dttm`, `crt_user`, `enable_flag`, `last_update_dttm`, `last_update_user`, `version`, `mx_edge`, `mx_pageid`, `mx_parent`, `mx_source`, `mx_style`, `mx_target`, `mx_value`, `mx_vertex`, `fk_mx_graph_id`) VALUES ('ff808181725b20fa01725b22088b00c7', '2020-05-26 00:00:09', 'admin', b'1', '2020-05-26 00:00:09', 'admin', 0, NULL, '30', '1', NULL, 'text;html=1;align=center;verticalAlign=middle;resizable=0;points=[];autosize=1;', NULL, '分流', '1', 'ff808181725b20fa01725b22088800ba');
INSERT INTO `mx_cell`(`id`, `crt_dttm`, `crt_user`, `enable_flag`, `last_update_dttm`, `last_update_user`, `version`, `mx_edge`, `mx_pageid`, `mx_parent`, `mx_source`, `mx_style`, `mx_target`, `mx_value`, `mx_vertex`, `fk_mx_graph_id`) VALUES ('ff808181725b20fa01725b22088b00c9', '2020-05-26 00:00:09', 'admin', b'1', '2020-05-26 00:00:09', 'admin', 0, NULL, '24', '1', NULL, 'image;html=1;labelBackgroundColor=#ffffff00;image=/piflow-web/images/SelectField_128x128.png', NULL, 'SelectField20', '1', 'ff808181725b20fa01725b22088800ba');
INSERT INTO `mx_cell`(`id`, `crt_dttm`, `crt_user`, `enable_flag`, `last_update_dttm`, `last_update_user`, `version`, `mx_edge`, `mx_pageid`, `mx_parent`, `mx_source`, `mx_style`, `mx_target`, `mx_value`, `mx_vertex`, `fk_mx_graph_id`) VALUES ('ff808181725b20fa01725b22088b00cb', '2020-05-26 00:00:09', 'admin', b'1', '2020-05-26 00:00:09', 'admin', 0, NULL, '22', '1', NULL, 'image;html=1;labelBackgroundColor=#ffffff00;image=/piflow-web/images/SelectField_128x128.png', NULL, 'SelectField18', '1', 'ff808181725b20fa01725b22088800ba');
INSERT INTO `mx_cell`(`id`, `crt_dttm`, `crt_user`, `enable_flag`, `last_update_dttm`, `last_update_user`, `version`, `mx_edge`, `mx_pageid`, `mx_parent`, `mx_source`, `mx_style`, `mx_target`, `mx_value`, `mx_vertex`, `fk_mx_graph_id`) VALUES ('ff808181725b20fa01725b22088b00cd', '2020-05-26 00:00:09', 'admin', b'1', '2020-05-26 00:00:09', 'admin', 0, '1', '41', '1', '15', 'edgeStyle=orthogonalEdgeStyle;rounded=0;orthogonalLoop=1;jettySize=auto;html=1;entryX=0.5;entryY=0;entryDx=0;entryDy=0;', '17', NULL, NULL, 'ff808181725b20fa01725b22088800ba');
INSERT INTO `mx_cell`(`id`, `crt_dttm`, `crt_user`, `enable_flag`, `last_update_dttm`, `last_update_user`, `version`, `mx_edge`, `mx_pageid`, `mx_parent`, `mx_source`, `mx_style`, `mx_target`, `mx_value`, `mx_vertex`, `fk_mx_graph_id`) VALUES ('ff808181725b20fa01725b22088b00cf', '2020-05-26 00:00:09', 'admin', b'1', '2020-05-26 00:00:09', 'admin', 0, '1', '40', '1', '6', 'edgeStyle=orthogonalEdgeStyle;rounded=0;orthogonalLoop=1;jettySize=auto;html=1;', '17', NULL, NULL, 'ff808181725b20fa01725b22088800ba');
INSERT INTO `mx_cell`(`id`, `crt_dttm`, `crt_user`, `enable_flag`, `last_update_dttm`, `last_update_user`, `version`, `mx_edge`, `mx_pageid`, `mx_parent`, `mx_source`, `mx_style`, `mx_target`, `mx_value`, `mx_vertex`, `fk_mx_graph_id`) VALUES ('ff808181725b20fa01725b22089000d1', '2020-05-26 00:00:09', 'admin', b'1', '2020-05-26 00:00:09', 'admin', 0, '1', '44', '1', '20', 'edgeStyle=orthogonalEdgeStyle;rounded=0;orthogonalLoop=1;jettySize=auto;html=1;', '26', NULL, NULL, 'ff808181725b20fa01725b22088800ba');
INSERT INTO `mx_cell`(`id`, `crt_dttm`, `crt_user`, `enable_flag`, `last_update_dttm`, `last_update_user`, `version`, `mx_edge`, `mx_pageid`, `mx_parent`, `mx_source`, `mx_style`, `mx_target`, `mx_value`, `mx_vertex`, `fk_mx_graph_id`) VALUES ('ff808181725b20fa01725b22089000d3', '2020-05-26 00:00:09', 'admin', b'1', '2020-05-26 00:00:09', 'admin', 0, NULL, '26', '1', NULL, 'image;html=1;labelBackgroundColor=#ffffff00;image=/piflow-web/images/SelectField_128x128.png', NULL, 'SelectField22', '1', 'ff808181725b20fa01725b22088800ba');
INSERT INTO `mx_cell`(`id`, `crt_dttm`, `crt_user`, `enable_flag`, `last_update_dttm`, `last_update_user`, `version`, `mx_edge`, `mx_pageid`, `mx_parent`, `mx_source`, `mx_style`, `mx_target`, `mx_value`, `mx_vertex`, `fk_mx_graph_id`) VALUES ('ff808181725b20fa01725b22089000d5', '2020-05-26 00:00:09', 'admin', b'1', '2020-05-26 00:00:09', 'admin', 0, '1', '39', '1', '11', 'edgeStyle=orthogonalEdgeStyle;rounded=0;orthogonalLoop=1;jettySize=auto;html=1;', '15', NULL, NULL, 'ff808181725b20fa01725b22088800ba');
INSERT INTO `mx_cell`(`id`, `crt_dttm`, `crt_user`, `enable_flag`, `last_update_dttm`, `last_update_user`, `version`, `mx_edge`, `mx_pageid`, `mx_parent`, `mx_source`, `mx_style`, `mx_target`, `mx_value`, `mx_vertex`, `fk_mx_graph_id`) VALUES ('ff808181725b20fa01725b22089000d7', '2020-05-26 00:00:09', 'admin', b'1', '2020-05-26 00:00:09', 'admin', 0, NULL, '38', '1', NULL, 'text;html=1;align=center;verticalAlign=middle;resizable=0;points=[];autosize=1;', NULL, '选择age列', '1', 'ff808181725b20fa01725b22088800ba');
INSERT INTO `mx_cell`(`id`, `crt_dttm`, `crt_user`, `enable_flag`, `last_update_dttm`, `last_update_user`, `version`, `mx_edge`, `mx_pageid`, `mx_parent`, `mx_source`, `mx_style`, `mx_target`, `mx_value`, `mx_vertex`, `fk_mx_graph_id`) VALUES ('ff808181725b20fa01725b22089100d9', '2020-05-26 00:00:09', 'admin', b'1', '2020-05-26 00:00:09', 'admin', 0, NULL, '11', '1', NULL, 'image;html=1;labelBackgroundColor=#ffffff00;image=/piflow-web/images/MockData_128x128.png', NULL, 'MockData7', '1', 'ff808181725b20fa01725b22088800ba');
INSERT INTO `mx_cell`(`id`, `crt_dttm`, `crt_user`, `enable_flag`, `last_update_dttm`, `last_update_user`, `version`, `mx_edge`, `mx_pageid`, `mx_parent`, `mx_source`, `mx_style`, `mx_target`, `mx_value`, `mx_vertex`, `fk_mx_graph_id`) VALUES ('ff808181725b20fa01725b22089100db', '2020-05-26 00:00:09', 'admin', b'1', '2020-05-26 00:00:09', 'admin', 0, '1', '42', '1', '17', 'edgeStyle=orthogonalEdgeStyle;rounded=0;orthogonalLoop=1;jettySize=auto;html=1;', '20', NULL, NULL, 'ff808181725b20fa01725b22088800ba');
INSERT INTO `mx_cell`(`id`, `crt_dttm`, `crt_user`, `enable_flag`, `last_update_dttm`, `last_update_user`, `version`, `mx_edge`, `mx_pageid`, `mx_parent`, `mx_source`, `mx_style`, `mx_target`, `mx_value`, `mx_vertex`, `fk_mx_graph_id`) VALUES ('ff808181725b20fa01725b22089100dd', '2020-05-26 00:00:09', 'admin', b'1', '2020-05-26 00:00:09', 'admin', 0, NULL, '37', '1', NULL, 'text;html=1;align=center;verticalAlign=middle;resizable=0;points=[];autosize=1;', NULL, '选择author列', '1', 'ff808181725b20fa01725b22088800ba');
INSERT INTO `mx_cell`(`id`, `crt_dttm`, `crt_user`, `enable_flag`, `last_update_dttm`, `last_update_user`, `version`, `mx_edge`, `mx_pageid`, `mx_parent`, `mx_source`, `mx_style`, `mx_target`, `mx_value`, `mx_vertex`, `fk_mx_graph_id`) VALUES ('ff808181725b20fa01725b22089100df', '2020-05-26 00:00:09', 'admin', b'1', '2020-05-26 00:00:09', 'admin', 0, '1', '45', '1', '20', 'edgeStyle=orthogonalEdgeStyle;rounded=0;orthogonalLoop=1;jettySize=auto;html=1;', '24', NULL, NULL, 'ff808181725b20fa01725b22088800ba');
INSERT INTO `mx_cell`(`id`, `crt_dttm`, `crt_user`, `enable_flag`, `last_update_dttm`, `last_update_user`, `version`, `mx_edge`, `mx_pageid`, `mx_parent`, `mx_source`, `mx_style`, `mx_target`, `mx_value`, `mx_vertex`, `fk_mx_graph_id`) VALUES ('ff808181725b20fa01725b22089200e1', '2020-05-26 00:00:09', 'admin', b'1', '2020-05-26 00:00:09', 'admin', 0, NULL, '36', '1', NULL, 'text;html=1;align=center;verticalAlign=middle;resizable=0;points=[];autosize=1;', NULL, '选择title列', '1', 'ff808181725b20fa01725b22088800ba');
INSERT INTO `mx_cell`(`id`, `crt_dttm`, `crt_user`, `enable_flag`, `last_update_dttm`, `last_update_user`, `version`, `mx_edge`, `mx_pageid`, `mx_parent`, `mx_source`, `mx_style`, `mx_target`, `mx_value`, `mx_vertex`, `fk_mx_graph_id`) VALUES ('ff808181725b20fa01725b22089200e3', '2020-05-26 00:00:09', 'admin', b'1', '2020-05-26 00:00:09', 'admin', 0, NULL, '6', '1', NULL, 'image;html=1;labelBackgroundColor=#ffffff00;image=/piflow-web/images/MockData_128x128.png', NULL, 'MockData', '1', 'ff808181725b20fa01725b22088800ba');
INSERT INTO `mx_cell`(`id`, `crt_dttm`, `crt_user`, `enable_flag`, `last_update_dttm`, `last_update_user`, `version`, `mx_edge`, `mx_pageid`, `mx_parent`, `mx_source`, `mx_style`, `mx_target`, `mx_value`, `mx_vertex`, `fk_mx_graph_id`) VALUES ('ff808181725b20fa01725b22089300e5', '2020-05-26 00:00:09', 'admin', b'1', '2020-05-26 00:00:09', 'admin', 0, '1', '43', '1', '20', 'edgeStyle=orthogonalEdgeStyle;rounded=0;orthogonalLoop=1;jettySize=auto;html=1;', '22', NULL, NULL, 'ff808181725b20fa01725b22088800ba');
INSERT INTO `mx_cell`(`id`, `crt_dttm`, `crt_user`, `enable_flag`, `last_update_dttm`, `last_update_user`, `version`, `mx_edge`, `mx_pageid`, `mx_parent`, `mx_source`, `mx_style`, `mx_target`, `mx_value`, `mx_vertex`, `fk_mx_graph_id`) VALUES ('ff808181725b20fa01725b22089300e7', '2020-05-26 00:00:09', 'admin', b'1', '2020-05-26 00:00:09', 'admin', 0, NULL, '15', '1', NULL, 'image;html=1;labelBackgroundColor=#ffffff00;image=/piflow-web/images/SelectField_128x128.png', NULL, 'SelectField', '1', 'ff808181725b20fa01725b22088800ba');
INSERT INTO `mx_cell`(`id`, `crt_dttm`, `crt_user`, `enable_flag`, `last_update_dttm`, `last_update_user`, `version`, `mx_edge`, `mx_pageid`, `mx_parent`, `mx_source`, `mx_style`, `mx_target`, `mx_value`, `mx_vertex`, `fk_mx_graph_id`) VALUES ('ff808181725b20fa01725b22089300e9', '2020-05-26 00:00:09', 'admin', b'1', '2020-05-26 00:00:09', 'admin', 0, NULL, '20', '1', NULL, 'image;html=1;labelBackgroundColor=#ffffff00;image=/piflow-web/images/Fork_128x128.png', NULL, 'Fork', '1', 'ff808181725b20fa01725b22088800ba');
INSERT INTO `mx_cell`(`id`, `crt_dttm`, `crt_user`, `enable_flag`, `last_update_dttm`, `last_update_user`, `version`, `mx_edge`, `mx_pageid`, `mx_parent`, `mx_source`, `mx_style`, `mx_target`, `mx_value`, `mx_vertex`, `fk_mx_graph_id`) VALUES ('ff808181725b20fa01725b22089500f3', '2020-05-26 00:00:09', 'admin', b'1', '2020-05-26 00:00:09', 'admin', 0, NULL, '0', NULL, NULL, NULL, NULL, NULL, NULL, 'ff808181725b20fa01725b22089500f2');
INSERT INTO `mx_cell`(`id`, `crt_dttm`, `crt_user`, `enable_flag`, `last_update_dttm`, `last_update_user`, `version`, `mx_edge`, `mx_pageid`, `mx_parent`, `mx_source`, `mx_style`, `mx_target`, `mx_value`, `mx_vertex`, `fk_mx_graph_id`) VALUES ('ff808181725b20fa01725b22089500f4', '2020-05-26 00:00:09', 'admin', b'1', '2020-05-26 00:00:09', 'admin', 0, NULL, '1', '0', NULL, NULL, NULL, NULL, NULL, 'ff808181725b20fa01725b22089500f2');
INSERT INTO `mx_cell`(`id`, `crt_dttm`, `crt_user`, `enable_flag`, `last_update_dttm`, `last_update_user`, `version`, `mx_edge`, `mx_pageid`, `mx_parent`, `mx_source`, `mx_style`, `mx_target`, `mx_value`, `mx_vertex`, `fk_mx_graph_id`) VALUES ('ff808181725b20fa01725b22089500f5', '2020-05-26 00:00:09', 'admin', b'1', '2020-05-26 00:00:09', 'admin', 0, NULL, '7', '1', NULL, 'image;html=1;labelBackgroundColor=#ffffff00;image=/piflow-web/images/SelectField_128x128.png', NULL, 'SelectFiel...', '1', 'ff808181725b20fa01725b22089500f2');
INSERT INTO `mx_cell`(`id`, `crt_dttm`, `crt_user`, `enable_flag`, `last_update_dttm`, `last_update_user`, `version`, `mx_edge`, `mx_pageid`, `mx_parent`, `mx_source`, `mx_style`, `mx_target`, `mx_value`, `mx_vertex`, `fk_mx_graph_id`) VALUES ('ff808181725b20fa01725b22089800f7', '2020-05-26 00:00:09', 'admin', b'1', '2020-05-26 00:00:09', 'admin', 0, NULL, '6', '1', NULL, 'image;html=1;labelBackgroundColor=#ffffff00;image=/piflow-web/images/MockData_128x128.png', NULL, 'MockData', '1', 'ff808181725b20fa01725b22089500f2');
INSERT INTO `mx_cell`(`id`, `crt_dttm`, `crt_user`, `enable_flag`, `last_update_dttm`, `last_update_user`, `version`, `mx_edge`, `mx_pageid`, `mx_parent`, `mx_source`, `mx_style`, `mx_target`, `mx_value`, `mx_vertex`, `fk_mx_graph_id`) VALUES ('ff808181725b20fa01725b22089900f9', '2020-05-26 00:00:09', 'admin', b'1', '2020-05-26 00:00:09', 'admin', 0, '1', '8', '1', '6', 'edgeStyle=orthogonalEdgeStyle;rounded=0;orthogonalLoop=1;jettySize=auto;html=1;', '7', NULL, NULL, 'ff808181725b20fa01725b22089500f2');
INSERT INTO `mx_cell`(`id`, `crt_dttm`, `crt_user`, `enable_flag`, `last_update_dttm`, `last_update_user`, `version`, `mx_edge`, `mx_pageid`, `mx_parent`, `mx_source`, `mx_style`, `mx_target`, `mx_value`, `mx_vertex`, `fk_mx_graph_id`) VALUES ('ff808181725b20fa01725b22089900fc', '2020-05-26 00:00:09', 'admin', b'1', '2020-05-26 00:00:09', 'admin', 0, NULL, '10', '1', NULL, 'text;html=1;strokeColor=none;fillColor=none;align=center;verticalAlign=middle;whiteSpace=wrap;rounded=0;labelBackgroundColor=#ffffff00;', NULL, '采集期刊、论文数据', '1', 'ff808181725b20fa01725b22089900fb');
INSERT INTO `mx_cell`(`id`, `crt_dttm`, `crt_user`, `enable_flag`, `last_update_dttm`, `last_update_user`, `version`, `mx_edge`, `mx_pageid`, `mx_parent`, `mx_source`, `mx_style`, `mx_target`, `mx_value`, `mx_vertex`, `fk_mx_graph_id`) VALUES ('ff808181725b20fa01725b22089a00fe', '2020-05-26 00:00:09', 'admin', b'1', '2020-05-26 00:00:09', 'admin', 0, NULL, '11', '1', NULL, 'text;html=1;strokeColor=none;fillColor=none;align=center;verticalAlign=middle;whiteSpace=wrap;rounded=0;labelBackgroundColor=#ffffff00;', NULL, '采集人员信息', '1', 'ff808181725b20fa01725b22089900fb');
INSERT INTO `mx_cell`(`id`, `crt_dttm`, `crt_user`, `enable_flag`, `last_update_dttm`, `last_update_user`, `version`, `mx_edge`, `mx_pageid`, `mx_parent`, `mx_source`, `mx_style`, `mx_target`, `mx_value`, `mx_vertex`, `fk_mx_graph_id`) VALUES ('ff808181725b20fa01725b22089a0100', '2020-05-26 00:00:09', 'admin', b'1', '2020-05-26 00:00:09', 'admin', 0, NULL, '4', '1', NULL, 'image;html=1;labelBackgroundColor=#ffffff00;image=/piflow-web/img/flow.png', NULL, 'flow_backup', '1', 'ff808181725b20fa01725b22089900fb');
INSERT INTO `mx_cell`(`id`, `crt_dttm`, `crt_user`, `enable_flag`, `last_update_dttm`, `last_update_user`, `version`, `mx_edge`, `mx_pageid`, `mx_parent`, `mx_source`, `mx_style`, `mx_target`, `mx_value`, `mx_vertex`, `fk_mx_graph_id`) VALUES ('ff808181725b20fa01725b22089a0102', '2020-05-26 00:00:09', 'admin', b'1', '2020-05-26 00:00:09', 'admin', 0, NULL, '5', '1', NULL, 'image;html=1;labelBackgroundColor=#ffffff00;image=/piflow-web/img/flow.png', NULL, 'f2', '1', 'ff808181725b20fa01725b22089900fb');
INSERT INTO `mx_cell`(`id`, `crt_dttm`, `crt_user`, `enable_flag`, `last_update_dttm`, `last_update_user`, `version`, `mx_edge`, `mx_pageid`, `mx_parent`, `mx_source`, `mx_style`, `mx_target`, `mx_value`, `mx_vertex`, `fk_mx_graph_id`) VALUES ('ff808181725b20fa01725b22089a0104', '2020-05-26 00:00:09', 'admin', b'1', '2020-05-26 00:00:09', 'admin', 0, '1', '6', '1', '4', 'edgeStyle=entityRelationEdgeStyle;rounded=0;orthogonalLoop=1;jettySize=auto;html=1;', '5', NULL, NULL, 'ff808181725b20fa01725b22089900fb');
INSERT INTO `mx_cell`(`id`, `crt_dttm`, `crt_user`, `enable_flag`, `last_update_dttm`, `last_update_user`, `version`, `mx_edge`, `mx_pageid`, `mx_parent`, `mx_source`, `mx_style`, `mx_target`, `mx_value`, `mx_vertex`, `fk_mx_graph_id`) VALUES ('ff808181725b20fa01725b22089a0106', '2020-05-26 00:00:09', 'admin', b'1', '2020-05-26 00:00:09', 'admin', 0, NULL, '7', '1', NULL, 'image;html=1;labelBackgroundColor=#ffffff00;image=/piflow-web/img/group.png', NULL, 'innerGroup', '1', 'ff808181725b20fa01725b22089900fb');
INSERT INTO `mx_cell`(`id`, `crt_dttm`, `crt_user`, `enable_flag`, `last_update_dttm`, `last_update_user`, `version`, `mx_edge`, `mx_pageid`, `mx_parent`, `mx_source`, `mx_style`, `mx_target`, `mx_value`, `mx_vertex`, `fk_mx_graph_id`) VALUES ('ff808181725b20fa01725b22089a0108', '2020-05-26 00:00:09', 'admin', b'1', '2020-05-26 00:00:09', 'admin', 0, '1', '8', '1', '4', 'edgeStyle=entityRelationEdgeStyle;rounded=0;orthogonalLoop=1;jettySize=auto;html=1;', '7', NULL, NULL, 'ff808181725b20fa01725b22089900fb');
INSERT INTO `mx_cell`(`id`, `crt_dttm`, `crt_user`, `enable_flag`, `last_update_dttm`, `last_update_user`, `version`, `mx_edge`, `mx_pageid`, `mx_parent`, `mx_source`, `mx_style`, `mx_target`, `mx_value`, `mx_vertex`, `fk_mx_graph_id`) VALUES ('ff808181725b20fa01725b22089a010a', '2020-05-26 00:00:09', 'admin', b'1', '2020-05-26 00:00:09', 'admin', 0, NULL, '9', '1', NULL, 'text;html=1;strokeColor=none;fillColor=none;align=center;verticalAlign=middle;whiteSpace=wrap;rounded=0;labelBackgroundColor=#ffffff00;', NULL, '备份表', '1', 'ff808181725b20fa01725b22089900fb');
INSERT INTO `mx_cell`(`id`, `crt_dttm`, `crt_user`, `enable_flag`, `last_update_dttm`, `last_update_user`, `version`, `mx_edge`, `mx_pageid`, `mx_parent`, `mx_source`, `mx_style`, `mx_target`, `mx_value`, `mx_vertex`, `fk_mx_graph_id`) VALUES ('ff808181725b20fa01725b22089a010c', '2020-05-26 00:00:09', 'admin', b'1', '2020-05-26 00:00:09', 'admin', 0, NULL, '0', NULL, NULL, NULL, NULL, NULL, NULL, 'ff808181725b20fa01725b22089900fb');
INSERT INTO `mx_cell`(`id`, `crt_dttm`, `crt_user`, `enable_flag`, `last_update_dttm`, `last_update_user`, `version`, `mx_edge`, `mx_pageid`, `mx_parent`, `mx_source`, `mx_style`, `mx_target`, `mx_value`, `mx_vertex`, `fk_mx_graph_id`) VALUES ('ff808181725b20fa01725b22089a010d', '2020-05-26 00:00:09', 'admin', b'1', '2020-05-26 00:00:09', 'admin', 0, NULL, '1', '0', NULL, NULL, NULL, NULL, NULL, 'ff808181725b20fa01725b22089900fb');
INSERT INTO `mx_cell`(`id`, `crt_dttm`, `crt_user`, `enable_flag`, `last_update_dttm`, `last_update_user`, `version`, `mx_edge`, `mx_pageid`, `mx_parent`, `mx_source`, `mx_style`, `mx_target`, `mx_value`, `mx_vertex`, `fk_mx_graph_id`) VALUES ('ff808181725b20fa01725b2208a0011b', '2020-05-26 00:00:09', 'admin', b'1', '2020-05-26 00:00:09', 'admin', 0, NULL, '0', NULL, NULL, NULL, NULL, NULL, NULL, 'ff808181725b20fa01725b2208a0011a');
INSERT INTO `mx_cell`(`id`, `crt_dttm`, `crt_user`, `enable_flag`, `last_update_dttm`, `last_update_user`, `version`, `mx_edge`, `mx_pageid`, `mx_parent`, `mx_source`, `mx_style`, `mx_target`, `mx_value`, `mx_vertex`, `fk_mx_graph_id`) VALUES ('ff808181725b20fa01725b2208a0011c', '2020-05-26 00:00:09', 'admin', b'1', '2020-05-26 00:00:09', 'admin', 0, NULL, '1', '0', NULL, NULL, NULL, NULL, NULL, 'ff808181725b20fa01725b2208a0011a');
INSERT INTO `mx_cell`(`id`, `crt_dttm`, `crt_user`, `enable_flag`, `last_update_dttm`, `last_update_user`, `version`, `mx_edge`, `mx_pageid`, `mx_parent`, `mx_source`, `mx_style`, `mx_target`, `mx_value`, `mx_vertex`, `fk_mx_graph_id`) VALUES ('ff808181725b20fa01725b2208a0011f', '2020-05-26 00:00:09', 'admin', b'1', '2020-05-26 00:00:09', 'admin', 0, NULL, '0', NULL, NULL, NULL, NULL, NULL, NULL, 'ff808181725b20fa01725b2208a0011e');
INSERT INTO `mx_cell`(`id`, `crt_dttm`, `crt_user`, `enable_flag`, `last_update_dttm`, `last_update_user`, `version`, `mx_edge`, `mx_pageid`, `mx_parent`, `mx_source`, `mx_style`, `mx_target`, `mx_value`, `mx_vertex`, `fk_mx_graph_id`) VALUES ('ff808181725b20fa01725b2208a00120', '2020-05-26 00:00:09', 'admin', b'1', '2020-05-26 00:00:09', 'admin', 0, NULL, '1', '0', NULL, NULL, NULL, NULL, NULL, 'ff808181725b20fa01725b2208a0011e');
INSERT INTO `mx_cell`(`id`, `crt_dttm`, `crt_user`, `enable_flag`, `last_update_dttm`, `last_update_user`, `version`, `mx_edge`, `mx_pageid`, `mx_parent`, `mx_source`, `mx_style`, `mx_target`, `mx_value`, `mx_vertex`, `fk_mx_graph_id`) VALUES ('ff808181725b20fa01725b2208a00123', '2020-05-26 00:00:09', 'admin', b'1', '2020-05-26 00:00:09', 'admin', 0, NULL, '0', NULL, NULL, NULL, NULL, NULL, NULL, 'ff808181725b20fa01725b2208a00122');
INSERT INTO `mx_cell`(`id`, `crt_dttm`, `crt_user`, `enable_flag`, `last_update_dttm`, `last_update_user`, `version`, `mx_edge`, `mx_pageid`, `mx_parent`, `mx_source`, `mx_style`, `mx_target`, `mx_value`, `mx_vertex`, `fk_mx_graph_id`) VALUES ('ff808181725b20fa01725b2208a00124', '2020-05-26 00:00:09', 'admin', b'1', '2020-05-26 00:00:09', 'admin', 0, NULL, '1', '0', NULL, NULL, NULL, NULL, NULL, 'ff808181725b20fa01725b2208a00122');
INSERT INTO `mx_cell`(`id`, `crt_dttm`, `crt_user`, `enable_flag`, `last_update_dttm`, `last_update_user`, `version`, `mx_edge`, `mx_pageid`, `mx_parent`, `mx_source`, `mx_style`, `mx_target`, `mx_value`, `mx_vertex`, `fk_mx_graph_id`) VALUES ('ff808181725b20fa01725b2208a20140', '2020-05-26 00:00:09', 'admin', b'1', '2020-05-26 00:00:09', 'admin', 0, NULL, '0', NULL, NULL, NULL, NULL, NULL, NULL, 'ff808181725b20fa01725b2208a2013f');
INSERT INTO `mx_cell`(`id`, `crt_dttm`, `crt_user`, `enable_flag`, `last_update_dttm`, `last_update_user`, `version`, `mx_edge`, `mx_pageid`, `mx_parent`, `mx_source`, `mx_style`, `mx_target`, `mx_value`, `mx_vertex`, `fk_mx_graph_id`) VALUES ('ff808181725b20fa01725b2208a20141', '2020-05-26 00:00:09', 'admin', b'1', '2020-05-26 00:00:09', 'admin', 0, NULL, '1', '0', NULL, NULL, NULL, NULL, NULL, 'ff808181725b20fa01725b2208a2013f');
INSERT INTO `mx_cell`(`id`, `crt_dttm`, `crt_user`, `enable_flag`, `last_update_dttm`, `last_update_user`, `version`, `mx_edge`, `mx_pageid`, `mx_parent`, `mx_source`, `mx_style`, `mx_target`, `mx_value`, `mx_vertex`, `fk_mx_graph_id`) VALUES ('ff808181725b20fa01725b2208a20142', '2020-05-26 00:00:09', 'admin', b'1', '2020-05-26 00:00:09', 'admin', 0, '1', '43', '1', '20', 'edgeStyle=orthogonalEdgeStyle;rounded=0;orthogonalLoop=1;jettySize=auto;html=1;', '22', NULL, NULL, 'ff808181725b20fa01725b2208a2013f');
INSERT INTO `mx_cell`(`id`, `crt_dttm`, `crt_user`, `enable_flag`, `last_update_dttm`, `last_update_user`, `version`, `mx_edge`, `mx_pageid`, `mx_parent`, `mx_source`, `mx_style`, `mx_target`, `mx_value`, `mx_vertex`, `fk_mx_graph_id`) VALUES ('ff808181725b20fa01725b2208a20144', '2020-05-26 00:00:09', 'admin', b'1', '2020-05-26 00:00:09', 'admin', 0, NULL, '11', '1', NULL, 'image;html=1;labelBackgroundColor=#ffffff00;image=/piflow-web/images/MockData_128x128.png', NULL, 'MockData7', '1', 'ff808181725b20fa01725b2208a2013f');
INSERT INTO `mx_cell`(`id`, `crt_dttm`, `crt_user`, `enable_flag`, `last_update_dttm`, `last_update_user`, `version`, `mx_edge`, `mx_pageid`, `mx_parent`, `mx_source`, `mx_style`, `mx_target`, `mx_value`, `mx_vertex`, `fk_mx_graph_id`) VALUES ('ff808181725b20fa01725b2208a20146', '2020-05-26 00:00:09', 'admin', b'1', '2020-05-26 00:00:09', 'admin', 0, NULL, '22', '1', NULL, 'image;html=1;labelBackgroundColor=#ffffff00;image=/piflow-web/images/SelectField_128x128.png', NULL, 'SelectField18', '1', 'ff808181725b20fa01725b2208a2013f');
INSERT INTO `mx_cell`(`id`, `crt_dttm`, `crt_user`, `enable_flag`, `last_update_dttm`, `last_update_user`, `version`, `mx_edge`, `mx_pageid`, `mx_parent`, `mx_source`, `mx_style`, `mx_target`, `mx_value`, `mx_vertex`, `fk_mx_graph_id`) VALUES ('ff808181725b20fa01725b2208a20148', '2020-05-26 00:00:09', 'admin', b'1', '2020-05-26 00:00:09', 'admin', 0, NULL, '6', '1', NULL, 'image;html=1;labelBackgroundColor=#ffffff00;image=/piflow-web/images/MockData_128x128.png', NULL, 'MockData', '1', 'ff808181725b20fa01725b2208a2013f');
INSERT INTO `mx_cell`(`id`, `crt_dttm`, `crt_user`, `enable_flag`, `last_update_dttm`, `last_update_user`, `version`, `mx_edge`, `mx_pageid`, `mx_parent`, `mx_source`, `mx_style`, `mx_target`, `mx_value`, `mx_vertex`, `fk_mx_graph_id`) VALUES ('ff808181725b20fa01725b2208a2014a', '2020-05-26 00:00:09', 'admin', b'1', '2020-05-26 00:00:09', 'admin', 0, NULL, '28', '1', NULL, 'text;html=1;align=center;verticalAlign=middle;resizable=0;points=[];autosize=1;', NULL, '选择数据：<span style=\"font-size: 13.3333px\">title, author, age</span>', '1', 'ff808181725b20fa01725b2208a2013f');
INSERT INTO `mx_cell`(`id`, `crt_dttm`, `crt_user`, `enable_flag`, `last_update_dttm`, `last_update_user`, `version`, `mx_edge`, `mx_pageid`, `mx_parent`, `mx_source`, `mx_style`, `mx_target`, `mx_value`, `mx_vertex`, `fk_mx_graph_id`) VALUES ('ff808181725b20fa01725b2208a7014c', '2020-05-26 00:00:09', 'admin', b'1', '2020-05-26 00:00:09', 'admin', 0, NULL, '15', '1', NULL, 'image;html=1;labelBackgroundColor=#ffffff00;image=/piflow-web/images/SelectField_128x128.png', NULL, 'SelectField', '1', 'ff808181725b20fa01725b2208a2013f');
INSERT INTO `mx_cell`(`id`, `crt_dttm`, `crt_user`, `enable_flag`, `last_update_dttm`, `last_update_user`, `version`, `mx_edge`, `mx_pageid`, `mx_parent`, `mx_source`, `mx_style`, `mx_target`, `mx_value`, `mx_vertex`, `fk_mx_graph_id`) VALUES ('ff808181725b20fa01725b2208a7014e', '2020-05-26 00:00:09', 'admin', b'1', '2020-05-26 00:00:09', 'admin', 0, '1', '40', '1', '6', 'edgeStyle=orthogonalEdgeStyle;rounded=0;orthogonalLoop=1;jettySize=auto;html=1;', '17', NULL, NULL, 'ff808181725b20fa01725b2208a2013f');
INSERT INTO `mx_cell`(`id`, `crt_dttm`, `crt_user`, `enable_flag`, `last_update_dttm`, `last_update_user`, `version`, `mx_edge`, `mx_pageid`, `mx_parent`, `mx_source`, `mx_style`, `mx_target`, `mx_value`, `mx_vertex`, `fk_mx_graph_id`) VALUES ('ff808181725b20fa01725b2208a70150', '2020-05-26 00:00:09', 'admin', b'1', '2020-05-26 00:00:09', 'admin', 0, '1', '39', '1', '11', 'edgeStyle=orthogonalEdgeStyle;rounded=0;orthogonalLoop=1;jettySize=auto;html=1;', '15', NULL, NULL, 'ff808181725b20fa01725b2208a2013f');
INSERT INTO `mx_cell`(`id`, `crt_dttm`, `crt_user`, `enable_flag`, `last_update_dttm`, `last_update_user`, `version`, `mx_edge`, `mx_pageid`, `mx_parent`, `mx_source`, `mx_style`, `mx_target`, `mx_value`, `mx_vertex`, `fk_mx_graph_id`) VALUES ('ff808181725b20fa01725b2208a80152', '2020-05-26 00:00:09', 'admin', b'1', '2020-05-26 00:00:09', 'admin', 0, '1', '42', '1', '17', 'edgeStyle=orthogonalEdgeStyle;rounded=0;orthogonalLoop=1;jettySize=auto;html=1;', '20', NULL, NULL, 'ff808181725b20fa01725b2208a2013f');
INSERT INTO `mx_cell`(`id`, `crt_dttm`, `crt_user`, `enable_flag`, `last_update_dttm`, `last_update_user`, `version`, `mx_edge`, `mx_pageid`, `mx_parent`, `mx_source`, `mx_style`, `mx_target`, `mx_value`, `mx_vertex`, `fk_mx_graph_id`) VALUES ('ff808181725b20fa01725b2208a80154', '2020-05-26 00:00:09', 'admin', b'1', '2020-05-26 00:00:09', 'admin', 0, '1', '41', '1', '15', 'edgeStyle=orthogonalEdgeStyle;rounded=0;orthogonalLoop=1;jettySize=auto;html=1;entryX=0.5;entryY=0;entryDx=0;entryDy=0;', '17', NULL, NULL, 'ff808181725b20fa01725b2208a2013f');
INSERT INTO `mx_cell`(`id`, `crt_dttm`, `crt_user`, `enable_flag`, `last_update_dttm`, `last_update_user`, `version`, `mx_edge`, `mx_pageid`, `mx_parent`, `mx_source`, `mx_style`, `mx_target`, `mx_value`, `mx_vertex`, `fk_mx_graph_id`) VALUES ('ff808181725b20fa01725b2208a80156', '2020-05-26 00:00:09', 'admin', b'1', '2020-05-26 00:00:09', 'admin', 0, NULL, '30', '1', NULL, 'text;html=1;align=center;verticalAlign=middle;resizable=0;points=[];autosize=1;', NULL, '分流', '1', 'ff808181725b20fa01725b2208a2013f');
INSERT INTO `mx_cell`(`id`, `crt_dttm`, `crt_user`, `enable_flag`, `last_update_dttm`, `last_update_user`, `version`, `mx_edge`, `mx_pageid`, `mx_parent`, `mx_source`, `mx_style`, `mx_target`, `mx_value`, `mx_vertex`, `fk_mx_graph_id`) VALUES ('ff808181725b20fa01725b2208a80158', '2020-05-26 00:00:09', 'admin', b'1', '2020-05-26 00:00:09', 'admin', 0, NULL, '14', '1', NULL, 'text;html=1;align=center;verticalAlign=middle;resizable=0;points=[];autosize=1;', NULL, '模拟生成数据：title, author, age, gender', '1', 'ff808181725b20fa01725b2208a2013f');
INSERT INTO `mx_cell`(`id`, `crt_dttm`, `crt_user`, `enable_flag`, `last_update_dttm`, `last_update_user`, `version`, `mx_edge`, `mx_pageid`, `mx_parent`, `mx_source`, `mx_style`, `mx_target`, `mx_value`, `mx_vertex`, `fk_mx_graph_id`) VALUES ('ff808181725b20fa01725b2208a8015a', '2020-05-26 00:00:09', 'admin', b'1', '2020-05-26 00:00:09', 'admin', 0, '1', '44', '1', '20', 'edgeStyle=orthogonalEdgeStyle;rounded=0;orthogonalLoop=1;jettySize=auto;html=1;', '26', NULL, NULL, 'ff808181725b20fa01725b2208a2013f');
INSERT INTO `mx_cell`(`id`, `crt_dttm`, `crt_user`, `enable_flag`, `last_update_dttm`, `last_update_user`, `version`, `mx_edge`, `mx_pageid`, `mx_parent`, `mx_source`, `mx_style`, `mx_target`, `mx_value`, `mx_vertex`, `fk_mx_graph_id`) VALUES ('ff808181725b20fa01725b2208a8015c', '2020-05-26 00:00:09', 'admin', b'1', '2020-05-26 00:00:09', 'admin', 0, NULL, '20', '1', NULL, 'image;html=1;labelBackgroundColor=#ffffff00;image=/piflow-web/images/Fork_128x128.png', NULL, 'Fork', '1', 'ff808181725b20fa01725b2208a2013f');
INSERT INTO `mx_cell`(`id`, `crt_dttm`, `crt_user`, `enable_flag`, `last_update_dttm`, `last_update_user`, `version`, `mx_edge`, `mx_pageid`, `mx_parent`, `mx_source`, `mx_style`, `mx_target`, `mx_value`, `mx_vertex`, `fk_mx_graph_id`) VALUES ('ff808181725b20fa01725b2208a8015e', '2020-05-26 00:00:09', 'admin', b'1', '2020-05-26 00:00:09', 'admin', 0, NULL, '9', '1', NULL, 'text;html=1;align=center;verticalAlign=middle;resizable=0;points=[];autosize=1;', NULL, '模拟测试数据：<span style=\"font-size: 13.3333px\">title, author, age</span>', '1', 'ff808181725b20fa01725b2208a2013f');
INSERT INTO `mx_cell`(`id`, `crt_dttm`, `crt_user`, `enable_flag`, `last_update_dttm`, `last_update_user`, `version`, `mx_edge`, `mx_pageid`, `mx_parent`, `mx_source`, `mx_style`, `mx_target`, `mx_value`, `mx_vertex`, `fk_mx_graph_id`) VALUES ('ff808181725b20fa01725b2208a80160', '2020-05-26 00:00:09', 'admin', b'1', '2020-05-26 00:00:09', 'admin', 0, '1', '45', '1', '20', 'edgeStyle=orthogonalEdgeStyle;rounded=0;orthogonalLoop=1;jettySize=auto;html=1;', '24', NULL, NULL, 'ff808181725b20fa01725b2208a2013f');
INSERT INTO `mx_cell`(`id`, `crt_dttm`, `crt_user`, `enable_flag`, `last_update_dttm`, `last_update_user`, `version`, `mx_edge`, `mx_pageid`, `mx_parent`, `mx_source`, `mx_style`, `mx_target`, `mx_value`, `mx_vertex`, `fk_mx_graph_id`) VALUES ('ff808181725b20fa01725b2208a80162', '2020-05-26 00:00:09', 'admin', b'1', '2020-05-26 00:00:09', 'admin', 0, NULL, '26', '1', NULL, 'image;html=1;labelBackgroundColor=#ffffff00;image=/piflow-web/images/SelectField_128x128.png', NULL, 'SelectField22', '1', 'ff808181725b20fa01725b2208a2013f');
INSERT INTO `mx_cell`(`id`, `crt_dttm`, `crt_user`, `enable_flag`, `last_update_dttm`, `last_update_user`, `version`, `mx_edge`, `mx_pageid`, `mx_parent`, `mx_source`, `mx_style`, `mx_target`, `mx_value`, `mx_vertex`, `fk_mx_graph_id`) VALUES ('ff808181725b20fa01725b2208a80164', '2020-05-26 00:00:09', 'admin', b'1', '2020-05-26 00:00:09', 'admin', 0, NULL, '24', '1', NULL, 'image;html=1;labelBackgroundColor=#ffffff00;image=/piflow-web/images/SelectField_128x128.png', NULL, 'SelectField20', '1', 'ff808181725b20fa01725b2208a2013f');
INSERT INTO `mx_cell`(`id`, `crt_dttm`, `crt_user`, `enable_flag`, `last_update_dttm`, `last_update_user`, `version`, `mx_edge`, `mx_pageid`, `mx_parent`, `mx_source`, `mx_style`, `mx_target`, `mx_value`, `mx_vertex`, `fk_mx_graph_id`) VALUES ('ff808181725b20fa01725b2208a80166', '2020-05-26 00:00:09', 'admin', b'1', '2020-05-26 00:00:09', 'admin', 0, NULL, '29', '1', NULL, 'text;html=1;align=center;verticalAlign=middle;resizable=0;points=[];autosize=1;', NULL, '合流', '1', 'ff808181725b20fa01725b2208a2013f');
INSERT INTO `mx_cell`(`id`, `crt_dttm`, `crt_user`, `enable_flag`, `last_update_dttm`, `last_update_user`, `version`, `mx_edge`, `mx_pageid`, `mx_parent`, `mx_source`, `mx_style`, `mx_target`, `mx_value`, `mx_vertex`, `fk_mx_graph_id`) VALUES ('ff808181725b20fa01725b2208a90168', '2020-05-26 00:00:09', 'admin', b'1', '2020-05-26 00:00:09', 'admin', 0, NULL, '17', '1', NULL, 'image;html=1;labelBackgroundColor=#ffffff00;image=/piflow-web/images/Merge_128x128.png', NULL, 'Merge', '1', 'ff808181725b20fa01725b2208a2013f');
INSERT INTO `mx_cell`(`id`, `crt_dttm`, `crt_user`, `enable_flag`, `last_update_dttm`, `last_update_user`, `version`, `mx_edge`, `mx_pageid`, `mx_parent`, `mx_source`, `mx_style`, `mx_target`, `mx_value`, `mx_vertex`, `fk_mx_graph_id`) VALUES ('ff808181725b20fa01725b2208af0185', '2020-05-26 00:00:09', 'admin', b'1', '2020-05-26 00:00:09', 'admin', 0, NULL, '0', NULL, NULL, NULL, NULL, NULL, NULL, 'ff808181725b20fa01725b2208af0184');
INSERT INTO `mx_cell`(`id`, `crt_dttm`, `crt_user`, `enable_flag`, `last_update_dttm`, `last_update_user`, `version`, `mx_edge`, `mx_pageid`, `mx_parent`, `mx_source`, `mx_style`, `mx_target`, `mx_value`, `mx_vertex`, `fk_mx_graph_id`) VALUES ('ff808181725b20fa01725b2208af0186', '2020-05-26 00:00:09', 'admin', b'1', '2020-05-26 00:00:09', 'admin', 0, NULL, '1', '0', NULL, NULL, NULL, NULL, NULL, 'ff808181725b20fa01725b2208af0184');
INSERT INTO `mx_cell`(`id`, `crt_dttm`, `crt_user`, `enable_flag`, `last_update_dttm`, `last_update_user`, `version`, `mx_edge`, `mx_pageid`, `mx_parent`, `mx_source`, `mx_style`, `mx_target`, `mx_value`, `mx_vertex`, `fk_mx_graph_id`) VALUES ('ff808181725b20fa01725b2208af0187', '2020-05-26 00:00:09', 'admin', b'1', '2020-05-26 00:00:09', 'admin', 0, '1', '43', '1', '20', 'edgeStyle=orthogonalEdgeStyle;rounded=0;orthogonalLoop=1;jettySize=auto;html=1;', '22', NULL, NULL, 'ff808181725b20fa01725b2208af0184');
INSERT INTO `mx_cell`(`id`, `crt_dttm`, `crt_user`, `enable_flag`, `last_update_dttm`, `last_update_user`, `version`, `mx_edge`, `mx_pageid`, `mx_parent`, `mx_source`, `mx_style`, `mx_target`, `mx_value`, `mx_vertex`, `fk_mx_graph_id`) VALUES ('ff808181725b20fa01725b2208af0189', '2020-05-26 00:00:09', 'admin', b'1', '2020-05-26 00:00:09', 'admin', 0, NULL, '11', '1', NULL, 'image;html=1;labelBackgroundColor=#ffffff00;image=/piflow-web/images/MockData_128x128.png', NULL, 'MockData7', '1', 'ff808181725b20fa01725b2208af0184');
INSERT INTO `mx_cell`(`id`, `crt_dttm`, `crt_user`, `enable_flag`, `last_update_dttm`, `last_update_user`, `version`, `mx_edge`, `mx_pageid`, `mx_parent`, `mx_source`, `mx_style`, `mx_target`, `mx_value`, `mx_vertex`, `fk_mx_graph_id`) VALUES ('ff808181725b20fa01725b2208af018b', '2020-05-26 00:00:09', 'admin', b'1', '2020-05-26 00:00:09', 'admin', 0, NULL, '22', '1', NULL, 'image;html=1;labelBackgroundColor=#ffffff00;image=/piflow-web/images/SelectField_128x128.png', NULL, 'SelectField18', '1', 'ff808181725b20fa01725b2208af0184');
INSERT INTO `mx_cell`(`id`, `crt_dttm`, `crt_user`, `enable_flag`, `last_update_dttm`, `last_update_user`, `version`, `mx_edge`, `mx_pageid`, `mx_parent`, `mx_source`, `mx_style`, `mx_target`, `mx_value`, `mx_vertex`, `fk_mx_graph_id`) VALUES ('ff808181725b20fa01725b2208af018d', '2020-05-26 00:00:09', 'admin', b'1', '2020-05-26 00:00:09', 'admin', 0, NULL, '6', '1', NULL, 'image;html=1;labelBackgroundColor=#ffffff00;image=/piflow-web/images/MockData_128x128.png', NULL, 'MockData', '1', 'ff808181725b20fa01725b2208af0184');
INSERT INTO `mx_cell`(`id`, `crt_dttm`, `crt_user`, `enable_flag`, `last_update_dttm`, `last_update_user`, `version`, `mx_edge`, `mx_pageid`, `mx_parent`, `mx_source`, `mx_style`, `mx_target`, `mx_value`, `mx_vertex`, `fk_mx_graph_id`) VALUES ('ff808181725b20fa01725b2208af018f', '2020-05-26 00:00:09', 'admin', b'1', '2020-05-26 00:00:09', 'admin', 0, NULL, '28', '1', NULL, 'text;html=1;align=center;verticalAlign=middle;resizable=0;points=[];autosize=1;', NULL, '选择数据：<span style=\"font-size: 13.3333px\">title, author, age</span>', '1', 'ff808181725b20fa01725b2208af0184');
INSERT INTO `mx_cell`(`id`, `crt_dttm`, `crt_user`, `enable_flag`, `last_update_dttm`, `last_update_user`, `version`, `mx_edge`, `mx_pageid`, `mx_parent`, `mx_source`, `mx_style`, `mx_target`, `mx_value`, `mx_vertex`, `fk_mx_graph_id`) VALUES ('ff808181725b20fa01725b2208af0191', '2020-05-26 00:00:09', 'admin', b'1', '2020-05-26 00:00:09', 'admin', 0, NULL, '15', '1', NULL, 'image;html=1;labelBackgroundColor=#ffffff00;image=/piflow-web/images/SelectField_128x128.png', NULL, 'SelectField', '1', 'ff808181725b20fa01725b2208af0184');
INSERT INTO `mx_cell`(`id`, `crt_dttm`, `crt_user`, `enable_flag`, `last_update_dttm`, `last_update_user`, `version`, `mx_edge`, `mx_pageid`, `mx_parent`, `mx_source`, `mx_style`, `mx_target`, `mx_value`, `mx_vertex`, `fk_mx_graph_id`) VALUES ('ff808181725b20fa01725b2208af0193', '2020-05-26 00:00:09', 'admin', b'1', '2020-05-26 00:00:09', 'admin', 0, '1', '40', '1', '6', 'edgeStyle=orthogonalEdgeStyle;rounded=0;orthogonalLoop=1;jettySize=auto;html=1;', '17', NULL, NULL, 'ff808181725b20fa01725b2208af0184');
INSERT INTO `mx_cell`(`id`, `crt_dttm`, `crt_user`, `enable_flag`, `last_update_dttm`, `last_update_user`, `version`, `mx_edge`, `mx_pageid`, `mx_parent`, `mx_source`, `mx_style`, `mx_target`, `mx_value`, `mx_vertex`, `fk_mx_graph_id`) VALUES ('ff808181725b20fa01725b2208af0195', '2020-05-26 00:00:09', 'admin', b'1', '2020-05-26 00:00:09', 'admin', 0, '1', '39', '1', '11', 'edgeStyle=orthogonalEdgeStyle;rounded=0;orthogonalLoop=1;jettySize=auto;html=1;', '15', NULL, NULL, 'ff808181725b20fa01725b2208af0184');
INSERT INTO `mx_cell`(`id`, `crt_dttm`, `crt_user`, `enable_flag`, `last_update_dttm`, `last_update_user`, `version`, `mx_edge`, `mx_pageid`, `mx_parent`, `mx_source`, `mx_style`, `mx_target`, `mx_value`, `mx_vertex`, `fk_mx_graph_id`) VALUES ('ff808181725b20fa01725b2208af0197', '2020-05-26 00:00:09', 'admin', b'1', '2020-05-26 00:00:09', 'admin', 0, '1', '42', '1', '17', 'edgeStyle=orthogonalEdgeStyle;rounded=0;orthogonalLoop=1;jettySize=auto;html=1;', '20', NULL, NULL, 'ff808181725b20fa01725b2208af0184');
INSERT INTO `mx_cell`(`id`, `crt_dttm`, `crt_user`, `enable_flag`, `last_update_dttm`, `last_update_user`, `version`, `mx_edge`, `mx_pageid`, `mx_parent`, `mx_source`, `mx_style`, `mx_target`, `mx_value`, `mx_vertex`, `fk_mx_graph_id`) VALUES ('ff808181725b20fa01725b2208af0199', '2020-05-26 00:00:09', 'admin', b'1', '2020-05-26 00:00:09', 'admin', 0, '1', '41', '1', '15', 'edgeStyle=orthogonalEdgeStyle;rounded=0;orthogonalLoop=1;jettySize=auto;html=1;entryX=0.5;entryY=0;entryDx=0;entryDy=0;', '17', NULL, NULL, 'ff808181725b20fa01725b2208af0184');
INSERT INTO `mx_cell`(`id`, `crt_dttm`, `crt_user`, `enable_flag`, `last_update_dttm`, `last_update_user`, `version`, `mx_edge`, `mx_pageid`, `mx_parent`, `mx_source`, `mx_style`, `mx_target`, `mx_value`, `mx_vertex`, `fk_mx_graph_id`) VALUES ('ff808181725b20fa01725b2208af019b', '2020-05-26 00:00:09', 'admin', b'1', '2020-05-26 00:00:09', 'admin', 0, NULL, '30', '1', NULL, 'text;html=1;align=center;verticalAlign=middle;resizable=0;points=[];autosize=1;', NULL, '分流', '1', 'ff808181725b20fa01725b2208af0184');
INSERT INTO `mx_cell`(`id`, `crt_dttm`, `crt_user`, `enable_flag`, `last_update_dttm`, `last_update_user`, `version`, `mx_edge`, `mx_pageid`, `mx_parent`, `mx_source`, `mx_style`, `mx_target`, `mx_value`, `mx_vertex`, `fk_mx_graph_id`) VALUES ('ff808181725b20fa01725b2208af019d', '2020-05-26 00:00:09', 'admin', b'1', '2020-05-26 00:00:09', 'admin', 0, NULL, '14', '1', NULL, 'text;html=1;align=center;verticalAlign=middle;resizable=0;points=[];autosize=1;', NULL, '模拟生成数据：title, author, age, gender', '1', 'ff808181725b20fa01725b2208af0184');
INSERT INTO `mx_cell`(`id`, `crt_dttm`, `crt_user`, `enable_flag`, `last_update_dttm`, `last_update_user`, `version`, `mx_edge`, `mx_pageid`, `mx_parent`, `mx_source`, `mx_style`, `mx_target`, `mx_value`, `mx_vertex`, `fk_mx_graph_id`) VALUES ('ff808181725b20fa01725b2208b0019f', '2020-05-26 00:00:09', 'admin', b'1', '2020-05-26 00:00:09', 'admin', 0, '1', '44', '1', '20', 'edgeStyle=orthogonalEdgeStyle;rounded=0;orthogonalLoop=1;jettySize=auto;html=1;', '26', NULL, NULL, 'ff808181725b20fa01725b2208af0184');
INSERT INTO `mx_cell`(`id`, `crt_dttm`, `crt_user`, `enable_flag`, `last_update_dttm`, `last_update_user`, `version`, `mx_edge`, `mx_pageid`, `mx_parent`, `mx_source`, `mx_style`, `mx_target`, `mx_value`, `mx_vertex`, `fk_mx_graph_id`) VALUES ('ff808181725b20fa01725b2208b001a1', '2020-05-26 00:00:09', 'admin', b'1', '2020-05-26 00:00:09', 'admin', 0, NULL, '20', '1', NULL, 'image;html=1;labelBackgroundColor=#ffffff00;image=/piflow-web/images/Fork_128x128.png', NULL, 'Fork', '1', 'ff808181725b20fa01725b2208af0184');
INSERT INTO `mx_cell`(`id`, `crt_dttm`, `crt_user`, `enable_flag`, `last_update_dttm`, `last_update_user`, `version`, `mx_edge`, `mx_pageid`, `mx_parent`, `mx_source`, `mx_style`, `mx_target`, `mx_value`, `mx_vertex`, `fk_mx_graph_id`) VALUES ('ff808181725b20fa01725b2208b001a3', '2020-05-26 00:00:09', 'admin', b'1', '2020-05-26 00:00:09', 'admin', 0, NULL, '9', '1', NULL, 'text;html=1;align=center;verticalAlign=middle;resizable=0;points=[];autosize=1;', NULL, '模拟测试数据：<span style=\"font-size: 13.3333px\">title, author, age</span>', '1', 'ff808181725b20fa01725b2208af0184');
INSERT INTO `mx_cell`(`id`, `crt_dttm`, `crt_user`, `enable_flag`, `last_update_dttm`, `last_update_user`, `version`, `mx_edge`, `mx_pageid`, `mx_parent`, `mx_source`, `mx_style`, `mx_target`, `mx_value`, `mx_vertex`, `fk_mx_graph_id`) VALUES ('ff808181725b20fa01725b2208b001a5', '2020-05-26 00:00:09', 'admin', b'1', '2020-05-26 00:00:09', 'admin', 0, '1', '45', '1', '20', 'edgeStyle=orthogonalEdgeStyle;rounded=0;orthogonalLoop=1;jettySize=auto;html=1;', '24', NULL, NULL, 'ff808181725b20fa01725b2208af0184');
INSERT INTO `mx_cell`(`id`, `crt_dttm`, `crt_user`, `enable_flag`, `last_update_dttm`, `last_update_user`, `version`, `mx_edge`, `mx_pageid`, `mx_parent`, `mx_source`, `mx_style`, `mx_target`, `mx_value`, `mx_vertex`, `fk_mx_graph_id`) VALUES ('ff808181725b20fa01725b2208b001a7', '2020-05-26 00:00:09', 'admin', b'1', '2020-05-26 00:00:09', 'admin', 0, NULL, '26', '1', NULL, 'image;html=1;labelBackgroundColor=#ffffff00;image=/piflow-web/images/SelectField_128x128.png', NULL, 'SelectField22', '1', 'ff808181725b20fa01725b2208af0184');
INSERT INTO `mx_cell`(`id`, `crt_dttm`, `crt_user`, `enable_flag`, `last_update_dttm`, `last_update_user`, `version`, `mx_edge`, `mx_pageid`, `mx_parent`, `mx_source`, `mx_style`, `mx_target`, `mx_value`, `mx_vertex`, `fk_mx_graph_id`) VALUES ('ff808181725b20fa01725b2208b001a9', '2020-05-26 00:00:09', 'admin', b'1', '2020-05-26 00:00:09', 'admin', 0, NULL, '24', '1', NULL, 'image;html=1;labelBackgroundColor=#ffffff00;image=/piflow-web/images/SelectField_128x128.png', NULL, 'SelectField20', '1', 'ff808181725b20fa01725b2208af0184');
INSERT INTO `mx_cell`(`id`, `crt_dttm`, `crt_user`, `enable_flag`, `last_update_dttm`, `last_update_user`, `version`, `mx_edge`, `mx_pageid`, `mx_parent`, `mx_source`, `mx_style`, `mx_target`, `mx_value`, `mx_vertex`, `fk_mx_graph_id`) VALUES ('ff808181725b20fa01725b2208b001ab', '2020-05-26 00:00:09', 'admin', b'1', '2020-05-26 00:00:09', 'admin', 0, NULL, '29', '1', NULL, 'text;html=1;align=center;verticalAlign=middle;resizable=0;points=[];autosize=1;', NULL, '合流', '1', 'ff808181725b20fa01725b2208af0184');
INSERT INTO `mx_cell`(`id`, `crt_dttm`, `crt_user`, `enable_flag`, `last_update_dttm`, `last_update_user`, `version`, `mx_edge`, `mx_pageid`, `mx_parent`, `mx_source`, `mx_style`, `mx_target`, `mx_value`, `mx_vertex`, `fk_mx_graph_id`) VALUES ('ff808181725b20fa01725b2208b001ad', '2020-05-26 00:00:09', 'admin', b'1', '2020-05-26 00:00:09', 'admin', 0, NULL, '17', '1', NULL, 'image;html=1;labelBackgroundColor=#ffffff00;image=/piflow-web/images/Merge_128x128.png', NULL, 'Merge', '1', 'ff808181725b20fa01725b2208af0184');
INSERT INTO `mx_cell`(`id`, `crt_dttm`, `crt_user`, `enable_flag`, `last_update_dttm`, `last_update_user`, `version`, `mx_edge`, `mx_pageid`, `mx_parent`, `mx_source`, `mx_style`, `mx_target`, `mx_value`, `mx_vertex`, `fk_mx_graph_id`) VALUES ('ff808181725b20fa01725b2208b101ca', '2020-05-26 00:00:09', 'admin', b'1', '2020-05-26 00:00:09', 'admin', 0, NULL, '0', NULL, NULL, NULL, NULL, NULL, NULL, 'ff808181725b20fa01725b2208b101c9');
INSERT INTO `mx_cell`(`id`, `crt_dttm`, `crt_user`, `enable_flag`, `last_update_dttm`, `last_update_user`, `version`, `mx_edge`, `mx_pageid`, `mx_parent`, `mx_source`, `mx_style`, `mx_target`, `mx_value`, `mx_vertex`, `fk_mx_graph_id`) VALUES ('ff808181725b20fa01725b2208b101cb', '2020-05-26 00:00:09', 'admin', b'1', '2020-05-26 00:00:09', 'admin', 0, NULL, '1', '0', NULL, NULL, NULL, NULL, NULL, 'ff808181725b20fa01725b2208b101c9');
INSERT INTO `mx_cell`(`id`, `crt_dttm`, `crt_user`, `enable_flag`, `last_update_dttm`, `last_update_user`, `version`, `mx_edge`, `mx_pageid`, `mx_parent`, `mx_source`, `mx_style`, `mx_target`, `mx_value`, `mx_vertex`, `fk_mx_graph_id`) VALUES ('ff808181725b20fa01725b2208b101cc', '2020-05-26 00:00:09', 'admin', b'1', '2020-05-26 00:00:09', 'admin', 0, '1', '43', '1', '20', 'edgeStyle=orthogonalEdgeStyle;rounded=0;orthogonalLoop=1;jettySize=auto;html=1;', '22', NULL, NULL, 'ff808181725b20fa01725b2208b101c9');
INSERT INTO `mx_cell`(`id`, `crt_dttm`, `crt_user`, `enable_flag`, `last_update_dttm`, `last_update_user`, `version`, `mx_edge`, `mx_pageid`, `mx_parent`, `mx_source`, `mx_style`, `mx_target`, `mx_value`, `mx_vertex`, `fk_mx_graph_id`) VALUES ('ff808181725b20fa01725b2208b101ce', '2020-05-26 00:00:09', 'admin', b'1', '2020-05-26 00:00:09', 'admin', 0, NULL, '11', '1', NULL, 'image;html=1;labelBackgroundColor=#ffffff00;image=/piflow-web/images/MockData_128x128.png', NULL, 'MockData7', '1', 'ff808181725b20fa01725b2208b101c9');
INSERT INTO `mx_cell`(`id`, `crt_dttm`, `crt_user`, `enable_flag`, `last_update_dttm`, `last_update_user`, `version`, `mx_edge`, `mx_pageid`, `mx_parent`, `mx_source`, `mx_style`, `mx_target`, `mx_value`, `mx_vertex`, `fk_mx_graph_id`) VALUES ('ff808181725b20fa01725b2208b101d0', '2020-05-26 00:00:09', 'admin', b'1', '2020-05-26 00:00:09', 'admin', 0, NULL, '22', '1', NULL, 'image;html=1;labelBackgroundColor=#ffffff00;image=/piflow-web/images/SelectField_128x128.png', NULL, 'SelectField18', '1', 'ff808181725b20fa01725b2208b101c9');
INSERT INTO `mx_cell`(`id`, `crt_dttm`, `crt_user`, `enable_flag`, `last_update_dttm`, `last_update_user`, `version`, `mx_edge`, `mx_pageid`, `mx_parent`, `mx_source`, `mx_style`, `mx_target`, `mx_value`, `mx_vertex`, `fk_mx_graph_id`) VALUES ('ff808181725b20fa01725b2208b101d2', '2020-05-26 00:00:09', 'admin', b'1', '2020-05-26 00:00:09', 'admin', 0, NULL, '6', '1', NULL, 'image;html=1;labelBackgroundColor=#ffffff00;image=/piflow-web/images/MockData_128x128.png', NULL, 'MockData', '1', 'ff808181725b20fa01725b2208b101c9');
INSERT INTO `mx_cell`(`id`, `crt_dttm`, `crt_user`, `enable_flag`, `last_update_dttm`, `last_update_user`, `version`, `mx_edge`, `mx_pageid`, `mx_parent`, `mx_source`, `mx_style`, `mx_target`, `mx_value`, `mx_vertex`, `fk_mx_graph_id`) VALUES ('ff808181725b20fa01725b2208b501d4', '2020-05-26 00:00:09', 'admin', b'1', '2020-05-26 00:00:09', 'admin', 0, NULL, '28', '1', NULL, 'text;html=1;align=center;verticalAlign=middle;resizable=0;points=[];autosize=1;', NULL, '选择数据：<span style=\"font-size: 13.3333px\">title, author, age</span>', '1', 'ff808181725b20fa01725b2208b101c9');
INSERT INTO `mx_cell`(`id`, `crt_dttm`, `crt_user`, `enable_flag`, `last_update_dttm`, `last_update_user`, `version`, `mx_edge`, `mx_pageid`, `mx_parent`, `mx_source`, `mx_style`, `mx_target`, `mx_value`, `mx_vertex`, `fk_mx_graph_id`) VALUES ('ff808181725b20fa01725b2208b501d6', '2020-05-26 00:00:09', 'admin', b'1', '2020-05-26 00:00:09', 'admin', 0, NULL, '15', '1', NULL, 'image;html=1;labelBackgroundColor=#ffffff00;image=/piflow-web/images/SelectField_128x128.png', NULL, 'SelectField', '1', 'ff808181725b20fa01725b2208b101c9');
INSERT INTO `mx_cell`(`id`, `crt_dttm`, `crt_user`, `enable_flag`, `last_update_dttm`, `last_update_user`, `version`, `mx_edge`, `mx_pageid`, `mx_parent`, `mx_source`, `mx_style`, `mx_target`, `mx_value`, `mx_vertex`, `fk_mx_graph_id`) VALUES ('ff808181725b20fa01725b2208b501d8', '2020-05-26 00:00:09', 'admin', b'1', '2020-05-26 00:00:09', 'admin', 0, '1', '40', '1', '6', 'edgeStyle=orthogonalEdgeStyle;rounded=0;orthogonalLoop=1;jettySize=auto;html=1;', '17', NULL, NULL, 'ff808181725b20fa01725b2208b101c9');
INSERT INTO `mx_cell`(`id`, `crt_dttm`, `crt_user`, `enable_flag`, `last_update_dttm`, `last_update_user`, `version`, `mx_edge`, `mx_pageid`, `mx_parent`, `mx_source`, `mx_style`, `mx_target`, `mx_value`, `mx_vertex`, `fk_mx_graph_id`) VALUES ('ff808181725b20fa01725b2208b601da', '2020-05-26 00:00:09', 'admin', b'1', '2020-05-26 00:00:09', 'admin', 0, '1', '39', '1', '11', 'edgeStyle=orthogonalEdgeStyle;rounded=0;orthogonalLoop=1;jettySize=auto;html=1;', '15', NULL, NULL, 'ff808181725b20fa01725b2208b101c9');
INSERT INTO `mx_cell`(`id`, `crt_dttm`, `crt_user`, `enable_flag`, `last_update_dttm`, `last_update_user`, `version`, `mx_edge`, `mx_pageid`, `mx_parent`, `mx_source`, `mx_style`, `mx_target`, `mx_value`, `mx_vertex`, `fk_mx_graph_id`) VALUES ('ff808181725b20fa01725b2208b601dc', '2020-05-26 00:00:09', 'admin', b'1', '2020-05-26 00:00:09', 'admin', 0, '1', '42', '1', '17', 'edgeStyle=orthogonalEdgeStyle;rounded=0;orthogonalLoop=1;jettySize=auto;html=1;', '20', NULL, NULL, 'ff808181725b20fa01725b2208b101c9');
INSERT INTO `mx_cell`(`id`, `crt_dttm`, `crt_user`, `enable_flag`, `last_update_dttm`, `last_update_user`, `version`, `mx_edge`, `mx_pageid`, `mx_parent`, `mx_source`, `mx_style`, `mx_target`, `mx_value`, `mx_vertex`, `fk_mx_graph_id`) VALUES ('ff808181725b20fa01725b2208b601de', '2020-05-26 00:00:09', 'admin', b'1', '2020-05-26 00:00:09', 'admin', 0, '1', '41', '1', '15', 'edgeStyle=orthogonalEdgeStyle;rounded=0;orthogonalLoop=1;jettySize=auto;html=1;entryX=0.5;entryY=0;entryDx=0;entryDy=0;', '17', NULL, NULL, 'ff808181725b20fa01725b2208b101c9');
INSERT INTO `mx_cell`(`id`, `crt_dttm`, `crt_user`, `enable_flag`, `last_update_dttm`, `last_update_user`, `version`, `mx_edge`, `mx_pageid`, `mx_parent`, `mx_source`, `mx_style`, `mx_target`, `mx_value`, `mx_vertex`, `fk_mx_graph_id`) VALUES ('ff808181725b20fa01725b2208b601e0', '2020-05-26 00:00:09', 'admin', b'1', '2020-05-26 00:00:09', 'admin', 0, NULL, '30', '1', NULL, 'text;html=1;align=center;verticalAlign=middle;resizable=0;points=[];autosize=1;', NULL, '分流', '1', 'ff808181725b20fa01725b2208b101c9');
INSERT INTO `mx_cell`(`id`, `crt_dttm`, `crt_user`, `enable_flag`, `last_update_dttm`, `last_update_user`, `version`, `mx_edge`, `mx_pageid`, `mx_parent`, `mx_source`, `mx_style`, `mx_target`, `mx_value`, `mx_vertex`, `fk_mx_graph_id`) VALUES ('ff808181725b20fa01725b2208b601e2', '2020-05-26 00:00:09', 'admin', b'1', '2020-05-26 00:00:09', 'admin', 0, NULL, '14', '1', NULL, 'text;html=1;align=center;verticalAlign=middle;resizable=0;points=[];autosize=1;', NULL, '模拟生成数据：title, author, age, gender', '1', 'ff808181725b20fa01725b2208b101c9');
INSERT INTO `mx_cell`(`id`, `crt_dttm`, `crt_user`, `enable_flag`, `last_update_dttm`, `last_update_user`, `version`, `mx_edge`, `mx_pageid`, `mx_parent`, `mx_source`, `mx_style`, `mx_target`, `mx_value`, `mx_vertex`, `fk_mx_graph_id`) VALUES ('ff808181725b20fa01725b2208b601e4', '2020-05-26 00:00:09', 'admin', b'1', '2020-05-26 00:00:09', 'admin', 0, '1', '44', '1', '20', 'edgeStyle=orthogonalEdgeStyle;rounded=0;orthogonalLoop=1;jettySize=auto;html=1;', '26', NULL, NULL, 'ff808181725b20fa01725b2208b101c9');
INSERT INTO `mx_cell`(`id`, `crt_dttm`, `crt_user`, `enable_flag`, `last_update_dttm`, `last_update_user`, `version`, `mx_edge`, `mx_pageid`, `mx_parent`, `mx_source`, `mx_style`, `mx_target`, `mx_value`, `mx_vertex`, `fk_mx_graph_id`) VALUES ('ff808181725b20fa01725b2208b601e6', '2020-05-26 00:00:09', 'admin', b'1', '2020-05-26 00:00:09', 'admin', 0, NULL, '20', '1', NULL, 'image;html=1;labelBackgroundColor=#ffffff00;image=/piflow-web/images/Fork_128x128.png', NULL, 'Fork', '1', 'ff808181725b20fa01725b2208b101c9');
INSERT INTO `mx_cell`(`id`, `crt_dttm`, `crt_user`, `enable_flag`, `last_update_dttm`, `last_update_user`, `version`, `mx_edge`, `mx_pageid`, `mx_parent`, `mx_source`, `mx_style`, `mx_target`, `mx_value`, `mx_vertex`, `fk_mx_graph_id`) VALUES ('ff808181725b20fa01725b2208b601e8', '2020-05-26 00:00:09', 'admin', b'1', '2020-05-26 00:00:09', 'admin', 0, NULL, '9', '1', NULL, 'text;html=1;align=center;verticalAlign=middle;resizable=0;points=[];autosize=1;', NULL, '模拟测试数据：<span style=\"font-size: 13.3333px\">title, author, age</span>', '1', 'ff808181725b20fa01725b2208b101c9');
INSERT INTO `mx_cell`(`id`, `crt_dttm`, `crt_user`, `enable_flag`, `last_update_dttm`, `last_update_user`, `version`, `mx_edge`, `mx_pageid`, `mx_parent`, `mx_source`, `mx_style`, `mx_target`, `mx_value`, `mx_vertex`, `fk_mx_graph_id`) VALUES ('ff808181725b20fa01725b2208b601ea', '2020-05-26 00:00:09', 'admin', b'1', '2020-05-26 00:00:09', 'admin', 0, '1', '45', '1', '20', 'edgeStyle=orthogonalEdgeStyle;rounded=0;orthogonalLoop=1;jettySize=auto;html=1;', '24', NULL, NULL, 'ff808181725b20fa01725b2208b101c9');
INSERT INTO `mx_cell`(`id`, `crt_dttm`, `crt_user`, `enable_flag`, `last_update_dttm`, `last_update_user`, `version`, `mx_edge`, `mx_pageid`, `mx_parent`, `mx_source`, `mx_style`, `mx_target`, `mx_value`, `mx_vertex`, `fk_mx_graph_id`) VALUES ('ff808181725b20fa01725b2208b601ec', '2020-05-26 00:00:09', 'admin', b'1', '2020-05-26 00:00:09', 'admin', 0, NULL, '26', '1', NULL, 'image;html=1;labelBackgroundColor=#ffffff00;image=/piflow-web/images/SelectField_128x128.png', NULL, 'SelectField22', '1', 'ff808181725b20fa01725b2208b101c9');
INSERT INTO `mx_cell`(`id`, `crt_dttm`, `crt_user`, `enable_flag`, `last_update_dttm`, `last_update_user`, `version`, `mx_edge`, `mx_pageid`, `mx_parent`, `mx_source`, `mx_style`, `mx_target`, `mx_value`, `mx_vertex`, `fk_mx_graph_id`) VALUES ('ff808181725b20fa01725b2208b601ee', '2020-05-26 00:00:09', 'admin', b'1', '2020-05-26 00:00:09', 'admin', 0, NULL, '24', '1', NULL, 'image;html=1;labelBackgroundColor=#ffffff00;image=/piflow-web/images/SelectField_128x128.png', NULL, 'SelectField20', '1', 'ff808181725b20fa01725b2208b101c9');
INSERT INTO `mx_cell`(`id`, `crt_dttm`, `crt_user`, `enable_flag`, `last_update_dttm`, `last_update_user`, `version`, `mx_edge`, `mx_pageid`, `mx_parent`, `mx_source`, `mx_style`, `mx_target`, `mx_value`, `mx_vertex`, `fk_mx_graph_id`) VALUES ('ff808181725b20fa01725b2208b601f0', '2020-05-26 00:00:09', 'admin', b'1', '2020-05-26 00:00:09', 'admin', 0, NULL, '29', '1', NULL, 'text;html=1;align=center;verticalAlign=middle;resizable=0;points=[];autosize=1;', NULL, '合流', '1', 'ff808181725b20fa01725b2208b101c9');
INSERT INTO `mx_cell`(`id`, `crt_dttm`, `crt_user`, `enable_flag`, `last_update_dttm`, `last_update_user`, `version`, `mx_edge`, `mx_pageid`, `mx_parent`, `mx_source`, `mx_style`, `mx_target`, `mx_value`, `mx_vertex`, `fk_mx_graph_id`) VALUES ('ff808181725b20fa01725b2208b601f2', '2020-05-26 00:00:09', 'admin', b'1', '2020-05-26 00:00:09', 'admin', 0, NULL, '17', '1', NULL, 'image;html=1;labelBackgroundColor=#ffffff00;image=/piflow-web/images/Merge_128x128.png', NULL, 'Merge', '1', 'ff808181725b20fa01725b2208b101c9');
INSERT INTO `mx_cell`(`id`, `crt_dttm`, `crt_user`, `enable_flag`, `last_update_dttm`, `last_update_user`, `version`, `mx_edge`, `mx_pageid`, `mx_parent`, `mx_source`, `mx_style`, `mx_target`, `mx_value`, `mx_vertex`, `fk_mx_graph_id`) VALUES ('ff808181725b20fa01725b2208bf01f4', '2020-05-26 00:00:09', 'admin', b'1', '2020-05-26 00:00:09', 'admin', 0, NULL, '0', NULL, NULL, NULL, NULL, NULL, NULL, 'ff808181725b20fa01725b21da2e0002');
INSERT INTO `mx_cell`(`id`, `crt_dttm`, `crt_user`, `enable_flag`, `last_update_dttm`, `last_update_user`, `version`, `mx_edge`, `mx_pageid`, `mx_parent`, `mx_source`, `mx_style`, `mx_target`, `mx_value`, `mx_vertex`, `fk_mx_graph_id`) VALUES ('ff808181725b20fa01725b2208bf01f5', '2020-05-26 00:00:09', 'admin', b'1', '2020-05-26 00:00:09', 'admin', 0, NULL, '1', '0', NULL, NULL, NULL, NULL, NULL, 'ff808181725b20fa01725b21da2e0002');
INSERT INTO `mx_cell`(`id`, `crt_dttm`, `crt_user`, `enable_flag`, `last_update_dttm`, `last_update_user`, `version`, `mx_edge`, `mx_pageid`, `mx_parent`, `mx_source`, `mx_style`, `mx_target`, `mx_value`, `mx_vertex`, `fk_mx_graph_id`) VALUES ('ff808181725b20fa01725b2208bf01f6', '2020-05-26 00:00:09', 'admin', b'1', '2020-05-26 00:00:09', 'admin', 0, NULL, '17', '1', NULL, 'text;html=1;strokeColor=none;fillColor=none;align=center;verticalAlign=middle;whiteSpace=wrap;rounded=0;labelBackgroundColor=#ffffff00;', NULL, '人员数据融合', '1', 'ff808181725b20fa01725b21da2e0002');
INSERT INTO `mx_cell`(`id`, `crt_dttm`, `crt_user`, `enable_flag`, `last_update_dttm`, `last_update_user`, `version`, `mx_edge`, `mx_pageid`, `mx_parent`, `mx_source`, `mx_style`, `mx_target`, `mx_value`, `mx_vertex`, `fk_mx_graph_id`) VALUES ('ff808181725b20fa01725b2208bf01f8', '2020-05-26 00:00:09', 'admin', b'1', '2020-05-26 00:00:09', 'admin', 0, NULL, '32', '1', NULL, 'image;html=1;labelBackgroundColor=#ffffff00;image=http://10.0.88.23:6001/piflow-web/img/task/task7.png;', NULL, 'flow_7', '1', 'ff808181725b20fa01725b21da2e0002');
INSERT INTO `mx_cell`(`id`, `crt_dttm`, `crt_user`, `enable_flag`, `last_update_dttm`, `last_update_user`, `version`, `mx_edge`, `mx_pageid`, `mx_parent`, `mx_source`, `mx_style`, `mx_target`, `mx_value`, `mx_vertex`, `fk_mx_graph_id`) VALUES ('ff808181725b20fa01725b2208bf01fa', '2020-05-26 00:00:09', 'admin', b'1', '2020-05-26 00:00:09', 'admin', 0, '1', '35', '1', '21', 'edgeStyle=entityRelationEdgeStyle;rounded=0;orthogonalLoop=1;jettySize=auto;html=1;', '34', NULL, NULL, 'ff808181725b20fa01725b21da2e0002');
INSERT INTO `mx_cell`(`id`, `crt_dttm`, `crt_user`, `enable_flag`, `last_update_dttm`, `last_update_user`, `version`, `mx_edge`, `mx_pageid`, `mx_parent`, `mx_source`, `mx_style`, `mx_target`, `mx_value`, `mx_vertex`, `fk_mx_graph_id`) VALUES ('ff808181725b20fa01725b2208bf01fc', '2020-05-26 00:00:09', 'admin', b'1', '2020-05-26 00:00:09', 'admin', 0, '1', '10', '1', '5', 'edgeStyle=entityRelationEdgeStyle;rounded=0;orthogonalLoop=1;jettySize=auto;html=1;', '9', NULL, NULL, 'ff808181725b20fa01725b21da2e0002');
INSERT INTO `mx_cell`(`id`, `crt_dttm`, `crt_user`, `enable_flag`, `last_update_dttm`, `last_update_user`, `version`, `mx_edge`, `mx_pageid`, `mx_parent`, `mx_source`, `mx_style`, `mx_target`, `mx_value`, `mx_vertex`, `fk_mx_graph_id`) VALUES ('ff808181725b20fa01725b2208bf01fe', '2020-05-26 00:00:09', 'admin', b'1', '2020-05-26 00:00:09', 'admin', 0, '1', '13', '1', '9', 'edgeStyle=entityRelationEdgeStyle;rounded=0;orthogonalLoop=1;jettySize=auto;html=1;', '12', NULL, NULL, 'ff808181725b20fa01725b21da2e0002');
INSERT INTO `mx_cell`(`id`, `crt_dttm`, `crt_user`, `enable_flag`, `last_update_dttm`, `last_update_user`, `version`, `mx_edge`, `mx_pageid`, `mx_parent`, `mx_source`, `mx_style`, `mx_target`, `mx_value`, `mx_vertex`, `fk_mx_graph_id`) VALUES ('ff808181725b20fa01725b2208c30200', '2020-05-26 00:00:09', 'admin', b'1', '2020-05-26 00:00:09', 'admin', 0, '1', '11', '1', '6', 'edgeStyle=entityRelationEdgeStyle;rounded=0;orthogonalLoop=1;jettySize=auto;html=1;', '9', NULL, NULL, 'ff808181725b20fa01725b21da2e0002');
INSERT INTO `mx_cell`(`id`, `crt_dttm`, `crt_user`, `enable_flag`, `last_update_dttm`, `last_update_user`, `version`, `mx_edge`, `mx_pageid`, `mx_parent`, `mx_source`, `mx_style`, `mx_target`, `mx_value`, `mx_vertex`, `fk_mx_graph_id`) VALUES ('ff808181725b20fa01725b2208cb0202', '2020-05-26 00:00:09', 'admin', b'1', '2020-05-26 00:00:09', 'admin', 0, NULL, '9', '1', NULL, 'image;html=1;labelBackgroundColor=#ffffff00;image=http://10.0.88.23:6001/piflow-web/img/group/group3.png;', NULL, 'g2', '1', 'ff808181725b20fa01725b21da2e0002');
INSERT INTO `mx_cell`(`id`, `crt_dttm`, `crt_user`, `enable_flag`, `last_update_dttm`, `last_update_user`, `version`, `mx_edge`, `mx_pageid`, `mx_parent`, `mx_source`, `mx_style`, `mx_target`, `mx_value`, `mx_vertex`, `fk_mx_graph_id`) VALUES ('ff808181725b20fa01725b2208cb0204', '2020-05-26 00:00:09', 'admin', b'1', '2020-05-26 00:00:09', 'admin', 0, NULL, '21', '1', NULL, 'image;html=1;labelBackgroundColor=#ffffff00;image=http://10.0.88.23:6001/piflow-web/img/group/group2.png;', NULL, 'g_other', '1', 'ff808181725b20fa01725b21da2e0002');
INSERT INTO `mx_cell`(`id`, `crt_dttm`, `crt_user`, `enable_flag`, `last_update_dttm`, `last_update_user`, `version`, `mx_edge`, `mx_pageid`, `mx_parent`, `mx_source`, `mx_style`, `mx_target`, `mx_value`, `mx_vertex`, `fk_mx_graph_id`) VALUES ('ff808181725b20fa01725b2208cb0206', '2020-05-26 00:00:09', 'admin', b'1', '2020-05-26 00:00:09', 'admin', 0, NULL, '12', '1', NULL, 'image;html=1;labelBackgroundColor=#ffffff00;image=http://10.0.88.23:6001/piflow-web/img/task/task4.png;', NULL, 'f6', '1', 'ff808181725b20fa01725b21da2e0002');
INSERT INTO `mx_cell`(`id`, `crt_dttm`, `crt_user`, `enable_flag`, `last_update_dttm`, `last_update_user`, `version`, `mx_edge`, `mx_pageid`, `mx_parent`, `mx_source`, `mx_style`, `mx_target`, `mx_value`, `mx_vertex`, `fk_mx_graph_id`) VALUES ('ff808181725b20fa01725b2208cb0208', '2020-05-26 00:00:09', 'admin', b'1', '2020-05-26 00:00:09', 'admin', 0, NULL, '27', '1', NULL, 'image;html=1;labelBackgroundColor=#ffffff00;image=http://10.0.88.23:6001/piflow-web/img/task/task2.png;', NULL, 'prepare_flow', '1', 'ff808181725b20fa01725b21da2e0002');
INSERT INTO `mx_cell`(`id`, `crt_dttm`, `crt_user`, `enable_flag`, `last_update_dttm`, `last_update_user`, `version`, `mx_edge`, `mx_pageid`, `mx_parent`, `mx_source`, `mx_style`, `mx_target`, `mx_value`, `mx_vertex`, `fk_mx_graph_id`) VALUES ('ff808181725b20fa01725b2208cb020a', '2020-05-26 00:00:09', 'admin', b'1', '2020-05-26 00:00:09', 'admin', 0, NULL, '30', '1', NULL, 'image;html=1;labelBackgroundColor=#ffffff00;image=http://10.0.88.23:6001/piflow-web/img/group/group7.png;', NULL, 'group_show', '1', 'ff808181725b20fa01725b21da2e0002');
INSERT INTO `mx_cell`(`id`, `crt_dttm`, `crt_user`, `enable_flag`, `last_update_dttm`, `last_update_user`, `version`, `mx_edge`, `mx_pageid`, `mx_parent`, `mx_source`, `mx_style`, `mx_target`, `mx_value`, `mx_vertex`, `fk_mx_graph_id`) VALUES ('ff808181725b20fa01725b2208cb020c', '2020-05-26 00:00:09', 'admin', b'1', '2020-05-26 00:00:09', 'admin', 0, '1', '33', '1', '21', 'edgeStyle=entityRelationEdgeStyle;rounded=0;orthogonalLoop=1;jettySize=auto;html=1;entryX=0;entryY=0.5;entryDx=0;entryDy=0;', '32', NULL, NULL, 'ff808181725b20fa01725b21da2e0002');
INSERT INTO `mx_cell`(`id`, `crt_dttm`, `crt_user`, `enable_flag`, `last_update_dttm`, `last_update_user`, `version`, `mx_edge`, `mx_pageid`, `mx_parent`, `mx_source`, `mx_style`, `mx_target`, `mx_value`, `mx_vertex`, `fk_mx_graph_id`) VALUES ('ff808181725b20fa01725b2208cb020e', '2020-05-26 00:00:09', 'admin', b'1', '2020-05-26 00:00:09', 'admin', 0, NULL, '20', '1', NULL, 'text;html=1;strokeColor=none;fillColor=none;align=center;verticalAlign=middle;whiteSpace=wrap;rounded=0;labelBackgroundColor=#ffffff00;', NULL, '该<span style=\"font-size: 13.3333px\">组主要进行采集工作</span>', '1', 'ff808181725b20fa01725b21da2e0002');
INSERT INTO `mx_cell`(`id`, `crt_dttm`, `crt_user`, `enable_flag`, `last_update_dttm`, `last_update_user`, `version`, `mx_edge`, `mx_pageid`, `mx_parent`, `mx_source`, `mx_style`, `mx_target`, `mx_value`, `mx_vertex`, `fk_mx_graph_id`) VALUES ('ff808181725b20fa01725b2208cb0210', '2020-05-26 00:00:09', 'admin', b'1', '2020-05-26 00:00:09', 'admin', 0, '1', '8', '1', '4', 'edgeStyle=entityRelationEdgeStyle;rounded=0;orthogonalLoop=1;jettySize=auto;html=1;entryX=0;entryY=0.5;entryDx=0;entryDy=0;', '6', NULL, NULL, 'ff808181725b20fa01725b21da2e0002');
INSERT INTO `mx_cell`(`id`, `crt_dttm`, `crt_user`, `enable_flag`, `last_update_dttm`, `last_update_user`, `version`, `mx_edge`, `mx_pageid`, `mx_parent`, `mx_source`, `mx_style`, `mx_target`, `mx_value`, `mx_vertex`, `fk_mx_graph_id`) VALUES ('ff808181725b20fa01725b2208cb0212', '2020-05-26 00:00:09', 'admin', b'1', '2020-05-26 00:00:09', 'admin', 0, NULL, '6', '1', NULL, 'image;html=1;labelBackgroundColor=#ffffff00;image=/piflow-web/img/flow.png', NULL, 'flow_merge_person', '1', 'ff808181725b20fa01725b21da2e0002');
INSERT INTO `mx_cell`(`id`, `crt_dttm`, `crt_user`, `enable_flag`, `last_update_dttm`, `last_update_user`, `version`, `mx_edge`, `mx_pageid`, `mx_parent`, `mx_source`, `mx_style`, `mx_target`, `mx_value`, `mx_vertex`, `fk_mx_graph_id`) VALUES ('ff808181725b20fa01725b2208cb0214', '2020-05-26 00:00:09', 'admin', b'1', '2020-05-26 00:00:09', 'admin', 0, NULL, '25', '1', NULL, 'image;html=1;labelBackgroundColor=#ffffff00;image=/piflow-web/img/group.png', NULL, 'prepare_group', '1', 'ff808181725b20fa01725b21da2e0002');
INSERT INTO `mx_cell`(`id`, `crt_dttm`, `crt_user`, `enable_flag`, `last_update_dttm`, `last_update_user`, `version`, `mx_edge`, `mx_pageid`, `mx_parent`, `mx_source`, `mx_style`, `mx_target`, `mx_value`, `mx_vertex`, `fk_mx_graph_id`) VALUES ('ff808181725b20fa01725b2208cb0216', '2020-05-26 00:00:09', 'admin', b'1', '2020-05-26 00:00:09', 'admin', 0, NULL, '4', '1', NULL, 'image;html=1;labelBackgroundColor=#ffffff00;image=http://10.0.88.23:6001/piflow-web/img/group/group1.png;', NULL, 'group_collect', '1', 'ff808181725b20fa01725b21da2e0002');
INSERT INTO `mx_cell`(`id`, `crt_dttm`, `crt_user`, `enable_flag`, `last_update_dttm`, `last_update_user`, `version`, `mx_edge`, `mx_pageid`, `mx_parent`, `mx_source`, `mx_style`, `mx_target`, `mx_value`, `mx_vertex`, `fk_mx_graph_id`) VALUES ('ff808181725b20fa01725b2208cb0218', '2020-05-26 00:00:09', 'admin', b'1', '2020-05-26 00:00:09', 'admin', 0, '1', '28', '1', '25', 'edgeStyle=entityRelationEdgeStyle;rounded=0;orthogonalLoop=1;jettySize=auto;html=1;entryX=0;entryY=0.5;entryDx=0;entryDy=0;', '27', NULL, NULL, 'ff808181725b20fa01725b21da2e0002');
INSERT INTO `mx_cell`(`id`, `crt_dttm`, `crt_user`, `enable_flag`, `last_update_dttm`, `last_update_user`, `version`, `mx_edge`, `mx_pageid`, `mx_parent`, `mx_source`, `mx_style`, `mx_target`, `mx_value`, `mx_vertex`, `fk_mx_graph_id`) VALUES ('ff808181725b20fa01725b2208cb021a', '2020-05-26 00:00:09', 'admin', b'1', '2020-05-26 00:00:09', 'admin', 0, '1', '7', '1', '4', 'edgeStyle=entityRelationEdgeStyle;rounded=0;orthogonalLoop=1;jettySize=auto;html=1;entryX=0;entryY=0.5;entryDx=0;entryDy=0;', '5', NULL, NULL, 'ff808181725b20fa01725b21da2e0002');
INSERT INTO `mx_cell`(`id`, `crt_dttm`, `crt_user`, `enable_flag`, `last_update_dttm`, `last_update_user`, `version`, `mx_edge`, `mx_pageid`, `mx_parent`, `mx_source`, `mx_style`, `mx_target`, `mx_value`, `mx_vertex`, `fk_mx_graph_id`) VALUES ('ff808181725b20fa01725b2208cb021c', '2020-05-26 00:00:09', 'admin', b'1', '2020-05-26 00:00:09', 'admin', 0, '1', '31', '1', '21', 'rounded=0;orthogonalLoop=1;jettySize=auto;html=1;entryX=0.5;entryY=0;entryDx=0;entryDy=0;', '30', NULL, NULL, 'ff808181725b20fa01725b21da2e0002');
INSERT INTO `mx_cell`(`id`, `crt_dttm`, `crt_user`, `enable_flag`, `last_update_dttm`, `last_update_user`, `version`, `mx_edge`, `mx_pageid`, `mx_parent`, `mx_source`, `mx_style`, `mx_target`, `mx_value`, `mx_vertex`, `fk_mx_graph_id`) VALUES ('ff808181725b20fa01725b2208cb021e', '2020-05-26 00:00:09', 'admin', b'1', '2020-05-26 00:00:09', 'admin', 0, NULL, '34', '1', NULL, 'image;html=1;labelBackgroundColor=#ffffff00;image=http://10.0.88.23:6001/piflow-web/img/task/task3.png;', NULL, 'flow8', '1', 'ff808181725b20fa01725b21da2e0002');
INSERT INTO `mx_cell`(`id`, `crt_dttm`, `crt_user`, `enable_flag`, `last_update_dttm`, `last_update_user`, `version`, `mx_edge`, `mx_pageid`, `mx_parent`, `mx_source`, `mx_style`, `mx_target`, `mx_value`, `mx_vertex`, `fk_mx_graph_id`) VALUES ('ff808181725b20fa01725b2208cb0220', '2020-05-26 00:00:09', 'admin', b'1', '2020-05-26 00:00:09', 'admin', 0, NULL, '5', '1', NULL, 'image;html=1;labelBackgroundColor=#ffffff00;image=http://10.0.88.23:6001/piflow-web/img/task/task6.png;', NULL, 'flow_merge_product', '1', 'ff808181725b20fa01725b21da2e0002');
INSERT INTO `mx_cell`(`id`, `crt_dttm`, `crt_user`, `enable_flag`, `last_update_dttm`, `last_update_user`, `version`, `mx_edge`, `mx_pageid`, `mx_parent`, `mx_source`, `mx_style`, `mx_target`, `mx_value`, `mx_vertex`, `fk_mx_graph_id`) VALUES ('ff808181725b20fa01725b2208cb0222', '2020-05-26 00:00:09', 'admin', b'1', '2020-05-26 00:00:09', 'admin', 0, NULL, '18', '1', NULL, 'text;html=1;strokeColor=none;fillColor=none;align=center;verticalAlign=middle;whiteSpace=wrap;rounded=0;labelBackgroundColor=#ffffff00;', NULL, '知识图库构建', '1', 'ff808181725b20fa01725b21da2e0002');
INSERT INTO `mx_cell`(`id`, `crt_dttm`, `crt_user`, `enable_flag`, `last_update_dttm`, `last_update_user`, `version`, `mx_edge`, `mx_pageid`, `mx_parent`, `mx_source`, `mx_style`, `mx_target`, `mx_value`, `mx_vertex`, `fk_mx_graph_id`) VALUES ('ff808181725b20fa01725b2208cb0224', '2020-05-26 00:00:09', 'admin', b'1', '2020-05-26 00:00:09', 'admin', 0, NULL, '16', '1', NULL, 'text;html=1;strokeColor=none;fillColor=none;align=center;verticalAlign=middle;whiteSpace=wrap;rounded=0;labelBackgroundColor=#ffffff00;', NULL, '成果数据融合', '1', 'ff808181725b20fa01725b21da2e0002');
INSERT INTO `mx_cell`(`id`, `crt_dttm`, `crt_user`, `enable_flag`, `last_update_dttm`, `last_update_user`, `version`, `mx_edge`, `mx_pageid`, `mx_parent`, `mx_source`, `mx_style`, `mx_target`, `mx_value`, `mx_vertex`, `fk_mx_graph_id`) VALUES ('ff808181725b20fa01725b2208cb0226', '2020-05-26 00:00:09', 'admin', b'1', '2020-05-26 00:00:09', 'admin', 0, '1', '26', '1', '25', 'edgeStyle=entityRelationEdgeStyle;rounded=0;orthogonalLoop=1;jettySize=auto;html=1;', '4', NULL, NULL, 'ff808181725b20fa01725b21da2e0002');
INSERT INTO `mx_cell`(`id`, `crt_dttm`, `crt_user`, `enable_flag`, `last_update_dttm`, `last_update_user`, `version`, `mx_edge`, `mx_pageid`, `mx_parent`, `mx_source`, `mx_style`, `mx_target`, `mx_value`, `mx_vertex`, `fk_mx_graph_id`) VALUES ('ff808181725b20fa01725b2208cb0228', '2020-05-26 00:00:09', 'admin', b'1', '2020-05-26 00:00:09', 'admin', 0, NULL, '19', '1', NULL, 'text;html=1;strokeColor=none;fillColor=none;align=center;verticalAlign=middle;whiteSpace=wrap;rounded=0;labelBackgroundColor=#ffffff00;', NULL, '可视化分析', '1', 'ff808181725b20fa01725b21da2e0002');
INSERT INTO `mx_cell`(`id`, `crt_dttm`, `crt_user`, `enable_flag`, `last_update_dttm`, `last_update_user`, `version`, `mx_edge`, `mx_pageid`, `mx_parent`, `mx_source`, `mx_style`, `mx_target`, `mx_value`, `mx_vertex`, `fk_mx_graph_id`) VALUES ('ff808181725b20fa01725b2208cb022a', '2020-05-26 00:00:09', 'admin', b'1', '2020-05-26 00:00:09', 'admin', 0, '1', '29', '1', '27', 'edgeStyle=entityRelationEdgeStyle;rounded=0;orthogonalLoop=1;jettySize=auto;html=1;entryX=0;entryY=0.5;entryDx=0;entryDy=0;', '21', NULL, NULL, 'ff808181725b20fa01725b21da2e0002');

INSERT INTO `mx_geometry`(`id`, `crt_dttm`, `crt_user`, `enable_flag`, `last_update_dttm`, `last_update_user`, `version`, `mx_as`, `mx_height`, `mx_relative`, `mx_width`, `mx_x`, `mx_y`, `fk_mx_cell_id`) VALUES ('ff808181725b20fa01725b220861002f', '2020-05-26 00:00:09', 'admin', b'1', '2020-05-26 00:00:09', 'admin', 0, 'geometry', NULL, '1', NULL, NULL, NULL, 'ff808181725b20fa01725b220861002e');
INSERT INTO `mx_geometry`(`id`, `crt_dttm`, `crt_user`, `enable_flag`, `last_update_dttm`, `last_update_user`, `version`, `mx_as`, `mx_height`, `mx_relative`, `mx_width`, `mx_x`, `mx_y`, `fk_mx_cell_id`) VALUES ('ff808181725b20fa01725b2208610031', '2020-05-26 00:00:09', 'admin', b'1', '2020-05-26 00:00:09', 'admin', 0, 'geometry', '66', NULL, '66', '476', '234', 'ff808181725b20fa01725b2208610030');
INSERT INTO `mx_geometry`(`id`, `crt_dttm`, `crt_user`, `enable_flag`, `last_update_dttm`, `last_update_user`, `version`, `mx_as`, `mx_height`, `mx_relative`, `mx_width`, `mx_x`, `mx_y`, `fk_mx_cell_id`) VALUES ('ff808181725b20fa01725b2208630033', '2020-05-26 00:00:09', 'admin', b'1', '2020-05-26 00:00:09', 'admin', 0, 'geometry', '66', NULL, '66', '190', '840', 'ff808181725b20fa01725b2208630032');
INSERT INTO `mx_geometry`(`id`, `crt_dttm`, `crt_user`, `enable_flag`, `last_update_dttm`, `last_update_user`, `version`, `mx_as`, `mx_height`, `mx_relative`, `mx_width`, `mx_x`, `mx_y`, `fk_mx_cell_id`) VALUES ('ff808181725b20fa01725b2208640035', '2020-05-26 00:00:09', 'admin', b'1', '2020-05-26 00:00:09', 'admin', 0, 'geometry', '66', NULL, '66', '220', '394', 'ff808181725b20fa01725b2208630034');
INSERT INTO `mx_geometry`(`id`, `crt_dttm`, `crt_user`, `enable_flag`, `last_update_dttm`, `last_update_user`, `version`, `mx_as`, `mx_height`, `mx_relative`, `mx_width`, `mx_x`, `mx_y`, `fk_mx_cell_id`) VALUES ('ff808181725b20fa01725b2208640037', '2020-05-26 00:00:09', 'admin', b'1', '2020-05-26 00:00:09', 'admin', 0, 'geometry', '20', NULL, '180', '560', '417', 'ff808181725b20fa01725b2208640036');
INSERT INTO `mx_geometry`(`id`, `crt_dttm`, `crt_user`, `enable_flag`, `last_update_dttm`, `last_update_user`, `version`, `mx_as`, `mx_height`, `mx_relative`, `mx_width`, `mx_x`, `mx_y`, `fk_mx_cell_id`) VALUES ('ff808181725b20fa01725b2208640039', '2020-05-26 00:00:09', 'admin', b'1', '2020-05-26 00:00:09', 'admin', 0, 'geometry', '66', NULL, '66', '476', '394', 'ff808181725b20fa01725b2208640038');
INSERT INTO `mx_geometry`(`id`, `crt_dttm`, `crt_user`, `enable_flag`, `last_update_dttm`, `last_update_user`, `version`, `mx_as`, `mx_height`, `mx_relative`, `mx_width`, `mx_x`, `mx_y`, `fk_mx_cell_id`) VALUES ('ff808181725b20fa01725b220865003b', '2020-05-26 00:00:09', 'admin', b'1', '2020-05-26 00:00:09', 'admin', 0, 'geometry', NULL, '1', NULL, NULL, NULL, 'ff808181725b20fa01725b220865003a');
INSERT INTO `mx_geometry`(`id`, `crt_dttm`, `crt_user`, `enable_flag`, `last_update_dttm`, `last_update_user`, `version`, `mx_as`, `mx_height`, `mx_relative`, `mx_width`, `mx_x`, `mx_y`, `fk_mx_cell_id`) VALUES ('ff808181725b20fa01725b220866003d', '2020-05-26 00:00:09', 'admin', b'1', '2020-05-26 00:00:09', 'admin', 0, 'geometry', NULL, '1', NULL, NULL, NULL, 'ff808181725b20fa01725b220865003c');
INSERT INTO `mx_geometry`(`id`, `crt_dttm`, `crt_user`, `enable_flag`, `last_update_dttm`, `last_update_user`, `version`, `mx_as`, `mx_height`, `mx_relative`, `mx_width`, `mx_x`, `mx_y`, `fk_mx_cell_id`) VALUES ('ff808181725b20fa01725b220866003f', '2020-05-26 00:00:09', 'admin', b'1', '2020-05-26 00:00:09', 'admin', 0, 'geometry', NULL, '1', NULL, NULL, NULL, 'ff808181725b20fa01725b220866003e');
INSERT INTO `mx_geometry`(`id`, `crt_dttm`, `crt_user`, `enable_flag`, `last_update_dttm`, `last_update_user`, `version`, `mx_as`, `mx_height`, `mx_relative`, `mx_width`, `mx_x`, `mx_y`, `fk_mx_cell_id`) VALUES ('ff808181725b20fa01725b2208660041', '2020-05-26 00:00:09', 'admin', b'1', '2020-05-26 00:00:09', 'admin', 0, 'geometry', NULL, '1', NULL, NULL, NULL, 'ff808181725b20fa01725b2208660040');
INSERT INTO `mx_geometry`(`id`, `crt_dttm`, `crt_user`, `enable_flag`, `last_update_dttm`, `last_update_user`, `version`, `mx_as`, `mx_height`, `mx_relative`, `mx_width`, `mx_x`, `mx_y`, `fk_mx_cell_id`) VALUES ('ff808181725b20fa01725b2208680043', '2020-05-26 00:00:09', 'admin', b'1', '2020-05-26 00:00:09', 'admin', 0, 'geometry', '20', NULL, '40', '435', '735', 'ff808181725b20fa01725b2208680042');
INSERT INTO `mx_geometry`(`id`, `crt_dttm`, `crt_user`, `enable_flag`, `last_update_dttm`, `last_update_user`, `version`, `mx_as`, `mx_height`, `mx_relative`, `mx_width`, `mx_x`, `mx_y`, `fk_mx_cell_id`) VALUES ('ff808181725b20fa01725b2208680045', '2020-05-26 00:00:09', 'admin', b'1', '2020-05-26 00:00:09', 'admin', 0, 'geometry', '20', NULL, '250', '460', '200', 'ff808181725b20fa01725b2208680044');
INSERT INTO `mx_geometry`(`id`, `crt_dttm`, `crt_user`, `enable_flag`, `last_update_dttm`, `last_update_user`, `version`, `mx_as`, `mx_height`, `mx_relative`, `mx_width`, `mx_x`, `mx_y`, `fk_mx_cell_id`) VALUES ('ff808181725b20fa01725b2208690047', '2020-05-26 00:00:09', 'admin', b'1', '2020-05-26 00:00:09', 'admin', 0, 'geometry', NULL, '1', NULL, NULL, NULL, 'ff808181725b20fa01725b2208680046');
INSERT INTO `mx_geometry`(`id`, `crt_dttm`, `crt_user`, `enable_flag`, `last_update_dttm`, `last_update_user`, `version`, `mx_as`, `mx_height`, `mx_relative`, `mx_width`, `mx_x`, `mx_y`, `fk_mx_cell_id`) VALUES ('ff808181725b20fa01725b2208690049', '2020-05-26 00:00:09', 'admin', b'1', '2020-05-26 00:00:09', 'admin', 0, 'geometry', '66', NULL, '66', '360', '730', 'ff808181725b20fa01725b2208690048');
INSERT INTO `mx_geometry`(`id`, `crt_dttm`, `crt_user`, `enable_flag`, `last_update_dttm`, `last_update_user`, `version`, `mx_as`, `mx_height`, `mx_relative`, `mx_width`, `mx_x`, `mx_y`, `fk_mx_cell_id`) VALUES ('ff808181725b20fa01725b220869004b', '2020-05-26 00:00:09', 'admin', b'1', '2020-05-26 00:00:09', 'admin', 0, 'geometry', '20', NULL, '200', '153', '360', 'ff808181725b20fa01725b220869004a');
INSERT INTO `mx_geometry`(`id`, `crt_dttm`, `crt_user`, `enable_flag`, `last_update_dttm`, `last_update_user`, `version`, `mx_as`, `mx_height`, `mx_relative`, `mx_width`, `mx_x`, `mx_y`, `fk_mx_cell_id`) VALUES ('ff808181725b20fa01725b22086a004d', '2020-05-26 00:00:09', 'admin', b'1', '2020-05-26 00:00:09', 'admin', 0, 'geometry', NULL, '1', NULL, NULL, NULL, 'ff808181725b20fa01725b220869004c');
INSERT INTO `mx_geometry`(`id`, `crt_dttm`, `crt_user`, `enable_flag`, `last_update_dttm`, `last_update_user`, `version`, `mx_as`, `mx_height`, `mx_relative`, `mx_width`, `mx_x`, `mx_y`, `fk_mx_cell_id`) VALUES ('ff808181725b20fa01725b22086b004f', '2020-05-26 00:00:09', 'admin', b'1', '2020-05-26 00:00:09', 'admin', 0, 'geometry', '66', NULL, '66', '360', '840', 'ff808181725b20fa01725b22086a004e');
INSERT INTO `mx_geometry`(`id`, `crt_dttm`, `crt_user`, `enable_flag`, `last_update_dttm`, `last_update_user`, `version`, `mx_as`, `mx_height`, `mx_relative`, `mx_width`, `mx_x`, `mx_y`, `fk_mx_cell_id`) VALUES ('ff808181725b20fa01725b22086b0051', '2020-05-26 00:00:09', 'admin', b'1', '2020-05-26 00:00:09', 'admin', 0, 'geometry', '66', NULL, '66', '529', '840', 'ff808181725b20fa01725b22086b0050');
INSERT INTO `mx_geometry`(`id`, `crt_dttm`, `crt_user`, `enable_flag`, `last_update_dttm`, `last_update_user`, `version`, `mx_as`, `mx_height`, `mx_relative`, `mx_width`, `mx_x`, `mx_y`, `fk_mx_cell_id`) VALUES ('ff808181725b20fa01725b22086c0053', '2020-05-26 00:00:09', 'admin', b'1', '2020-05-26 00:00:09', 'admin', 0, 'geometry', '20', NULL, '40', '435', '601', 'ff808181725b20fa01725b22086c0052');
INSERT INTO `mx_geometry`(`id`, `crt_dttm`, `crt_user`, `enable_flag`, `last_update_dttm`, `last_update_user`, `version`, `mx_as`, `mx_height`, `mx_relative`, `mx_width`, `mx_x`, `mx_y`, `fk_mx_cell_id`) VALUES ('ff808181725b20fa01725b22086d0055', '2020-05-26 00:00:09', 'admin', b'1', '2020-05-26 00:00:09', 'admin', 0, 'geometry', '66', NULL, '66', '360', '570', 'ff808181725b20fa01725b22086c0054');
INSERT INTO `mx_geometry`(`id`, `crt_dttm`, `crt_user`, `enable_flag`, `last_update_dttm`, `last_update_user`, `version`, `mx_as`, `mx_height`, `mx_relative`, `mx_width`, `mx_x`, `mx_y`, `fk_mx_cell_id`) VALUES ('ff808181725b20fa01725b22086f0061', '2020-05-26 00:00:09', 'admin', b'1', '2020-05-26 00:00:09', 'admin', 0, 'geometry', '66', NULL, '66', '370', '500', 'ff808181725b20fa01725b22086f0060');
INSERT INTO `mx_geometry`(`id`, `crt_dttm`, `crt_user`, `enable_flag`, `last_update_dttm`, `last_update_user`, `version`, `mx_as`, `mx_height`, `mx_relative`, `mx_width`, `mx_x`, `mx_y`, `fk_mx_cell_id`) VALUES ('ff808181725b20fa01725b2208700063', '2020-05-26 00:00:09', 'admin', b'1', '2020-05-26 00:00:09', 'admin', 0, 'geometry', '66', NULL, '66', '370', '290', 'ff808181725b20fa01725b2208700062');
INSERT INTO `mx_geometry`(`id`, `crt_dttm`, `crt_user`, `enable_flag`, `last_update_dttm`, `last_update_user`, `version`, `mx_as`, `mx_height`, `mx_relative`, `mx_width`, `mx_x`, `mx_y`, `fk_mx_cell_id`) VALUES ('ff808181725b20fa01725b2208700065', '2020-05-26 00:00:09', 'admin', b'1', '2020-05-26 00:00:09', 'admin', 0, 'geometry', NULL, '1', NULL, NULL, NULL, 'ff808181725b20fa01725b2208700064');
INSERT INTO `mx_geometry`(`id`, `crt_dttm`, `crt_user`, `enable_flag`, `last_update_dttm`, `last_update_user`, `version`, `mx_as`, `mx_height`, `mx_relative`, `mx_width`, `mx_x`, `mx_y`, `fk_mx_cell_id`) VALUES ('ff808181725b20fa01725b2208700068', '2020-05-26 00:00:09', 'admin', b'1', '2020-05-26 00:00:09', 'admin', 0, 'geometry', '66', NULL, '66', '450', '450', 'ff808181725b20fa01725b2208700067');
INSERT INTO `mx_geometry`(`id`, `crt_dttm`, `crt_user`, `enable_flag`, `last_update_dttm`, `last_update_user`, `version`, `mx_as`, `mx_height`, `mx_relative`, `mx_width`, `mx_x`, `mx_y`, `fk_mx_cell_id`) VALUES ('ff808181725b20fa01725b220871006a', '2020-05-26 00:00:09', 'admin', b'1', '2020-05-26 00:00:09', 'admin', 0, 'geometry', '66', NULL, '66', '220', '450', 'ff808181725b20fa01725b2208710069');
INSERT INTO `mx_geometry`(`id`, `crt_dttm`, `crt_user`, `enable_flag`, `last_update_dttm`, `last_update_user`, `version`, `mx_as`, `mx_height`, `mx_relative`, `mx_width`, `mx_x`, `mx_y`, `fk_mx_cell_id`) VALUES ('ff808181725b20fa01725b220871006c', '2020-05-26 00:00:09', 'admin', b'1', '2020-05-26 00:00:09', 'admin', 0, 'geometry', NULL, '1', NULL, NULL, NULL, 'ff808181725b20fa01725b220871006b');
INSERT INTO `mx_geometry`(`id`, `crt_dttm`, `crt_user`, `enable_flag`, `last_update_dttm`, `last_update_user`, `version`, `mx_as`, `mx_height`, `mx_relative`, `mx_width`, `mx_x`, `mx_y`, `fk_mx_cell_id`) VALUES ('ff808181725b20fa01725b22087a007c', '2020-05-26 00:00:09', 'admin', b'1', '2020-05-26 00:00:09', 'admin', 0, 'geometry', '66', NULL, '66', '370', '440', 'ff808181725b20fa01725b22087a007b');
INSERT INTO `mx_geometry`(`id`, `crt_dttm`, `crt_user`, `enable_flag`, `last_update_dttm`, `last_update_user`, `version`, `mx_as`, `mx_height`, `mx_relative`, `mx_width`, `mx_x`, `mx_y`, `fk_mx_cell_id`) VALUES ('ff808181725b20fa01725b22087a007e', '2020-05-26 00:00:09', 'admin', b'1', '2020-05-26 00:00:09', 'admin', 0, 'geometry', '66', NULL, '66', '370', '230', 'ff808181725b20fa01725b22087a007d');
INSERT INTO `mx_geometry`(`id`, `crt_dttm`, `crt_user`, `enable_flag`, `last_update_dttm`, `last_update_user`, `version`, `mx_as`, `mx_height`, `mx_relative`, `mx_width`, `mx_x`, `mx_y`, `fk_mx_cell_id`) VALUES ('ff808181725b20fa01725b22087b0080', '2020-05-26 00:00:09', 'admin', b'1', '2020-05-26 00:00:09', 'admin', 0, 'geometry', NULL, '1', NULL, NULL, NULL, 'ff808181725b20fa01725b22087a007f');
INSERT INTO `mx_geometry`(`id`, `crt_dttm`, `crt_user`, `enable_flag`, `last_update_dttm`, `last_update_user`, `version`, `mx_as`, `mx_height`, `mx_relative`, `mx_width`, `mx_x`, `mx_y`, `fk_mx_cell_id`) VALUES ('ff808181725b20fa01725b22087c008c', '2020-05-26 00:00:09', 'admin', b'1', '2020-05-26 00:00:09', 'admin', 0, 'geometry', '66', NULL, '66', '370', '460', 'ff808181725b20fa01725b22087c008b');
INSERT INTO `mx_geometry`(`id`, `crt_dttm`, `crt_user`, `enable_flag`, `last_update_dttm`, `last_update_user`, `version`, `mx_as`, `mx_height`, `mx_relative`, `mx_width`, `mx_x`, `mx_y`, `fk_mx_cell_id`) VALUES ('ff808181725b20fa01725b22087c008e', '2020-05-26 00:00:09', 'admin', b'1', '2020-05-26 00:00:09', 'admin', 0, 'geometry', '66', NULL, '66', '370', '230', 'ff808181725b20fa01725b22087c008d');
INSERT INTO `mx_geometry`(`id`, `crt_dttm`, `crt_user`, `enable_flag`, `last_update_dttm`, `last_update_user`, `version`, `mx_as`, `mx_height`, `mx_relative`, `mx_width`, `mx_x`, `mx_y`, `fk_mx_cell_id`) VALUES ('ff808181725b20fa01725b22087c0090', '2020-05-26 00:00:09', 'admin', b'1', '2020-05-26 00:00:09', 'admin', 0, 'geometry', NULL, '1', NULL, NULL, NULL, 'ff808181725b20fa01725b22087c008f');
INSERT INTO `mx_geometry`(`id`, `crt_dttm`, `crt_user`, `enable_flag`, `last_update_dttm`, `last_update_user`, `version`, `mx_as`, `mx_height`, `mx_relative`, `mx_width`, `mx_x`, `mx_y`, `fk_mx_cell_id`) VALUES ('ff808181725b20fa01725b22087c0092', '2020-05-26 00:00:09', 'admin', b'1', '2020-05-26 00:00:09', 'admin', 0, 'geometry', '20', NULL, '100', '470', '300', 'ff808181725b20fa01725b22087c0091');
INSERT INTO `mx_geometry`(`id`, `crt_dttm`, `crt_user`, `enable_flag`, `last_update_dttm`, `last_update_user`, `version`, `mx_as`, `mx_height`, `mx_relative`, `mx_width`, `mx_x`, `mx_y`, `fk_mx_cell_id`) VALUES ('ff808181725b20fa01725b22087c0095', '2020-05-26 00:00:09', 'admin', b'1', '2020-05-26 00:00:09', 'admin', 0, 'geometry', '30', NULL, '122', '398', '378', 'ff808181725b20fa01725b22087c0094');
INSERT INTO `mx_geometry`(`id`, `crt_dttm`, `crt_user`, `enable_flag`, `last_update_dttm`, `last_update_user`, `version`, `mx_as`, `mx_height`, `mx_relative`, `mx_width`, `mx_x`, `mx_y`, `fk_mx_cell_id`) VALUES ('ff808181725b20fa01725b22087c0097', '2020-05-26 00:00:09', 'admin', b'1', '2020-05-26 00:00:09', 'admin', 0, 'geometry', '30', NULL, '130', '398', '569', 'ff808181725b20fa01725b22087c0096');
INSERT INTO `mx_geometry`(`id`, `crt_dttm`, `crt_user`, `enable_flag`, `last_update_dttm`, `last_update_user`, `version`, `mx_as`, `mx_height`, `mx_relative`, `mx_width`, `mx_x`, `mx_y`, `fk_mx_cell_id`) VALUES ('ff808181725b20fa01725b22087d0099', '2020-05-26 00:00:09', 'admin', b'1', '2020-05-26 00:00:09', 'admin', 0, 'geometry', '66', NULL, '66', '260', '551', 'ff808181725b20fa01725b22087c0098');
INSERT INTO `mx_geometry`(`id`, `crt_dttm`, `crt_user`, `enable_flag`, `last_update_dttm`, `last_update_user`, `version`, `mx_as`, `mx_height`, `mx_relative`, `mx_width`, `mx_x`, `mx_y`, `fk_mx_cell_id`) VALUES ('ff808181725b20fa01725b22087d009b', '2020-05-26 00:00:09', 'admin', b'1', '2020-05-26 00:00:09', 'admin', 0, 'geometry', '66', NULL, '66', '260', '360', 'ff808181725b20fa01725b22087d009a');
INSERT INTO `mx_geometry`(`id`, `crt_dttm`, `crt_user`, `enable_flag`, `last_update_dttm`, `last_update_user`, `version`, `mx_as`, `mx_height`, `mx_relative`, `mx_width`, `mx_x`, `mx_y`, `fk_mx_cell_id`) VALUES ('ff808181725b20fa01725b22088900be', '2020-05-26 00:00:09', 'admin', b'1', '2020-05-26 00:00:09', 'admin', 0, 'geometry', '20', NULL, '180', '560', '417', 'ff808181725b20fa01725b22088900bd');
INSERT INTO `mx_geometry`(`id`, `crt_dttm`, `crt_user`, `enable_flag`, `last_update_dttm`, `last_update_user`, `version`, `mx_as`, `mx_height`, `mx_relative`, `mx_width`, `mx_x`, `mx_y`, `fk_mx_cell_id`) VALUES ('ff808181725b20fa01725b22088900c0', '2020-05-26 00:00:09', 'admin', b'1', '2020-05-26 00:00:09', 'admin', 0, 'geometry', '66', NULL, '66', '360', '570', 'ff808181725b20fa01725b22088900bf');
INSERT INTO `mx_geometry`(`id`, `crt_dttm`, `crt_user`, `enable_flag`, `last_update_dttm`, `last_update_user`, `version`, `mx_as`, `mx_height`, `mx_relative`, `mx_width`, `mx_x`, `mx_y`, `fk_mx_cell_id`) VALUES ('ff808181725b20fa01725b22088a00c2', '2020-05-26 00:00:09', 'admin', b'1', '2020-05-26 00:00:09', 'admin', 0, 'geometry', '20', NULL, '200', '153', '360', 'ff808181725b20fa01725b22088a00c1');
INSERT INTO `mx_geometry`(`id`, `crt_dttm`, `crt_user`, `enable_flag`, `last_update_dttm`, `last_update_user`, `version`, `mx_as`, `mx_height`, `mx_relative`, `mx_width`, `mx_x`, `mx_y`, `fk_mx_cell_id`) VALUES ('ff808181725b20fa01725b22088b00c4', '2020-05-26 00:00:09', 'admin', b'1', '2020-05-26 00:00:09', 'admin', 0, 'geometry', '20', NULL, '250', '460', '200', 'ff808181725b20fa01725b22088a00c3');
INSERT INTO `mx_geometry`(`id`, `crt_dttm`, `crt_user`, `enable_flag`, `last_update_dttm`, `last_update_user`, `version`, `mx_as`, `mx_height`, `mx_relative`, `mx_width`, `mx_x`, `mx_y`, `fk_mx_cell_id`) VALUES ('ff808181725b20fa01725b22088b00c6', '2020-05-26 00:00:09', 'admin', b'1', '2020-05-26 00:00:09', 'admin', 0, 'geometry', '20', NULL, '40', '435', '601', 'ff808181725b20fa01725b22088b00c5');
INSERT INTO `mx_geometry`(`id`, `crt_dttm`, `crt_user`, `enable_flag`, `last_update_dttm`, `last_update_user`, `version`, `mx_as`, `mx_height`, `mx_relative`, `mx_width`, `mx_x`, `mx_y`, `fk_mx_cell_id`) VALUES ('ff808181725b20fa01725b22088b00c8', '2020-05-26 00:00:09', 'admin', b'1', '2020-05-26 00:00:09', 'admin', 0, 'geometry', '20', NULL, '40', '435', '735', 'ff808181725b20fa01725b22088b00c7');
INSERT INTO `mx_geometry`(`id`, `crt_dttm`, `crt_user`, `enable_flag`, `last_update_dttm`, `last_update_user`, `version`, `mx_as`, `mx_height`, `mx_relative`, `mx_width`, `mx_x`, `mx_y`, `fk_mx_cell_id`) VALUES ('ff808181725b20fa01725b22088b00ca', '2020-05-26 00:00:09', 'admin', b'1', '2020-05-26 00:00:09', 'admin', 0, 'geometry', '66', NULL, '66', '529', '840', 'ff808181725b20fa01725b22088b00c9');
INSERT INTO `mx_geometry`(`id`, `crt_dttm`, `crt_user`, `enable_flag`, `last_update_dttm`, `last_update_user`, `version`, `mx_as`, `mx_height`, `mx_relative`, `mx_width`, `mx_x`, `mx_y`, `fk_mx_cell_id`) VALUES ('ff808181725b20fa01725b22088b00cc', '2020-05-26 00:00:09', 'admin', b'1', '2020-05-26 00:00:09', 'admin', 0, 'geometry', '66', NULL, '66', '190', '840', 'ff808181725b20fa01725b22088b00cb');
INSERT INTO `mx_geometry`(`id`, `crt_dttm`, `crt_user`, `enable_flag`, `last_update_dttm`, `last_update_user`, `version`, `mx_as`, `mx_height`, `mx_relative`, `mx_width`, `mx_x`, `mx_y`, `fk_mx_cell_id`) VALUES ('ff808181725b20fa01725b22088b00ce', '2020-05-26 00:00:09', 'admin', b'1', '2020-05-26 00:00:09', 'admin', 0, 'geometry', NULL, '1', NULL, NULL, NULL, 'ff808181725b20fa01725b22088b00cd');
INSERT INTO `mx_geometry`(`id`, `crt_dttm`, `crt_user`, `enable_flag`, `last_update_dttm`, `last_update_user`, `version`, `mx_as`, `mx_height`, `mx_relative`, `mx_width`, `mx_x`, `mx_y`, `fk_mx_cell_id`) VALUES ('ff808181725b20fa01725b22089000d0', '2020-05-26 00:00:09', 'admin', b'1', '2020-05-26 00:00:09', 'admin', 0, 'geometry', NULL, '1', NULL, NULL, NULL, 'ff808181725b20fa01725b22088b00cf');
INSERT INTO `mx_geometry`(`id`, `crt_dttm`, `crt_user`, `enable_flag`, `last_update_dttm`, `last_update_user`, `version`, `mx_as`, `mx_height`, `mx_relative`, `mx_width`, `mx_x`, `mx_y`, `fk_mx_cell_id`) VALUES ('ff808181725b20fa01725b22089000d2', '2020-05-26 00:00:09', 'admin', b'1', '2020-05-26 00:00:09', 'admin', 0, 'geometry', NULL, '1', NULL, NULL, NULL, 'ff808181725b20fa01725b22089000d1');
INSERT INTO `mx_geometry`(`id`, `crt_dttm`, `crt_user`, `enable_flag`, `last_update_dttm`, `last_update_user`, `version`, `mx_as`, `mx_height`, `mx_relative`, `mx_width`, `mx_x`, `mx_y`, `fk_mx_cell_id`) VALUES ('ff808181725b20fa01725b22089000d4', '2020-05-26 00:00:09', 'admin', b'1', '2020-05-26 00:00:09', 'admin', 0, 'geometry', '66', NULL, '66', '360', '840', 'ff808181725b20fa01725b22089000d3');
INSERT INTO `mx_geometry`(`id`, `crt_dttm`, `crt_user`, `enable_flag`, `last_update_dttm`, `last_update_user`, `version`, `mx_as`, `mx_height`, `mx_relative`, `mx_width`, `mx_x`, `mx_y`, `fk_mx_cell_id`) VALUES ('ff808181725b20fa01725b22089000d6', '2020-05-26 00:00:09', 'admin', b'1', '2020-05-26 00:00:09', 'admin', 0, 'geometry', NULL, '1', NULL, NULL, NULL, 'ff808181725b20fa01725b22089000d5');
INSERT INTO `mx_geometry`(`id`, `crt_dttm`, `crt_user`, `enable_flag`, `last_update_dttm`, `last_update_user`, `version`, `mx_as`, `mx_height`, `mx_relative`, `mx_width`, `mx_x`, `mx_y`, `fk_mx_cell_id`) VALUES ('ff808181725b20fa01725b22089000d8', '2020-05-26 00:00:09', 'admin', b'1', '2020-05-26 00:00:09', 'admin', 0, 'geometry', '20', NULL, '80', '610', '870', 'ff808181725b20fa01725b22089000d7');
INSERT INTO `mx_geometry`(`id`, `crt_dttm`, `crt_user`, `enable_flag`, `last_update_dttm`, `last_update_user`, `version`, `mx_as`, `mx_height`, `mx_relative`, `mx_width`, `mx_x`, `mx_y`, `fk_mx_cell_id`) VALUES ('ff808181725b20fa01725b22089100da', '2020-05-26 00:00:09', 'admin', b'1', '2020-05-26 00:00:09', 'admin', 0, 'geometry', '66', NULL, '66', '476', '234', 'ff808181725b20fa01725b22089100d9');
INSERT INTO `mx_geometry`(`id`, `crt_dttm`, `crt_user`, `enable_flag`, `last_update_dttm`, `last_update_user`, `version`, `mx_as`, `mx_height`, `mx_relative`, `mx_width`, `mx_x`, `mx_y`, `fk_mx_cell_id`) VALUES ('ff808181725b20fa01725b22089100dc', '2020-05-26 00:00:09', 'admin', b'1', '2020-05-26 00:00:09', 'admin', 0, 'geometry', NULL, '1', NULL, NULL, NULL, 'ff808181725b20fa01725b22089100db');
INSERT INTO `mx_geometry`(`id`, `crt_dttm`, `crt_user`, `enable_flag`, `last_update_dttm`, `last_update_user`, `version`, `mx_as`, `mx_height`, `mx_relative`, `mx_width`, `mx_x`, `mx_y`, `fk_mx_cell_id`) VALUES ('ff808181725b20fa01725b22089100de', '2020-05-26 00:00:09', 'admin', b'1', '2020-05-26 00:00:09', 'admin', 0, 'geometry', '20', NULL, '90', '426', '870', 'ff808181725b20fa01725b22089100dd');
INSERT INTO `mx_geometry`(`id`, `crt_dttm`, `crt_user`, `enable_flag`, `last_update_dttm`, `last_update_user`, `version`, `mx_as`, `mx_height`, `mx_relative`, `mx_width`, `mx_x`, `mx_y`, `fk_mx_cell_id`) VALUES ('ff808181725b20fa01725b22089100e0', '2020-05-26 00:00:09', 'admin', b'1', '2020-05-26 00:00:09', 'admin', 0, 'geometry', NULL, '1', NULL, NULL, NULL, 'ff808181725b20fa01725b22089100df');
INSERT INTO `mx_geometry`(`id`, `crt_dttm`, `crt_user`, `enable_flag`, `last_update_dttm`, `last_update_user`, `version`, `mx_as`, `mx_height`, `mx_relative`, `mx_width`, `mx_x`, `mx_y`, `fk_mx_cell_id`) VALUES ('ff808181725b20fa01725b22089200e2', '2020-05-26 00:00:09', 'admin', b'1', '2020-05-26 00:00:09', 'admin', 0, 'geometry', '20', NULL, '80', '260', '870', 'ff808181725b20fa01725b22089200e1');
INSERT INTO `mx_geometry`(`id`, `crt_dttm`, `crt_user`, `enable_flag`, `last_update_dttm`, `last_update_user`, `version`, `mx_as`, `mx_height`, `mx_relative`, `mx_width`, `mx_x`, `mx_y`, `fk_mx_cell_id`) VALUES ('ff808181725b20fa01725b22089200e4', '2020-05-26 00:00:09', 'admin', b'1', '2020-05-26 00:00:09', 'admin', 0, 'geometry', '66', NULL, '66', '220', '394', 'ff808181725b20fa01725b22089200e3');
INSERT INTO `mx_geometry`(`id`, `crt_dttm`, `crt_user`, `enable_flag`, `last_update_dttm`, `last_update_user`, `version`, `mx_as`, `mx_height`, `mx_relative`, `mx_width`, `mx_x`, `mx_y`, `fk_mx_cell_id`) VALUES ('ff808181725b20fa01725b22089300e6', '2020-05-26 00:00:09', 'admin', b'1', '2020-05-26 00:00:09', 'admin', 0, 'geometry', NULL, '1', NULL, NULL, NULL, 'ff808181725b20fa01725b22089300e5');
INSERT INTO `mx_geometry`(`id`, `crt_dttm`, `crt_user`, `enable_flag`, `last_update_dttm`, `last_update_user`, `version`, `mx_as`, `mx_height`, `mx_relative`, `mx_width`, `mx_x`, `mx_y`, `fk_mx_cell_id`) VALUES ('ff808181725b20fa01725b22089300e8', '2020-05-26 00:00:09', 'admin', b'1', '2020-05-26 00:00:09', 'admin', 0, 'geometry', '66', NULL, '66', '476', '394', 'ff808181725b20fa01725b22089300e7');
INSERT INTO `mx_geometry`(`id`, `crt_dttm`, `crt_user`, `enable_flag`, `last_update_dttm`, `last_update_user`, `version`, `mx_as`, `mx_height`, `mx_relative`, `mx_width`, `mx_x`, `mx_y`, `fk_mx_cell_id`) VALUES ('ff808181725b20fa01725b22089300ea', '2020-05-26 00:00:09', 'admin', b'1', '2020-05-26 00:00:09', 'admin', 0, 'geometry', '66', NULL, '66', '360', '730', 'ff808181725b20fa01725b22089300e9');
INSERT INTO `mx_geometry`(`id`, `crt_dttm`, `crt_user`, `enable_flag`, `last_update_dttm`, `last_update_user`, `version`, `mx_as`, `mx_height`, `mx_relative`, `mx_width`, `mx_x`, `mx_y`, `fk_mx_cell_id`) VALUES ('ff808181725b20fa01725b22089600f6', '2020-05-26 00:00:09', 'admin', b'1', '2020-05-26 00:00:09', 'admin', 0, 'geometry', '66', NULL, '66', '370', '430', 'ff808181725b20fa01725b22089500f5');
INSERT INTO `mx_geometry`(`id`, `crt_dttm`, `crt_user`, `enable_flag`, `last_update_dttm`, `last_update_user`, `version`, `mx_as`, `mx_height`, `mx_relative`, `mx_width`, `mx_x`, `mx_y`, `fk_mx_cell_id`) VALUES ('ff808181725b20fa01725b22089900f8', '2020-05-26 00:00:09', 'admin', b'1', '2020-05-26 00:00:09', 'admin', 0, 'geometry', '66', NULL, '66', '370', '230', 'ff808181725b20fa01725b22089800f7');
INSERT INTO `mx_geometry`(`id`, `crt_dttm`, `crt_user`, `enable_flag`, `last_update_dttm`, `last_update_user`, `version`, `mx_as`, `mx_height`, `mx_relative`, `mx_width`, `mx_x`, `mx_y`, `fk_mx_cell_id`) VALUES ('ff808181725b20fa01725b22089900fa', '2020-05-26 00:00:09', 'admin', b'1', '2020-05-26 00:00:09', 'admin', 0, 'geometry', NULL, '1', NULL, NULL, NULL, 'ff808181725b20fa01725b22089900f9');
INSERT INTO `mx_geometry`(`id`, `crt_dttm`, `crt_user`, `enable_flag`, `last_update_dttm`, `last_update_user`, `version`, `mx_as`, `mx_height`, `mx_relative`, `mx_width`, `mx_x`, `mx_y`, `fk_mx_cell_id`) VALUES ('ff808181725b20fa01725b22089900fd', '2020-05-26 00:00:09', 'admin', b'1', '2020-05-26 00:00:09', 'admin', 0, 'geometry', '40', NULL, '124', '416', '190', 'ff808181725b20fa01725b22089900fc');
INSERT INTO `mx_geometry`(`id`, `crt_dttm`, `crt_user`, `enable_flag`, `last_update_dttm`, `last_update_user`, `version`, `mx_as`, `mx_height`, `mx_relative`, `mx_width`, `mx_x`, `mx_y`, `fk_mx_cell_id`) VALUES ('ff808181725b20fa01725b22089a00ff', '2020-05-26 00:00:09', 'admin', b'1', '2020-05-26 00:00:09', 'admin', 0, 'geometry', '30', NULL, '90', '416', '396', 'ff808181725b20fa01725b22089a00fe');
INSERT INTO `mx_geometry`(`id`, `crt_dttm`, `crt_user`, `enable_flag`, `last_update_dttm`, `last_update_user`, `version`, `mx_as`, `mx_height`, `mx_relative`, `mx_width`, `mx_x`, `mx_y`, `fk_mx_cell_id`) VALUES ('ff808181725b20fa01725b22089a0101', '2020-05-26 00:00:09', 'admin', b'1', '2020-05-26 00:00:09', 'admin', 0, 'geometry', '66', NULL, '66', '160', '330', 'ff808181725b20fa01725b22089a0100');
INSERT INTO `mx_geometry`(`id`, `crt_dttm`, `crt_user`, `enable_flag`, `last_update_dttm`, `last_update_user`, `version`, `mx_as`, `mx_height`, `mx_relative`, `mx_width`, `mx_x`, `mx_y`, `fk_mx_cell_id`) VALUES ('ff808181725b20fa01725b22089a0103', '2020-05-26 00:00:09', 'admin', b'1', '2020-05-26 00:00:09', 'admin', 0, 'geometry', '66', NULL, '66', '416', '440', 'ff808181725b20fa01725b22089a0102');
INSERT INTO `mx_geometry`(`id`, `crt_dttm`, `crt_user`, `enable_flag`, `last_update_dttm`, `last_update_user`, `version`, `mx_as`, `mx_height`, `mx_relative`, `mx_width`, `mx_x`, `mx_y`, `fk_mx_cell_id`) VALUES ('ff808181725b20fa01725b22089a0105', '2020-05-26 00:00:09', 'admin', b'1', '2020-05-26 00:00:09', 'admin', 0, 'geometry', NULL, '1', NULL, NULL, NULL, 'ff808181725b20fa01725b22089a0104');
INSERT INTO `mx_geometry`(`id`, `crt_dttm`, `crt_user`, `enable_flag`, `last_update_dttm`, `last_update_user`, `version`, `mx_as`, `mx_height`, `mx_relative`, `mx_width`, `mx_x`, `mx_y`, `fk_mx_cell_id`) VALUES ('ff808181725b20fa01725b22089a0107', '2020-05-26 00:00:09', 'admin', b'1', '2020-05-26 00:00:09', 'admin', 0, 'geometry', '66', NULL, '66', '416', '240', 'ff808181725b20fa01725b22089a0106');
INSERT INTO `mx_geometry`(`id`, `crt_dttm`, `crt_user`, `enable_flag`, `last_update_dttm`, `last_update_user`, `version`, `mx_as`, `mx_height`, `mx_relative`, `mx_width`, `mx_x`, `mx_y`, `fk_mx_cell_id`) VALUES ('ff808181725b20fa01725b22089a0109', '2020-05-26 00:00:09', 'admin', b'1', '2020-05-26 00:00:09', 'admin', 0, 'geometry', NULL, '1', NULL, NULL, NULL, 'ff808181725b20fa01725b22089a0108');
INSERT INTO `mx_geometry`(`id`, `crt_dttm`, `crt_user`, `enable_flag`, `last_update_dttm`, `last_update_user`, `version`, `mx_as`, `mx_height`, `mx_relative`, `mx_width`, `mx_x`, `mx_y`, `fk_mx_cell_id`) VALUES ('ff808181725b20fa01725b22089a010b', '2020-05-26 00:00:09', 'admin', b'1', '2020-05-26 00:00:09', 'admin', 0, 'geometry', '30', NULL, '70', '158', '300', 'ff808181725b20fa01725b22089a010a');
INSERT INTO `mx_geometry`(`id`, `crt_dttm`, `crt_user`, `enable_flag`, `last_update_dttm`, `last_update_user`, `version`, `mx_as`, `mx_height`, `mx_relative`, `mx_width`, `mx_x`, `mx_y`, `fk_mx_cell_id`) VALUES ('ff808181725b20fa01725b2208a20143', '2020-05-26 00:00:09', 'admin', b'1', '2020-05-26 00:00:09', 'admin', 0, 'geometry', NULL, '1', NULL, NULL, NULL, 'ff808181725b20fa01725b2208a20142');
INSERT INTO `mx_geometry`(`id`, `crt_dttm`, `crt_user`, `enable_flag`, `last_update_dttm`, `last_update_user`, `version`, `mx_as`, `mx_height`, `mx_relative`, `mx_width`, `mx_x`, `mx_y`, `fk_mx_cell_id`) VALUES ('ff808181725b20fa01725b2208a20145', '2020-05-26 00:00:09', 'admin', b'1', '2020-05-26 00:00:09', 'admin', 0, 'geometry', '66', NULL, '66', '476', '234', 'ff808181725b20fa01725b2208a20144');
INSERT INTO `mx_geometry`(`id`, `crt_dttm`, `crt_user`, `enable_flag`, `last_update_dttm`, `last_update_user`, `version`, `mx_as`, `mx_height`, `mx_relative`, `mx_width`, `mx_x`, `mx_y`, `fk_mx_cell_id`) VALUES ('ff808181725b20fa01725b2208a20147', '2020-05-26 00:00:09', 'admin', b'1', '2020-05-26 00:00:09', 'admin', 0, 'geometry', '66', NULL, '66', '190', '840', 'ff808181725b20fa01725b2208a20146');
INSERT INTO `mx_geometry`(`id`, `crt_dttm`, `crt_user`, `enable_flag`, `last_update_dttm`, `last_update_user`, `version`, `mx_as`, `mx_height`, `mx_relative`, `mx_width`, `mx_x`, `mx_y`, `fk_mx_cell_id`) VALUES ('ff808181725b20fa01725b2208a20149', '2020-05-26 00:00:09', 'admin', b'1', '2020-05-26 00:00:09', 'admin', 0, 'geometry', '66', NULL, '66', '220', '394', 'ff808181725b20fa01725b2208a20148');
INSERT INTO `mx_geometry`(`id`, `crt_dttm`, `crt_user`, `enable_flag`, `last_update_dttm`, `last_update_user`, `version`, `mx_as`, `mx_height`, `mx_relative`, `mx_width`, `mx_x`, `mx_y`, `fk_mx_cell_id`) VALUES ('ff808181725b20fa01725b2208a2014b', '2020-05-26 00:00:09', 'admin', b'1', '2020-05-26 00:00:09', 'admin', 0, 'geometry', '20', NULL, '180', '560', '417', 'ff808181725b20fa01725b2208a2014a');
INSERT INTO `mx_geometry`(`id`, `crt_dttm`, `crt_user`, `enable_flag`, `last_update_dttm`, `last_update_user`, `version`, `mx_as`, `mx_height`, `mx_relative`, `mx_width`, `mx_x`, `mx_y`, `fk_mx_cell_id`) VALUES ('ff808181725b20fa01725b2208a7014d', '2020-05-26 00:00:09', 'admin', b'1', '2020-05-26 00:00:09', 'admin', 0, 'geometry', '66', NULL, '66', '476', '394', 'ff808181725b20fa01725b2208a7014c');
INSERT INTO `mx_geometry`(`id`, `crt_dttm`, `crt_user`, `enable_flag`, `last_update_dttm`, `last_update_user`, `version`, `mx_as`, `mx_height`, `mx_relative`, `mx_width`, `mx_x`, `mx_y`, `fk_mx_cell_id`) VALUES ('ff808181725b20fa01725b2208a7014f', '2020-05-26 00:00:09', 'admin', b'1', '2020-05-26 00:00:09', 'admin', 0, 'geometry', NULL, '1', NULL, NULL, NULL, 'ff808181725b20fa01725b2208a7014e');
INSERT INTO `mx_geometry`(`id`, `crt_dttm`, `crt_user`, `enable_flag`, `last_update_dttm`, `last_update_user`, `version`, `mx_as`, `mx_height`, `mx_relative`, `mx_width`, `mx_x`, `mx_y`, `fk_mx_cell_id`) VALUES ('ff808181725b20fa01725b2208a70151', '2020-05-26 00:00:09', 'admin', b'1', '2020-05-26 00:00:09', 'admin', 0, 'geometry', NULL, '1', NULL, NULL, NULL, 'ff808181725b20fa01725b2208a70150');
INSERT INTO `mx_geometry`(`id`, `crt_dttm`, `crt_user`, `enable_flag`, `last_update_dttm`, `last_update_user`, `version`, `mx_as`, `mx_height`, `mx_relative`, `mx_width`, `mx_x`, `mx_y`, `fk_mx_cell_id`) VALUES ('ff808181725b20fa01725b2208a80153', '2020-05-26 00:00:09', 'admin', b'1', '2020-05-26 00:00:09', 'admin', 0, 'geometry', NULL, '1', NULL, NULL, NULL, 'ff808181725b20fa01725b2208a80152');
INSERT INTO `mx_geometry`(`id`, `crt_dttm`, `crt_user`, `enable_flag`, `last_update_dttm`, `last_update_user`, `version`, `mx_as`, `mx_height`, `mx_relative`, `mx_width`, `mx_x`, `mx_y`, `fk_mx_cell_id`) VALUES ('ff808181725b20fa01725b2208a80155', '2020-05-26 00:00:09', 'admin', b'1', '2020-05-26 00:00:09', 'admin', 0, 'geometry', NULL, '1', NULL, NULL, NULL, 'ff808181725b20fa01725b2208a80154');
INSERT INTO `mx_geometry`(`id`, `crt_dttm`, `crt_user`, `enable_flag`, `last_update_dttm`, `last_update_user`, `version`, `mx_as`, `mx_height`, `mx_relative`, `mx_width`, `mx_x`, `mx_y`, `fk_mx_cell_id`) VALUES ('ff808181725b20fa01725b2208a80157', '2020-05-26 00:00:09', 'admin', b'1', '2020-05-26 00:00:09', 'admin', 0, 'geometry', '20', NULL, '40', '435', '735', 'ff808181725b20fa01725b2208a80156');
INSERT INTO `mx_geometry`(`id`, `crt_dttm`, `crt_user`, `enable_flag`, `last_update_dttm`, `last_update_user`, `version`, `mx_as`, `mx_height`, `mx_relative`, `mx_width`, `mx_x`, `mx_y`, `fk_mx_cell_id`) VALUES ('ff808181725b20fa01725b2208a80159', '2020-05-26 00:00:09', 'admin', b'1', '2020-05-26 00:00:09', 'admin', 0, 'geometry', '20', NULL, '250', '460', '200', 'ff808181725b20fa01725b2208a80158');
INSERT INTO `mx_geometry`(`id`, `crt_dttm`, `crt_user`, `enable_flag`, `last_update_dttm`, `last_update_user`, `version`, `mx_as`, `mx_height`, `mx_relative`, `mx_width`, `mx_x`, `mx_y`, `fk_mx_cell_id`) VALUES ('ff808181725b20fa01725b2208a8015b', '2020-05-26 00:00:09', 'admin', b'1', '2020-05-26 00:00:09', 'admin', 0, 'geometry', NULL, '1', NULL, NULL, NULL, 'ff808181725b20fa01725b2208a8015a');
INSERT INTO `mx_geometry`(`id`, `crt_dttm`, `crt_user`, `enable_flag`, `last_update_dttm`, `last_update_user`, `version`, `mx_as`, `mx_height`, `mx_relative`, `mx_width`, `mx_x`, `mx_y`, `fk_mx_cell_id`) VALUES ('ff808181725b20fa01725b2208a8015d', '2020-05-26 00:00:09', 'admin', b'1', '2020-05-26 00:00:09', 'admin', 0, 'geometry', '66', NULL, '66', '360', '730', 'ff808181725b20fa01725b2208a8015c');
INSERT INTO `mx_geometry`(`id`, `crt_dttm`, `crt_user`, `enable_flag`, `last_update_dttm`, `last_update_user`, `version`, `mx_as`, `mx_height`, `mx_relative`, `mx_width`, `mx_x`, `mx_y`, `fk_mx_cell_id`) VALUES ('ff808181725b20fa01725b2208a8015f', '2020-05-26 00:00:09', 'admin', b'1', '2020-05-26 00:00:09', 'admin', 0, 'geometry', '20', NULL, '200', '153', '360', 'ff808181725b20fa01725b2208a8015e');
INSERT INTO `mx_geometry`(`id`, `crt_dttm`, `crt_user`, `enable_flag`, `last_update_dttm`, `last_update_user`, `version`, `mx_as`, `mx_height`, `mx_relative`, `mx_width`, `mx_x`, `mx_y`, `fk_mx_cell_id`) VALUES ('ff808181725b20fa01725b2208a80161', '2020-05-26 00:00:09', 'admin', b'1', '2020-05-26 00:00:09', 'admin', 0, 'geometry', NULL, '1', NULL, NULL, NULL, 'ff808181725b20fa01725b2208a80160');
INSERT INTO `mx_geometry`(`id`, `crt_dttm`, `crt_user`, `enable_flag`, `last_update_dttm`, `last_update_user`, `version`, `mx_as`, `mx_height`, `mx_relative`, `mx_width`, `mx_x`, `mx_y`, `fk_mx_cell_id`) VALUES ('ff808181725b20fa01725b2208a80163', '2020-05-26 00:00:09', 'admin', b'1', '2020-05-26 00:00:09', 'admin', 0, 'geometry', '66', NULL, '66', '360', '840', 'ff808181725b20fa01725b2208a80162');
INSERT INTO `mx_geometry`(`id`, `crt_dttm`, `crt_user`, `enable_flag`, `last_update_dttm`, `last_update_user`, `version`, `mx_as`, `mx_height`, `mx_relative`, `mx_width`, `mx_x`, `mx_y`, `fk_mx_cell_id`) VALUES ('ff808181725b20fa01725b2208a80165', '2020-05-26 00:00:09', 'admin', b'1', '2020-05-26 00:00:09', 'admin', 0, 'geometry', '66', NULL, '66', '529', '840', 'ff808181725b20fa01725b2208a80164');
INSERT INTO `mx_geometry`(`id`, `crt_dttm`, `crt_user`, `enable_flag`, `last_update_dttm`, `last_update_user`, `version`, `mx_as`, `mx_height`, `mx_relative`, `mx_width`, `mx_x`, `mx_y`, `fk_mx_cell_id`) VALUES ('ff808181725b20fa01725b2208a80167', '2020-05-26 00:00:09', 'admin', b'1', '2020-05-26 00:00:09', 'admin', 0, 'geometry', '20', NULL, '40', '435', '601', 'ff808181725b20fa01725b2208a80166');
INSERT INTO `mx_geometry`(`id`, `crt_dttm`, `crt_user`, `enable_flag`, `last_update_dttm`, `last_update_user`, `version`, `mx_as`, `mx_height`, `mx_relative`, `mx_width`, `mx_x`, `mx_y`, `fk_mx_cell_id`) VALUES ('ff808181725b20fa01725b2208a90169', '2020-05-26 00:00:09', 'admin', b'1', '2020-05-26 00:00:09', 'admin', 0, 'geometry', '66', NULL, '66', '360', '570', 'ff808181725b20fa01725b2208a90168');
INSERT INTO `mx_geometry`(`id`, `crt_dttm`, `crt_user`, `enable_flag`, `last_update_dttm`, `last_update_user`, `version`, `mx_as`, `mx_height`, `mx_relative`, `mx_width`, `mx_x`, `mx_y`, `fk_mx_cell_id`) VALUES ('ff808181725b20fa01725b2208af0188', '2020-05-26 00:00:09', 'admin', b'1', '2020-05-26 00:00:09', 'admin', 0, 'geometry', NULL, '1', NULL, NULL, NULL, 'ff808181725b20fa01725b2208af0187');
INSERT INTO `mx_geometry`(`id`, `crt_dttm`, `crt_user`, `enable_flag`, `last_update_dttm`, `last_update_user`, `version`, `mx_as`, `mx_height`, `mx_relative`, `mx_width`, `mx_x`, `mx_y`, `fk_mx_cell_id`) VALUES ('ff808181725b20fa01725b2208af018a', '2020-05-26 00:00:09', 'admin', b'1', '2020-05-26 00:00:09', 'admin', 0, 'geometry', '66', NULL, '66', '476', '234', 'ff808181725b20fa01725b2208af0189');
INSERT INTO `mx_geometry`(`id`, `crt_dttm`, `crt_user`, `enable_flag`, `last_update_dttm`, `last_update_user`, `version`, `mx_as`, `mx_height`, `mx_relative`, `mx_width`, `mx_x`, `mx_y`, `fk_mx_cell_id`) VALUES ('ff808181725b20fa01725b2208af018c', '2020-05-26 00:00:09', 'admin', b'1', '2020-05-26 00:00:09', 'admin', 0, 'geometry', '66', NULL, '66', '190', '840', 'ff808181725b20fa01725b2208af018b');
INSERT INTO `mx_geometry`(`id`, `crt_dttm`, `crt_user`, `enable_flag`, `last_update_dttm`, `last_update_user`, `version`, `mx_as`, `mx_height`, `mx_relative`, `mx_width`, `mx_x`, `mx_y`, `fk_mx_cell_id`) VALUES ('ff808181725b20fa01725b2208af018e', '2020-05-26 00:00:09', 'admin', b'1', '2020-05-26 00:00:09', 'admin', 0, 'geometry', '66', NULL, '66', '220', '394', 'ff808181725b20fa01725b2208af018d');
INSERT INTO `mx_geometry`(`id`, `crt_dttm`, `crt_user`, `enable_flag`, `last_update_dttm`, `last_update_user`, `version`, `mx_as`, `mx_height`, `mx_relative`, `mx_width`, `mx_x`, `mx_y`, `fk_mx_cell_id`) VALUES ('ff808181725b20fa01725b2208af0190', '2020-05-26 00:00:09', 'admin', b'1', '2020-05-26 00:00:09', 'admin', 0, 'geometry', '20', NULL, '180', '560', '417', 'ff808181725b20fa01725b2208af018f');
INSERT INTO `mx_geometry`(`id`, `crt_dttm`, `crt_user`, `enable_flag`, `last_update_dttm`, `last_update_user`, `version`, `mx_as`, `mx_height`, `mx_relative`, `mx_width`, `mx_x`, `mx_y`, `fk_mx_cell_id`) VALUES ('ff808181725b20fa01725b2208af0192', '2020-05-26 00:00:09', 'admin', b'1', '2020-05-26 00:00:09', 'admin', 0, 'geometry', '66', NULL, '66', '476', '394', 'ff808181725b20fa01725b2208af0191');
INSERT INTO `mx_geometry`(`id`, `crt_dttm`, `crt_user`, `enable_flag`, `last_update_dttm`, `last_update_user`, `version`, `mx_as`, `mx_height`, `mx_relative`, `mx_width`, `mx_x`, `mx_y`, `fk_mx_cell_id`) VALUES ('ff808181725b20fa01725b2208af0194', '2020-05-26 00:00:09', 'admin', b'1', '2020-05-26 00:00:09', 'admin', 0, 'geometry', NULL, '1', NULL, NULL, NULL, 'ff808181725b20fa01725b2208af0193');
INSERT INTO `mx_geometry`(`id`, `crt_dttm`, `crt_user`, `enable_flag`, `last_update_dttm`, `last_update_user`, `version`, `mx_as`, `mx_height`, `mx_relative`, `mx_width`, `mx_x`, `mx_y`, `fk_mx_cell_id`) VALUES ('ff808181725b20fa01725b2208af0196', '2020-05-26 00:00:09', 'admin', b'1', '2020-05-26 00:00:09', 'admin', 0, 'geometry', NULL, '1', NULL, NULL, NULL, 'ff808181725b20fa01725b2208af0195');
INSERT INTO `mx_geometry`(`id`, `crt_dttm`, `crt_user`, `enable_flag`, `last_update_dttm`, `last_update_user`, `version`, `mx_as`, `mx_height`, `mx_relative`, `mx_width`, `mx_x`, `mx_y`, `fk_mx_cell_id`) VALUES ('ff808181725b20fa01725b2208af0198', '2020-05-26 00:00:09', 'admin', b'1', '2020-05-26 00:00:09', 'admin', 0, 'geometry', NULL, '1', NULL, NULL, NULL, 'ff808181725b20fa01725b2208af0197');
INSERT INTO `mx_geometry`(`id`, `crt_dttm`, `crt_user`, `enable_flag`, `last_update_dttm`, `last_update_user`, `version`, `mx_as`, `mx_height`, `mx_relative`, `mx_width`, `mx_x`, `mx_y`, `fk_mx_cell_id`) VALUES ('ff808181725b20fa01725b2208af019a', '2020-05-26 00:00:09', 'admin', b'1', '2020-05-26 00:00:09', 'admin', 0, 'geometry', NULL, '1', NULL, NULL, NULL, 'ff808181725b20fa01725b2208af0199');
INSERT INTO `mx_geometry`(`id`, `crt_dttm`, `crt_user`, `enable_flag`, `last_update_dttm`, `last_update_user`, `version`, `mx_as`, `mx_height`, `mx_relative`, `mx_width`, `mx_x`, `mx_y`, `fk_mx_cell_id`) VALUES ('ff808181725b20fa01725b2208af019c', '2020-05-26 00:00:09', 'admin', b'1', '2020-05-26 00:00:09', 'admin', 0, 'geometry', '20', NULL, '40', '435', '735', 'ff808181725b20fa01725b2208af019b');
INSERT INTO `mx_geometry`(`id`, `crt_dttm`, `crt_user`, `enable_flag`, `last_update_dttm`, `last_update_user`, `version`, `mx_as`, `mx_height`, `mx_relative`, `mx_width`, `mx_x`, `mx_y`, `fk_mx_cell_id`) VALUES ('ff808181725b20fa01725b2208af019e', '2020-05-26 00:00:09', 'admin', b'1', '2020-05-26 00:00:09', 'admin', 0, 'geometry', '20', NULL, '250', '460', '200', 'ff808181725b20fa01725b2208af019d');
INSERT INTO `mx_geometry`(`id`, `crt_dttm`, `crt_user`, `enable_flag`, `last_update_dttm`, `last_update_user`, `version`, `mx_as`, `mx_height`, `mx_relative`, `mx_width`, `mx_x`, `mx_y`, `fk_mx_cell_id`) VALUES ('ff808181725b20fa01725b2208b001a0', '2020-05-26 00:00:09', 'admin', b'1', '2020-05-26 00:00:09', 'admin', 0, 'geometry', NULL, '1', NULL, NULL, NULL, 'ff808181725b20fa01725b2208b0019f');
INSERT INTO `mx_geometry`(`id`, `crt_dttm`, `crt_user`, `enable_flag`, `last_update_dttm`, `last_update_user`, `version`, `mx_as`, `mx_height`, `mx_relative`, `mx_width`, `mx_x`, `mx_y`, `fk_mx_cell_id`) VALUES ('ff808181725b20fa01725b2208b001a2', '2020-05-26 00:00:09', 'admin', b'1', '2020-05-26 00:00:09', 'admin', 0, 'geometry', '66', NULL, '66', '360', '730', 'ff808181725b20fa01725b2208b001a1');
INSERT INTO `mx_geometry`(`id`, `crt_dttm`, `crt_user`, `enable_flag`, `last_update_dttm`, `last_update_user`, `version`, `mx_as`, `mx_height`, `mx_relative`, `mx_width`, `mx_x`, `mx_y`, `fk_mx_cell_id`) VALUES ('ff808181725b20fa01725b2208b001a4', '2020-05-26 00:00:09', 'admin', b'1', '2020-05-26 00:00:09', 'admin', 0, 'geometry', '20', NULL, '200', '153', '360', 'ff808181725b20fa01725b2208b001a3');
INSERT INTO `mx_geometry`(`id`, `crt_dttm`, `crt_user`, `enable_flag`, `last_update_dttm`, `last_update_user`, `version`, `mx_as`, `mx_height`, `mx_relative`, `mx_width`, `mx_x`, `mx_y`, `fk_mx_cell_id`) VALUES ('ff808181725b20fa01725b2208b001a6', '2020-05-26 00:00:09', 'admin', b'1', '2020-05-26 00:00:09', 'admin', 0, 'geometry', NULL, '1', NULL, NULL, NULL, 'ff808181725b20fa01725b2208b001a5');
INSERT INTO `mx_geometry`(`id`, `crt_dttm`, `crt_user`, `enable_flag`, `last_update_dttm`, `last_update_user`, `version`, `mx_as`, `mx_height`, `mx_relative`, `mx_width`, `mx_x`, `mx_y`, `fk_mx_cell_id`) VALUES ('ff808181725b20fa01725b2208b001a8', '2020-05-26 00:00:09', 'admin', b'1', '2020-05-26 00:00:09', 'admin', 0, 'geometry', '66', NULL, '66', '360', '840', 'ff808181725b20fa01725b2208b001a7');
INSERT INTO `mx_geometry`(`id`, `crt_dttm`, `crt_user`, `enable_flag`, `last_update_dttm`, `last_update_user`, `version`, `mx_as`, `mx_height`, `mx_relative`, `mx_width`, `mx_x`, `mx_y`, `fk_mx_cell_id`) VALUES ('ff808181725b20fa01725b2208b001aa', '2020-05-26 00:00:09', 'admin', b'1', '2020-05-26 00:00:09', 'admin', 0, 'geometry', '66', NULL, '66', '529', '840', 'ff808181725b20fa01725b2208b001a9');
INSERT INTO `mx_geometry`(`id`, `crt_dttm`, `crt_user`, `enable_flag`, `last_update_dttm`, `last_update_user`, `version`, `mx_as`, `mx_height`, `mx_relative`, `mx_width`, `mx_x`, `mx_y`, `fk_mx_cell_id`) VALUES ('ff808181725b20fa01725b2208b001ac', '2020-05-26 00:00:09', 'admin', b'1', '2020-05-26 00:00:09', 'admin', 0, 'geometry', '20', NULL, '40', '435', '601', 'ff808181725b20fa01725b2208b001ab');
INSERT INTO `mx_geometry`(`id`, `crt_dttm`, `crt_user`, `enable_flag`, `last_update_dttm`, `last_update_user`, `version`, `mx_as`, `mx_height`, `mx_relative`, `mx_width`, `mx_x`, `mx_y`, `fk_mx_cell_id`) VALUES ('ff808181725b20fa01725b2208b001ae', '2020-05-26 00:00:09', 'admin', b'1', '2020-05-26 00:00:09', 'admin', 0, 'geometry', '66', NULL, '66', '360', '570', 'ff808181725b20fa01725b2208b001ad');
INSERT INTO `mx_geometry`(`id`, `crt_dttm`, `crt_user`, `enable_flag`, `last_update_dttm`, `last_update_user`, `version`, `mx_as`, `mx_height`, `mx_relative`, `mx_width`, `mx_x`, `mx_y`, `fk_mx_cell_id`) VALUES ('ff808181725b20fa01725b2208b101cd', '2020-05-26 00:00:09', 'admin', b'1', '2020-05-26 00:00:09', 'admin', 0, 'geometry', NULL, '1', NULL, NULL, NULL, 'ff808181725b20fa01725b2208b101cc');
INSERT INTO `mx_geometry`(`id`, `crt_dttm`, `crt_user`, `enable_flag`, `last_update_dttm`, `last_update_user`, `version`, `mx_as`, `mx_height`, `mx_relative`, `mx_width`, `mx_x`, `mx_y`, `fk_mx_cell_id`) VALUES ('ff808181725b20fa01725b2208b101cf', '2020-05-26 00:00:09', 'admin', b'1', '2020-05-26 00:00:09', 'admin', 0, 'geometry', '66', NULL, '66', '476', '234', 'ff808181725b20fa01725b2208b101ce');
INSERT INTO `mx_geometry`(`id`, `crt_dttm`, `crt_user`, `enable_flag`, `last_update_dttm`, `last_update_user`, `version`, `mx_as`, `mx_height`, `mx_relative`, `mx_width`, `mx_x`, `mx_y`, `fk_mx_cell_id`) VALUES ('ff808181725b20fa01725b2208b101d1', '2020-05-26 00:00:09', 'admin', b'1', '2020-05-26 00:00:09', 'admin', 0, 'geometry', '66', NULL, '66', '190', '840', 'ff808181725b20fa01725b2208b101d0');
INSERT INTO `mx_geometry`(`id`, `crt_dttm`, `crt_user`, `enable_flag`, `last_update_dttm`, `last_update_user`, `version`, `mx_as`, `mx_height`, `mx_relative`, `mx_width`, `mx_x`, `mx_y`, `fk_mx_cell_id`) VALUES ('ff808181725b20fa01725b2208b101d3', '2020-05-26 00:00:09', 'admin', b'1', '2020-05-26 00:00:09', 'admin', 0, 'geometry', '66', NULL, '66', '220', '394', 'ff808181725b20fa01725b2208b101d2');
INSERT INTO `mx_geometry`(`id`, `crt_dttm`, `crt_user`, `enable_flag`, `last_update_dttm`, `last_update_user`, `version`, `mx_as`, `mx_height`, `mx_relative`, `mx_width`, `mx_x`, `mx_y`, `fk_mx_cell_id`) VALUES ('ff808181725b20fa01725b2208b501d5', '2020-05-26 00:00:09', 'admin', b'1', '2020-05-26 00:00:09', 'admin', 0, 'geometry', '20', NULL, '180', '560', '417', 'ff808181725b20fa01725b2208b501d4');
INSERT INTO `mx_geometry`(`id`, `crt_dttm`, `crt_user`, `enable_flag`, `last_update_dttm`, `last_update_user`, `version`, `mx_as`, `mx_height`, `mx_relative`, `mx_width`, `mx_x`, `mx_y`, `fk_mx_cell_id`) VALUES ('ff808181725b20fa01725b2208b501d7', '2020-05-26 00:00:09', 'admin', b'1', '2020-05-26 00:00:09', 'admin', 0, 'geometry', '66', NULL, '66', '476', '394', 'ff808181725b20fa01725b2208b501d6');
INSERT INTO `mx_geometry`(`id`, `crt_dttm`, `crt_user`, `enable_flag`, `last_update_dttm`, `last_update_user`, `version`, `mx_as`, `mx_height`, `mx_relative`, `mx_width`, `mx_x`, `mx_y`, `fk_mx_cell_id`) VALUES ('ff808181725b20fa01725b2208b601d9', '2020-05-26 00:00:09', 'admin', b'1', '2020-05-26 00:00:09', 'admin', 0, 'geometry', NULL, '1', NULL, NULL, NULL, 'ff808181725b20fa01725b2208b501d8');
INSERT INTO `mx_geometry`(`id`, `crt_dttm`, `crt_user`, `enable_flag`, `last_update_dttm`, `last_update_user`, `version`, `mx_as`, `mx_height`, `mx_relative`, `mx_width`, `mx_x`, `mx_y`, `fk_mx_cell_id`) VALUES ('ff808181725b20fa01725b2208b601db', '2020-05-26 00:00:09', 'admin', b'1', '2020-05-26 00:00:09', 'admin', 0, 'geometry', NULL, '1', NULL, NULL, NULL, 'ff808181725b20fa01725b2208b601da');
INSERT INTO `mx_geometry`(`id`, `crt_dttm`, `crt_user`, `enable_flag`, `last_update_dttm`, `last_update_user`, `version`, `mx_as`, `mx_height`, `mx_relative`, `mx_width`, `mx_x`, `mx_y`, `fk_mx_cell_id`) VALUES ('ff808181725b20fa01725b2208b601dd', '2020-05-26 00:00:09', 'admin', b'1', '2020-05-26 00:00:09', 'admin', 0, 'geometry', NULL, '1', NULL, NULL, NULL, 'ff808181725b20fa01725b2208b601dc');
INSERT INTO `mx_geometry`(`id`, `crt_dttm`, `crt_user`, `enable_flag`, `last_update_dttm`, `last_update_user`, `version`, `mx_as`, `mx_height`, `mx_relative`, `mx_width`, `mx_x`, `mx_y`, `fk_mx_cell_id`) VALUES ('ff808181725b20fa01725b2208b601df', '2020-05-26 00:00:09', 'admin', b'1', '2020-05-26 00:00:09', 'admin', 0, 'geometry', NULL, '1', NULL, NULL, NULL, 'ff808181725b20fa01725b2208b601de');
INSERT INTO `mx_geometry`(`id`, `crt_dttm`, `crt_user`, `enable_flag`, `last_update_dttm`, `last_update_user`, `version`, `mx_as`, `mx_height`, `mx_relative`, `mx_width`, `mx_x`, `mx_y`, `fk_mx_cell_id`) VALUES ('ff808181725b20fa01725b2208b601e1', '2020-05-26 00:00:09', 'admin', b'1', '2020-05-26 00:00:09', 'admin', 0, 'geometry', '20', NULL, '40', '435', '735', 'ff808181725b20fa01725b2208b601e0');
INSERT INTO `mx_geometry`(`id`, `crt_dttm`, `crt_user`, `enable_flag`, `last_update_dttm`, `last_update_user`, `version`, `mx_as`, `mx_height`, `mx_relative`, `mx_width`, `mx_x`, `mx_y`, `fk_mx_cell_id`) VALUES ('ff808181725b20fa01725b2208b601e3', '2020-05-26 00:00:09', 'admin', b'1', '2020-05-26 00:00:09', 'admin', 0, 'geometry', '20', NULL, '250', '460', '200', 'ff808181725b20fa01725b2208b601e2');
INSERT INTO `mx_geometry`(`id`, `crt_dttm`, `crt_user`, `enable_flag`, `last_update_dttm`, `last_update_user`, `version`, `mx_as`, `mx_height`, `mx_relative`, `mx_width`, `mx_x`, `mx_y`, `fk_mx_cell_id`) VALUES ('ff808181725b20fa01725b2208b601e5', '2020-05-26 00:00:09', 'admin', b'1', '2020-05-26 00:00:09', 'admin', 0, 'geometry', NULL, '1', NULL, NULL, NULL, 'ff808181725b20fa01725b2208b601e4');
INSERT INTO `mx_geometry`(`id`, `crt_dttm`, `crt_user`, `enable_flag`, `last_update_dttm`, `last_update_user`, `version`, `mx_as`, `mx_height`, `mx_relative`, `mx_width`, `mx_x`, `mx_y`, `fk_mx_cell_id`) VALUES ('ff808181725b20fa01725b2208b601e7', '2020-05-26 00:00:09', 'admin', b'1', '2020-05-26 00:00:09', 'admin', 0, 'geometry', '66', NULL, '66', '360', '730', 'ff808181725b20fa01725b2208b601e6');
INSERT INTO `mx_geometry`(`id`, `crt_dttm`, `crt_user`, `enable_flag`, `last_update_dttm`, `last_update_user`, `version`, `mx_as`, `mx_height`, `mx_relative`, `mx_width`, `mx_x`, `mx_y`, `fk_mx_cell_id`) VALUES ('ff808181725b20fa01725b2208b601e9', '2020-05-26 00:00:09', 'admin', b'1', '2020-05-26 00:00:09', 'admin', 0, 'geometry', '20', NULL, '200', '153', '360', 'ff808181725b20fa01725b2208b601e8');
INSERT INTO `mx_geometry`(`id`, `crt_dttm`, `crt_user`, `enable_flag`, `last_update_dttm`, `last_update_user`, `version`, `mx_as`, `mx_height`, `mx_relative`, `mx_width`, `mx_x`, `mx_y`, `fk_mx_cell_id`) VALUES ('ff808181725b20fa01725b2208b601eb', '2020-05-26 00:00:09', 'admin', b'1', '2020-05-26 00:00:09', 'admin', 0, 'geometry', NULL, '1', NULL, NULL, NULL, 'ff808181725b20fa01725b2208b601ea');
INSERT INTO `mx_geometry`(`id`, `crt_dttm`, `crt_user`, `enable_flag`, `last_update_dttm`, `last_update_user`, `version`, `mx_as`, `mx_height`, `mx_relative`, `mx_width`, `mx_x`, `mx_y`, `fk_mx_cell_id`) VALUES ('ff808181725b20fa01725b2208b601ed', '2020-05-26 00:00:09', 'admin', b'1', '2020-05-26 00:00:09', 'admin', 0, 'geometry', '66', NULL, '66', '360', '840', 'ff808181725b20fa01725b2208b601ec');
INSERT INTO `mx_geometry`(`id`, `crt_dttm`, `crt_user`, `enable_flag`, `last_update_dttm`, `last_update_user`, `version`, `mx_as`, `mx_height`, `mx_relative`, `mx_width`, `mx_x`, `mx_y`, `fk_mx_cell_id`) VALUES ('ff808181725b20fa01725b2208b601ef', '2020-05-26 00:00:09', 'admin', b'1', '2020-05-26 00:00:09', 'admin', 0, 'geometry', '66', NULL, '66', '529', '840', 'ff808181725b20fa01725b2208b601ee');
INSERT INTO `mx_geometry`(`id`, `crt_dttm`, `crt_user`, `enable_flag`, `last_update_dttm`, `last_update_user`, `version`, `mx_as`, `mx_height`, `mx_relative`, `mx_width`, `mx_x`, `mx_y`, `fk_mx_cell_id`) VALUES ('ff808181725b20fa01725b2208b601f1', '2020-05-26 00:00:09', 'admin', b'1', '2020-05-26 00:00:09', 'admin', 0, 'geometry', '20', NULL, '40', '435', '601', 'ff808181725b20fa01725b2208b601f0');
INSERT INTO `mx_geometry`(`id`, `crt_dttm`, `crt_user`, `enable_flag`, `last_update_dttm`, `last_update_user`, `version`, `mx_as`, `mx_height`, `mx_relative`, `mx_width`, `mx_x`, `mx_y`, `fk_mx_cell_id`) VALUES ('ff808181725b20fa01725b2208b601f3', '2020-05-26 00:00:09', 'admin', b'1', '2020-05-26 00:00:09', 'admin', 0, 'geometry', '66', NULL, '66', '360', '570', 'ff808181725b20fa01725b2208b601f2');
INSERT INTO `mx_geometry`(`id`, `crt_dttm`, `crt_user`, `enable_flag`, `last_update_dttm`, `last_update_user`, `version`, `mx_as`, `mx_height`, `mx_relative`, `mx_width`, `mx_x`, `mx_y`, `fk_mx_cell_id`) VALUES ('ff808181725b20fa01725b2208bf01f7', '2020-05-26 00:00:09', 'admin', b'1', '2020-05-26 00:00:09', 'admin', 0, 'geometry', '30', NULL, '80', '-90', '270', 'ff808181725b20fa01725b2208bf01f6');
INSERT INTO `mx_geometry`(`id`, `crt_dttm`, `crt_user`, `enable_flag`, `last_update_dttm`, `last_update_user`, `version`, `mx_as`, `mx_height`, `mx_relative`, `mx_width`, `mx_x`, `mx_y`, `fk_mx_cell_id`) VALUES ('ff808181725b20fa01725b2208bf01f9', '2020-05-26 00:00:09', 'admin', b'1', '2020-05-26 00:00:09', 'admin', 0, 'geometry', '66', NULL, '66', '200', '366', 'ff808181725b20fa01725b2208bf01f8');
INSERT INTO `mx_geometry`(`id`, `crt_dttm`, `crt_user`, `enable_flag`, `last_update_dttm`, `last_update_user`, `version`, `mx_as`, `mx_height`, `mx_relative`, `mx_width`, `mx_x`, `mx_y`, `fk_mx_cell_id`) VALUES ('ff808181725b20fa01725b2208bf01fb', '2020-05-26 00:00:09', 'admin', b'1', '2020-05-26 00:00:09', 'admin', 0, 'geometry', NULL, '1', NULL, NULL, NULL, 'ff808181725b20fa01725b2208bf01fa');
INSERT INTO `mx_geometry`(`id`, `crt_dttm`, `crt_user`, `enable_flag`, `last_update_dttm`, `last_update_user`, `version`, `mx_as`, `mx_height`, `mx_relative`, `mx_width`, `mx_x`, `mx_y`, `fk_mx_cell_id`) VALUES ('ff808181725b20fa01725b2208bf01fd', '2020-05-26 00:00:09', 'admin', b'1', '2020-05-26 00:00:09', 'admin', 0, 'geometry', NULL, '1', NULL, NULL, NULL, 'ff808181725b20fa01725b2208bf01fc');
INSERT INTO `mx_geometry`(`id`, `crt_dttm`, `crt_user`, `enable_flag`, `last_update_dttm`, `last_update_user`, `version`, `mx_as`, `mx_height`, `mx_relative`, `mx_width`, `mx_x`, `mx_y`, `fk_mx_cell_id`) VALUES ('ff808181725b20fa01725b2208c201ff', '2020-05-26 00:00:09', 'admin', b'1', '2020-05-26 00:00:09', 'admin', 0, 'geometry', NULL, '1', NULL, NULL, NULL, 'ff808181725b20fa01725b2208bf01fe');
INSERT INTO `mx_geometry`(`id`, `crt_dttm`, `crt_user`, `enable_flag`, `last_update_dttm`, `last_update_user`, `version`, `mx_as`, `mx_height`, `mx_relative`, `mx_width`, `mx_x`, `mx_y`, `fk_mx_cell_id`) VALUES ('ff808181725b20fa01725b2208ca0201', '2020-05-26 00:00:09', 'admin', b'1', '2020-05-26 00:00:09', 'admin', 0, 'geometry', NULL, '1', NULL, NULL, NULL, 'ff808181725b20fa01725b2208c30200');
INSERT INTO `mx_geometry`(`id`, `crt_dttm`, `crt_user`, `enable_flag`, `last_update_dttm`, `last_update_user`, `version`, `mx_as`, `mx_height`, `mx_relative`, `mx_width`, `mx_x`, `mx_y`, `fk_mx_cell_id`) VALUES ('ff808181725b20fa01725b2208cb0203', '2020-05-26 00:00:09', 'admin', b'1', '2020-05-26 00:00:09', 'admin', 0, 'geometry', '66', NULL, '66', '200', '200', 'ff808181725b20fa01725b2208cb0202');
INSERT INTO `mx_geometry`(`id`, `crt_dttm`, `crt_user`, `enable_flag`, `last_update_dttm`, `last_update_user`, `version`, `mx_as`, `mx_height`, `mx_relative`, `mx_width`, `mx_x`, `mx_y`, `fk_mx_cell_id`) VALUES ('ff808181725b20fa01725b2208cb0205', '2020-05-26 00:00:09', 'admin', b'1', '2020-05-26 00:00:09', 'admin', 0, 'geometry', '66', NULL, '66', '-83', '440', 'ff808181725b20fa01725b2208cb0204');
INSERT INTO `mx_geometry`(`id`, `crt_dttm`, `crt_user`, `enable_flag`, `last_update_dttm`, `last_update_user`, `version`, `mx_as`, `mx_height`, `mx_relative`, `mx_width`, `mx_x`, `mx_y`, `fk_mx_cell_id`) VALUES ('ff808181725b20fa01725b2208cb0207', '2020-05-26 00:00:09', 'admin', b'1', '2020-05-26 00:00:09', 'admin', 0, 'geometry', '66', NULL, '66', '432', '200', 'ff808181725b20fa01725b2208cb0206');
INSERT INTO `mx_geometry`(`id`, `crt_dttm`, `crt_user`, `enable_flag`, `last_update_dttm`, `last_update_user`, `version`, `mx_as`, `mx_height`, `mx_relative`, `mx_width`, `mx_x`, `mx_y`, `fk_mx_cell_id`) VALUES ('ff808181725b20fa01725b2208cb0209', '2020-05-26 00:00:09', 'admin', b'1', '2020-05-26 00:00:09', 'admin', 0, 'geometry', '66', NULL, '66', '-348', '440', 'ff808181725b20fa01725b2208cb0208');
INSERT INTO `mx_geometry`(`id`, `crt_dttm`, `crt_user`, `enable_flag`, `last_update_dttm`, `last_update_user`, `version`, `mx_as`, `mx_height`, `mx_relative`, `mx_width`, `mx_x`, `mx_y`, `fk_mx_cell_id`) VALUES ('ff808181725b20fa01725b2208cb020b', '2020-05-26 00:00:09', 'admin', b'1', '2020-05-26 00:00:09', 'admin', 0, 'geometry', '66', NULL, '66', '-83', '600', 'ff808181725b20fa01725b2208cb020a');
INSERT INTO `mx_geometry`(`id`, `crt_dttm`, `crt_user`, `enable_flag`, `last_update_dttm`, `last_update_user`, `version`, `mx_as`, `mx_height`, `mx_relative`, `mx_width`, `mx_x`, `mx_y`, `fk_mx_cell_id`) VALUES ('ff808181725b20fa01725b2208cb020d', '2020-05-26 00:00:09', 'admin', b'1', '2020-05-26 00:00:09', 'admin', 0, 'geometry', NULL, '1', NULL, NULL, NULL, 'ff808181725b20fa01725b2208cb020c');
INSERT INTO `mx_geometry`(`id`, `crt_dttm`, `crt_user`, `enable_flag`, `last_update_dttm`, `last_update_user`, `version`, `mx_as`, `mx_height`, `mx_relative`, `mx_width`, `mx_x`, `mx_y`, `fk_mx_cell_id`) VALUES ('ff808181725b20fa01725b2208cb020f', '2020-05-26 00:00:09', 'admin', b'1', '2020-05-26 00:00:09', 'admin', 0, 'geometry', '30', NULL, '70', '-350', '130', 'ff808181725b20fa01725b2208cb020e');
INSERT INTO `mx_geometry`(`id`, `crt_dttm`, `crt_user`, `enable_flag`, `last_update_dttm`, `last_update_user`, `version`, `mx_as`, `mx_height`, `mx_relative`, `mx_width`, `mx_x`, `mx_y`, `fk_mx_cell_id`) VALUES ('ff808181725b20fa01725b2208cb0211', '2020-05-26 00:00:09', 'admin', b'1', '2020-05-26 00:00:09', 'admin', 0, 'geometry', NULL, '1', NULL, NULL, NULL, 'ff808181725b20fa01725b2208cb0210');
INSERT INTO `mx_geometry`(`id`, `crt_dttm`, `crt_user`, `enable_flag`, `last_update_dttm`, `last_update_user`, `version`, `mx_as`, `mx_height`, `mx_relative`, `mx_width`, `mx_x`, `mx_y`, `fk_mx_cell_id`) VALUES ('ff808181725b20fa01725b2208cb0213', '2020-05-26 00:00:09', 'admin', b'1', '2020-05-26 00:00:09', 'admin', 0, 'geometry', '66', NULL, '66', '-83', '300', 'ff808181725b20fa01725b2208cb0212');
INSERT INTO `mx_geometry`(`id`, `crt_dttm`, `crt_user`, `enable_flag`, `last_update_dttm`, `last_update_user`, `version`, `mx_as`, `mx_height`, `mx_relative`, `mx_width`, `mx_x`, `mx_y`, `fk_mx_cell_id`) VALUES ('ff808181725b20fa01725b2208cb0215', '2020-05-26 00:00:09', 'admin', b'1', '2020-05-26 00:00:09', 'admin', 0, 'geometry', '66', NULL, '66', '-560', '290', 'ff808181725b20fa01725b2208cb0214');
INSERT INTO `mx_geometry`(`id`, `crt_dttm`, `crt_user`, `enable_flag`, `last_update_dttm`, `last_update_user`, `version`, `mx_as`, `mx_height`, `mx_relative`, `mx_width`, `mx_x`, `mx_y`, `fk_mx_cell_id`) VALUES ('ff808181725b20fa01725b2208cb0217', '2020-05-26 00:00:09', 'admin', b'1', '2020-05-26 00:00:09', 'admin', 0, 'geometry', '66', NULL, '66', '-350', '190', 'ff808181725b20fa01725b2208cb0216');
INSERT INTO `mx_geometry`(`id`, `crt_dttm`, `crt_user`, `enable_flag`, `last_update_dttm`, `last_update_user`, `version`, `mx_as`, `mx_height`, `mx_relative`, `mx_width`, `mx_x`, `mx_y`, `fk_mx_cell_id`) VALUES ('ff808181725b20fa01725b2208cb0219', '2020-05-26 00:00:09', 'admin', b'1', '2020-05-26 00:00:09', 'admin', 0, 'geometry', NULL, '1', NULL, NULL, NULL, 'ff808181725b20fa01725b2208cb0218');
INSERT INTO `mx_geometry`(`id`, `crt_dttm`, `crt_user`, `enable_flag`, `last_update_dttm`, `last_update_user`, `version`, `mx_as`, `mx_height`, `mx_relative`, `mx_width`, `mx_x`, `mx_y`, `fk_mx_cell_id`) VALUES ('ff808181725b20fa01725b2208cb021b', '2020-05-26 00:00:09', 'admin', b'1', '2020-05-26 00:00:09', 'admin', 0, 'geometry', NULL, '1', NULL, NULL, NULL, 'ff808181725b20fa01725b2208cb021a');
INSERT INTO `mx_geometry`(`id`, `crt_dttm`, `crt_user`, `enable_flag`, `last_update_dttm`, `last_update_user`, `version`, `mx_as`, `mx_height`, `mx_relative`, `mx_width`, `mx_x`, `mx_y`, `fk_mx_cell_id`) VALUES ('ff808181725b20fa01725b2208cb021d', '2020-05-26 00:00:09', 'admin', b'1', '2020-05-26 00:00:09', 'admin', 0, 'geometry', NULL, '1', NULL, NULL, NULL, 'ff808181725b20fa01725b2208cb021c');
INSERT INTO `mx_geometry`(`id`, `crt_dttm`, `crt_user`, `enable_flag`, `last_update_dttm`, `last_update_user`, `version`, `mx_as`, `mx_height`, `mx_relative`, `mx_width`, `mx_x`, `mx_y`, `fk_mx_cell_id`) VALUES ('ff808181725b20fa01725b2208cb021f', '2020-05-26 00:00:09', 'admin', b'1', '2020-05-26 00:00:09', 'admin', 0, 'geometry', '66', NULL, '66', '200', '506', 'ff808181725b20fa01725b2208cb021e');
INSERT INTO `mx_geometry`(`id`, `crt_dttm`, `crt_user`, `enable_flag`, `last_update_dttm`, `last_update_user`, `version`, `mx_as`, `mx_height`, `mx_relative`, `mx_width`, `mx_x`, `mx_y`, `fk_mx_cell_id`) VALUES ('ff808181725b20fa01725b2208cb0221', '2020-05-26 00:00:09', 'admin', b'1', '2020-05-26 00:00:09', 'admin', 0, 'geometry', '66', NULL, '66', '-83', '90', 'ff808181725b20fa01725b2208cb0220');
INSERT INTO `mx_geometry`(`id`, `crt_dttm`, `crt_user`, `enable_flag`, `last_update_dttm`, `last_update_user`, `version`, `mx_as`, `mx_height`, `mx_relative`, `mx_width`, `mx_x`, `mx_y`, `fk_mx_cell_id`) VALUES ('ff808181725b20fa01725b2208cb0223', '2020-05-26 00:00:09', 'admin', b'1', '2020-05-26 00:00:09', 'admin', 0, 'geometry', '30', NULL, '80', '193', '156', 'ff808181725b20fa01725b2208cb0222');
INSERT INTO `mx_geometry`(`id`, `crt_dttm`, `crt_user`, `enable_flag`, `last_update_dttm`, `last_update_user`, `version`, `mx_as`, `mx_height`, `mx_relative`, `mx_width`, `mx_x`, `mx_y`, `fk_mx_cell_id`) VALUES ('ff808181725b20fa01725b2208cb0225', '2020-05-26 00:00:09', 'admin', b'1', '2020-05-26 00:00:09', 'admin', 0, 'geometry', '30', NULL, '80', '-90', '40', 'ff808181725b20fa01725b2208cb0224');
INSERT INTO `mx_geometry`(`id`, `crt_dttm`, `crt_user`, `enable_flag`, `last_update_dttm`, `last_update_user`, `version`, `mx_as`, `mx_height`, `mx_relative`, `mx_width`, `mx_x`, `mx_y`, `fk_mx_cell_id`) VALUES ('ff808181725b20fa01725b2208cb0227', '2020-05-26 00:00:09', 'admin', b'1', '2020-05-26 00:00:09', 'admin', 0, 'geometry', NULL, '1', NULL, NULL, NULL, 'ff808181725b20fa01725b2208cb0226');
INSERT INTO `mx_geometry`(`id`, `crt_dttm`, `crt_user`, `enable_flag`, `last_update_dttm`, `last_update_user`, `version`, `mx_as`, `mx_height`, `mx_relative`, `mx_width`, `mx_x`, `mx_y`, `fk_mx_cell_id`) VALUES ('ff808181725b20fa01725b2208cb0229', '2020-05-26 00:00:09', 'admin', b'1', '2020-05-26 00:00:09', 'admin', 0, 'geometry', '30', NULL, '70', '430', '156', 'ff808181725b20fa01725b2208cb0228');
INSERT INTO `mx_geometry`(`id`, `crt_dttm`, `crt_user`, `enable_flag`, `last_update_dttm`, `last_update_user`, `version`, `mx_as`, `mx_height`, `mx_relative`, `mx_width`, `mx_x`, `mx_y`, `fk_mx_cell_id`) VALUES ('ff808181725b20fa01725b2208cb022b', '2020-05-26 00:00:09', 'admin', b'1', '2020-05-26 00:00:09', 'admin', 0, 'geometry', NULL, '1', NULL, NULL, NULL, 'ff808181725b20fa01725b2208cb022a');

