-- ----------------------------
-- insert
-- ----------------------------

INSERT INTO `stops_hub` (id,crt_dttm,crt_user,enable_flag,last_update_dttm,last_update_user,version,jar_name,jar_url,description,mount_id,status,bundles,is_publishing,`type`,language_version,image,base_image,base_image_description) VALUES
                                                                                                                                                                                                                                                          ('b964b7f080a645479e039a597111d2c2','2024-07-23 11:03:03','admin',1,'2024-07-24 11:34:50','admin',20,'embed.zip','/data/server/piflow-test/piflow-server/classpath/embed.zip','向量数据库存储组件',NULL,'MOUNT',NULL,0,'PYTHON','3.10.14','registry.cn-hangzhou.aliyuncs.com/cnic-piflow/embed-1721792063531:latest','registry.cn-hangzhou.aliyuncs.com/cnic-piflow/embed-base:v1','向量数据库组件基础镜像');


INSERT INTO `stops_hub_file_record` (id,file_name,file_path,stops_hub_id,docker_images_name,crt_dttm) VALUES
                                                                                                                        ('1834de358f5d42b29a9e11910be19706','Chroma','Chroma.py','b964b7f080a645479e039a597111d2c2','registry.cn-hangzhou.aliyuncs.com/cnic-piflow/embed-1721792063531:latest','2024-07-24 11:34:23'),
                                                                                                                        ('855f2aeaa3c145c6a2a6f22d0493b0b7','PineconeSave','PineconeSave.py','b964b7f080a645479e039a597111d2c2','registry.cn-hangzhou.aliyuncs.com/cnic-piflow/embed-1721792063531:latest','2024-09-30 10:12:03'),
                                                                                                                        ('d1dee2962b3e4c3d91c944d06909024a','Weaviate','Weaviate.py','b964b7f080a645479e039a597111d2c2','registry.cn-hangzhou.aliyuncs.com/cnic-piflow/embed-1721792063531:latest','2024-07-24 11:34:23'),
                                                                                                                        ('da481fda4a7e4cd1a6bc953c87458453','Faiss','Faiss.py','b964b7f080a645479e039a597111d2c2','registry.cn-hangzhou.aliyuncs.com/cnic-piflow/embed-1721792063531:latest','2024-07-24 11:34:23'),
                                                                                                                        ('ea8e365084384324bb857b79de0cce13','Qdrant','Qdrant.py','b964b7f080a645479e039a597111d2c2','registry.cn-hangzhou.aliyuncs.com/cnic-piflow/embed-1721792063531:latest','2024-09-30 10:12:02');

INSERT INTO `flow_stops_template` (id,crt_dttm,crt_user,enable_flag,last_update_dttm,last_update_user,version,bundel,description,groups,in_port_type,inports,name,out_port_type,outports,owner,stop_group,is_customized,visualization_type,is_data_source,image_url,component_type,docker_images_name,stops_hub_id) VALUES
                                                                                                                                                                                                                                                                                                                                      ('3cc2e7517fa34ad18aa1bd30b262fdf2','2024-09-30 10:41:23','admin',1,'2024-09-30 10:48:48','admin',1,'Qdrant.py','qdrant','vector','USER_DEFAULT','input_read','Qdrant','USER_DEFAULT','Default','leishu',NULL,0,NULL,0,'/piflow-web/images/1e58cdee3e3e4d09ac331c030824afef.png','PYTHON','registry.cn-hangzhou.aliyuncs.com/cnic-piflow/embed-1721792063531:latest','b964b7f080a645479e039a597111d2c2'),
                                                                                                                                                                                                                                                                                                                                      ('556d2c0b2cd64fa2b28f31bfe905bbf7','2024-09-30 10:34:54','admin',1,'2024-09-30 10:34:54','admin',1,'PineconeSave.py','pinecone','vector','USER_DEFAULT','input_read','PineconeSave','USER_DEFAULT','Default','sxr',NULL,0,NULL,0,'/piflow-web/images/b51448cb2a6c4a729dafdec57ffd4264.png','PYTHON','registry.cn-hangzhou.aliyuncs.com/cnic-piflow/embed-1721792063531:latest','b964b7f080a645479e039a597111d2c2'),
                                                                                                                                                                                                                                                                                                                                      ('c85da635eed84004b2f46a465a637e7f','2024-07-24 11:37:00','admin',1,'2024-07-24 11:37:15','admin',1,'Faiss.py','faiss','vector','USER_DEFAULT','input_read','Faiss','USER_DEFAULT','Default','zhenghao@tamu.edu',NULL,0,NULL,0,'/piflow-web/images/5366c30de01540aa91f5158ba9b325fd.png','PYTHON','registry.cn-hangzhou.aliyuncs.com/cnic-piflow/embed-1721792063531:latest','b964b7f080a645479e039a597111d2c2'),
                                                                                                                                                                                                                                                                                                                                      ('dad8da0c9ba1404f90de1bba544d106b','2024-07-24 11:45:20','admin',1,'2024-07-24 11:47:37','admin',1,'Weaviate.py','weaviate','vector','USER_DEFAULT','input_read','Weaviate','USER_DEFAULT','Default','zhenghao@tamu.edu',NULL,0,NULL,0,'/piflow-web/images/32cd328f98d14886b6e3f8af3a7c8459.png','PYTHON','registry.cn-hangzhou.aliyuncs.com/cnic-piflow/embed-1721792063531:latest','b964b7f080a645479e039a597111d2c2'),
                                                                                                                                                                                                                                                                                                                                      ('fadcda0caf24405fa40290bb42aa8b67','2024-07-24 11:41:29','admin',1,'2024-07-24 11:41:29','admin',1,'Chroma.py','chroma','vector','USER_DEFAULT','input_read','Chroma','USER_DEFAULT','Default','zhenhao@tamu.edu',NULL,0,NULL,0,'/piflow-web/images/9240cf665a894e42918279e0e792c533.png','PYTHON','registry.cn-hangzhou.aliyuncs.com/cnic-piflow/embed-1721792063531:latest','b964b7f080a645479e039a597111d2c2');

INSERT INTO `flow_stops_property_template` (id,crt_dttm,crt_user,enable_flag,last_update_dttm,last_update_user,version,allowable_values,default_value,description,display_name,name,property_required,property_sensitive,fk_stops_id,property_sort,example,`language`) VALUES
                                                                                                                                                                                                                                                                         ('21d9aa2349384dc0ae0410fe58423219','2024-09-30 10:48:48','admin',1,'2024-09-30 10:48:48','admin',0,NULL,NULL,'向量化模型',NULL,'Embed Provider',0,0,'3cc2e7517fa34ad18aa1bd30b262fdf2',5,'all_MiniLM_L6_v2',NULL),
                                                                                                                                                                                                                                                                         ('24d7c8dcf8724ea58e4a9e265a80620d','2024-09-30 10:48:48','admin',1,'2024-09-30 10:48:48','admin',0,NULL,NULL,'集合名称',NULL,'Collection',0,0,'3cc2e7517fa34ad18aa1bd30b262fdf2',0,'collection',NULL),
                                                                                                                                                                                                                                                                         ('39be516719d54cf49183d33f7b3d3314','2024-09-30 10:48:48','admin',1,'2024-09-30 10:48:48','admin',0,NULL,NULL,'批处理大小',NULL,'Batch Size',0,0,'3cc2e7517fa34ad18aa1bd30b262fdf2',1,'100',NULL),
                                                                                                                                                                                                                                                                         ('45c8b29e09b849a4aeaaf9ade7d5c7db','2024-09-30 10:48:48','admin',1,'2024-09-30 10:48:48','admin',0,NULL,NULL,'数据库服务GRPC连接端口',NULL,'GRPC Port',0,0,'3cc2e7517fa34ad18aa1bd30b262fdf2',4,'6334',NULL),
                                                                                                                                                                                                                                                                         ('73bbb1dd7eb14cdba1207cd479b3dd9a','2024-09-30 10:48:48','admin',1,'2024-09-30 10:48:48','admin',0,NULL,NULL,'向量距离度量方式，支持 cosine、euclid、dot、manhattan',NULL,'Metric',0,0,'3cc2e7517fa34ad18aa1bd30b262fdf2',6,'cosine',NULL),
                                                                                                                                                                                                                                                                         ('7b5e19fcd0434d3683bbf3204e069ada','2024-09-30 10:48:48','admin',1,'2024-09-30 10:48:48','admin',0,NULL,NULL,'数据库服务IP',NULL,'Host',0,0,'3cc2e7517fa34ad18aa1bd30b262fdf2',2,'127.0.0.1',NULL),
                                                                                                                                                                                                                                                                         ('885ab73db6ee4d1abf27b943f9359dac','2024-09-30 10:48:48','admin',1,'2024-09-30 10:48:48','admin',0,NULL,NULL,'数据库服务端口',NULL,'Port',0,0,'3cc2e7517fa34ad18aa1bd30b262fdf2',3,'6333',NULL),
                                                                                                                                                                                                                                                                         ('2c5c1873ee31476685c25115319476a0','2024-09-30 10:34:54','admin',1,'2024-09-30 10:34:54','admin',0,'[""]',NULL,'批处理大小',NULL,'Batch Size',0,0,'556d2c0b2cd64fa2b28f31bfe905bbf7',7,'100',NULL),
                                                                                                                                                                                                                                                                         ('461d4a22abe14d229bc2acf1f396f61a','2024-09-30 10:34:54','admin',1,'2024-09-30 10:34:54','admin',0,'[""]',NULL,'集合名称',NULL,'Collection Name',0,0,'556d2c0b2cd64fa2b28f31bfe905bbf7',2,'collection',NULL),
                                                                                                                                                                                                                                                                         ('51f34ea8d7734157b13d373f62142dcb','2024-09-30 10:34:54','admin',1,'2024-09-30 10:34:54','admin',0,'[""]',NULL,'使用的区域',NULL,'Region',0,0,'556d2c0b2cd64fa2b28f31bfe905bbf7',6,'us-east-1',NULL);
INSERT INTO `flow_stops_property_template` (id,crt_dttm,crt_user,enable_flag,last_update_dttm,last_update_user,version,allowable_values,default_value,description,display_name,name,property_required,property_sensitive,fk_stops_id,property_sort,example,`language`) VALUES
                                                                                                                                                                                                                                                                         ('6609f8cc7b614abe9222050eaa9e174c','2024-09-30 10:34:54','admin',1,'2024-09-30 10:34:54','admin',0,'[""]',NULL,'向量的维度，通常与选择的嵌入模型输出的向量维度一致',NULL,'Dimension',0,0,'556d2c0b2cd64fa2b28f31bfe905bbf7',3,'384',NULL),
                                                                                                                                                                                                                                                                         ('8ff41cf464a94f66a619a5878155be2d','2024-09-30 10:34:54','admin',1,'2024-09-30 10:34:54','admin',0,'[""]',NULL,'嵌入模型的名称',NULL,'Embed Provider',0,0,'556d2c0b2cd64fa2b28f31bfe905bbf7',1,'all_MiniLM_L6_v2',NULL),
                                                                                                                                                                                                                                                                         ('d79fd47b53284e5d877dd092b3c27381','2024-09-30 10:34:54','admin',1,'2024-09-30 10:34:54','admin',0,'[""]',NULL,'Pinecone API 密钥，用于验证和访问 Pinecone 服务',NULL,'Api Key',0,0,'556d2c0b2cd64fa2b28f31bfe905bbf7',0,'',NULL),
                                                                                                                                                                                                                                                                         ('d87edd4e7b6c40a7b47be3d9cf087192','2024-09-30 10:34:54','admin',1,'2024-09-30 10:34:54','admin',0,'[""]',NULL,'使用的云平台，支持的值有 "aws"、"gcp"',NULL,'Cloud',0,0,'556d2c0b2cd64fa2b28f31bfe905bbf7',5,'aws',NULL),
                                                                                                                                                                                                                                                                         ('f08fbd0c2bfb4854a62e7989f379423d','2024-09-30 10:34:54','admin',1,'2024-09-30 10:34:54','admin',0,'[""]',NULL,'向量检索的度量标准，支持的度量标准有 "euclidean"（欧几里得距离）、"cosine"（余弦相似度）和 "dotproduct"（点积）',NULL,'Metric',0,0,'556d2c0b2cd64fa2b28f31bfe905bbf7',4,'cosine',NULL),
                                                                                                                                                                                                                                                                         ('0b1e56b87d104d62bf61e472bfaca56e','2024-07-24 11:37:16','admin',1,'2024-07-24 11:37:16','admin',0,NULL,NULL,'向量化模型',NULL,'Embed Provider',0,0,'c85da635eed84004b2f46a465a637e7f',3,'all_MiniLM_L6_v2',NULL),
                                                                                                                                                                                                                                                                         ('26b94e519a9d4d8f8eb96b0c3cfaa78a','2024-07-24 11:37:16','admin',1,'2024-07-24 11:37:16','admin',0,NULL,NULL,'集合名称',NULL,'Collecion Name',0,0,'c85da635eed84004b2f46a465a637e7f',0,'collection',NULL),
                                                                                                                                                                                                                                                                         ('465a7ee1ba0946e8b5661f0238b663bb','2024-07-24 11:37:16','admin',1,'2024-07-24 11:37:16','admin',0,NULL,NULL,'存储路径',NULL,'Path',0,0,'c85da635eed84004b2f46a465a637e7f',1,'/data/piflow/faiss',NULL),
                                                                                                                                                                                                                                                                         ('8c35afb531f040b89e02c116228f9449','2024-07-24 11:37:16','admin',1,'2024-07-24 11:37:16','admin',0,NULL,NULL,'批量新增数量',NULL,'Batch Size',0,0,'c85da635eed84004b2f46a465a637e7f',2,'100',NULL),
                                                                                                                                                                                                                                                                         ('00a07e36b82f4e07b7d847d0b489be1f','2024-07-24 11:47:37','admin',1,'2024-07-24 11:47:37','admin',0,NULL,NULL,'数据库服务端口',NULL,'Port',0,0,'dad8da0c9ba1404f90de1bba544d106b',3,'8080',NULL);
INSERT INTO `flow_stops_property_template` (id,crt_dttm,crt_user,enable_flag,last_update_dttm,last_update_user,version,allowable_values,default_value,description,display_name,name,property_required,property_sensitive,fk_stops_id,property_sort,example,`language`) VALUES
                                                                                                                                                                                                                                                                         ('12553624748a4d70b4f8c535903733d7','2024-07-24 11:47:37','admin',1,'2024-07-24 11:47:37','admin',0,NULL,NULL,'批量新增数量',NULL,'Batch Size',0,0,'dad8da0c9ba1404f90de1bba544d106b',1,'100',NULL),
                                                                                                                                                                                                                                                                         ('5fc45df75cfe480eaf38eb95b1442f43','2024-07-24 11:47:37','admin',1,'2024-07-24 11:47:37','admin',0,NULL,NULL,'数据库服务GRPC连接IP',NULL,'GRPC Host',0,0,'dad8da0c9ba1404f90de1bba544d106b',4,'127.0.0.1',NULL),
                                                                                                                                                                                                                                                                         ('6e02a61e404042d3bbb8510524d262fc','2024-07-24 11:47:37','admin',1,'2024-07-24 11:47:37','admin',0,NULL,NULL,'数据库服务IP',NULL,'Host',0,0,'dad8da0c9ba1404f90de1bba544d106b',2,'127.0.0.1',NULL),
                                                                                                                                                                                                                                                                         ('7e50282e5b784c099a8a0149fc47cf15','2024-07-24 11:47:37','admin',1,'2024-07-24 11:47:37','admin',0,NULL,NULL,'向量化模型',NULL,'Embed Provider',0,0,'dad8da0c9ba1404f90de1bba544d106b',6,'all_MiniLM_L6_v2',NULL),
                                                                                                                                                                                                                                                                         ('af4340d129fe40dba0297a3d0b1f37dd','2024-07-24 11:47:37','admin',1,'2024-07-24 11:47:37','admin',0,NULL,NULL,'集合名称',NULL,'Collection Name',0,0,'dad8da0c9ba1404f90de1bba544d106b',0,'collection',NULL),
                                                                                                                                                                                                                                                                         ('f80f3f050b484b81ab455715ead655d4','2024-07-24 11:47:37','admin',1,'2024-07-24 11:47:37','admin',0,NULL,NULL,'数据库服务GRPC连接端口',NULL,'GRPC Port',0,0,'dad8da0c9ba1404f90de1bba544d106b',5,'50051',NULL),
                                                                                                                                                                                                                                                                         ('18dcfe772e3345d698a4f5910f5ff670','2024-07-24 11:41:29','admin',1,'2024-07-24 11:41:29','admin',0,'[""]',NULL,'向量化模型',NULL,'Embed Provider',0,0,'fadcda0caf24405fa40290bb42aa8b67',5,'all_MiniLM_L6_v2',NULL),
                                                                                                                                                                                                                                                                         ('48e543e4b40a4715ab4dc8c9e0c51ddd','2024-07-24 11:41:29','admin',1,'2024-07-24 11:41:29','admin',0,'[""]',NULL,'批量新增数量',NULL,'Batch Size',0,0,'fadcda0caf24405fa40290bb42aa8b67',2,'100',NULL),
                                                                                                                                                                                                                                                                         ('7d7810321f0749739ce17dcb947a3a56','2024-07-24 11:41:29','admin',1,'2024-07-24 11:41:29','admin',0,'[""]',NULL,'存储路径',NULL,'Path',0,0,'fadcda0caf24405fa40290bb42aa8b67',1,'/data/piflow/chroma',NULL),
                                                                                                                                                                                                                                                                         ('913a1664e7af48bf84d299c3d4af1a7b','2024-07-24 11:41:29','admin',1,'2024-07-24 11:41:29','admin',0,'[""]',NULL,'租户名称',NULL,'Tenant',0,0,'fadcda0caf24405fa40290bb42aa8b67',3,'default_tenant',NULL);
INSERT INTO `flow_stops_property_template` (id,crt_dttm,crt_user,enable_flag,last_update_dttm,last_update_user,version,allowable_values,default_value,description,display_name,name,property_required,property_sensitive,fk_stops_id,property_sort,example,`language`) VALUES
                                                                                                                                                                                                                                                                         ('a14748ec184b4f82b298f4fab5037c49','2024-07-24 11:41:29','admin',1,'2024-07-24 11:41:29','admin',0,'[""]',NULL,'数据库名称',NULL,'Database',0,0,'fadcda0caf24405fa40290bb42aa8b67',4,'default_database',NULL),
                                                                                                                                                                                                                                                                         ('ad02b060f1c74c459300770dfed0ab23','2024-07-24 11:41:29','admin',1,'2024-07-24 11:41:29','admin',0,'[""]',NULL,'集合名称',NULL,'Collection Name',0,0,'fadcda0caf24405fa40290bb42aa8b67',0,'collection',NULL);

INSERT INTO `flow_stops_groups` (id,crt_dttm,crt_user,enable_flag,last_update_dttm,last_update_user,version,group_name) VALUES
    ('5c92fec2fa7646dcac3a9c85ab07dbe2','2024-07-24 11:37:15','admin',1,'2024-07-24 11:37:15','admin',0,'vector');

INSERT INTO `association_groups_stops_template` (groups_id,stops_template_id) VALUES
                                                                                                ('5c92fec2fa7646dcac3a9c85ab07dbe2','c85da635eed84004b2f46a465a637e7f'),
                                                                                                ('5c92fec2fa7646dcac3a9c85ab07dbe2','fadcda0caf24405fa40290bb42aa8b67'),
                                                                                                ('5c92fec2fa7646dcac3a9c85ab07dbe2','dad8da0c9ba1404f90de1bba544d106b'),
                                                                                                ('5c92fec2fa7646dcac3a9c85ab07dbe2','556d2c0b2cd64fa2b28f31bfe905bbf7'),
                                                                                                ('5c92fec2fa7646dcac3a9c85ab07dbe2','3cc2e7517fa34ad18aa1bd30b262fdf2');







